2 2 u u 0 0 2 2 0 0 2 2 0 u u 0 2 0 0 0 0 0 2 u 0 0 2 0 0 0 u 0 
2 2 u u 0 0 2 2 0 u 2 2 0 0 u 0 2 0 0 0 0 0 2 0 0 0 2 u 0 0 u 0 
2 2 u u 0 0 2 2 0 0 2 2 0 u u 0 2 u 0 0 0 0 2 0 0 0 2 u 0 0 0 0 
2 2 u u 0 0 2 2 0 u 2 2 0 0 u 0 2 u 0 0 0 0 2 u 0 0 2 0 0 0 0 0 
2 2 u 0 0 0 2 2 0 0 2 2 0 u 0 0 2 u 0 0 0 0 2 u 0 0 2 0 0 0 u u 
2 2 u 0 0 0 2 2 0 u 2 2 0 0 0 0 2 u 0 0 0 0 2 0 0 0 2 u 0 0 u u 
2 2 0 0 0 0 2 2 0 u 2 2 0 0 u 0 2 u u 0 0 0 2 0 0 0 2 u 0 0 u 0 
2 2 0 0 0 0 2 2 0 0 2 2 0 u u 0 2 u u 0 0 0 2 u 0 0 2 0 0 0 u 0 
2 2 u 0 u 0 2 2 0 0 2 2 0 u 0 u 2 0 0 0 0 0 2 u 0 0 2 0 0 0 u 0 
2 2 u 0 u 0 2 2 0 u 2 2 0 0 0 u 2 0 0 0 0 0 2 0 0 0 2 u 0 0 u 0 
2 2 u u 0 0 2 2 0 0 2 2 0 u u 0 2 0 0 0 0 0 2 u 0 0 2 0 0 0 0 u 
2 2 u u 0 0 2 2 0 u 2 2 0 0 u 0 2 0 0 0 0 0 2 0 0 0 2 u 0 0 0 u 
2 2 u 0 0 0 2 2 0 0 2 2 0 u 0 0 2 u 0 u 0 0 2 0 0 0 2 u 0 0 u 0 
2 2 u 0 0 0 2 2 0 u 2 2 0 0 0 0 2 u 0 u 0 0 2 u 0 0 2 0 0 0 u 0 
2 u u u 0 0 2 2 0 0 2 2 0 u u u 2 0 0 0 d 0 2 u 0 0 2 0 0 0 0 0 
2 u u u 0 0 2 2 0 u 2 2 0 0 u u 2 0 0 0 d 0 2 0 0 0 2 u 0 0 0 0 
2 2 u 0 0 0 2 u 0 u 2 2 0 0 u 0 2 u 0 0 0 0 2 0 d 0 2 u 0 0 u 0 
2 2 u 0 0 0 2 2 0 0 2 u 0 u u 0 2 u 0 0 0 0 2 u 0 0 2 0 d 0 u 0 
2 2 u 0 0 0 2 u 0 0 2 2 0 u u 0 2 u 0 0 0 0 2 u d 0 2 0 0 0 u 0 
2 2 u 0 0 0 2 2 0 u 2 u 0 0 u 0 2 u 0 0 0 0 2 0 0 0 2 u d 0 u 0 
2 2 0 u 0 0 2 2 0 0 2 2 0 u 0 0 2 u u 0 0 0 2 0 0 0 2 u 0 0 u 0 
2 2 0 u 0 0 2 2 0 u 2 2 0 0 0 0 2 u u 0 0 0 2 u 0 0 2 0 0 0 u 0 
2 0 u u 0 0 2 2 0 0 2 2 0 u u 0 2 0 0 0 2 0 2 u 0 0 2 0 0 0 u 0 
2 0 u u 0 0 2 2 0 u 2 2 0 0 u 0 2 0 0 0 2 0 2 0 0 0 2 u 0 0 u 0 
2 2 u u 0 0 2 2 0 u 2 u d 0 u 0 2 0 0 0 0 0 2 0 0 0 2 u 0 0 u 0 
2 2 u u 0 0 2 u d 0 2 2 0 u u 0 2 0 0 0 0 0 2 u 0 0 2 0 0 0 u 0 
2 2 u u 0 0 2 2 0 0 2 u d u u 0 2 0 0 0 0 0 2 u 0 0 2 0 0 0 u 0 
2 2 u u 0 0 2 u d u 2 2 0 0 u 0 2 0 0 0 0 0 2 0 0 0 2 u 0 0 u 0 
2 2 u 0 0 0 2 d 0 u 2 2 0 0 u 0 2 u 0 0 0 0 2 0 u 0 2 u 0 0 u 0 
2 2 u 0 0 0 2 2 0 0 2 d 0 u u 0 2 u 0 0 0 0 2 u 0 0 2 0 u 0 u 0 
2 2 u 0 0 0 2 d 0 0 2 2 0 u u 0 2 u 0 0 0 0 2 u u 0 2 0 0 0 u 0 
2 2 u 0 0 0 2 2 0 u 2 d 0 0 u 0 2 u 0 0 0 0 2 0 0 0 2 u u 0 u 0 
2 u 0 u 0 0 2 2 0 0 2 2 0 u u 0 2 0 0 0 2 0 2 u 0 0 2 0 0 0 u 0 
2 u 0 u 0 0 2 2 0 u 2 2 0 0 u 0 2 0 0 0 2 0 2 0 0 0 2 u 0 0 u 0 
2 2 0 u 0 0 2 2 0 0 2 2 0 u u u 2 0 u 0 0 0 2 u 0 0 2 0 0 0 0 0 
2 2 0 u 0 0 2 2 0 u 2 2 0 0 u u 2 0 u 0 0 0 2 0 0 0 2 u 0 0 0 0 
2 2 u u 0 0 2 2 0 0 2 2 0 u u 0 2 0 0 u 0 0 2 0 0 0 2 u 0 0 0 0 
2 2 u u 0 0 2 2 0 u 2 2 0 0 u 0 2 0 0 u 0 0 2 u 0 0 2 0 0 0 0 0 
2 d u u 0 0 2 2 0 0 2 2 0 u u u 2 0 0 0 u 0 2 u 0 0 2 0 0 0 0 0 
2 d u u 0 0 2 2 0 u 2 2 0 0 u u 2 0 0 0 u 0 2 0 0 0 2 u 0 0 0 0 
2 u u u 0 0 2 2 0 0 2 2 0 u u u 2 0 0 0 0 d 2 u 0 0 2 0 0 0 0 0 
2 u u u 0 0 2 2 0 u 2 2 0 0 u u 2 0 0 0 0 d 2 0 0 0 2 u 0 0 0 0 
2 2 u 0 u 0 2 2 0 0 2 2 0 u 0 u 2 u 0 0 0 0 2 0 0 0 2 u 0 0 0 0 
2 2 u 0 u 0 2 2 0 u 2 2 0 0 0 u 2 u 0 0 0 0 2 u 0 0 2 0 0 0 0 0 
2 d u 0 0 0 2 2 0 0 2 2 0 u u 0 2 u 0 0 u 0 2 u 0 0 2 0 0 0 u 0 
2 d u 0 0 0 2 2 0 u 2 2 0 0 u 0 2 u 0 0 u 0 2 0 0 0 2 u 0 0 u 0 
2 2 u u 0 0 2 u 0 0 2 2 0 u 0 0 2 u 0 0 0 0 2 0 d 0 2 u 0 0 u 0 
2 2 u u 0 0 2 2 0 u 2 u 0 0 0 0 2 u 0 0 0 0 2 u 0 0 2 0 d 0 u 0 
2 2 u u 0 0 2 u 0 u 2 2 0 0 0 0 2 u 0 0 0 0 2 u d 0 2 0 0 0 u 0 
2 2 u u 0 0 2 2 0 0 2 u 0 u 0 0 2 u 0 0 0 0 2 0 0 0 2 u d 0 u 0 
2 u u u u 0 2 2 0 0 2 2 0 u u 0 2 0 0 0 d 0 2 0 0 0 2 u 0 0 0 0 
2 u u u u 0 2 2 0 u 2 2 0 0 u 0 2 0 0 0 d 0 2 u 0 0 2 0 0 0 0 0 
2 0 u u 0 0 2 2 0 0 2 2 0 u u 0 2 u 0 0 2 0 2 0 0 0 2 u 0 0 0 0 
2 0 u u 0 0 2 2 0 u 2 2 0 0 u 0 2 u 0 0 2 0 2 u 0 0 2 0 0 0 0 0 
2 2 u u 0 0 2 0 0 0 2 2 0 u u 0 2 0 0 0 0 0 2 u 2 0 2 0 0 0 u 0 
2 2 u u 0 0 2 2 0 u 2 0 0 0 u 0 2 0 0 0 0 0 2 0 0 0 2 u 2 0 u 0 
2 2 u u 0 0 2 0 0 u 2 2 0 0 u 0 2 0 0 0 0 0 2 0 2 0 2 u 0 0 u 0 
2 2 u u 0 0 2 2 0 0 2 0 0 u u 0 2 0 0 0 0 0 2 u 0 0 2 0 2 0 u 0 
2 2 u 0 0 0 2 2 0 0 2 2 0 u 0 0 2 0 0 u 0 0 2 u 0 0 2 0 0 0 u u 
2 2 u 0 0 0 2 2 0 u 2 2 0 0 0 0 2 0 0 u 0 0 2 0 0 0 2 u 0 0 u u 
2 2 u u 0 0 2 d 0 0 2 2 0 u 0 0 2 u 0 0 0 0 2 0 u 0 2 u 0 0 u 0 
2 2 u u 0 0 2 2 0 u 2 d 0 0 0 0 2 u 0 0 0 0 2 u 0 0 2 0 u 0 u 0 
2 2 u u 0 0 2 2 0 0 2 d 0 u 0 0 2 u 0 0 0 0 2 0 0 0 2 u u 0 u 0 
2 2 u u 0 0 2 d 0 u 2 2 0 0 0 0 2 u 0 0 0 0 2 u u 0 2 0 0 0 u 0 
2 2 u u 0 0 2 2 0 u 2 u d 0 u 0 2 u 0 0 0 0 2 u 0 0 2 0 0 0 0 0 
2 2 u u 0 0 2 u d 0 2 2 0 u u 0 2 u 0 0 0 0 2 0 0 0 2 u 0 0 0 0 
2 2 u u 0 0 2 2 0 0 2 u d u u 0 2 u 0 0 0 0 2 0 0 0 2 u 0 0 0 0 
2 2 u u 0 0 2 u d u 2 2 0 0 u 0 2 u 0 0 0 0 2 u 0 0 2 0 0 0 0 0 
2 2 0 u 0 0 2 2 0 0 2 u 0 u u 0 2 0 u 0 0 0 2 u 0 0 2 0 d 0 u 0 
2 2 0 u 0 0 2 u 0 u 2 2 0 0 u 0 2 0 u 0 0 0 2 0 d 0 2 u 0 0 u 0 
2 2 0 u 0 0 2 2 0 u 2 u 0 0 u 0 2 0 u 0 0 0 2 0 0 0 2 u d 0 u 0 
2 2 0 u 0 0 2 u 0 0 2 2 0 u u 0 2 0 u 0 0 0 2 u d 0 2 0 0 0 u 0 
2 2 u u 0 0 2 0 2 0 2 2 0 u u 0 2 0 0 0 0 0 2 u 0 0 2 0 0 0 u 0 
2 2 u u 0 0 2 2 0 u 2 0 2 0 u 0 2 0 0 0 0 0 2 0 0 0 2 u 0 0 u 0 
2 2 u u 0 0 2 0 2 u 2 2 0 0 u 0 2 0 0 0 0 0 2 0 0 0 2 u 0 0 u 0 
2 2 u u 0 0 2 2 0 0 2 0 2 u u 0 2 0 0 0 0 0 2 u 0 0 2 0 0 0 u 0 
2 2 0 u 0 0 2 2 0 0 2 d 0 u u 0 2 0 u 0 0 0 2 u 0 0 2 0 u 0 u 0 
2 2 0 u 0 0 2 d 0 u 2 2 0 0 u 0 2 0 u 0 0 0 2 0 u 0 2 u 0 0 u 0 
2 2 0 u 0 0 2 2 0 u 2 d 0 0 u 0 2 0 u 0 0 0 2 0 0 0 2 u u 0 u 0 
2 2 0 u 0 0 2 d 0 0 2 2 0 u u 0 2 0 u 0 0 0 2 u u 0 2 0 0 0 u 0 
2 2 u u 0 0 2 u 0 u 2 2 0 0 u u 2 0 0 0 0 0 2 0 d 0 2 u 0 0 0 0 
2 2 u u 0 0 2 2 0 0 2 u 0 u u u 2 0 0 0 0 0 2 u 0 0 2 0 d 0 0 0 
2 2 u u 0 0 2 u 0 0 2 2 0 u u u 2 0 0 0 0 0 2 u d 0 2 0 0 0 0 0 
2 2 u u 0 0 2 2 0 u 2 u 0 0 u u 2 0 0 0 0 0 2 0 0 0 2 u d 0 0 0 
2 2 0 0 0 0 2 2 0 u 2 2 0 0 u 0 2 0 u u 0 0 2 0 0 0 2 u 0 0 u 0 
2 2 0 0 0 0 2 2 0 0 2 2 0 u u 0 2 0 u u 0 0 2 u 0 0 2 0 0 0 u 0 
2 2 u u 0 0 2 d 0 u 2 2 0 0 u u 2 0 0 0 0 0 2 0 u 0 2 u 0 0 0 0 
2 2 u u 0 0 2 2 0 0 2 d 0 u u u 2 0 0 0 0 0 2 u 0 0 2 0 u 0 0 0 
2 2 u u 0 0 2 d 0 0 2 2 0 u u u 2 0 0 0 0 0 2 u u 0 2 0 0 0 0 0 
2 2 u u 0 0 2 2 0 u 2 d 0 0 u u 2 0 0 0 0 0 2 0 0 0 2 u u 0 0 0 
2 u u u 0 d 2 2 0 0 2 2 0 u u 0 2 0 0 0 0 0 2 u 0 0 2 0 0 0 u 0 
2 u u u 0 d 2 2 0 u 2 2 0 0 u 0 2 0 0 0 0 0 2 0 0 0 2 u 0 0 u 0 
2 u 0 u 0 0 2 2 0 0 2 2 0 u u 0 2 u 0 0 2 0 2 0 0 0 2 u 0 0 0 0 
2 u 0 u 0 0 2 2 0 u 2 2 0 0 u 0 2 u 0 0 2 0 2 u 0 0 2 0 0 0 0 0 
2 u u 0 0 0 2 2 0 0 2 2 0 u u 0 2 u 0 0 d 0 2 u 0 0 2 0 0 0 u 0 
2 u u 0 0 0 2 2 0 u 2 2 0 0 u 0 2 u 0 0 d 0 2 0 0 0 2 u 0 0 u 0 
2 2 u 0 0 0 2 2 0 0 2 u 0 u u 0 2 0 0 u 0 0 2 u 0 0 2 0 d 0 u 0 
2 2 u 0 0 0 2 u 0 u 2 2 0 0 u 0 2 0 0 u 0 0 2 0 d 0 2 u 0 0 u 0 
2 2 u 0 0 0 2 2 0 u 2 u 0 0 u 0 2 0 0 u 0 0 2 0 0 0 2 u d 0 u 0 
2 2 u 0 0 0 2 u 0 0 2 2 0 u u 0 2 0 0 u 0 0 2 u d 0 2 0 0 0 u 0 
2 2 0 u u 0 2 2 0 0 2 2 0 u u 0 2 0 u 0 0 0 2 0 0 0 2 u 0 0 0 0 
2 2 0 u u 0 2 2 0 u 2 2 0 0 u 0 2 0 u 0 0 0 2 u 0 0 2 0 0 0 0 0 
2 2 u u 0 2 2 2 0 0 2 0 0 u u 0 2 0 0 0 0 0 2 u 0 0 2 0 0 0 u 0 
2 2 u u 0 2 2 0 0 u 2 2 0 0 u 0 2 0 0 0 0 0 2 0 0 0 2 u 0 0 u 0 
2 2 u u 0 2 2 0 0 0 2 2 0 u u 0 2 0 0 0 0 0 2 u 0 0 2 0 0 0 u 0 
2 2 u u 0 2 2 2 0 u 2 0 0 0 u 0 2 0 0 0 0 0 2 0 0 0 2 u 0 0 u 0 
2 2 u u 0 0 2 2 0 u 2 d u 0 u 0 2 0 0 0 0 0 2 0 0 0 2 u 0 0 u 0 
2 2 u u 0 0 2 d u 0 2 2 0 u u 0 2 0 0 0 0 0 2 u 0 0 2 0 0 0 u 0 
2 2 u u 0 0 2 2 0 0 2 d u u u 0 2 0 0 0 0 0 2 u 0 0 2 0 0 0 u 0 
2 2 u u 0 0 2 d u u 2 2 0 0 u 0 2 0 0 0 0 0 2 0 0 0 2 u 0 0 u 0 
2 2 0 u 0 u 2 2 0 0 2 2 0 u u 0 2 0 0 0 0 0 2 u 0 0 2 0 0 0 u 0 
2 2 0 u 0 u 2 2 0 u 2 2 0 0 u 0 2 0 0 0 0 0 2 0 0 0 2 u 0 0 u 0 
2 d u u u 0 2 2 0 0 2 2 0 u u 0 2 0 0 0 u 0 2 0 0 0 2 u 0 0 0 0 
2 d u u u 0 2 2 0 u 2 2 0 0 u 0 2 0 0 0 u 0 2 u 0 0 2 0 0 0 0 0 
2 2 u 0 0 0 2 2 0 0 2 2 0 u u u 2 0 0 u 0 0 2 u 0 0 2 0 0 0 0 0 
2 2 u 0 0 0 2 2 0 u 2 2 0 0 u u 2 0 0 u 0 0 2 0 0 0 2 u 0 0 0 0 
2 2 u 0 0 0 2 2 0 u 2 d 0 0 u 0 2 0 0 u 0 0 2 0 0 0 2 u u 0 u 0 
2 2 u 0 0 0 2 d 0 0 2 2 0 u u 0 2 0 0 u 0 0 2 u u 0 2 0 0 0 u 0 
2 2 u 0 0 0 2 2 0 0 2 d 0 u u 0 2 0 0 u 0 0 2 u 0 0 2 0 u 0 u 0 
2 2 u 0 0 0 2 d 0 u 2 2 0 0 u 0 2 0 0 u 0 0 2 0 u 0 2 u 0 0 u 0 
2 d u u 0 0 2 2 0 u 2 u 0 0 u 0 2 0 0 0 u 0 2 0 0 0 2 u 0 d u 0 
2 d u u 0 0 2 u 0 0 2 2 0 u u 0 2 0 0 0 u 0 2 u 0 d 2 0 0 0 u 0 
2 d u u 0 0 2 2 0 0 2 u 0 u u 0 2 0 0 0 u 0 2 u 0 0 2 0 0 d u 0 
2 d u u 0 0 2 u 0 u 2 2 0 0 u 0 2 0 0 0 u 0 2 0 0 d 2 u 0 0 u 0 
2 u u u u 0 2 2 0 0 2 2 0 u u 0 2 0 0 0 0 d 2 0 0 0 2 u 0 0 0 0 
2 u u u u 0 2 2 0 u 2 2 0 0 u 0 2 0 0 0 0 d 2 u 0 0 2 0 0 0 0 0 
2 2 0 0 0 0 2 2 0 u 2 2 0 0 u 0 2 u 0 0 0 u 2 0 0 0 2 u 0 0 u 0 
2 2 0 0 0 0 2 2 0 0 2 2 0 u u 0 2 u 0 0 0 u 2 u 0 0 2 0 0 0 u 0 
2 2 u u 0 0 2 2 0 u 2 u 0 0 0 0 2 0 0 0 0 0 2 0 0 0 2 u d 0 u u 
2 2 u u 0 0 2 u 0 0 2 2 0 u 0 0 2 0 0 0 0 0 2 u d 0 2 0 0 0 u u 
2 2 u u 0 0 2 2 0 0 2 u 0 u 0 0 2 0 0 0 0 0 2 u 0 0 2 0 d 0 u u 
2 2 u u 0 0 2 u 0 u 2 2 0 0 0 0 2 0 0 0 0 0 2 0 d 0 2 u 0 0 u u 
2 2 u u 0 0 2 d 0 u 2 u 0 0 u 0 2 0 0 0 0 0 2 0 u 0 2 u d 0 u 0 
2 2 u u 0 0 2 u 0 0 2 d 0 u u 0 2 0 0 0 0 0 2 u d 0 2 0 u 0 u 0 
2 2 u u 0 0 2 d 0 0 2 u 0 u u 0 2 0 0 0 0 0 2 u u 0 2 0 d 0 u 0 
2 2 u u 0 0 2 u 0 u 2 d 0 0 u 0 2 0 0 0 0 0 2 0 d 0 2 u u 0 u 0 
2 d u 0 0 0 2 2 0 0 2 2 0 u u 0 2 u 0 0 0 u 2 u 0 0 2 0 0 0 u 0 
2 d u 0 0 0 2 2 0 u 2 2 0 0 u 0 2 u 0 0 0 u 2 0 0 0 2 u 0 0 u 0 
2 2 0 u 0 0 2 2 0 0 2 2 0 u 0 0 2 0 u 0 0 0 2 u 0 0 2 0 0 0 u u 
2 2 0 u 0 0 2 2 0 u 2 2 0 0 0 0 2 0 u 0 0 0 2 0 0 0 2 u 0 0 u u 
2 d u u 0 0 2 2 0 0 2 2 0 u 0 0 2 u 0 0 u 0 2 0 0 0 2 u 0 0 u 0 
2 d u u 0 0 2 2 0 u 2 2 0 0 0 0 2 u 0 0 u 0 2 u 0 0 2 0 0 0 u 0 
2 2 u u 0 0 2 2 0 u 2 u 0 0 u u 2 0 0 0 0 0 2 0 0 0 2 u 0 d 0 0 
2 2 u u 0 0 2 u 0 0 2 2 0 u u u 2 0 0 0 0 0 2 u 0 d 2 0 0 0 0 0 
2 2 u u 0 0 2 2 0 0 2 u 0 u u u 2 0 0 0 0 0 2 u 0 0 2 0 0 d 0 0 
2 2 u u 0 0 2 u 0 u 2 2 0 0 u u 2 0 0 0 0 0 2 0 0 d 2 u 0 0 0 0 
2 2 u u 0 0 2 d u 0 2 u d u u 0 2 0 0 0 0 0 2 u 0 0 2 0 0 0 u 0 
2 2 u u 0 0 2 u d u 2 d u 0 u 0 2 0 0 0 0 0 2 0 0 0 2 u 0 0 u 0 
2 2 u u 0 0 2 d u u 2 u d 0 u 0 2 0 0 0 0 0 2 0 0 0 2 u 0 0 u 0 
2 2 u u 0 0 2 u d 0 2 d u u u 0 2 0 0 0 0 0 2 u 0 0 2 0 0 0 u 0 
2 0 u u 0 0 2 2 0 0 2 2 0 u u 2 2 0 0 0 0 0 2 u 0 0 2 0 0 0 u 0 
2 0 u u 0 0 2 2 0 u 2 2 0 0 u 2 2 0 0 0 0 0 2 0 0 0 2 u 0 0 u 0 
2 2 u u 0 0 2 0 0 u 2 2 0 0 u 0 2 u 0 0 0 0 2 u 2 0 2 0 0 0 0 0 
2 2 u u 0 0 2 2 0 0 2 0 0 u u 0 2 u 0 0 0 0 2 0 0 0 2 u 2 0 0 0 
2 2 u u 0 0 2 0 0 0 2 2 0 u u 0 2 u 0 0 0 0 2 0 2 0 2 u 0 0 0 0 
2 2 u u 0 0 2 2 0 u 2 0 0 0 u 0 2 u 0 0 0 0 2 u 0 0 2 0 2 0 0 0 
2 u u u 0 0 2 2 0 0 2 d 0 u u 0 2 0 0 0 d 0 2 u 0 0 2 0 0 u u 0 
2 u u u 0 0 2 d 0 u 2 2 0 0 u 0 2 0 0 0 d 0 2 0 0 u 2 u 0 0 u 0 
2 u u u 0 0 2 2 0 u 2 d 0 0 u 0 2 0 0 0 d 0 2 0 0 0 2 u 0 u u 0 
2 u u u 0 0 2 d 0 0 2 2 0 u u 0 2 0 0 0 d 0 2 u 0 u 2 0 0 0 u 0 
2 2 u 0 0 d 2 2 0 0 2 2 0 u u 0 u u 0 0 0 0 2 u 0 0 2 0 0 0 u 0 
2 2 u 0 0 d 2 2 0 u 2 2 0 0 u 0 u u 0 0 0 0 2 0 0 0 2 u 0 0 u 0 
2 2 u 0 0 0 2 2 0 0 2 2 0 u 0 0 2 u 0 u 0 0 2 0 0 0 2 u 0 0 0 u 
2 2 u 0 0 0 2 2 0 u 2 2 0 0 0 0 2 u 0 u 0 0 2 u 0 0 2 0 0 0 0 u 
2 0 u u 0 0 2 2 0 0 2 2 0 u u 0 2 0 0 0 u d 2 u 0 0 2 0 0 0 u 0 
2 0 u u 0 0 2 2 0 u 2 2 0 0 u 0 2 0 0 0 u d 2 0 0 0 2 u 0 0 u 0 
2 2 u u 0 0 2 2 0 0 2 u d u u 0 2 0 0 0 0 0 2 u 0 0 2 0 0 0 0 u 
2 2 u u 0 0 2 u d u 2 2 0 0 u 0 2 0 0 0 0 0 2 0 0 0 2 u 0 0 0 u 
2 2 u u 0 0 2 2 0 u 2 u d 0 u 0 2 0 0 0 0 0 2 0 0 0 2 u 0 0 0 u 
2 2 u u 0 0 2 u d 0 2 2 0 u u 0 2 0 0 0 0 0 2 u 0 0 2 0 0 0 0 u 
2 2 u 0 0 u 2 2 0 0 2 2 0 u u 0 d u 0 0 0 0 2 u 0 0 2 0 0 0 u 0 
2 2 u 0 0 u 2 2 0 u 2 2 0 0 u 0 d u 0 0 0 0 2 0 0 0 2 u 0 0 u 0 
2 2 u u 0 0 2 2 0 0 2 2 0 u u 0 u 0 0 0 d 0 2 u 0 0 2 0 0 0 u 0 
2 2 u u 0 0 2 2 0 u 2 2 0 0 u 0 u 0 0 0 d 0 2 0 0 0 2 u 0 0 u 0 
2 2 0 u 0 0 2 2 0 0 2 u 0 u u 0 2 u u 0 0 0 2 0 0 0 2 u d 0 0 0 
2 2 0 u 0 0 2 u 0 u 2 2 0 0 u 0 2 u u 0 0 0 2 u d 0 2 0 0 0 0 0 
2 2 0 u 0 0 2 u 0 0 2 2 0 u u 0 2 u u 0 0 0 2 0 d 0 2 u 0 0 0 0 
2 2 0 u 0 0 2 2 0 u 2 u 0 0 u 0 2 u u 0 0 0 2 u 0 0 2 0 d 0 0 0 
2 2 u u 0 0 2 2 0 u 2 d 0 0 0 0 2 0 0 0 0 0 2 0 0 0 2 u u 0 u u 
2 2 u u 0 0 2 d 0 0 2 2 0 u 0 0 2 0 0 0 0 0 2 u u 0 2 0 0 0 u u 
2 2 u u 0 0 2 2 0 0 2 d 0 u 0 0 2 0 0 0 0 0 2 u 0 0 2 0 u 0 u u 
2 2 u u 0 0 2 d 0 u 2 2 0 0 0 0 2 0 0 0 0 0 2 0 u 0 2 u 0 0 u u 
2 2 0 u 0 0 2 2 0 0 2 2 0 u 0 0 2 u u 0 0 0 2 0 0 0 2 u 0 0 0 u 
2 2 0 u 0 0 2 2 0 u 2 2 0 0 0 0 2 u u 0 0 0 2 u 0 0 2 0 0 0 0 u 
2 2 0 u 0 0 2 2 0 0 2 d 0 u u 0 2 u u 0 0 0 2 0 0 0 2 u u 0 0 0 
2 2 0 u 0 0 2 d 0 u 2 2 0 0 u 0 2 u u 0 0 0 2 u u 0 2 0 0 0 0 0 
2 2 0 u 0 0 2 2 0 u 2 d 0 0 u 0 2 u u 0 0 0 2 u 0 0 2 0 u 0 0 0 
2 2 0 u 0 0 2 d 0 0 2 2 0 u u 0 2 u u 0 0 0 2 0 u 0 2 u 0 0 0 0 
2 2 0 u 0 0 2 2 0 u 2 u 0 0 u 0 2 0 0 0 u 0 2 0 0 0 2 u 0 d u 0 
2 2 0 u 0 0 2 u 0 0 2 2 0 u u 0 2 0 0 0 u 0 2 u 0 d 2 0 0 0 u 0 
2 2 0 u 0 0 2 2 0 0 2 u 0 u u 0 2 0 0 0 u 0 2 u 0 0 2 0 0 d u 0 
2 2 0 u 0 0 2 u 0 u 2 2 0 0 u 0 2 0 0 0 u 0 2 0 0 d 2 u 0 0 u 0 
2 2 u u 0 0 2 d 0 0 2 d 0 u u 0 2 0 0 0 0 0 2 u u 0 2 0 u 0 u 0 
2 2 u u 0 0 2 d 0 u 2 d 0 0 u 0 2 0 0 0 0 0 2 0 u 0 2 u u 0 u 0 
2 0 u u 0 0 2 2 0 0 2 2 0 u u 0 2 0 0 0 d u 2 u 0 0 2 0 0 0 u 0 
2 0 u u 0 0 2 2 0 u 2 2 0 0 u 0 2 0 0 0 d u 2 0 0 0 2 u 0 0 u 0 
2 2 u u u 0 2 u 0 u 2 2 0 0 u 0 2 0 0 0 0 0 2 u d 0 2 0 0 0 0 0 
2 2 u u u 0 2 2 0 0 2 u 0 u u 0 2 0 0 0 0 0 2 0 0 0 2 u d 0 0 0 
2 2 u u u 0 2 u 0 0 2 2 0 u u 0 2 0 0 0 0 0 2 0 d 0 2 u 0 0 0 0 
2 2 u u u 0 2 2 0 u 2 u 0 0 u 0 2 0 0 0 0 0 2 u 0 0 2 0 d 0 0 0 
2 2 u u 0 0 2 0 2 0 2 2 0 u u 0 2 u 0 0 0 0 2 0 0 0 2 u 0 0 0 0 
2 2 u u 0 0 2 2 0 u 2 0 2 0 u 0 2 u 0 0 0 0 2 u 0 0 2 0 0 0 0 0 
2 2 u u 0 0 2 0 2 u 2 2 0 0 u 0 2 u 0 0 0 0 2 u 0 0 2 0 0 0 0 0 
2 2 u u 0 0 2 2 0 0 2 0 2 u u 0 2 u 0 0 0 0 2 0 0 0 2 u 0 0 0 0 
2 2 u u 0 0 2 2 0 u 2 2 0 0 0 u 2 0 0 0 0 0 2 0 0 0 2 u 0 0 0 u 
2 2 u u 0 0 2 2 0 0 2 2 0 u 0 u 2 0 0 0 0 0 2 u 0 0 2 0 0 0 0 u 
2 2 u u u 0 2 d 0 u 2 2 0 0 u 0 2 0 0 0 0 0 2 u u 0 2 0 0 0 0 0 
2 2 u u u 0 2 2 0 0 2 d 0 u u 0 2 0 0 0 0 0 2 0 0 0 2 u u 0 0 0 
2 2 u u u 0 2 d 0 0 2 2 0 u u 0 2 0 0 0 0 0 2 0 u 0 2 u 0 0 0 0 
2 2 u u u 0 2 2 0 u 2 d 0 0 u 0 2 0 0 0 0 0 2 u 0 0 2 0 u 0 0 0 
2 u u 0 0 0 2 2 0 u 2 2 0 0 u 0 2 u 0 0 0 d 2 0 0 0 2 u 0 0 u 0 
2 u u 0 0 0 2 2 0 0 2 2 0 u u 0 2 u 0 0 0 d 2 u 0 0 2 0 0 0 u 0 
2 2 u u 0 0 2 2 0 0 2 2 0 u u 0 d 0 u 0 0 0 2 u 0 0 2 0 0 0 u 0 
2 2 u u 0 0 2 2 0 u 2 2 0 0 u 0 d 0 u 0 0 0 2 0 0 0 2 u 0 0 u 0 
2 d u u 0 u 2 2 0 0 2 2 0 u u 0 2 0 0 0 0 0 2 u 0 0 2 0 0 0 u 0 
2 d u u 0 u 2 2 0 u 2 2 0 0 u 0 2 0 0 0 0 0 2 0 0 0 2 u 0 0 u 0 
2 0 u u 2 0 2 2 0 0 2 2 0 u u 0 2 0 0 0 0 0 2 u 0 0 2 0 0 0 u 0 
2 0 u u 2 0 2 2 0 u 2 2 0 0 u 0 2 0 0 0 0 0 2 0 0 0 2 u 0 0 u 0 
2 0 u u 0 0 2 2 0 0 2 2 0 u u 0 2 0 0 0 0 2 2 u 0 0 2 0 0 0 u 0 
2 0 u u 0 0 2 2 0 u 2 2 0 0 u 0 2 0 0 0 0 2 2 0 0 0 2 u 0 0 u 0 
2 u u u 0 d 2 2 0 0 2 2 0 u u 0 2 u 0 0 0 0 2 0 0 0 2 u 0 0 0 0 
2 u u u 0 d 2 2 0 u 2 2 0 0 u 0 2 u 0 0 0 0 2 u 0 0 2 0 0 0 0 0 
2 u u u 0 0 2 2 0 0 2 2 0 u 0 0 2 u 0 0 d 0 2 0 0 0 2 u 0 0 u 0 
2 u u u 0 0 2 2 0 u 2 2 0 0 0 0 2 u 0 0 d 0 2 u 0 0 2 0 0 0 u 0 
2 2 u u 0 0 2 d u u 2 2 0 0 u 0 2 0 0 0 0 0 2 0 0 0 2 u 0 0 0 u 
2 2 u u 0 0 2 2 0 0 2 d u u u 0 2 0 0 0 0 0 2 u 0 0 2 0 0 0 0 u 
2 2 u u 0 0 2 d u 0 2 2 0 u u 0 2 0 0 0 0 0 2 u 0 0 2 0 0 0 0 u 
2 2 u u 0 0 2 2 0 u 2 d u 0 u 0 2 0 0 0 0 0 2 0 0 0 2 u 0 0 0 u 
2 2 u u 0 0 2 0 0 0 2 2 0 u u 2 2 0 0 0 0 0 2 u 0 0 2 0 0 0 u 0 
2 2 u u 0 0 2 2 0 u 2 0 0 0 u 2 2 0 0 0 0 0 2 0 0 0 2 u 0 0 u 0 
2 2 u u 0 0 2 0 0 u 2 2 0 0 u 2 2 0 0 0 0 0 2 0 0 0 2 u 0 0 u 0 
2 2 u u 0 0 2 2 0 0 2 0 0 u u 2 2 0 0 0 0 0 2 u 0 0 2 0 0 0 u 0 
2 2 u u 0 2 2 2 0 0 2 0 0 u u 0 2 u 0 0 0 0 2 0 0 0 2 u 0 0 0 0 
2 2 u u 0 2 2 0 0 u 2 2 0 0 u 0 2 u 0 0 0 0 2 u 0 0 2 0 0 0 0 0 
2 2 u u 0 2 2 0 0 0 2 2 0 u u 0 2 u 0 0 0 0 2 0 0 0 2 u 0 0 0 0 
2 2 u u 0 2 2 2 0 u 2 0 0 0 u 0 2 u 0 0 0 0 2 u 0 0 2 0 0 0 0 0 
2 d u u 0 u 2 d u u 2 2 0 0 u 0 2 0 0 0 0 0 2 0 0 0 2 u 0 0 u 0 
2 d u u 0 u 2 2 0 0 2 d u u u 0 2 0 0 0 0 0 2 u 0 0 2 0 0 0 u 0 
2 d u u 0 u 2 d u 0 2 2 0 u u 0 2 0 0 0 0 0 2 u 0 0 2 0 0 0 u 0 
2 d u u 0 u 2 2 0 u 2 d u 0 u 0 2 0 0 0 0 0 2 0 0 0 2 u 0 0 u 0 
2 2 u u 0 0 2 2 0 0 2 u 0 u 0 0 2 u 0 0 0 0 2 0 0 0 2 u d 0 0 u 
2 2 u u 0 0 2 u 0 u 2 2 0 0 0 0 2 u 0 0 0 0 2 u d 0 2 0 0 0 0 u 
2 u u u 0 d 2 u d u 2 2 0 0 u 0 2 0 0 0 0 0 2 0 0 0 2 u 0 0 u 0 
2 u u u 0 d 2 2 0 0 2 u d u u 0 2 0 0 0 0 0 2 u 0 0 2 0 0 0 u 0 
2 2 u u 0 0 2 2 0 u 2 u 0 0 0 0 2 u 0 0 0 0 2 u 0 0 2 0 d 0 0 u 
2 2 u u 0 0 2 u 0 0 2 2 0 u 0 0 2 u 0 0 0 0 2 0 d 0 2 u 0 0 0 u 
2 u u u 0 d 2 u d 0 2 2 0 u u 0 2 0 0 0 0 0 2 u 0 0 2 0 0 0 u 0 
2 u u u 0 d 2 2 0 u 2 u d 0 u 0 2 0 0 0 0 0 2 0 0 0 2 u 0 0 u 0 
2 2 0 u 0 0 2 2 0 u 2 2 0 0 u u 2 0 0 0 0 u 2 0 0 0 2 u 0 0 0 0 
2 2 0 u 0 0 2 2 0 0 2 2 0 u u u 2 0 0 0 0 u 2 u 0 0 2 0 0 0 0 0 
2 u 2 u 0 0 2 2 0 0 2 2 0 u 0 u 2 0 0 0 0 0 2 u 0 0 2 0 0 0 u 0 
2 u 2 u 0 0 2 2 0 u 2 2 0 0 0 u 2 0 0 0 0 0 2 0 0 0 2 u 0 0 u 0 
2 2 u 2 0 u 2 2 0 0 2 0 0 u u 0 2 0 0 0 0 0 2 u 0 0 2 0 0 0 u 0 
2 2 u 2 0 u 2 0 0 u 2 2 0 0 u 0 2 0 0 0 0 0 2 0 0 0 2 u 0 0 u 0 
2 2 u 2 0 u 2 2 0 u 2 0 0 0 u 0 2 0 0 0 0 0 2 0 0 0 2 u 0 0 u 0 
2 2 u 2 0 u 2 0 0 0 2 2 0 u u 0 2 0 0 0 0 0 2 u 0 0 2 0 0 0 u 0 
2 2 u u 0 0 2 2 0 u 2 0 0 0 u 0 2 0 0 0 0 0 2 0 0 0 2 u 0 2 u 0 
2 2 u u 0 0 2 0 0 0 2 2 0 u u 0 2 0 0 0 0 0 2 u 0 2 2 0 0 0 u 0 
2 2 u u 0 0 2 2 0 0 2 0 0 u u 0 2 0 0 0 0 0 2 u 0 0 2 0 0 2 u 0 
2 2 u u 0 0 2 0 0 u 2 2 0 0 u 0 2 0 0 0 0 0 2 0 0 2 2 u 0 0 u 0 
2 2 u u 0 u 2 d 0 0 2 u 0 u 2 0 2 0 0 0 0 0 2 u 0 0 2 0 0 0 u 0 
2 2 u u 0 u 2 u 0 u 2 d 0 0 2 0 2 0 0 0 0 0 2 0 0 0 2 u 0 0 u 0 
2 2 u u 0 u 2 u 0 0 2 d 0 u 2 0 2 0 0 0 0 0 2 u 0 0 2 0 0 0 u 0 
2 2 u u 0 u 2 d 0 u 2 u 0 0 2 0 2 0 0 0 0 0 2 0 0 0 2 u 0 0 u 0 
2 2 0 u 0 d 2 2 0 0 2 u u u u 0 2 0 0 0 0 0 2 u 0 0 2 0 0 0 u 0 
2 2 0 u 0 d 2 u u u 2 2 0 0 u 0 2 0 0 0 0 0 2 0 0 0 2 u 0 0 u 0 
2 2 0 u 0 d 2 2 0 u 2 u u 0 u 0 2 0 0 0 0 0 2 0 0 0 2 u 0 0 u 0 
2 2 0 u 0 d 2 u u 0 2 2 0 u u 0 2 0 0 0 0 0 2 u 0 0 2 0 0 0 u 0 
2 2 u u 0 0 2 d u 0 2 d u u u 0 2 0 0 0 0 0 2 u 0 0 2 0 0 0 u 0 
2 2 u u 0 0 2 d u u 2 d u 0 u 0 2 0 0 0 0 0 2 0 0 0 2 u 0 0 u 0 
2 d u u 0 d 2 2 0 0 2 u u u u 0 2 0 0 0 0 0 2 u 0 0 2 0 0 0 u 0 
2 d u u 0 d 2 u u u 2 2 0 0 u 0 2 0 0 0 0 0 2 0 0 0 2 u 0 0 u 0 
2 d u u 0 d 2 u u 0 2 2 0 u u 0 2 0 0 0 0 0 2 u 0 0 2 0 0 0 u 0 
2 d u u 0 d 2 2 0 u 2 u u 0 u 0 2 0 0 0 0 0 2 0 0 0 2 u 0 0 u 0 
2 u u 0 0 0 2 2 0 u 2 2 0 0 0 u 2 u 0 0 d 0 2 0 0 0 2 u 0 0 u 0 
2 u u 0 0 0 2 2 0 0 2 2 0 u 0 u 2 u 0 0 d 0 2 u 0 0 2 0 0 0 u 0 
2 2 u u 0 u 2 d 0 u 2 2 0 0 u 0 d 0 0 0 0 0 2 0 u 0 2 u 0 0 u 0 
2 2 u u 0 u 2 2 0 0 2 d 0 u u 0 d 0 0 0 0 0 2 u 0 0 2 0 u 0 u 0 
2 2 u u 0 u 2 d 0 0 2 2 0 u u 0 d 0 0 0 0 0 2 u u 0 2 0 0 0 u 0 
2 2 u u 0 u 2 2 0 u 2 d 0 0 u 0 d 0 0 0 0 0 2 0 0 0 2 u u 0 u 0 
2 2 u u 0 0 2 2 0 u 2 d u 0 u 0 2 u 0 0 0 0 2 u 0 0 2 0 0 0 0 0 
2 2 u u 0 0 2 d u 0 2 2 0 u u 0 2 u 0 0 0 0 2 0 0 0 2 u 0 0 0 0 
2 d u u 0 0 2 2 0 0 2 2 0 u u u 2 0 0 0 0 u 2 u 0 0 2 0 0 0 0 0 
2 d u u 0 0 2 2 0 u 2 2 0 0 u u 2 0 0 0 0 u 2 0 0 0 2 u 0 0 0 0 
2 2 u u 0 0 2 2 0 0 2 d u u u 0 2 u 0 0 0 0 2 0 0 0 2 u 0 0 0 0 
2 2 u u 0 0 2 d u u 2 2 0 0 u 0 2 u 0 0 0 0 2 u 0 0 2 0 0 0 0 0 
2 d u 0 0 0 2 2 0 u 2 2 0 0 u 0 2 u u 0 0 0 2 0 0 0 2 u 0 0 u 0 
2 d u 0 0 0 2 2 0 0 2 2 0 u u 0 2 u u 0 0 0 2 u 0 0 2 0 0 0 u 0 
2 2 2 0 0 0 2 2 0 u 2 2 0 0 u 0 u u 0 0 0 0 2 0 0 0 2 u 0 0 u 0 
2 2 2 0 0 0 2 2 0 0 2 2 0 u u 0 u u 0 0 0 0 2 u 0 0 2 0 0 0 u 0 
2 2 0 u 0 u 2 2 0 0 2 2 0 u u 0 2 u 0 0 0 0 2 0 0 0 2 u 0 0 0 0 
2 2 0 u 0 u 2 2 0 u 2 2 0 0 u 0 2 u 0 0 0 0 2 u 0 0 2 0 0 0 0 0 
2 d u u 0 0 2 2 0 u 2 u 0 0 u 0 2 u 0 0 u 0 2 u 0 0 2 0 0 d 0 0 
2 d u u 0 0 2 u 0 0 2 2 0 u u 0 2 u 0 0 u 0 2 0 0 d 2 u 0 0 0 0 
2 d u u 0 0 2 2 0 0 2 u 0 u u 0 2 u 0 0 u 0 2 0 0 0 2 u 0 d 0 0 
2 d u u 0 0 2 u 0 u 2 2 0 0 u 0 2 u 0 0 u 0 2 u 0 d 2 0 0 0 0 0 
2 2 u u 0 d 2 u 0 u 2 2 0 0 u 0 u 0 0 0 0 0 2 0 d 0 2 u 0 0 u 0 
2 2 u u 0 d 2 2 0 0 2 u 0 u u 0 u 0 0 0 0 0 2 u 0 0 2 0 d 0 u 0 
2 2 u u 0 d 2 u 0 0 2 2 0 u u 0 u 0 0 0 0 0 2 u d 0 2 0 0 0 u 0 
2 2 u u 0 d 2 2 0 u 2 u 0 0 u 0 u 0 0 0 0 0 2 0 0 0 2 u d 0 u 0 
2 2 u u 0 0 2 u d 0 2 u d u u 0 2 0 0 0 0 0 2 u 0 0 2 0 0 0 u 0 
2 2 u u 0 0 2 u d u 2 u d 0 u 0 2 0 0 0 0 0 2 0 0 0 2 u 0 0 u 0 
2 u 2 0 u 0 2 2 0 0 2 2 0 u u 0 2 0 0 0 0 0 2 u 0 0 2 0 0 0 u 0 
2 u 2 0 u 0 2 2 0 u 2 2 0 0 u 0 2 0 0 0 0 0 2 0 0 0 2 u 0 0 u 0 
2 u 2 u 0 0 2 2 0 0 2 2 0 u u 0 2 0 0 0 0 0 2 u 0 0 2 0 0 0 u 0 
2 u 2 u 0 0 2 2 0 u 2 2 0 0 u 0 2 0 0 0 0 0 2 0 0 0 2 u 0 0 u 0 
2 2 u u 0 0 2 d 0 0 2 u 0 u u 0 2 u 0 0 0 0 2 0 u 0 2 u d 0 0 0 
2 2 u u 0 0 2 u 0 u 2 d 0 0 u 0 2 u 0 0 0 0 2 u d 0 2 0 u 0 0 0 
2 2 u u 0 0 2 u 0 0 2 d 0 u u 0 2 u 0 0 0 0 2 0 d 0 2 u u 0 0 0 
2 2 u u 0 0 2 d 0 u 2 u 0 0 u 0 2 u 0 0 0 0 2 u u 0 2 0 d 0 0 0 
2 0 u u 0 0 2 2 2 u 2 2 0 0 u 0 2 0 0 0 0 0 2 0 0 0 2 u 0 0 u 0 
2 0 u u 0 0 2 2 0 0 2 2 2 u u 0 2 0 0 0 0 0 2 u 0 0 2 0 0 0 u 0 
2 0 u u 0 0 2 2 2 0 2 2 0 u u 0 2 0 0 0 0 0 2 u 0 0 2 0 0 0 u 0 
2 0 u u 0 0 2 2 0 u 2 2 2 0 u 0 2 0 0 0 0 0 2 0 0 0 2 u 0 0 u 0 
2 2 u 0 0 0 2 2 0 u 2 u 0 0 u 0 2 u 0 u 0 0 2 u 0 0 2 0 d 0 0 0 
2 2 u 0 0 0 2 u 0 0 2 2 0 u u 0 2 u 0 u 0 0 2 0 d 0 2 u 0 0 0 0 
2 2 u u 0 0 2 u 0 u 2 2 0 0 2 0 2 0 0 0 0 0 2 0 u 0 2 u 0 0 0 0 
2 2 u u 0 0 2 2 0 0 2 u 0 u 2 0 2 0 0 0 0 0 2 u 0 0 2 0 u 0 0 0 
2 2 u u 0 0 2 u 0 0 2 2 0 u 2 0 2 0 0 0 0 0 2 u u 0 2 0 0 0 0 0 
2 2 u u 0 0 2 2 0 u 2 u 0 0 2 0 2 0 0 0 0 0 2 0 0 0 2 u u 0 0 0 
2 2 u 2 0 0 2 u 0 0 2 u 0 u 2 0 2 0 0 0 0 0 2 u 0 0 2 0 0 0 u 0 
2 2 u 2 0 0 2 u 0 u 2 u 0 0 2 0 2 0 0 0 0 0 2 0 0 0 2 u 0 0 u 0 
2 2 u 2 0 0 2 u 0 0 2 2 0 0 u u 2 0 0 0 0 0 2 u 0 0 2 0 0 0 u 0 
2 2 u 2 0 0 2 2 0 0 2 u 0 0 u u 2 0 0 0 0 0 2 0 0 0 2 u 0 0 u 0 
2 2 u u 0 d 2 2 0 0 2 2 0 u 0 0 u u 0 0 0 0 2 0 0 0 2 u 0 0 u 0 
2 2 u u 0 d 2 2 0 u 2 2 0 0 0 0 u u 0 0 0 0 2 u 0 0 2 0 0 0 u 0 
2 2 u 0 0 0 2 2 0 0 2 u 0 u u 0 2 u 0 u 0 0 2 0 0 0 2 u d 0 0 0 
2 2 u 0 0 0 2 u 0 u 2 2 0 0 u 0 2 u 0 u 0 0 2 u d 0 2 0 0 0 0 0 
2 2 u u 0 0 2 2 0 0 2 d 0 u 0 0 2 u 0 0 0 0 2 0 0 0 2 u u 0 0 u 
2 2 u u 0 0 2 d 0 u 2 2 0 0 0 0 2 u 0 0 0 0 2 u u 0 2 0 0 0 0 u 
2 2 u u 0 0 2 d 0 0 2 2 0 u 0 0 2 u 0 0 0 0 2 0 u 0 2 u 0 0 0 u 
2 2 u u 0 0 2 2 0 u 2 d 0 0 0 0 2 u 0 0 0 0 2 u 0 0 2 0 u 0 0 u 
2 2 u u 2 0 2 0 0 u 2 2 0 0 u 0 2 0 0 0 0 0 2 0 0 0 2 u 0 0 u 0 
2 2 u u 2 0 2 2 0 0 2 0 0 u u 0 2 0 0 0 0 0 2 u 0 0 2 0 0 0 u 0 
2 2 0 0 0 0 2 2 0 u 2 2 0 0 0 u 2 u u 0 0 0 2 0 0 0 2 u 0 0 0 u 
2 2 0 0 0 0 2 2 0 0 2 2 0 u 0 u 2 u u 0 0 0 2 u 0 0 2 0 0 0 0 u 
2 2 u u 2 0 2 0 0 0 2 2 0 u u 0 2 0 0 0 0 0 2 u 0 0 2 0 0 0 u 0 
2 2 u u 2 0 2 2 0 u 2 0 0 0 u 0 2 0 0 0 0 0 2 0 0 0 2 u 0 0 u 0 
2 2 0 0 0 0 2 2 0 0 2 2 0 u u 0 2 u u u 0 0 2 0 0 0 2 u 0 0 0 0 
2 2 0 0 0 0 2 2 0 u 2 2 0 0 u 0 2 u u u 0 0 2 u 0 0 2 0 0 0 0 0 
2 2 0 u 0 0 2 2 0 0 2 2 0 u 0 0 2 u 0 0 0 u 2 0 0 0 2 u 0 0 u 0 
2 2 0 u 0 0 2 2 0 u 2 2 0 0 0 0 2 u 0 0 0 u 2 u 0 0 2 0 0 0 u 0 
2 d u u 0 0 2 u 0 0 2 2 0 u u 0 2 0 0 0 u 0 2 u d 0 2 0 0 0 u 0 
2 d u u 0 0 2 2 0 u 2 u 0 0 u 0 2 0 0 0 u 0 2 0 0 0 2 u d 0 u 0 
2 d u u 0 0 2 u 0 u 2 2 0 0 u 0 2 0 0 0 u 0 2 0 d 0 2 u 0 0 u 0 
2 d u u 0 0 2 2 0 0 2 u 0 u u 0 2 0 0 0 u 0 2 u 0 0 2 0 d 0 u 0 
2 2 0 0 0 0 2 2 0 u 2 u 0 0 0 0 2 u u 0 0 0 2 0 0 0 2 u d 0 u u 
2 2 0 0 0 0 2 u 0 0 2 2 0 u 0 0 2 u u 0 0 0 2 u d 0 2 0 0 0 u u 
2 2 0 0 0 0 2 2 0 0 2 u 0 u 0 0 2 u u 0 0 0 2 u 0 0 2 0 d 0 u u 
2 2 0 0 0 0 2 u 0 u 2 2 0 0 0 0 2 u u 0 0 0 2 0 d 0 2 u 0 0 u u 
2 2 u u 0 u 2 2 0 0 2 2 0 u 0 0 d u 0 0 0 0 2 0 0 0 2 u 0 0 u 0 
2 2 u u 0 u 2 2 0 u 2 2 0 0 0 0 d u 0 0 0 0 2 u 0 0 2 0 0 0 u 0 
2 2 u u 0 0 2 u 0 0 2 2 0 0 2 u 2 0 0 0 0 0 2 0 0 0 2 u 0 0 u 0 
2 2 u u 0 0 2 2 0 0 2 u 0 0 2 u 2 0 0 0 0 0 2 u 0 0 2 0 0 0 u 0 
2 2 u u 0 0 2 u d 0 2 d u u u 0 2 u 0 0 0 0 2 0 0 0 2 u 0 0 0 0 
2 2 u u 0 0 2 d u u 2 u d 0 u 0 2 u 0 0 0 0 2 u 0 0 2 0 0 0 0 0 
2 2 u u 0 0 2 d u 0 2 u d u u 0 2 u 0 0 0 0 2 0 0 0 2 u 0 0 0 0 
2 2 u u 0 0 2 u d u 2 d u 0 u 0 2 u 0 0 0 0 2 u 0 0 2 0 0 0 0 0 
2 u u u 0 0 2 d 0 0 2 2 0 u u 0 2 0 0 0 d 0 2 u u 0 2 0 0 0 u 0 
2 u u u 0 0 2 2 0 u 2 d 0 0 u 0 2 0 0 0 d 0 2 0 0 0 2 u u 0 u 0 
2 u u u 0 0 2 d 0 u 2 2 0 0 u 0 2 0 0 0 d 0 2 0 u 0 2 u 0 0 u 0 
2 u u u 0 0 2 2 0 0 2 d 0 u u 0 2 0 0 0 d 0 2 u 0 0 2 0 u 0 u 0 
2 2 0 0 0 0 2 2 0 u 2 u d 0 u 0 2 u u 0 0 0 2 0 0 0 2 u 0 0 u 0 
2 2 0 0 0 0 2 u d 0 2 2 0 u u 0 2 u u 0 0 0 2 u 0 0 2 0 0 0 u 0 
2 2 0 0 0 0 2 2 0 0 2 u d u u 0 2 u u 0 0 0 2 u 0 0 2 0 0 0 u 0 
2 2 0 0 0 0 2 u d u 2 2 0 0 u 0 2 u u 0 0 0 2 0 0 0 2 u 0 0 u 0 
2 2 u u 0 0 2 u 0 0 2 u 0 u u 0 2 0 0 0 0 0 2 u d 0 2 0 d 0 u 0 
2 2 u u 0 0 2 u 0 u 2 u 0 0 u 0 2 0 0 0 0 0 2 0 d 0 2 u d 0 u 0 
2 2 0 u 0 u 2 2 0 0 2 2 0 u u 0 d 0 u 0 0 0 2 u 0 0 2 0 0 0 u 0 
2 2 0 u 0 u 2 2 0 u 2 2 0 0 u 0 d 0 u 0 0 0 2 0 0 0 2 u 0 0 u 0 
2 2 u 2 u 0 2 2 0 0 2 u 0 0 u 0 2 0 0 0 0 0 2 u 0 0 2 0 0 0 u 0 
2 2 u 2 u 0 2 u 0 0 2 2 0 0 u 0 2 0 0 0 0 0 2 0 0 0 2 u 0 0 u 0 
d 2 u u 0 u 2 2 0 0 2 2 0 u u 0 2 0 0 0 0 0 2 u 0 0 2 0 0 0 u 0 
d 2 u u 0 u 2 2 0 u 2 2 0 0 u 0 2 0 0 0 0 0 2 0 0 0 2 u 0 0 u 0 
2 u u u 0 u 2 2 0 0 2 d d u u 0 2 0 0 0 0 0 2 u 0 0 2 0 0 0 u 0 
2 u u u 0 u 2 d d u 2 2 0 0 u 0 2 0 0 0 0 0 2 0 0 0 2 u 0 0 u 0 
2 u u u 0 u 2 d d 0 2 2 0 u u 0 2 0 0 0 0 0 2 u 0 0 2 0 0 0 u 0 
2 u u u 0 u 2 2 0 u 2 d d 0 u 0 2 0 0 0 0 0 2 0 0 0 2 u 0 0 u 0 
2 2 u 2 0 0 2 2 0 0 2 u 0 u u 0 2 0 0 0 0 0 2 0 0 0 2 0 0 0 u u 
2 2 u 2 0 0 2 u 0 u 2 2 0 0 u 0 2 0 0 0 0 0 2 0 0 0 2 0 0 0 u u 
2 2 0 u 0 0 2 2 0 0 2 2 0 u u u 2 0 0 0 u 0 2 u 0 0 2 0 0 0 0 0 
2 2 0 u 0 0 2 2 0 u 2 2 0 0 u u 2 0 0 0 u 0 2 0 0 0 2 u 0 0 0 0 
2 2 u u 0 0 2 2 0 0 2 2 0 u u 0 d 0 0 0 u 0 2 u 0 0 2 0 0 0 u 0 
2 2 u u 0 0 2 2 0 u 2 2 0 0 u 0 d 0 0 0 u 0 2 0 0 0 2 u 0 0 u 0 
2 2 u u u 0 2 u 0 0 2 2 0 0 2 0 2 0 0 0 0 0 2 u 0 0 2 0 0 0 u 0 
2 2 u u u 0 2 2 0 0 2 u 0 0 2 0 2 0 0 0 0 0 2 0 0 0 2 u 0 0 u 0 
2 2 0 u 0 d 2 2 0 0 2 2 0 u u 0 u 0 u 0 0 0 2 u 0 0 2 0 0 0 u 0 
2 2 0 u 0 d 2 2 0 u 2 2 0 0 u 0 u 0 u 0 0 0 2 0 0 0 2 u 0 0 u 0 
2 2 u u u 0 2 2 0 0 2 2 0 u 0 0 2 0 0 0 0 0 2 0 0 0 2 u 0 0 0 u 
2 2 u u u 0 2 2 0 u 2 2 0 0 0 0 2 0 0 0 0 0 2 u 0 0 2 0 0 0 0 u 
2 2 u 0 0 0 2 2 0 u 2 u 0 0 u 0 2 u 0 0 0 0 2 0 0 0 2 u 0 d u 0 
2 2 u 0 0 0 2 u 0 0 2 2 0 u u 0 2 u 0 0 0 0 2 u 0 d 2 0 0 0 u 0 
2 2 u 0 0 0 2 2 0 0 2 u 0 u u 0 2 u 0 0 0 0 2 u 0 0 2 0 0 d u 0 
2 2 u 0 0 0 2 u 0 u 2 2 0 0 u 0 2 u 0 0 0 0 2 0 0 d 2 u 0 0 u 0 
2 2 u u 0 0 2 2 0 u 2 u 0 0 2 0 2 0 0 0 0 0 2 0 0 0 2 0 0 0 u u 
2 2 u u 0 0 2 u 0 0 2 2 0 u 2 0 2 0 0 0 0 0 2 0 0 0 2 0 0 0 u u 
2 2 u u d 0 2 u 0 0 2 u 0 u u d 2 0 0 0 0 0 2 u 0 0 2 0 0 0 u 0 
2 2 u u d 0 2 u 0 u 2 u 0 0 u d 2 0 0 0 0 0 2 0 0 0 2 u 0 0 u 0 
2 2 u u 0 0 2 2 0 0 2 u 0 u u u 2 d 0 0 0 0 2 0 0 0 2 0 0 0 u 0 
2 2 u u 0 0 2 u 0 u 2 2 0 0 u u 2 d 0 0 0 0 2 0 0 0 2 0 0 0 u 0 
2 2 u 2 0 0 2 2 0 u 2 u 0 0 u 0 2 0 0 u 0 0 2 0 0 0 2 0 0 0 u 0 
2 2 u 2 0 0 2 u 0 0 2 2 0 u u 0 2 0 0 u 0 0 2 0 0 0 2 0 0 0 u 0 
u 2 2 u 0 0 2 2 0 u 2 d u 0 u 0 2 0 0 0 0 0 2 0 0 0 2 u 0 0 u 0 
u 2 2 u 0 0 2 d u 0 2 2 0 u u 0 2 0 0 0 0 0 2 u 0 0 2 0 0 0 u 0 
u 2 2 u 0 0 2 2 0 0 2 d u u u 0 2 0 0 0 0 0 2 u 0 0 2 0 0 0 u 0 
u 2 2 u 0 0 2 d u u 2 2 0 0 u 0 2 0 0 0 0 0 2 0 0 0 2 u 0 0 u 0 
2 2 u u 0 0 2 2 0 0 2 2 0 u u 0 u u 0 0 d 0 2 0 0 0 2 u 0 0 0 0 
2 2 u u 0 0 2 2 0 u 2 2 0 0 u 0 u u 0 0 d 0 2 u 0 0 2 0 0 0 0 0 
2 2 0 0 0 0 2 2 0 0 2 d 0 u 0 0 2 u u 0 0 0 2 u 0 0 2 0 u 0 u u 
2 2 0 0 0 0 2 d 0 u 2 2 0 0 0 0 2 u u 0 0 0 2 0 u 0 2 u 0 0 u u 
2 2 0 0 0 0 2 2 0 u 2 d 0 0 0 0 2 u u 0 0 0 2 0 0 0 2 u u 0 u u 
2 2 0 0 0 0 2 d 0 0 2 2 0 u 0 0 2 u u 0 0 0 2 u u 0 2 0 0 0 u u 
2 u u u 0 0 2 2 0 u 2 d 0 0 u 0 2 u 0 0 d 0 2 u 0 0 2 0 0 u 0 0 
2 u u u 0 0 2 d 0 0 2 2 0 u u 0 2 u 0 0 d 0 2 0 0 u 2 u 0 0 0 0 
2 u u u 0 0 2 2 0 0 2 d 0 u u 0 2 u 0 0 d 0 2 0 0 0 2 u 0 u 0 0 
2 u u u 0 0 2 d 0 u 2 2 0 0 u 0 2 u 0 0 d 0 2 u 0 u 2 0 0 0 0 0 
2 2 u u 0 0 2 2 0 0 2 u 0 u 2 0 2 0 0 u 0 0 2 0 0 0 2 0 0 0 u 0 
2 2 u u 0 0 2 u 0 u 2 2 0 0 2 0 2 0 0 u 0 0 2 0 0 0 2 0 0 0 u 0 
2 d u u 0 0 2 2 0 0 2 d 0 u u 0 2 0 0 0 u 0 2 u 0 0 2 0 0 u u 0 
2 d u u 0 0 2 d 0 u 2 2 0 0 u 0 2 0 0 0 u 0 2 0 0 u 2 u 0 0 u 0 
2 d u u 0 0 2 2 0 u 2 d 0 0 u 0 2 0 0 0 u 0 2 0 0 0 2 u 0 u u 0 
2 d u u 0 0 2 d 0 0 2 2 0 u u 0 2 0 0 0 u 0 2 u 0 u 2 0 0 0 u 0 
2 2 u 0 0 0 2 2 0 u 2 d 0 0 u 0 2 u 0 u 0 0 2 u 0 0 2 0 u 0 0 0 
2 2 u 0 0 0 2 d 0 0 2 2 0 u u 0 2 u 0 u 0 0 2 0 u 0 2 u 0 0 0 0 
2 2 u u 0 0 2 2 0 0 2 u d u u 0 2 0 0 u 0 0 2 0 0 0 2 u 0 0 0 0 
2 2 u u 0 0 2 u d u 2 2 0 0 u 0 2 0 0 u 0 0 2 u 0 0 2 0 0 0 0 0 
2 2 u u 0 0 2 2 0 u 2 u d 0 u 0 2 0 0 u 0 0 2 u 0 0 2 0 0 0 0 0 
2 2 u u 0 0 2 u d 0 2 2 0 u u 0 2 0 0 u 0 0 2 0 0 0 2 u 0 0 0 0 
2 d u u 0 0 2 2 0 0 2 2 0 u 0 0 2 u 0 0 0 u 2 0 0 0 2 u 0 0 u 0 
2 d u u 0 0 2 2 0 u 2 2 0 0 0 0 2 u 0 0 0 u 2 u 0 0 2 0 0 0 u 0 
2 2 u 0 0 0 2 2 0 0 2 d 0 u u 0 2 u 0 u 0 0 2 0 0 0 2 u u 0 0 0 
2 2 u 0 0 0 2 d 0 u 2 2 0 0 u 0 2 u 0 u 0 0 2 u u 0 2 0 0 0 0 0 
2 2 u u 0 0 2 2 0 u 2 u 0 0 u u 2 0 0 0 0 0 2 0 0 0 2 0 0 0 2 0 
2 2 u u 0 0 2 u 0 0 2 2 0 u u u 2 0 0 0 0 0 2 0 0 0 2 0 0 0 2 0 
2 2 u u 0 0 2 d 0 0 2 d 0 u u 0 2 u 0 0 0 0 2 0 u 0 2 u u 0 0 0 
2 2 u u 0 0 2 d 0 u 2 d 0 0 u 0 2 u 0 0 0 0 2 u u 0 2 0 u 0 0 0 
2 2 2 u 0 0 2 2 0 0 2 2 0 u u u u 0 0 0 0 0 2 u 0 0 2 0 0 0 0 0 
2 2 2 u 0 0 2 2 0 u 2 2 0 0 u u u 0 0 0 0 0 2 0 0 0 2 u 0 0 0 0 
2 2 0 u 0 0 2 2 0 u 2 u 0 0 u 0 2 u 0 0 u 0 2 u 0 0 2 0 0 d 0 0 
2 2 0 u 0 0 2 u 0 0 2 2 0 u u 0 2 u 0 0 u 0 2 0 0 d 2 u 0 0 0 0 
2 2 0 u 0 0 2 2 0 0 2 u 0 u u 0 2 u 0 0 u 0 2 0 0 0 2 u 0 d 0 0 
2 2 0 u 0 0 2 u 0 u 2 2 0 0 u 0 2 u 0 0 u 0 2 u 0 d 2 0 0 0 0 0 
2 2 u u 0 d 2 2 0 0 2 u 0 0 u u 2 0 0 0 0 0 2 0 0 0 2 u 0 0 u 0 
2 2 u u 0 d 2 u 0 0 2 2 0 0 u u 2 0 0 0 0 0 2 u 0 0 2 0 0 0 u 0 
2 2 u u 0 0 2 2 0 0 2 2 0 u u 0 d u u 0 0 0 2 0 0 0 2 u 0 0 0 0 
2 2 u u 0 0 2 2 0 u 2 2 0 0 u 0 d u u 0 0 0 2 u 0 0 2 0 0 0 0 0 
2 2 2 u 0 0 2 u 0 0 2 2 0 0 u u 2 0 0 0 0 0 2 u 0 0 2 0 0 0 u 0 
2 2 2 u 0 0 2 2 0 0 2 u 0 0 u u 2 0 0 0 0 0 2 0 0 0 2 u 0 0 u 0 
2 2 u 0 0 0 2 2 0 0 2 2 0 u 0 0 2 0 0 0 0 0 2 u u 0 2 0 u 0 u 0 
2 2 u 0 0 0 2 2 0 u 2 2 0 0 0 0 2 0 0 0 0 0 2 0 u 0 2 u u 0 u 0 
2 0 u u 2 0 2 2 0 0 2 2 0 u u 0 2 u 0 0 0 0 2 0 0 0 2 u 0 0 0 0 
2 0 u u 2 0 2 2 0 u 2 2 0 0 u 0 2 u 0 0 0 0 2 u 0 0 2 0 0 0 0 0 
2 2 u u u 0 2 u 0 0 2 2 0 u u 0 2 d 0 0 0 0 2 0 0 0 2 0 0 0 u 0 
2 2 u u u 0 2 2 0 u 2 u 0 0 u 0 2 d 0 0 0 0 2 0 0 0 2 0 0 0 u 0 
2 2 u u 0 0 2 d 0 u 2 u 0 0 u 0 2 0 0 0 0 0 2 0 0 u 2 u 0 d u 0 
2 2 u u 0 0 2 u 0 0 2 d 0 u u 0 2 0 0 0 0 0 2 u 0 d 2 0 0 u u 0 
2 2 u u 0 0 2 d 0 0 2 u 0 u u 0 2 0 0 0 0 0 2 u 0 u 2 0 0 d u 0 
2 2 u u 0 0 2 u 0 u 2 d 0 0 u 0 2 0 0 0 0 0 2 0 0 d 2 u 0 u u 0 
2 2 u u 0 u 2 u 0 u 2 d 0 0 u d 2 0 0 0 0 0 2 0 0 0 2 u 0 0 u 0 
2 2 u u 0 u 2 d 0 0 2 u 0 u u d 2 0 0 0 0 0 2 u 0 0 2 0 0 0 u 0 
2 2 u 0 0 0 2 0 0 0 2 2 0 u 0 0 2 u 0 0 0 0 2 u 2 0 2 0 0 0 u u 
2 2 u 0 0 0 2 2 0 u 2 0 0 0 0 0 2 u 0 0 0 0 2 0 0 0 2 u 2 0 u u 
2 2 u 0 0 0 2 0 0 u 2 2 0 0 0 0 2 u 0 0 0 0 2 0 2 0 2 u 0 0 u u 
2 2 u 0 0 0 2 2 0 0 2 0 0 u 0 0 2 u 0 0 0 0 2 u 0 0 2 0 2 0 u u 
2 2 u u 0 u 2 u 0 0 2 d 0 u u d 2 0 0 0 0 0 2 u 0 0 2 0 0 0 u 0 
2 2 u u 0 u 2 d 0 u 2 u 0 0 u d 2 0 0 0 0 0 2 0 0 0 2 u 0 0 u 0 
2 2 u u d u 2 0 0 0 2 2 0 u u 0 2 0 0 0 0 0 2 u 0 0 2 0 0 0 u 0 
2 2 u u d u 2 2 0 u 2 0 0 0 u 0 2 0 0 0 0 0 2 0 0 0 2 u 0 0 u 0 
2 2 u u d u 2 0 0 u 2 2 0 0 u 0 2 0 0 0 0 0 2 0 0 0 2 u 0 0 u 0 
2 2 u u d u 2 2 0 0 2 0 0 u u 0 2 0 0 0 0 0 2 u 0 0 2 0 0 0 u 0 
2 2 0 2 0 0 2 2 0 u 2 u u 0 u 0 2 0 0 0 0 0 2 0 0 0 2 u 0 0 u 0 
2 2 0 2 0 0 2 u u 0 2 2 0 u u 0 2 0 0 0 0 0 2 u 0 0 2 0 0 0 u 0 
2 2 0 2 0 0 2 2 0 0 2 u u u u 0 2 0 0 0 0 0 2 u 0 0 2 0 0 0 u 0 
2 2 0 2 0 0 2 u u u 2 2 0 0 u 0 2 0 0 0 0 0 2 0 0 0 2 u 0 0 u 0 
2 u 0 u 0 0 2 2 0 0 2 2 0 u u 0 2 0 u 0 d 0 2 u 0 0 2 0 0 0 u 0 
2 u 0 u 0 0 2 2 0 u 2 2 0 0 u 0 2 0 u 0 d 0 2 0 0 0 2 u 0 0 u 0 
2 2 2 u u 0 2 u 0 0 2 2 0 0 u 0 2 0 0 0 0 0 2 0 0 0 2 u 0 0 u 0 
2 2 2 u u 0 2 2 0 0 2 u 0 0 u 0 2 0 0 0 0 0 2 u 0 0 2 0 0 0 u 0 
2 2 0 u 0 0 2 2 0 0 2 d 0 u u 0 2 0 0 0 u 0 2 u 0 0 2 0 0 u u 0 
2 2 0 u 0 0 2 d 0 u 2 2 0 0 u 0 2 0 0 0 u 0 2 0 0 u 2 u 0 0 u 0 
2 2 0 u 0 u 2 u d u 2 2 0 0 u 0 2 0 0 0 0 0 2 0 0 0 2 u 0 0 u 0 
2 2 0 u 0 u 2 2 0 0 2 u d u u 0 2 0 0 0 0 0 2 u 0 0 2 0 0 0 u 0 
2 2 0 u 0 u 2 u d 0 2 2 0 u u 0 2 0 0 0 0 0 2 u 0 0 2 0 0 0 u 0 
2 2 0 u 0 u 2 2 0 u 2 u d 0 u 0 2 0 0 0 0 0 2 0 0 0 2 u 0 0 u 0 
2 2 0 u 0 0 2 2 0 u 2 d 0 0 u 0 2 0 0 0 u 0 2 0 0 0 2 u 0 u u 0 
2 2 0 u 0 0 2 d 0 0 2 2 0 u u 0 2 0 0 0 u 0 2 u 0 u 2 0 0 0 u 0 
2 2 u u u 0 2 2 0 0 2 u 0 u u 0 2 0 0 0 0 0 2 0 0 0 2 0 0 0 2 0 
2 2 u u u 0 2 u 0 u 2 2 0 0 u 0 2 0 0 0 0 0 2 0 0 0 2 0 0 0 2 0 
2 2 u u 0 0 2 u 0 u 2 2 0 0 0 0 2 0 0 0 0 0 2 0 u 0 2 u 0 0 2 0 
2 2 u u 0 0 2 2 0 0 2 u 0 u 0 0 2 0 0 0 0 0 2 u 0 0 2 0 u 0 2 0 
2 2 u u 0 0 2 u 0 0 2 2 0 u 0 0 2 0 0 0 0 0 2 u u 0 2 0 0 0 2 0 
2 2 u u 0 0 2 2 0 u 2 u 0 0 0 0 2 0 0 0 0 0 2 0 0 0 2 u u 0 2 0 
2 u u 0 0 0 2 2 0 u 2 2 0 0 u 0 2 u d 0 0 0 2 0 0 0 2 u 0 0 u 0 
2 u u 0 0 0 2 2 0 0 2 2 0 u u 0 2 u d 0 0 0 2 u 0 0 2 0 0 0 u 0 
2 u u 0 0 0 2 2 0 u 2 2 0 0 0 u 2 0 0 u d 0 2 0 0 0 2 u 0 0 u 0 
2 u u 0 0 0 2 2 0 0 2 2 0 u 0 u 2 0 0 u d 0 2 u 0 0 2 0 0 0 u 0 
u 2 u 0 0 0 2 2 0 0 2 2 0 u u 0 2 u 0 0 d 0 2 u 0 0 2 0 0 0 u 0 
u 2 u 0 0 0 2 2 0 u 2 2 0 0 u 0 2 u 0 0 d 0 2 0 0 0 2 u 0 0 u 0 
2 2 0 u 0 0 2 u 0 0 2 2 u u 2 0 2 0 0 0 0 0 2 u 0 0 2 0 0 0 u 0 
2 2 0 u 0 0 2 2 u u 2 u 0 0 2 0 2 0 0 0 0 0 2 0 0 0 2 u 0 0 u 0 
2 2 0 u 0 0 2 u 0 u 2 2 u 0 2 0 2 0 0 0 0 0 2 0 0 0 2 u 0 0 u 0 
2 2 0 u 0 0 2 2 u 0 2 u 0 u 2 0 2 0 0 0 0 0 2 u 0 0 2 0 0 0 u 0 
2 u 0 u 0 0 2 2 0 0 2 2 2 u u 0 2 0 0 0 0 0 2 u 0 0 2 0 0 0 u 0 
2 u 0 u 0 0 2 2 2 u 2 2 0 0 u 0 2 0 0 0 0 0 2 0 0 0 2 u 0 0 u 0 
2 u 0 u 0 0 2 2 0 u 2 2 2 0 u 0 2 0 0 0 0 0 2 0 0 0 2 u 0 0 u 0 
2 u 0 u 0 0 2 2 2 0 2 2 0 u u 0 2 0 0 0 0 0 2 u 0 0 2 0 0 0 u 0 
2 2 u u u d 2 2 0 0 2 u 0 0 u 0 2 0 0 0 0 0 2 u 0 0 2 0 0 0 u 0 
2 2 u u u d 2 u 0 0 2 2 0 0 u 0 2 0 0 0 0 0 2 0 0 0 2 u 0 0 u 0 
2 2 u u u d 2 0 0 u 2 2 0 0 u 0 2 0 0 0 0 0 2 0 0 0 2 u 0 0 u 0 
2 2 u u u d 2 2 0 0 2 0 0 u u 0 2 0 0 0 0 0 2 u 0 0 2 0 0 0 u 0 
2 2 u u u d 2 0 0 0 2 2 0 u u 0 2 0 0 0 0 0 2 u 0 0 2 0 0 0 u 0 
2 2 u u u d 2 2 0 u 2 0 0 0 u 0 2 0 0 0 0 0 2 0 0 0 2 u 0 0 u 0 
2 0 u u 0 0 2 2 0 0 2 2 0 u u 0 2 u 0 0 u d 2 0 0 0 2 u 0 0 0 0 
2 0 u u 0 0 2 2 0 u 2 2 0 0 u 0 2 u 0 0 u d 2 u 0 0 2 0 0 0 0 0 
2 d u u 0 u 2 2 0 0 2 2 0 u u 0 2 u 0 0 0 0 2 0 0 0 2 u 0 0 0 0 
2 d u u 0 u 2 2 0 u 2 2 0 0 u 0 2 u 0 0 0 0 2 u 0 0 2 0 0 0 0 0 
2 0 u u 0 0 2 2 0 0 2 2 0 u u 0 2 u 0 0 d u 2 0 0 0 2 u 0 0 0 0 
2 0 u u 0 0 2 2 0 u 2 2 0 0 u 0 2 u 0 0 d u 2 u 0 0 2 0 0 0 0 0 
u 2 2 u 0 0 2 2 0 0 2 2 0 u u 0 d 0 u 0 0 0 2 u 0 0 2 0 0 0 u 0 
u 2 2 u 0 0 2 2 0 u 2 2 0 0 u 0 d 0 u 0 0 0 2 0 0 0 2 u 0 0 u 0 
2 u u u 0 0 2 d 0 0 2 2 0 u u 0 2 0 0 0 0 d 2 u u 0 2 0 0 0 u 0 
2 u u u 0 0 2 2 0 u 2 d 0 0 u 0 2 0 0 0 0 d 2 0 0 0 2 u u 0 u 0 
2 u u u 0 0 2 d 0 u 2 2 0 0 u 0 2 0 0 0 0 d 2 0 u 0 2 u 0 0 u 0 
2 u u u 0 0 2 2 0 0 2 d 0 u u 0 2 0 0 0 0 d 2 u 0 0 2 0 u 0 u 0 
2 0 u u 0 0 2 2 0 0 2 2 0 u u 2 2 u 0 0 0 0 2 0 0 0 2 u 0 0 0 0 
2 0 u u 0 0 2 2 0 u 2 2 0 0 u 2 2 u 0 0 0 0 2 u 0 0 2 0 0 0 0 0 
2 2 u u 0 0 2 2 0 0 2 d u u u 0 2 0 0 u 0 0 2 0 0 0 2 u 0 0 0 0 
2 2 u u 0 0 2 d u u 2 2 0 0 u 0 2 0 0 u 0 0 2 u 0 0 2 0 0 0 0 0 
2 d u u 0 u 2 d u u 2 2 0 0 u 0 2 u 0 0 0 0 2 u 0 0 2 0 0 0 0 0 
2 d u u 0 u 2 2 0 0 2 d u u u 0 2 u 0 0 0 0 2 0 0 0 2 u 0 0 0 0 
2 d u u 0 u 2 d u 0 2 2 0 u u 0 2 u 0 0 0 0 2 0 0 0 2 u 0 0 0 0 
2 d u u 0 u 2 2 0 u 2 d u 0 u 0 2 u 0 0 0 0 2 u 0 0 2 0 0 0 0 0 
2 2 u u 0 0 2 2 0 u 2 d u 0 u 0 2 0 0 u 0 0 2 u 0 0 2 0 0 0 0 0 
2 2 u u 0 0 2 d u 0 2 2 0 u u 0 2 0 0 u 0 0 2 0 0 0 2 u 0 0 0 0 
2 2 u u 0 0 2 2 0 u 2 d u 0 0 u 2 0 0 0 0 0 2 0 0 0 2 u 0 0 u 0 
2 2 u u 0 0 2 d u 0 2 2 0 u 0 u 2 0 0 0 0 0 2 u 0 0 2 0 0 0 u 0 
2 2 u u 0 0 2 2 0 u 2 2 0 0 u 0 2 0 0 0 0 0 2 0 0 0 u u 0 d u 0 
2 2 u u 0 0 2 2 0 0 2 2 0 u u 0 2 0 0 0 0 0 u u 0 d 2 0 0 0 u 0 
2 2 u u 0 0 2 2 0 u 2 d 0 0 u u 2 0 0 0 0 0 2 0 0 0 2 u 0 u 0 0 
2 2 u u 0 0 2 d 0 0 2 2 0 u u u 2 0 0 0 0 0 2 u 0 u 2 0 0 0 0 0 
2 2 u u 0 0 2 2 0 0 2 d u u 0 u 2 0 0 0 0 0 2 u 0 0 2 0 0 0 u 0 
2 2 u u 0 0 2 d u u 2 2 0 0 0 u 2 0 0 0 0 0 2 0 0 0 2 u 0 0 u 0 
2 2 u u 0 0 2 2 0 0 2 2 0 u u 0 2 0 0 0 0 0 2 u 0 0 u 0 0 d u 0 
2 2 u u 0 0 2 2 0 u 2 2 0 0 u 0 2 0 0 0 0 0 u 0 0 d 2 u 0 0 u 0 
2 d u u 0 0 2 d 0 0 2 2 0 u u 0 2 0 0 0 u 0 2 u u 0 2 0 0 0 u 0 
2 d u u 0 0 2 2 0 u 2 d 0 0 u 0 2 0 0 0 u 0 2 0 0 0 2 u u 0 u 0 
2 d u u 0 0 2 d 0 u 2 2 0 0 u 0 2 0 0 0 u 0 2 0 u 0 2 u 0 0 u 0 
2 d u u 0 0 2 2 0 0 2 d 0 u u 0 2 0 0 0 u 0 2 u 0 0 2 0 u 0 u 0 
2 2 u u 0 0 2 2 0 0 2 d 0 u u u 2 0 0 0 0 0 2 u 0 0 2 0 0 u 0 0 
2 2 u u 0 0 2 d 0 u 2 2 0 0 u u 2 0 0 0 0 0 2 0 0 u 2 u 0 0 0 0 
2 0 u u 0 0 2 2 0 0 2 2 0 u u 0 2 u 0 0 0 2 2 0 0 0 2 u 0 0 0 0 
2 0 u u 0 0 2 2 0 u 2 2 0 0 u 0 2 u 0 0 0 2 2 u 0 0 2 0 0 0 0 0 
2 2 u u 0 d 2 d 0 u 2 u 0 0 u u 2 0 0 0 0 0 2 0 0 0 2 u 0 0 u 0 
2 2 u u 0 d 2 u 0 0 2 d 0 u u u 2 0 0 0 0 0 2 u 0 0 2 0 0 0 u 0 
2 2 u u 0 d 2 d 0 0 2 u 0 u u u 2 0 0 0 0 0 2 u 0 0 2 0 0 0 u 0 
2 2 u u 0 d 2 u 0 u 2 d 0 0 u u 2 0 0 0 0 0 2 0 0 0 2 u 0 0 u 0 
2 2 u u 0 u 2 2 0 0 2 2 0 u u u d 0 0 0 0 0 2 u 0 0 2 0 0 0 0 0 
2 2 u u 0 u 2 2 0 u 2 2 0 0 u u d 0 0 0 0 0 2 0 0 0 2 u 0 0 0 0 
2 u u u 0 0 2 2 0 0 2 2 0 u u d 2 0 0 0 0 u 2 u 0 0 2 0 0 0 0 0 
2 u u u 0 0 2 2 0 u 2 2 0 0 u d 2 0 0 0 0 u 2 0 0 0 2 u 0 0 0 0 
2 u u u 0 d 2 2 0 0 2 u d u u 0 2 u 0 0 0 0 2 0 0 0 2 u 0 0 0 0 
2 u u u 0 d 2 u d u 2 2 0 0 u 0 2 u 0 0 0 0 2 u 0 0 2 0 0 0 0 0 
2 0 u u 0 2 2 2 0 0 2 2 0 u u 0 2 0 0 0 0 0 2 u 0 0 2 0 0 0 u 0 
2 0 u u 0 2 2 2 0 u 2 2 0 0 u 0 2 0 0 0 0 0 2 0 0 0 2 u 0 0 u 0 
2 u u u 0 d 2 u d 0 2 2 0 u u 0 2 u 0 0 0 0 2 0 0 0 2 u 0 0 0 0 
2 u u u 0 d 2 2 0 u 2 u d 0 u 0 2 u 0 0 0 0 2 u 0 0 2 0 0 0 0 0 
2 2 0 0 0 0 2 0 0 u 2 2 0 0 u 0 2 u u 0 0 0 2 0 2 0 2 u 0 0 u 0 
2 2 0 0 0 0 2 2 0 0 2 0 0 u u 0 2 u u 0 0 0 2 u 0 0 2 0 2 0 u 0 
2 2 0 0 0 0 2 0 0 0 2 2 0 u u 0 2 u u 0 0 0 2 u 2 0 2 0 0 0 u 0 
2 2 0 0 0 0 2 2 0 u 2 0 0 0 u 0 2 u u 0 0 0 2 0 0 0 2 u 2 0 u 0 
2 2 u u 0 u 2 u 0 0 2 d 0 u 2 0 2 u 0 0 0 0 2 0 0 0 2 u 0 0 0 0 
2 2 u u 0 u 2 d 0 u 2 u 0 0 2 0 2 u 0 0 0 0 2 u 0 0 2 0 0 0 0 0 
2 2 u u 0 u 2 d 0 0 2 u 0 u 2 0 2 u 0 0 0 0 2 0 0 0 2 u 0 0 0 0 
2 2 u u 0 u 2 u 0 u 2 d 0 0 2 0 2 u 0 0 0 0 2 u 0 0 2 0 0 0 0 0 
2 2 u u 0 d 2 2 0 0 2 u 0 u u 0 2 0 0 0 0 0 2 0 0 0 2 0 0 0 u u 
2 2 u u 0 d 2 u 0 u 2 2 0 0 u 0 2 0 0 0 0 0 2 0 0 0 2 0 0 0 u u 
2 2 u u 0 0 2 2 0 0 2 2 0 u u 0 2 0 0 d 0 0 u u 0 0 u 0 0 0 u d 
2 2 u u 0 0 2 2 0 u 2 2 0 0 u 0 2 0 0 d 0 0 u 0 0 0 u u 0 0 u d 
2 2 u 0 0 0 2 2 0 u 2 0 d 0 u 0 2 u 0 0 0 0 2 0 0 0 2 u u 0 u 0 
2 2 u 0 0 0 2 0 d 0 2 2 0 u u 0 2 u 0 0 0 0 2 u u 0 2 0 0 0 u 0 
2 2 u 0 0 0 2 2 0 0 2 0 d u u 0 2 u 0 0 0 0 2 u 0 0 2 0 u 0 u 0 
2 2 u 0 0 0 2 0 d u 2 2 0 0 u 0 2 u 0 0 0 0 2 0 u 0 2 u 0 0 u 0 
2 2 0 u 0 d 2 u u 0 2 2 0 u u 0 2 u 0 0 0 0 2 0 0 0 2 u 0 0 0 0 
2 2 0 u 0 d 2 2 0 u 2 u u 0 u 0 2 u 0 0 0 0 2 u 0 0 2 0 0 0 0 0 
2 2 u u 0 d 2 2 0 u 2 u 0 0 u 0 2 0 0 u 0 0 2 0 0 0 2 0 0 0 u 0 
2 2 u u 0 d 2 u 0 0 2 2 0 u u 0 2 0 0 u 0 0 2 0 0 0 2 0 0 0 u 0 
2 2 0 u 0 d 2 2 0 0 2 u u u u 0 2 u 0 0 0 0 2 0 0 0 2 u 0 0 0 0 
2 2 0 u 0 d 2 u u u 2 2 0 0 u 0 2 u 0 0 0 0 2 u 0 0 2 0 0 0 0 0 
u 2 0 u 0 0 2 2 0 0 2 2 0 u u 0 2 0 2 0 0 0 2 u 0 0 2 0 0 0 u 0 
u 2 0 u 0 0 2 2 0 u 2 2 0 0 u 0 2 0 2 0 0 0 2 0 0 0 2 u 0 0 u 0 
2 2 u 2 0 u 2 2 0 0 2 0 0 u u 0 2 u 0 0 0 0 2 0 0 0 2 u 0 0 0 0 
2 2 u 2 0 u 2 0 0 u 2 2 0 0 u 0 2 u 0 0 0 0 2 u 0 0 2 0 0 0 0 0 
2 2 u 2 0 u 2 0 0 0 2 2 0 u u 0 2 u 0 0 0 0 2 0 0 0 2 u 0 0 0 0 
2 2 u 2 0 u 2 2 0 u 2 0 0 0 u 0 2 u 0 0 0 0 2 u 0 0 2 0 0 0 0 0 
2 2 u u 0 d 2 2 0 0 2 2 0 u u u u 0 0 0 0 0 2 u 0 0 2 0 0 0 0 0 
2 2 u u 0 d 2 2 0 u 2 2 0 0 u u u 0 0 0 0 0 2 0 0 0 2 u 0 0 0 0 
2 2 u u 0 0 2 2 0 u 2 0 0 0 u 0 2 0 0 0 0 0 2 0 0 0 2 u u d u 0 
2 2 u u 0 0 2 0 0 0 2 2 0 u u 0 2 0 0 0 0 0 2 u u d 2 0 0 0 u 0 
2 u u 0 0 0 2 2 0 0 2 2 0 u 0 u 2 u 0 0 0 d 2 u 0 0 2 0 0 0 u 0 
2 u u 0 0 0 2 2 0 u 2 2 0 0 0 u 2 u 0 0 0 d 2 0 0 0 2 u 0 0 u 0 
2 2 u u 0 0 2 2 0 0 2 0 0 u u 0 2 0 0 0 0 0 2 u 0 0 2 0 u d u 0 
2 2 u u 0 0 2 0 0 u 2 2 0 0 u 0 2 0 0 0 0 0 2 0 u d 2 u 0 0 u 0 
2 2 u u 0 0 2 2 0 u 2 2 0 0 u 0 0 0 0 0 0 0 2 0 2 0 2 u 0 0 u 0 
2 2 u u 0 0 2 2 0 0 2 2 0 u u 0 0 0 0 0 0 0 2 u 0 0 2 0 2 0 u 0 
2 2 u u 0 0 2 2 0 0 2 2 0 u u 0 0 0 0 0 0 0 2 u 2 0 2 0 0 0 u 0 
2 2 u u 0 0 2 2 0 u 2 2 0 0 u 0 0 0 0 0 0 0 2 0 0 0 2 u 2 0 u 0 
2 0 u 0 u 0 2 2 0 0 2 2 0 u u 0 2 0 0 0 2 0 2 u 0 0 2 0 0 0 u 0 
2 0 u 0 u 0 2 2 0 u 2 2 0 0 u 0 2 0 0 0 2 0 2 0 0 0 2 u 0 0 u 0 
2 2 u 0 0 0 2 u 0 0 2 2 0 u u 0 2 d 0 0 0 0 2 u u 0 2 0 0 0 u 0 
2 2 u 0 0 0 2 2 0 u 2 u 0 0 u 0 2 d 0 0 0 0 2 0 0 0 2 u u 0 u 0 
2 d u u 0 0 2 u 0 0 2 2 0 u u 0 2 0 0 0 0 u 2 u d 0 2 0 0 0 u 0 
2 d u u 0 0 2 2 0 u 2 u 0 0 u 0 2 0 0 0 0 u 2 0 0 0 2 u d 0 u 0 
2 d u u 0 0 2 u 0 u 2 2 0 0 u 0 2 0 0 0 0 u 2 0 d 0 2 u 0 0 u 0 
2 d u u 0 0 2 2 0 0 2 u 0 u u 0 2 0 0 0 0 u 2 u 0 0 2 0 d 0 u 0 
2 2 u 0 0 0 2 u 0 u 2 2 0 0 u 0 2 d 0 0 0 0 2 0 u 0 2 u 0 0 u 0 
2 2 u 0 0 0 2 2 0 0 2 u 0 u u 0 2 d 0 0 0 0 2 u 0 0 2 0 u 0 u 0 
2 u 2 u 0 0 2 u d u 2 2 0 0 u 0 2 0 0 0 0 0 2 0 0 0 2 u 0 0 u 0 
2 u 2 u 0 0 2 2 0 0 2 u d u u 0 2 0 0 0 0 0 2 u 0 0 2 0 0 0 u 0 
2 u 2 u 0 0 2 u d 0 2 2 0 u u 0 2 0 0 0 0 0 2 u 0 0 2 0 0 0 u 0 
2 u 2 u 0 0 2 2 0 u 2 u d 0 u 0 2 0 0 0 0 0 2 0 0 0 2 u 0 0 u 0 
2 2 u u 0 0 2 2 0 0 2 2 0 u u 0 2 0 0 u 0 0 d u 0 0 d 0 0 0 u u 
2 2 u u 0 0 2 2 0 u 2 2 0 0 u 0 2 0 0 u 0 0 d 0 0 0 d u 0 0 u u 
2 d u u 0 d 2 2 0 0 2 u u u u 0 2 u 0 0 0 0 2 0 0 0 2 u 0 0 0 0 
2 d u u 0 d 2 u u u 2 2 0 0 u 0 2 u 0 0 0 0 2 u 0 0 2 0 0 0 0 0 
2 d u u 0 d 2 u u 0 2 2 0 u u 0 2 u 0 0 0 0 2 0 0 0 2 u 0 0 0 0 
2 d u u 0 d 2 2 0 u 2 u u 0 u 0 2 u 0 0 0 0 2 u 0 0 2 0 0 0 0 0 
2 u 2 u 0 0 2 2 0 0 2 2 0 u 0 u 2 u 0 0 0 0 2 0 0 0 2 u 0 0 0 0 
2 u 2 u 0 0 2 2 0 u 2 2 0 0 0 u 2 u 0 0 0 0 2 u 0 0 2 0 0 0 0 0 
2 u u u 0 0 2 2 0 u 2 u 0 0 u 0 2 0 0 0 d 0 2 0 0 0 2 u 0 d u 0 
2 u u u 0 0 2 u 0 0 2 2 0 u u 0 2 0 0 0 d 0 2 u 0 d 2 0 0 0 u 0 
2 u u u 0 0 2 2 0 0 2 u 0 u u 0 2 0 0 0 d 0 2 u 0 0 2 0 0 d u 0 
2 u u u 0 0 2 u 0 u 2 2 0 0 u 0 2 0 0 0 d 0 2 0 0 d 2 u 0 0 u 0 
2 u u 0 0 0 2 2 0 u 2 2 0 0 0 u 2 u 0 0 d 0 2 0 0 0 2 u 0 0 0 u 
2 u u 0 0 0 2 2 0 0 2 2 0 u 0 u 2 u 0 0 d 0 2 u 0 0 2 0 0 0 0 u 
2 2 u 0 u 0 2 2 0 0 2 u 0 u u u 2 0 0 0 0 0 2 u 0 0 2 0 d 0 0 0 
2 2 u 0 u 0 2 u 0 u 2 2 0 0 u u 2 0 0 0 0 0 2 0 d 0 2 u 0 0 0 0 
2 2 u 0 u 0 2 2 0 u 2 u 0 0 u u 2 0 0 0 0 0 2 0 0 0 2 u d 0 0 0 
2 2 u 0 u 0 2 u 0 0 2 2 0 u u u 2 0 0 0 0 0 2 u d 0 2 0 0 0 0 0 
2 2 u u 0 0 2 2 0 u 2 0 0 0 u 0 2 u 0 0 0 0 2 u 0 0 2 0 0 2 0 0 
2 2 u u 0 0 2 0 0 0 2 2 0 u u 0 2 u 0 0 0 0 2 0 0 2 2 u 0 0 0 0 
2 2 u u 0 0 2 2 0 0 2 0 0 u u 0 2 u 0 0 0 0 2 0 0 0 2 u 0 2 0 0 
2 2 u u 0 0 2 0 0 u 2 2 0 0 u 0 2 u 0 0 0 0 2 u 0 2 2 0 0 0 0 0 
2 2 u u 0 0 2 2 0 0 2 2 0 u u 0 2 0 0 2 0 0 0 u 0 0 2 0 0 0 u 0 
2 2 u u 0 0 2 2 0 u 2 2 0 0 u 0 2 0 0 2 0 0 2 0 0 0 0 u 0 0 u 0 
2 2 u u 0 0 2 2 0 0 2 2 0 u u 0 2 0 0 2 0 0 2 u 0 0 0 0 0 0 u 0 
2 2 u u 0 0 2 2 0 u 2 2 0 0 u 0 2 0 0 2 0 0 0 0 0 0 2 u 0 0 u 0 
2 u u u 0 0 2 2 0 0 2 d 0 u u 0 2 0 0 0 0 d 2 u 0 0 2 0 0 u u 0 
2 u u u 0 0 2 d 0 u 2 2 0 0 u 0 2 0 0 0 0 d 2 0 0 u 2 u 0 0 u 0 
2 u u u 0 0 2 2 0 u 2 d 0 0 u 0 2 0 0 0 0 d 2 0 0 0 2 u 0 u u 0 
2 u u u 0 0 2 d 0 0 2 2 0 u u 0 2 0 0 0 0 d 2 u 0 u 2 0 0 0 u 0 
2 2 u u 0 0 2 2 0 0 2 2 0 u u 0 0 0 2 0 0 0 2 u 0 0 2 0 0 0 u 0 
2 2 u u 0 0 2 2 0 u 2 2 0 0 u 0 0 0 2 0 0 0 2 0 0 0 2 u 0 0 u 0 
2 2 u u 0 0 2 u d 0 2 u d u u 0 2 u 0 0 0 0 2 0 0 0 2 u 0 0 0 0 
2 2 u u 0 0 2 u d u 2 u d 0 u 0 2 u 0 0 0 0 2 u 0 0 2 0 0 0 0 0 
2 u u u 0 0 2 2 0 0 2 2 0 u 0 0 2 u 0 0 0 d 2 0 0 0 2 u 0 0 u 0 
2 u u u 0 0 2 2 0 u 2 2 0 0 0 0 2 u 0 0 0 d 2 u 0 0 2 0 0 0 u 0 
2 2 u u 0 0 2 2 0 0 2 0 0 u u 0 2 0 0 0 0 0 2 u 0 0 2 0 d u u 0 
2 2 u u 0 0 2 0 0 u 2 2 0 0 u 0 2 0 0 0 0 0 2 0 d u 2 u 0 0 u 0 
2 2 u u 0 0 2 2 0 u 2 0 0 0 u 0 2 0 0 0 0 0 2 0 0 0 2 u d u u 0 
2 2 u u 0 0 2 0 0 0 2 2 0 u u 0 2 0 0 0 0 0 2 u d u 2 0 0 0 u 0 
2 2 u u 0 u 2 d 0 u 2 2 0 0 u 0 d u 0 0 0 0 2 u u 0 2 0 0 0 0 0 
2 2 u u 0 u 2 2 0 0 2 d 0 u u 0 d u 0 0 0 0 2 0 0 0 2 u u 0 0 0 
2 2 u u 0 u 2 d 0 0 2 2 0 u u 0 d u 0 0 0 0 2 0 u 0 2 u 0 0 0 0 
2 2 u u 0 u 2 2 0 u 2 d 0 0 u 0 d u 0 0 0 0 2 u 0 0 2 0 u 0 0 0 
2 2 u u d 0 u 2 0 0 u 2 0 u u d 2 0 0 0 0 0 2 u 0 0 2 0 0 0 u 0 
2 2 u u d 0 u 2 0 u u 2 0 0 u d 2 0 0 0 0 0 2 0 0 0 2 u 0 0 u 0 
2 2 0 0 0 0 2 2 0 u 2 d u 0 u 0 2 u u 0 0 0 2 0 0 0 2 u 0 0 u 0 
2 2 0 0 0 0 2 d u 0 2 2 0 u u 0 2 u u 0 0 0 2 u 0 0 2 0 0 0 u 0 
2 2 u u 0 0 2 2 0 0 2 2 0 u u 0 2 0 0 0 0 0 2 u 0 0 0 0 0 0 u 2 
2 2 u u 0 0 2 2 0 u 2 2 0 0 u 0 2 0 0 0 0 0 0 0 0 0 2 u 0 0 u 2 
2 2 0 0 0 0 2 2 0 0 2 d u u u 0 2 u u 0 0 0 2 u 0 0 2 0 0 0 u 0 
2 2 0 0 0 0 2 d u u 2 2 0 0 u 0 2 u u 0 0 0 2 0 0 0 2 u 0 0 u 0 
2 2 u u 0 0 2 2 0 0 2 u 0 0 u 0 2 d 0 u 0 0 2 u 0 0 2 0 0 0 u 0 
2 2 u u 0 0 2 u 0 0 2 2 0 0 u 0 2 d 0 u 0 0 2 0 0 0 2 u 0 0 u 0 
2 2 u u 0 0 2 2 0 0 2 2 0 u u 0 2 0 0 0 0 0 0 u 0 0 2 0 0 0 u 2 
2 2 u u 0 0 2 2 0 u 2 2 0 0 u 0 2 0 0 0 0 0 2 0 0 0 0 u 0 0 u 2 
2 2 u u 0 0 2 d u 0 2 d u u u 0 2 u 0 0 0 0 2 0 0 0 2 u 0 0 0 0 
2 2 u u 0 0 2 d u u 2 d u 0 u 0 2 u 0 0 0 0 2 u 0 0 2 0 0 0 0 0 
2 u u 0 u d 2 2 0 0 2 2 0 u u 0 2 0 0 0 0 0 2 u 0 0 2 0 0 0 u 0 
2 u u 0 u d 2 2 0 u 2 2 0 0 u 0 2 0 0 0 0 0 2 0 0 0 2 u 0 0 u 0 
2 2 2 0 0 0 2 2 0 0 2 u u u u 0 2 0 0 0 0 0 2 u 0 0 2 0 0 0 u 0 
2 2 2 0 0 0 2 u u u 2 2 0 0 u 0 2 0 0 0 0 0 2 0 0 0 2 u 0 0 u 0 
2 2 2 0 0 0 2 2 0 u 2 u u 0 u 0 2 0 0 0 0 0 2 0 0 0 2 u 0 0 u 0 
2 2 2 0 0 0 2 u u 0 2 2 0 u u 0 2 0 0 0 0 0 2 u 0 0 2 0 0 0 u 0 
2 2 u 0 0 0 2 2 0 0 2 2 0 0 u 0 2 0 0 0 0 0 2 u u 0 2 0 0 0 u u 
2 2 u 0 0 0 2 2 0 0 2 2 0 0 u 0 2 0 0 0 0 0 2 0 0 0 2 u u 0 u u 
2 d 0 u 0 0 2 2 0 0 2 2 0 u u 0 2 0 u 0 u 0 2 u 0 0 2 0 0 0 u 0 
2 d 0 u 0 0 2 2 0 u 2 2 0 0 u 0 2 0 u 0 u 0 2 0 0 0 2 u 0 0 u 0 
2 2 u u 0 0 2 2 0 0 2 u 0 0 u 0 2 0 0 u 0 0 2 0 0 0 2 u 0 0 2 0 
2 2 u u 0 0 2 u 0 0 2 2 0 0 u 0 2 0 0 u 0 0 2 u 0 0 2 0 0 0 2 0 
2 2 0 0 u 0 2 2 0 0 2 2 0 u u u 2 0 u 0 0 0 2 u 0 0 2 0 0 0 0 0 
2 2 0 0 u 0 2 2 0 u 2 2 0 0 u u 2 0 u 0 0 0 2 0 0 0 2 u 0 0 0 0 
2 d u u 0 0 2 2 0 u 2 u 0 0 u 0 2 0 0 0 0 u 2 0 0 0 2 u 0 d u 0 
2 d u u 0 0 2 u 0 0 2 2 0 u u 0 2 0 0 0 0 u 2 u 0 d 2 0 0 0 u 0 
2 d u u 0 0 2 2 0 0 2 u 0 u u 0 2 0 0 0 0 u 2 u 0 0 2 0 0 d u 0 
2 d u u 0 0 2 u 0 u 2 2 0 0 u 0 2 0 0 0 0 u 2 0 0 d 2 u 0 0 u 0 
2 d 0 u 0 0 2 2 0 0 2 2 0 u u 0 2 0 u 0 0 u 2 u 0 0 2 0 0 0 u 0 
2 d 0 u 0 0 2 2 0 u 2 2 0 0 u 0 2 0 u 0 0 u 2 0 0 0 2 u 0 0 u 0 
2 2 u u u 0 d 2 0 0 d 2 0 u u u 2 0 0 0 0 0 2 u 0 0 2 0 0 0 u 0 
2 2 u u u 0 d 2 0 u d 2 0 0 u u 2 0 0 0 0 0 2 0 0 0 2 u 0 0 u 0 
2 2 u u u 0 2 d 0 0 2 d 0 u u u 2 0 0 0 0 0 2 u 0 0 2 0 0 0 u 0 
2 2 u u u 0 2 d 0 u 2 d 0 0 u u 2 0 0 0 0 0 2 0 0 0 2 u 0 0 u 0 
2 u u u 0 0 2 2 d 0 2 2 0 0 u u 2 0 0 0 0 0 2 u 0 0 2 0 0 0 u 0 
2 u u u 0 0 2 2 0 0 2 2 d 0 u u 2 0 0 0 0 0 2 0 0 0 2 u 0 0 u 0 
2 2 u 0 0 0 2 u 0 0 2 2 0 u 0 u 2 u 0 0 0 0 2 u d 0 2 0 0 0 0 u 
2 2 u 0 0 0 2 2 0 u 2 u 0 0 0 u 2 u 0 0 0 0 2 0 0 0 2 u d 0 0 u 
2 2 u 0 0 0 2 u 0 u 2 2 0 0 0 u 2 u 0 0 0 0 2 0 d 0 2 u 0 0 0 u 
2 2 u 0 0 0 2 2 0 0 2 u 0 u 0 u 2 u 0 0 0 0 2 u 0 0 2 0 d 0 0 u 
2 2 u u 0 0 2 2 0 0 2 u 0 0 u 0 2 0 0 0 0 0 2 u 0 0 2 0 0 0 2 u 
2 2 u u 0 0 2 u 0 0 2 2 0 0 u 0 2 0 0 0 0 0 2 0 0 0 2 u 0 0 2 u 
2 2 u 0 u 0 2 d u u 2 2 0 0 u 0 2 0 0 0 0 0 2 0 0 0 2 u 0 0 u 0 
2 2 u 0 u 0 2 2 0 0 2 d u u u 0 2 0 0 0 0 0 2 u 0 0 2 0 0 0 u 0 
2 2 u u 0 0 2 2 0 0 2 u 0 0 u 0 2 d 0 0 0 0 2 0 0 0 2 u 0 0 u u 
2 2 u u 0 0 2 u 0 0 2 2 0 0 u 0 2 d 0 0 0 0 2 u 0 0 2 0 0 0 u u 
2 d u u 0 u 2 2 0 0 2 2 0 u u 0 d 0 0 0 u 0 2 u 0 0 2 0 0 0 u 0 
2 d u u 0 u 2 2 0 u 2 2 0 0 u 0 d 0 0 0 u 0 2 0 0 0 2 u 0 0 u 0 
2 d u 2 0 0 2 u u 0 2 2 0 u u 0 2 0 0 0 0 0 2 u 0 0 2 0 0 0 u 0 
2 d u 2 0 0 2 2 0 u 2 u u 0 u 0 2 0 0 0 0 0 2 0 0 0 2 u 0 0 u 0 
2 d u 2 0 0 2 u u u 2 2 0 0 u 0 2 0 0 0 0 0 2 0 0 0 2 u 0 0 u 0 
2 d u 2 0 0 2 2 0 0 2 u u u u 0 2 0 0 0 0 0 2 u 0 0 2 0 0 0 u 0 
2 2 u 0 u 0 2 d u 0 2 2 0 u u 0 2 0 0 0 0 0 2 u 0 0 2 0 0 0 u 0 
2 2 u 0 u 0 2 2 0 u 2 d u 0 u 0 2 0 0 0 0 0 2 0 0 0 2 u 0 0 u 0 
2 2 2 u 0 0 2 2 0 0 2 2 0 u 0 0 u u 0 0 0 0 2 0 0 0 2 u 0 0 u 0 
2 2 2 u 0 0 2 2 0 u 2 2 0 0 0 0 u u 0 0 0 0 2 u 0 0 2 0 0 0 u 0 
2 2 u u 0 d 2 u 0 u 2 2 0 0 u 0 u u 0 0 0 0 2 u d 0 2 0 0 0 0 0 
2 2 u u 0 d 2 2 0 0 2 u 0 u u 0 u u 0 0 0 0 2 0 0 0 2 u d 0 0 0 
2 2 u 0 0 0 2 2 u 0 2 2 u u 0 0 2 0 0 0 0 0 2 u 0 0 2 0 0 0 u 0 
2 2 u 0 0 0 2 2 u u 2 2 u 0 0 0 2 0 0 0 0 0 2 0 0 0 2 u 0 0 u 0 
2 2 u u 0 d 2 u 0 0 2 2 0 u u 0 u u 0 0 0 0 2 0 d 0 2 u 0 0 0 0 
2 2 u u 0 d 2 2 0 u 2 u 0 0 u 0 u u 0 0 0 0 2 u 0 0 2 0 d 0 0 0 
2 d 2 u 0 0 2 2 0 0 2 2 0 u u 0 u 0 0 0 u 0 2 u 0 0 2 0 0 0 u 0 
2 d 2 u 0 0 2 2 0 u 2 2 0 0 u 0 u 0 0 0 u 0 2 0 0 0 2 u 0 0 u 0 
2 2 u 0 0 0 2 d 0 u 2 u 0 0 0 0 2 u 0 0 0 0 2 0 u 0 2 u d 0 u u 
2 2 u 0 0 0 2 u 0 0 2 d 0 u 0 0 2 u 0 0 0 0 2 u d 0 2 0 u 0 u u 
2 0 u u 0 0 2 2 2 u 2 2 0 0 u 0 2 u 0 0 0 0 2 u 0 0 2 0 0 0 0 0 
2 0 u u 0 0 2 2 0 0 2 2 2 u u 0 2 u 0 0 0 0 2 0 0 0 2 u 0 0 0 0 
2 2 u 0 0 0 2 d 0 0 2 u 0 u 0 0 2 u 0 0 0 0 2 u u 0 2 0 d 0 u u 
2 2 u 0 0 0 2 u 0 u 2 d 0 0 0 0 2 u 0 0 0 0 2 0 d 0 2 u u 0 u u 
2 0 u u 0 0 2 2 2 0 2 2 0 u u 0 2 u 0 0 0 0 2 0 0 0 2 u 0 0 0 0 
2 0 u u 0 0 2 2 0 u 2 2 2 0 u 0 2 u 0 0 0 0 2 u 0 0 2 0 0 0 0 0 
2 2 u u 0 0 2 2 0 0 2 2 0 0 0 0 2 0 0 0 0 0 2 0 u 0 2 u 0 0 u u 
2 2 u u 0 0 2 2 0 0 2 2 0 0 0 0 2 0 0 0 0 0 2 u 0 0 2 0 u 0 u u 
2 0 0 0 0 0 2 2 0 u 2 2 0 0 u 0 2 u u 0 2 0 2 0 0 0 2 u 0 0 u 0 
2 0 0 0 0 0 2 2 0 0 2 2 0 u u 0 2 u u 0 2 0 2 u 0 0 2 0 0 0 u 0 
2 2 u u 0 0 2 2 0 u 2 d u 0 u 0 u 0 d 0 0 0 2 0 0 0 2 u 0 0 u 0 
2 2 u u 0 0 2 d u 0 2 2 0 u u 0 u 0 d 0 0 0 2 u 0 0 2 0 0 0 u 0 
2 2 u u 0 0 2 2 0 0 2 d u u u 0 u 0 d 0 0 0 2 u 0 0 2 0 0 0 u 0 
2 2 u u 0 0 2 d u u 2 2 0 0 u 0 u 0 d 0 0 0 2 0 0 0 2 u 0 0 u 0 
2 2 0 0 0 0 2 d 0 u 2 u 0 0 u 0 2 u u 0 0 0 2 0 u 0 2 u d 0 u 0 
2 2 0 0 0 0 2 u 0 0 2 d 0 u u 0 2 u u 0 0 0 2 u d 0 2 0 u 0 u 0 
2 2 0 0 0 0 2 u 0 u 2 d 0 0 u 0 2 u u 0 0 0 2 0 d 0 2 u u 0 u 0 
2 2 0 0 0 0 2 d 0 0 2 u 0 u u 0 2 u u 0 0 0 2 u u 0 2 0 d 0 u 0 
2 2 u u 2 0 2 0 0 0 2 2 0 u u 0 2 u 0 0 0 0 2 0 0 0 2 u 0 0 0 0 
2 2 u u 2 0 2 2 0 u 2 0 0 0 u 0 2 u 0 0 0 0 2 u 0 0 2 0 0 0 0 0 
2 u 0 u 0 0 2 2 0 0 2 2 0 u u 0 2 0 2 0 0 0 2 u 0 0 2 0 0 0 u 0 
2 u 0 u 0 0 2 2 0 u 2 2 0 0 u 0 2 0 2 0 0 0 2 0 0 0 2 u 0 0 u 0 
2 2 0 0 0 0 2 u 0 0 2 2 0 u u u 2 u u 0 0 0 2 u d 0 2 0 0 0 0 0 
2 2 0 0 0 0 2 2 0 u 2 u 0 0 u u 2 u u 0 0 0 2 0 0 0 2 u d 0 0 0 
2 2 u u 0 2 2 2 0 0 2 2 0 u u 0 0 0 0 0 0 0 2 u 0 0 2 0 0 0 u 0 
2 2 u u 0 2 2 2 0 u 2 2 0 0 u 0 0 0 0 0 0 0 2 0 0 0 2 u 0 0 u 0 
2 2 0 0 0 0 2 u 0 u 2 2 0 0 u u 2 u u 0 0 0 2 0 d 0 2 u 0 0 0 0 
2 2 0 0 0 0 2 2 0 0 2 u 0 u u u 2 u u 0 0 0 2 u 0 0 2 0 d 0 0 0 
2 2 u u 2 0 2 0 0 u 2 2 0 0 u 0 2 u 0 0 0 0 2 u 0 0 2 0 0 0 0 0 
2 2 u u 2 0 2 2 0 0 2 0 0 u u 0 2 u 0 0 0 0 2 0 0 0 2 u 0 0 0 0 
2 2 u 2 0 0 2 u 0 0 2 2 0 0 u u 2 u 0 0 0 0 2 0 0 0 2 u 0 0 0 0 
2 2 u 2 0 0 2 2 0 0 2 u 0 0 u u 2 u 0 0 0 0 2 u 0 0 2 0 0 0 0 0 
2 2 u 0 u 0 2 2 0 0 2 2 0 u u 0 2 0 0 u 0 0 2 0 0 0 2 u 0 0 0 0 
2 2 u 0 u 0 2 2 0 u 2 2 0 0 u 0 2 0 0 u 0 0 2 u 0 0 2 0 0 0 0 0 
2 d u u 0 0 2 2 u u 2 u 0 0 2 0 2 0 0 0 0 0 2 0 0 0 2 u 0 0 u 0 
2 d u u 0 0 2 u 0 0 2 2 u u 2 0 2 0 0 0 0 0 2 u 0 0 2 0 0 0 u 0 
2 d u u 0 0 2 2 u 0 2 u 0 u 2 0 2 0 0 0 0 0 2 u 0 0 2 0 0 0 u 0 
2 d u u 0 0 2 u 0 u 2 2 u 0 2 0 2 0 0 0 0 0 2 0 0 0 2 u 0 0 u 0 
2 d u u u 0 2 2 0 0 2 2 0 u u 0 2 0 0 0 0 u 2 0 0 0 2 u 0 0 0 0 
2 d u u u 0 2 2 0 u 2 2 0 0 u 0 2 0 0 0 0 u 2 u 0 0 2 0 0 0 0 0 
2 2 u u u 0 2 2 0 0 d 2 0 u u 0 2 0 0 d 0 0 2 u 0 0 u 0 0 0 u 0 
2 2 u u u 0 d 2 0 u 2 2 0 0 u 0 2 0 0 d 0 0 u 0 0 0 2 u 0 0 u 0 
2 2 u u 0 0 2 2 0 0 d 2 0 u u u 2 0 0 u 0 0 d u 0 0 2 0 0 0 u 0 
2 2 u u 0 0 d 2 0 u 2 2 0 0 u u 2 0 0 u 0 0 2 0 0 0 d u 0 0 u 0 
2 d u u 0 0 2 u 0 u 2 2 0 0 u 0 2 u 0 0 u 0 2 u d 0 2 0 0 0 0 0 
2 d u u 0 0 2 2 0 0 2 u 0 u u 0 2 u 0 0 u 0 2 0 0 0 2 u d 0 0 0 
2 d u u 0 0 2 u 0 0 2 2 0 u u 0 2 u 0 0 u 0 2 0 d 0 2 u 0 0 0 0 
2 d u u 0 0 2 2 0 u 2 u 0 0 u 0 2 u 0 0 u 0 2 u 0 0 2 0 d 0 0 0 
2 2 u u u 0 d 2 0 0 2 2 0 u u 0 2 0 0 d 0 0 u u 0 0 2 0 0 0 u 0 
2 2 u u u 0 2 2 0 u d 2 0 0 u 0 2 0 0 d 0 0 2 0 0 0 u u 0 0 u 0 
2 2 u u d 0 2 2 0 0 u 2 0 u u 0 2 0 0 u 0 0 2 u 0 0 d 0 0 0 u 0 
2 2 u u d 0 u 2 0 u 2 2 0 0 u 0 2 0 0 u 0 0 d 0 0 0 2 u 0 0 u 0 
2 2 u u d 0 u 2 0 0 2 2 0 u u 0 2 0 0 u 0 0 d u 0 0 2 0 0 0 u 0 
2 2 u u d 0 2 2 0 u u 2 0 0 u 0 2 0 0 u 0 0 2 0 0 0 d u 0 0 u 0 
2 2 u u 0 0 2 2 0 0 2 u 0 0 2 u 2 u 0 0 0 0 2 0 0 0 2 u 0 0 0 0 
2 2 u u 0 0 2 u 0 0 2 2 0 0 2 u 2 u 0 0 0 0 2 u 0 0 2 0 0 0 0 0 
2 u 0 0 0 0 2 2 0 u 2 2 0 0 u u 2 u u 0 d 0 2 0 0 0 2 u 0 0 0 0 
2 u 0 0 0 0 2 2 0 0 2 2 0 u u u 2 u u 0 d 0 2 u 0 0 2 0 0 0 0 0 
2 2 u u 0 0 d 2 0 0 2 2 0 u u u 2 0 0 u 0 0 2 u 0 0 d 0 0 0 u 0 
2 2 u u 0 0 2 2 0 u d 2 0 0 u u 2 0 0 u 0 0 d 0 0 0 2 u 0 0 u 0 
2 2 u u 2 0 0 2 0 0 2 2 0 u u 0 2 0 0 0 0 0 2 u 0 0 2 0 0 0 u 0 
2 2 u u 2 0 2 2 0 u 0 2 0 0 u 0 2 0 0 0 0 0 2 0 0 0 2 u 0 0 u 0 
2 2 u u d 0 2 u 0 0 2 u 0 u u d 2 u 0 0 0 0 2 0 0 0 2 u 0 0 0 0 
2 2 u u d 0 2 u 0 u 2 u 0 0 u d 2 u 0 0 0 0 2 u 0 0 2 0 0 0 0 0 
2 2 u u 2 0 2 2 0 0 0 2 0 u u 0 2 0 0 0 0 0 2 u 0 0 2 0 0 0 u 0 
2 2 u u 2 0 0 2 0 u 2 2 0 0 u 0 2 0 0 0 0 0 2 0 0 0 2 u 0 0 u 0 
2 2 u u 0 0 d 2 0 0 2 2 0 u u u 2 0 0 0 0 0 u u 0 0 2 0 0 0 u d 
2 2 u u 0 0 2 2 0 u d 2 0 0 u u 2 0 0 0 0 0 2 0 0 0 u u 0 0 u d 
2 2 u 0 0 0 2 2 0 0 2 2 0 0 u 0 2 0 0 u 0 0 2 0 u 0 2 u 0 0 u 0 
2 2 u 0 0 0 2 2 0 0 2 2 0 0 u 0 2 0 0 u 0 0 2 u 0 0 2 0 u 0 u 0 
2 2 u u 0 0 2 2 0 0 d 2 0 u u u 2 0 0 0 0 0 2 u 0 0 u 0 0 0 u d 
2 2 u u 0 0 d 2 0 u 2 2 0 0 u u 2 0 0 0 0 0 u 0 0 0 2 u 0 0 u d 
2 2 0 u 0 0 2 2 0 0 2 u d u 0 0 2 u u 0 0 0 2 0 0 0 2 u 0 0 u 0 
2 2 0 u 0 0 2 u d u 2 2 0 0 0 0 2 u u 0 0 0 2 u 0 0 2 0 0 0 u 0 
2 2 0 u 0 0 2 2 0 u 2 u d 0 0 0 2 u u 0 0 0 2 u 0 0 2 0 0 0 u 0 
2 2 0 u 0 0 2 u d 0 2 2 0 u 0 0 2 u u 0 0 0 2 0 0 0 2 u 0 0 u 0 
2 u u 0 u 0 2 2 0 0 2 2 0 u 0 0 2 u 0 0 d 0 2 0 0 0 2 u 0 0 u 0 
2 u u 0 u 0 2 2 0 u 2 2 0 0 0 0 2 u 0 0 d 0 2 u 0 0 2 0 0 0 u 0 
2 d u u 0 0 2 2 0 0 2 2 0 u 0 0 2 u u 0 0 0 2 0 0 0 2 u 0 0 u 0 
2 d u u 0 0 2 2 0 u 2 2 0 0 0 0 2 u u 0 0 0 2 u 0 0 2 0 0 0 u 0 
2 2 u u 0 0 2 2 0 0 0 2 0 u u 2 2 0 0 0 0 0 2 u 0 0 2 0 0 0 u 0 
2 2 u u 0 0 0 2 0 u 2 2 0 0 u 2 2 0 0 0 0 0 2 0 0 0 2 u 0 0 u 0 
2 2 u 0 0 0 2 2 0 0 2 0 u u u 0 2 u 0 0 0 0 2 u 0 0 2 0 d 0 u 0 
2 2 u 0 0 0 2 0 u u 2 2 0 0 u 0 2 u 0 0 0 0 2 0 d 0 2 u 0 0 u 0 
2 2 u 0 0 0 2 2 0 u 2 0 u 0 u 0 2 u 0 0 0 0 2 0 0 0 2 u d 0 u 0 
2 2 u 0 0 0 2 0 u 0 2 2 0 u u 0 2 u 0 0 0 0 2 u d 0 2 0 0 0 u 0 
2 2 u u 0 0 0 2 0 0 2 2 0 u u 2 2 0 0 0 0 0 2 u 0 0 2 0 0 0 u 0 
2 2 u u 0 0 2 2 0 u 0 2 0 0 u 2 2 0 0 0 0 0 2 0 0 0 2 u 0 0 u 0 
2 2 0 u 0 0 2 d 0 0 2 2 0 u u 0 2 u 0 0 0 0 2 u 0 u 2 0 0 0 u 0 
2 2 0 u 0 0 2 2 0 u 2 d 0 0 u 0 2 u 0 0 0 0 2 0 0 0 2 u 0 u u 0 
2 2 u u 0 0 u 2 0 0 2 2 0 u u d 2 0 0 d 0 0 2 u 0 0 u 0 0 0 u 0 
2 2 u u 0 0 2 2 0 u u 2 0 0 u d 2 0 0 d 0 0 u 0 0 0 2 u 0 0 u 0 
2 2 0 u 0 0 2 d 0 u 2 2 0 0 u 0 2 u 0 0 0 0 2 0 0 u 2 u 0 0 u 0 
2 2 0 u 0 0 2 2 0 0 2 d 0 u u 0 2 u 0 0 0 0 2 u 0 0 2 0 0 u u 0 
2 0 u 0 0 0 2 2 0 0 2 2 0 u 0 0 2 u 0 0 2 0 2 u 0 0 2 0 0 0 u u 
2 0 u 0 0 0 2 2 0 u 2 2 0 0 0 0 2 u 0 0 2 0 2 0 0 0 2 u 0 0 u u 
2 2 u u d 0 2 2 0 0 u 2 0 u u 0 2 0 0 0 0 0 u u 0 0 2 0 0 0 u d 
2 2 u u d 0 u 2 0 u 2 2 0 0 u 0 2 0 0 0 0 0 2 0 0 0 u u 0 0 u d 
2 2 u u 0 0 2 2 0 0 u 2 0 u u d 2 0 0 d 0 0 u u 0 0 2 0 0 0 u 0 
2 2 u u 0 0 u 2 0 u 2 2 0 0 u d 2 0 0 d 0 0 2 0 0 0 u u 0 0 u 0 
2 2 u u d 0 u 2 0 0 2 2 0 u u 0 2 0 0 0 0 0 2 u 0 0 u 0 0 0 u d 
2 2 u u d 0 2 2 0 u u 2 0 0 u 0 2 0 0 0 0 0 u 0 0 0 2 u 0 0 u d 
2 2 u 0 0 0 2 d 0 0 2 2 0 u 0 u 2 u 0 0 0 0 2 u u 0 2 0 0 0 0 u 
2 2 u 0 0 0 2 2 0 u 2 d 0 0 0 u 2 u 0 0 0 0 2 0 0 0 2 u u 0 0 u 
2 2 u u 0 0 2 u 0 0 2 u 0 u u 0 2 u 0 0 0 0 2 0 d 0 2 u d 0 0 0 
2 2 u u 0 0 2 u 0 u 2 u 0 0 u 0 2 u 0 0 0 0 2 u d 0 2 0 d 0 0 0 
2 2 u 2 u 0 2 2 0 0 2 u 0 0 u 0 2 u 0 0 0 0 2 0 0 0 2 u 0 0 0 0 
2 2 u 2 u 0 2 u 0 0 2 2 0 0 u 0 2 u 0 0 0 0 2 u 0 0 2 0 0 0 0 0 
2 u 0 u 0 0 2 2 0 u 2 2 0 0 u 0 2 0 0 0 0 0 2 0 0 0 2 u 0 2 u 0 
2 u 0 u 0 0 2 2 0 0 2 2 0 u u 0 2 0 0 0 0 0 2 u 0 2 2 0 0 0 u 0 
2 2 u 0 0 0 2 d 0 u 2 2 0 0 0 u 2 u 0 0 0 0 2 0 u 0 2 u 0 0 0 u 
2 2 u 0 0 0 2 2 0 0 2 d 0 u 0 u 2 u 0 0 0 0 2 u 0 0 2 0 u 0 0 u 
d 2 u u 0 u 2 2 0 0 2 2 0 u u 0 2 u 0 0 0 0 2 0 0 0 2 u 0 0 0 0 
d 2 u u 0 u 2 2 0 u 2 2 0 0 u 0 2 u 0 0 0 0 2 u 0 0 2 0 0 0 0 0 
2 u 0 u 0 0 2 2 0 0 2 2 0 u u 0 2 0 0 0 0 0 2 u 0 0 2 0 0 2 u 0 
2 u 0 u 0 0 2 2 0 u 2 2 0 0 u 0 2 0 0 0 0 0 2 0 0 2 2 u 0 0 u 0 
2 2 0 0 0 0 2 d 0 0 2 2 0 u u u 2 u u 0 0 0 2 u u 0 2 0 0 0 0 0 
2 2 0 0 0 0 2 2 0 u 2 d 0 0 u u 2 u u 0 0 0 2 0 0 0 2 u u 0 0 0 
2 2 0 0 0 0 2 d 0 u 2 2 0 0 u u 2 u u 0 0 0 2 0 u 0 2 u 0 0 0 0 
2 2 0 0 0 0 2 2 0 0 2 d 0 u u u 2 u u 0 0 0 2 u 0 0 2 0 u 0 0 0 
d 2 u 0 0 0 2 2 0 u 2 2 0 0 u 0 2 u 0 0 u 0 2 0 0 0 2 u 0 0 u 0 
d 2 u 0 0 0 2 2 0 0 2 2 0 u u 0 2 u 0 0 u 0 2 u 0 0 2 0 0 0 u 0 
2 u u u u 0 2 2 d 0 2 2 0 0 u 0 2 0 0 0 0 0 2 0 0 0 2 u 0 0 u 0 
2 u u u u 0 2 2 0 0 2 2 d 0 u 0 2 0 0 0 0 0 2 u 0 0 2 0 0 0 u 0 
0 2 u u 0 2 2 2 0 0 2 2 0 u u 0 2 0 0 0 0 0 2 u 0 0 2 0 0 0 u 0 
0 2 u u 0 2 2 2 0 u 2 2 0 0 u 0 2 0 0 0 0 0 2 0 0 0 2 u 0 0 u 0 
2 2 0 0 0 0 2 2 0 u 2 2 0 0 0 u 2 0 u u 0 0 2 0 0 0 2 u 0 0 u 0 
2 2 0 0 0 0 2 2 0 0 2 2 0 u 0 u 2 0 u u 0 0 2 u 0 0 2 0 0 0 u 0 
u 2 u 0 u d 2 2 0 0 2 2 0 u u 0 2 0 0 0 0 0 2 u 0 0 2 0 0 0 u 0 
u 2 u 0 u d 2 2 0 u 2 2 0 0 u 0 2 0 0 0 0 0 2 0 0 0 2 u 0 0 u 0 
2 2 u 0 u 0 2 2 0 0 2 2 0 u u 0 2 0 0 0 0 0 2 u 0 0 2 0 0 0 0 u 
2 2 u 0 u 0 2 2 0 u 2 2 0 0 u 0 2 0 0 0 0 0 2 0 0 0 2 u 0 0 0 u 
2 u u u 0 u 2 2 0 0 2 d d u u 0 2 u 0 0 0 0 2 0 0 0 2 u 0 0 0 0 
2 u u u 0 u 2 d d u 2 2 0 0 u 0 2 u 0 0 0 0 2 u 0 0 2 0 0 0 0 0 
2 u u u 0 0 2 d 0 0 2 2 0 u u 0 2 u 0 0 d 0 2 0 u 0 2 u 0 0 0 0 
2 u u u 0 0 2 2 0 u 2 d 0 0 u 0 2 u 0 0 d 0 2 u 0 0 2 0 u 0 0 0 
2 u u u 0 u 2 d d 0 2 2 0 u u 0 2 u 0 0 0 0 2 0 0 0 2 u 0 0 0 0 
2 u u u 0 u 2 2 0 u 2 d d 0 u 0 2 u 0 0 0 0 2 u 0 0 2 0 0 0 0 0 
2 u u u 0 0 2 d 0 u 2 2 0 0 u 0 2 u 0 0 d 0 2 u u 0 2 0 0 0 0 0 
2 u u u 0 0 2 2 0 0 2 d 0 u u 0 2 u 0 0 d 0 2 0 0 0 2 u u 0 0 0 
2 2 u u 0 0 2 u 0 0 2 2 0 u u u 2 2 0 0 0 0 2 0 0 0 2 0 0 0 0 0 
2 2 u u 0 0 2 2 0 u 2 u 0 0 u u 2 2 0 0 0 0 2 0 0 0 2 0 0 0 0 0 
2 2 0 u 0 u 2 2 0 0 2 2 0 u u 0 d u u 0 0 0 2 0 0 0 2 u 0 0 0 0 
2 2 0 u 0 u 2 2 0 u 2 2 0 0 u 0 d u u 0 0 0 2 u 0 0 2 0 0 0 0 0 
2 u 0 u 2 0 2 2 0 0 2 2 0 u u 0 2 0 0 0 0 0 2 u 0 0 2 0 0 0 u 0 
2 u 0 u 2 0 2 2 0 u 2 2 0 0 u 0 2 0 0 0 0 0 2 0 0 0 2 u 0 0 u 0 
2 2 u u 0 0 2 2 0 0 0 2 0 u u 0 2 0 0 2 0 0 2 u 0 0 2 0 0 0 u 0 
2 2 u u 0 0 0 2 0 u 2 2 0 0 u 0 2 0 0 2 0 0 2 0 0 0 2 u 0 0 u 0 
2 2 u u u 0 d 2 0 0 2 2 0 u u 0 2 0 0 0 0 0 2 u 0 0 d 0 0 0 u u 
2 2 u u u 0 2 2 0 u d 2 0 0 u 0 2 0 0 0 0 0 d 0 0 0 2 u 0 0 u u 
2 2 u 2 0 0 2 u 0 0 2 u 0 u 2 0 2 u 0 0 0 0 2 0 0 0 2 u 0 0 0 0 
2 2 u 2 0 0 2 u 0 u 2 u 0 0 2 0 2 u 0 0 0 0 2 u 0 0 2 0 0 0 0 0 
2 u u u 0 d 2 2 0 0 2 2 0 u u 0 u 0 0 0 d 0 2 u 0 0 2 0 0 0 u 0 
2 u u u 0 d 2 2 0 u 2 2 0 0 u 0 u 0 0 0 d 0 2 0 0 0 2 u 0 0 u 0 
2 2 u u 0 0 0 2 0 0 2 2 0 u u 0 2 0 0 2 0 0 2 u 0 0 2 0 0 0 u 0 
2 2 u u 0 0 2 2 0 u 0 2 0 0 u 0 2 0 0 2 0 0 2 0 0 0 2 u 0 0 u 0 
u 2 u u 0 d 2 2 0 0 2 2 0 u u 0 2 0 0 0 0 0 2 u 0 0 2 0 0 0 u 0 
u 2 u u 0 d 2 2 0 u 2 2 0 0 u 0 2 0 0 0 0 0 2 0 0 0 2 u 0 0 u 0 
2 2 u 0 0 0 2 u d 0 2 d 0 u u 0 2 u 0 0 0 0 2 u 0 0 2 0 u 0 u 0 
2 2 u 0 0 0 2 d 0 u 2 u d 0 u 0 2 u 0 0 0 0 2 0 u 0 2 u 0 0 u 0 
2 2 u u u 0 2 2 0 0 d 2 0 u u 0 2 0 0 0 0 0 d u 0 0 2 0 0 0 u u 
2 2 u u u 0 d 2 0 u 2 2 0 0 u 0 2 0 0 0 0 0 2 0 0 0 d u 0 0 u u 
2 2 u 0 0 0 2 u d u 2 d 0 0 u 0 2 u 0 0 0 0 2 0 0 0 2 u u 0 u 0 
2 2 u 0 0 0 2 d 0 0 2 u d u u 0 2 u 0 0 0 0 2 u u 0 2 0 0 0 u 0 
2 2 u u 0 0 u 2 0 0 2 2 0 u u d 2 0 0 0 0 0 d u 0 0 2 0 0 0 u u 
2 2 u u 0 0 2 2 0 u u 2 0 0 u d 2 0 0 0 0 0 2 0 0 0 d u 0 0 u u 
2 2 u u 0 0 2 2 0 0 u 2 0 u u d 2 0 0 0 0 0 2 u 0 0 d 0 0 0 u u 
2 2 u u 0 0 u 2 0 u 2 2 0 0 u d 2 0 0 0 0 0 d 0 0 0 2 u 0 0 u u 
2 2 u u u 0 2 2 0 0 2 u 0 u u 0 2 0 0 0 0 0 2 0 0 0 2 u 0 d 0 0 
2 2 u u u 0 2 u 0 u 2 2 0 0 u 0 2 0 0 0 0 0 2 u 0 d 2 0 0 0 0 0 
2 2 u u 0 0 2 u d 0 2 2 0 u 0 u 2 0 0 0 0 0 2 u 0 0 2 0 0 0 u 0 
2 2 u u 0 0 2 2 0 u 2 u d 0 0 u 2 0 0 0 0 0 2 0 0 0 2 u 0 0 u 0 
2 2 u u u 0 2 2 0 u 2 u 0 0 u 0 2 0 0 0 0 0 2 u 0 0 2 0 0 d 0 0 
2 2 u u u 0 2 u 0 0 2 2 0 u u 0 2 0 0 0 0 0 2 0 0 d 2 u 0 0 0 0 
2 2 0 0 0 0 2 u 0 u 2 u 0 0 u 0 2 u u 0 0 0 2 0 d 0 2 u d 0 u 0 
2 2 0 0 0 0 2 u 0 0 2 u 0 u u 0 2 u u 0 0 0 2 u d 0 2 0 d 0 u 0 
2 2 u u 2 0 2 2 0 0 2 2 0 u u 0 2 0 0 0 0 0 2 u 0 0 0 0 0 0 u 0 
2 2 u u 2 0 2 2 0 u 2 2 0 0 u 0 2 0 0 0 0 0 0 0 0 0 2 u 0 0 u 0 
2 2 u u 0 0 2 u d u 2 2 0 0 0 u 2 0 0 0 0 0 2 0 0 0 2 u 0 0 u 0 
2 2 u u 0 0 2 2 0 0 2 u d u 0 u 2 0 0 0 0 0 2 u 0 0 2 0 0 0 u 0 
2 2 u 2 0 0 2 u 0 0 2 2 0 u u 0 2 0 0 0 0 0 2 0 u 0 2 u 0 0 0 0 
2 2 u 2 0 0 2 2 0 u 2 u 0 0 u 0 2 0 0 0 0 0 2 u 0 0 2 0 u 0 0 0 
2 2 u 2 0 0 2 u 0 u 2 2 0 0 u 0 2 0 0 0 0 0 2 u u 0 2 0 0 0 0 0 
2 2 u 2 0 0 2 2 0 0 2 u 0 u u 0 2 0 0 0 0 0 2 0 0 0 2 u u 0 0 0 
2 2 u u u 0 2 u 0 0 2 2 0 0 2 0 2 u 0 0 0 0 2 0 0 0 2 u 0 0 0 0 
2 2 u u u 0 2 2 0 0 2 u 0 0 2 0 2 u 0 0 0 0 2 u 0 0 2 0 0 0 0 0 
2 2 u u 2 0 2 2 0 0 2 2 0 u u 0 2 0 0 0 0 0 0 u 0 0 2 0 0 0 u 0 
2 2 u u 2 0 2 2 0 u 2 2 0 0 u 0 2 0 0 0 0 0 2 0 0 0 0 u 0 0 u 0 
2 2 u u 0 0 2 2 0 0 2 2 0 u u 0 d u 0 0 u 0 2 0 0 0 2 u 0 0 0 0 
2 2 u u 0 0 2 2 0 u 2 2 0 0 u 0 d u 0 0 u 0 2 u 0 0 2 0 0 0 0 0 
2 2 u u 0 0 2 2 0 0 2 2 0 0 0 0 2 0 0 u 0 0 2 u u 0 2 0 0 0 u 0 
2 2 u u 0 0 2 2 0 0 2 2 0 0 0 0 2 0 0 u 0 0 2 0 0 0 2 u u 0 u 0 
2 2 2 u 0 0 2 u 0 0 2 2 0 u u 0 2 0 0 0 0 0 2 u 0 0 2 0 0 u 0 0 
2 2 2 u 0 0 2 2 0 u 2 u 0 0 u 0 2 0 0 0 0 0 2 0 0 u 2 u 0 0 0 0 
2 0 u 0 0 0 2 2 0 u 2 2 0 0 u u 2 u 0 0 2 0 2 0 0 0 2 u 0 0 0 0 
2 0 u 0 0 0 2 2 0 0 2 2 0 u u u 2 u 0 0 2 0 2 u 0 0 2 0 0 0 0 0 
2 2 2 u 0 0 2 u 0 u 2 2 0 0 u 0 2 0 0 0 0 0 2 0 0 0 2 u 0 u 0 0 
2 2 2 u 0 0 2 2 0 0 2 u 0 u u 0 2 0 0 0 0 0 2 u 0 u 2 0 0 0 0 0 
2 2 0 u 0 d 2 2 0 0 2 2 0 u u 0 u u u 0 0 0 2 0 0 0 2 u 0 0 0 0 
2 2 0 u 0 d 2 2 0 u 2 2 0 0 u 0 u u u 0 0 0 2 u 0 0 2 0 0 0 0 0 
2 2 0 0 0 0 2 2 0 0 2 u 0 u 0 0 2 u u u 0 0 2 0 0 0 2 u d 0 u 0 
2 2 0 0 0 0 2 u 0 u 2 2 0 0 0 0 2 u u u 0 0 2 u d 0 2 0 0 0 u 0 
2 2 0 0 0 0 2 2 0 u 2 u 0 0 0 0 2 u u u 0 0 2 u 0 0 2 0 d 0 u 0 
2 2 0 0 0 0 2 u 0 0 2 2 0 u 0 0 2 u u u 0 0 2 0 d 0 2 u 0 0 u 0 
2 u 0 u 0 0 2 2 0 0 2 2 0 u u 2 2 0 0 0 0 0 2 u 0 0 2 0 0 0 u 0 
2 u 0 u 0 0 2 2 0 u 2 2 0 0 u 2 2 0 0 0 0 0 2 0 0 0 2 u 0 0 u 0 
2 2 u 2 0 0 2 u 0 u 2 2 0 0 u 0 d 0 0 0 0 0 2 0 u 0 2 u 0 0 u 0 
2 2 u 2 0 0 2 2 0 0 2 u 0 u u 0 d 0 0 0 0 0 2 u 0 0 2 0 u 0 u 0 
2 2 u 2 0 0 2 u 0 0 2 2 0 u u 0 d 0 0 0 0 0 2 u u 0 2 0 0 0 u 0 
2 2 u 2 0 0 2 2 0 u 2 u 0 0 u 0 d 0 0 0 0 0 2 0 0 0 2 u u 0 u 0 
2 2 u u 0 0 2 2 0 0 2 2 0 u u 0 2 0 0 0 0 0 0 u 2 0 2 0 0 0 u 0 
2 2 u u 0 0 2 2 0 u 2 2 0 0 u 0 2 0 0 0 0 0 2 0 0 0 0 u 2 0 u 0 
2 2 u u 0 0 2 2 0 u 2 2 0 0 u 0 2 0 0 0 0 0 0 0 2 0 2 u 0 0 u 0 
2 2 u u 0 0 2 2 0 0 2 2 0 u u 0 2 0 0 0 0 0 2 u 0 0 0 0 2 0 u 0 
2 d u u 0 0 2 2 0 u 2 d 0 0 u 0 2 u 0 0 u 0 2 u 0 0 2 0 0 u 0 0 
2 d u u 0 0 2 d 0 0 2 2 0 u u 0 2 u 0 0 u 0 2 0 0 u 2 u 0 0 0 0 
2 d u u 0 0 2 2 0 0 2 d 0 u u 0 2 u 0 0 u 0 2 0 0 0 2 u 0 u 0 0 
2 d u u 0 0 2 d 0 u 2 2 0 0 u 0 2 u 0 0 u 0 2 u 0 u 2 0 0 0 0 0 
2 u 0 u 0 0 2 2 0 0 2 2 0 u u 0 2 0 u 0 0 d 2 u 0 0 2 0 0 0 u 0 
2 u 0 u 0 0 2 2 0 u 2 2 0 0 u 0 2 0 u 0 0 d 2 0 0 0 2 u 0 0 u 0 
2 2 u u 0 0 2 0 0 0 2 2 0 u u 2 2 u 0 0 0 0 2 0 0 0 2 u 0 0 0 0 
2 2 u u 0 0 2 2 0 u 2 0 0 0 u 2 2 u 0 0 0 0 2 u 0 0 2 0 0 0 0 0 
2 2 u u 0 0 2 0 0 u 2 2 0 0 u 2 2 u 0 0 0 0 2 u 0 0 2 0 0 0 0 0 
2 2 u u 0 0 2 2 0 0 2 0 0 u u 2 2 u 0 0 0 0 2 0 0 0 2 u 0 0 0 0 
2 2 2 u 0 0 2 2 u 0 2 u 0 u 0 0 2 0 0 0 0 0 2 u 0 0 2 0 0 0 u 0 
2 2 2 u 0 0 2 u 0 u 2 2 u 0 0 0 2 0 0 0 0 0 2 0 0 0 2 u 0 0 u 0 
2 2 2 u 0 0 2 2 u u 2 u 0 0 0 0 2 0 0 0 0 0 2 0 0 0 2 u 0 0 u 0 
2 2 2 u 0 0 2 u 0 0 2 2 u u 0 0 2 0 0 0 0 0 2 u 0 0 2 0 0 0 u 0 
2 d u u 0 0 2 u 0 u 2 2 u 0 u d 2 0 0 0 0 0 2 0 0 0 2 u 0 0 u 0 
2 d u u 0 0 2 2 u 0 2 u 0 u u d 2 0 0 0 0 0 2 u 0 0 2 0 0 0 u 0 
2 2 u u 0 0 0 2 0 0 2 2 0 u u 0 2 0 0 0 0 0 2 u 0 0 2 0 0 0 u 2 
2 2 u u 0 0 2 2 0 u 0 2 0 0 u 0 2 0 0 0 0 0 2 0 0 0 2 u 0 0 u 2 
2 d u u 0 0 2 u 0 0 2 2 u u u d 2 0 0 0 0 0 2 u 0 0 2 0 0 0 u 0 
2 d u u 0 0 2 2 u u 2 u 0 0 u d 2 0 0 0 0 0 2 0 0 0 2 u 0 0 u 0 
2 2 u u d 0 2 2 0 0 2 2 0 u u d 2 0 0 0 0 0 u u 0 0 u 0 0 0 u 0 
2 2 u u d 0 2 2 0 u 2 2 0 0 u d 2 0 0 0 0 0 u 0 0 0 u u 0 0 u 0 
2 2 u u 0 0 2 2 0 0 0 2 0 u u 0 2 0 0 0 0 0 2 u 0 0 2 0 0 0 u 2 
2 2 u u 0 0 0 2 0 u 2 2 0 0 u 0 2 0 0 0 0 0 2 0 0 0 2 u 0 0 u 2 
2 2 u 2 0 0 2 2 0 u 2 u 0 0 u 0 2 u 0 0 0 0 2 0 0 0 2 0 0 0 0 u 
2 2 u 2 0 0 2 u 0 0 2 2 0 u u 0 2 u 0 0 0 0 2 0 0 0 2 0 0 0 0 u 
2 d u u 0 0 2 2 0 0 2 2 0 u u u 2 0 u 0 0 0 2 u 0 0 2 0 0 0 0 0 
2 d u u 0 0 2 2 0 u 2 2 0 0 u u 2 0 u 0 0 0 2 0 0 0 2 u 0 0 0 0 
2 2 u u 0 u 2 2 0 u 2 d 0 0 u 0 2 0 0 u 0 0 2 0 0 0 2 0 0 0 u 0 
2 2 u u 0 u 2 d 0 0 2 2 0 u u 0 2 0 0 u 0 0 2 0 0 0 2 0 0 0 u 0 
u u 2 u 0 d 2 2 0 0 2 2 0 u u 0 2 0 0 0 0 0 2 u 0 0 2 0 0 0 u 0 
u u 2 u 0 d 2 2 0 u 2 2 0 0 u 0 2 0 0 0 0 0 2 0 0 0 2 u 0 0 u 0 
2 2 u 2 0 0 2 u 0 0 2 u 0 u u d 2 0 0 0 0 0 2 u 0 0 2 0 0 0 u 0 
2 2 u 2 0 0 2 u 0 u 2 u 0 0 u d 2 0 0 0 0 0 2 0 0 0 2 u 0 0 u 0 
2 2 u u 0 0 2 2 0 u 2 2 0 0 u 2 2 0 0 0 0 0 2 0 0 0 0 u 0 0 u 0 
2 2 u u 0 0 2 2 0 0 2 2 0 u u 2 2 0 0 0 0 0 0 u 0 0 2 0 0 0 u 0 
u 2 2 u 0 0 2 2 0 0 2 2 0 u u 0 2 0 0 0 0 0 u u d 0 2 0 0 0 u 0 
u 2 2 u 0 0 2 2 0 u 2 2 0 0 u 0 2 0 0 0 0 0 2 0 0 0 u u d 0 u 0 
u 2 2 u 0 0 2 2 0 u 2 2 0 0 u 0 2 0 0 0 0 0 u 0 d 0 2 u 0 0 u 0 
u 2 2 u 0 0 2 2 0 0 2 2 0 u u 0 2 0 0 0 0 0 2 u 0 0 u 0 d 0 u 0 
2 2 u u 0 0 2 2 0 0 2 2 0 u u 2 2 0 0 0 0 0 2 u 0 0 0 0 0 0 u 0 
2 2 u u 0 0 2 2 0 u 2 2 0 0 u 2 2 0 0 0 0 0 0 0 0 0 2 u 0 0 u 0 
2 2 u u 0 0 2 2 0 0 2 0 0 u u 0 2 2 0 0 0 0 2 u 0 0 2 0 0 0 u 0 
2 2 u u 0 0 2 0 0 u 2 2 0 0 u 0 2 2 0 0 0 0 2 0 0 0 2 u 0 0 u 0 
2 2 u u 0 0 2 2 0 u 2 0 0 0 u 0 2 2 0 0 0 0 2 0 0 0 2 u 0 0 u 0 
2 2 u u 0 0 2 0 0 0 2 2 0 u u 0 2 2 0 0 0 0 2 u 0 0 2 0 0 0 u 0 
2 d u u d 0 2 u u 0 2 2 0 u u 0 2 0 0 0 0 0 2 u 0 0 2 0 0 0 u 0 
2 d u u d 0 2 2 0 u 2 u u 0 u 0 2 0 0 0 0 0 2 0 0 0 2 u 0 0 u 0 
2 d u u 0 0 2 d 0 0 2 2 0 u u 0 2 0 0 0 0 u 2 u u 0 2 0 0 0 u 0 
2 d u u 0 0 2 2 0 u 2 d 0 0 u 0 2 0 0 0 0 u 2 0 0 0 2 u u 0 u 0 
2 d u u 0 0 2 d 0 u 2 2 0 0 u 0 2 0 0 0 0 u 2 0 u 0 2 u 0 0 u 0 
2 d u u 0 0 2 2 0 0 2 d 0 u u 0 2 0 0 0 0 u 2 u 0 0 2 0 u 0 u 0 
2 2 u u 0 0 u 2 0 0 u 2 0 u u 0 2 0 0 d 0 0 2 u 0 0 2 0 0 0 u d 
2 2 u u 0 0 u 2 0 u u 2 0 0 u 0 2 0 0 d 0 0 2 0 0 0 2 u 0 0 u d 
2 d u u d 0 2 u u u 2 2 0 0 u 0 2 0 0 0 0 0 2 0 0 0 2 u 0 0 u 0 
2 d u u d 0 2 2 0 0 2 u u u u 0 2 0 0 0 0 0 2 u 0 0 2 0 0 0 u 0 
2 d u u 0 0 2 2 0 u 2 u 0 0 u 0 2 0 0 0 d 0 2 0 0 0 2 u 0 u u 0 
2 d u u 0 0 2 u 0 0 2 2 0 u u 0 2 0 0 0 d 0 2 u 0 u 2 0 0 0 u 0 
2 2 u u 0 0 2 2 0 0 2 u 0 u 2 0 d 0 0 0 0 0 2 u u 0 2 0 0 0 u 0 
2 2 u u 0 0 2 u 0 u 2 2 0 0 2 0 d 0 0 0 0 0 2 0 0 0 2 u u 0 u 0 
2 d u u 0 0 2 2 0 0 2 u 0 u u 0 2 0 0 0 d 0 2 u 0 0 2 0 0 u u 0 
2 d u u 0 0 2 u 0 u 2 2 0 0 u 0 2 0 0 0 d 0 2 0 0 u 2 u 0 0 u 0 
2 2 u u 0 0 2 2 0 u 2 u 0 0 2 0 d 0 0 0 0 0 2 0 u 0 2 u 0 0 u 0 
2 2 u u 0 0 2 u 0 0 2 2 0 u 2 0 d 0 0 0 0 0 2 u 0 0 2 0 u 0 u 0 
2 u u u 0 0 2 2 0 0 2 2 0 u u u 2 0 d 0 0 0 2 u 0 0 2 0 0 0 0 0 
2 u u u 0 0 2 2 0 u 2 2 0 0 u u 2 0 d 0 0 0 2 0 0 0 2 u 0 0 0 0 
2 0 2 u 0 u 2 2 0 0 2 2 0 u u 0 2 0 0 0 0 0 2 u 0 0 2 0 0 0 u 0 
2 0 2 u 0 u 2 2 0 u 2 2 0 0 u 0 2 0 0 0 0 0 2 0 0 0 2 u 0 0 u 0 
2 2 u u d 0 2 u 0 0 2 u 0 u 2 0 2 0 0 0 0 0 2 u 0 0 2 0 0 0 u 0 
2 2 u u d 0 2 u 0 u 2 u 0 0 2 0 2 0 0 0 0 0 2 0 0 0 2 u 0 0 u 0 
2 2 u u 0 u 2 2 0 0 2 d 0 u u 0 2 0 0 0 0 0 2 0 0 0 2 0 0 0 u u 
2 2 u u 0 u 2 d 0 u 2 2 0 0 u 0 2 0 0 0 0 0 2 0 0 0 2 0 0 0 u u 
2 2 u u 0 0 2 2 0 0 2 u 0 u u u 2 u 0 0 0 0 2 0 0 0 2 0 0 0 d 0 
2 2 u u 0 0 2 u 0 u 2 2 0 0 u u 2 u 0 0 0 0 2 0 0 0 2 0 0 0 d 0 
2 2 u u 0 d 2 u 0 u 2 2 0 0 u 0 d 0 0 0 0 0 2 0 u 0 2 u 0 0 u 0 
2 2 u u 0 d 2 2 0 0 2 u 0 u u 0 d 0 0 0 0 0 2 u 0 0 2 0 u 0 u 0 
2 2 u u 0 d 2 u 0 0 2 2 0 u u 0 d 0 0 0 0 0 2 u u 0 2 0 0 0 u 0 
2 2 u u 0 d 2 2 0 u 2 u 0 0 u 0 d 0 0 0 0 0 2 0 0 0 2 u u 0 u 0 
2 2 u 2 0 0 2 2 0 0 2 u 0 u u 0 2 0 0 u 0 0 2 u 0 0 d 0 0 0 u 0 
2 2 u 2 0 0 2 u 0 u 2 2 0 0 u 0 2 0 0 u 0 0 d 0 0 0 2 u 0 0 u 0 
2 2 0 0 0 0 2 d 0 u 2 d 0 0 u 0 2 u u 0 0 0 2 0 u 0 2 u u 0 u 0 
2 2 0 0 0 0 2 d 0 0 2 d 0 u u 0 2 u u 0 0 0 2 u u 0 2 0 u 0 u 0 
2 u 0 u 0 0 2 2 0 0 2 2 0 u u 0 2 u u 0 d 0 2 0 0 0 2 u 0 0 0 0 
2 u 0 u 0 0 2 2 0 u 2 2 0 0 u 0 2 u u 0 d 0 2 u 0 0 2 0 0 0 0 0 
2 2 u u u 0 2 2 0 0 2 2 0 u u u 2 0 0 0 0 0 d u 0 0 d 0 0 0 u 0 
2 2 u u u 0 2 2 0 u 2 2 0 0 u u 2 0 0 0 0 0 d 0 0 0 d u 0 0 u 0 
2 2 u 2 0 0 2 2 0 0 2 u 0 u u 0 2 u 0 u 0 0 2 0 0 0 2 0 0 0 0 0 
2 2 u 2 0 0 2 u 0 u 2 2 0 0 u 0 2 u 0 u 0 0 2 0 0 0 2 0 0 0 0 0 
u 2 2 u 0 0 2 2 0 0 2 d u u u 0 2 u 0 0 0 0 2 0 0 0 2 u 0 0 0 0 
u 2 2 u 0 0 2 d u u 2 2 0 0 u 0 2 u 0 0 0 0 2 u 0 0 2 0 0 0 0 0 
u 2 2 u 0 0 2 d u 0 2 2 0 u u 0 2 u 0 0 0 0 2 0 0 0 2 u 0 0 0 0 
u 2 2 u 0 0 2 2 0 u 2 d u 0 u 0 2 u 0 0 0 0 2 u 0 0 2 0 0 0 0 0 
2 2 0 u 0 0 2 2 0 0 2 2 0 u u u 2 0 0 0 0 0 2 0 0 0 2 0 0 u u 0 
2 2 0 u 0 0 2 2 0 u 2 2 0 0 u u 2 0 0 0 0 0 2 0 0 u 2 0 0 0 u 0 
2 2 u u 0 u 2 2 0 0 2 d 0 0 u u 2 0 0 0 0 0 2 0 0 0 2 u 0 0 u 0 
2 2 u u 0 u 2 d 0 0 2 2 0 0 u u 2 0 0 0 0 0 2 u 0 0 2 0 0 0 u 0 
2 u u u 0 d 2 2 0 0 2 2 0 u 0 u 2 0 0 0 0 0 2 u 0 0 2 0 0 0 u 0 
2 u u u 0 d 2 2 0 u 2 2 0 0 0 u 2 0 0 0 0 0 2 0 0 0 2 u 0 0 u 0 
2 2 u 2 0 0 2 2 0 u 2 u 0 0 u 0 2 0 0 u 0 0 2 0 0 0 d u 0 0 u 0 
2 2 u 2 0 0 2 u 0 0 2 2 0 u u 0 2 0 0 u 0 0 d u 0 0 2 0 0 0 u 0 
2 2 u 0 0 0 2 2 0 0 2 2 0 u 0 0 2 u 0 0 0 0 2 0 u 0 2 u u 0 0 0 
2 2 u 0 0 0 2 2 0 u 2 2 0 0 0 0 2 u 0 0 0 0 2 u u 0 2 0 u 0 0 0 
2 2 u u 0 u 2 d 0 u 2 2 0 0 u 0 u 0 0 0 0 0 2 0 d 0 2 u 0 0 u 0 
2 2 u u 0 u 2 2 0 0 2 d 0 u u 0 u 0 0 0 0 0 2 u 0 0 2 0 d 0 u 0 
2 2 u u 0 u 2 d 0 0 2 2 0 u u 0 u 0 0 0 0 0 2 u d 0 2 0 0 0 u 0 
2 2 u u 0 u 2 2 0 u 2 d 0 0 u 0 u 0 0 0 0 0 2 0 0 0 2 u d 0 u 0 
2 2 u 0 0 0 2 u 0 u 2 u d 0 u 0 2 u 0 0 0 0 2 0 d 0 2 u 0 0 u 0 
2 2 u 0 0 0 2 u d 0 2 u 0 u u 0 2 u 0 0 0 0 2 u 0 0 2 0 d 0 u 0 
2 2 u 0 0 0 2 u 0 0 2 u d u u 0 2 u 0 0 0 0 2 u d 0 2 0 0 0 u 0 
2 2 u 0 0 0 2 u d u 2 u 0 0 u 0 2 u 0 0 0 0 2 0 0 0 2 u d 0 u 0 
2 2 u u 0 0 2 2 0 0 2 u 0 u 0 0 2 0 0 0 0 0 2 u 0 0 2 0 0 u 2 0 
2 2 u u 0 0 2 u 0 u 2 2 0 0 0 0 2 0 0 0 0 0 2 0 0 u 2 u 0 0 2 0 
2 2 u u 0 0 2 2 0 u 2 u 0 0 0 0 2 0 0 0 0 0 2 0 0 0 2 u 0 u 2 0 
2 2 u u 0 0 2 u 0 0 2 2 0 u 0 0 2 0 0 0 0 0 2 u 0 u 2 0 0 0 2 0 
2 2 2 u 0 0 2 2 0 0 2 d 0 u u 0 u 0 0 0 0 0 2 u 0 0 2 0 0 u u 0 
2 2 2 u 0 0 2 d 0 u 2 2 0 0 u 0 u 0 0 0 0 0 2 0 0 u 2 u 0 0 u 0 
2 2 2 u 0 0 2 2 0 u 2 d 0 0 u 0 u 0 0 0 0 0 2 0 0 0 2 u 0 u u 0 
2 2 2 u 0 0 2 d 0 0 2 2 0 u u 0 u 0 0 0 0 0 2 u 0 u 2 0 0 0 u 0 
2 2 0 u 0 0 2 2 u 0 2 2 0 u u 0 u 0 0 0 0 0 2 u d 0 2 0 0 0 u 0 
2 2 0 u 0 0 2 2 0 u 2 2 u 0 u 0 u 0 0 0 0 0 2 0 0 0 2 u d 0 u 0 
2 2 0 u 0 0 2 2 u u 2 2 0 0 u 0 u 0 0 0 0 0 2 0 d 0 2 u 0 0 u 0 
2 2 0 u 0 0 2 2 0 0 2 2 u u u 0 u 0 0 0 0 0 2 u 0 0 2 0 d 0 u 0 
2 2 u u u 0 u 2 0 0 2 2 0 u u 0 2 0 0 d 0 0 d u 0 0 2 0 0 0 u 0 
2 2 u u u 0 2 2 0 u u 2 0 0 u 0 2 0 0 d 0 0 2 0 0 0 d u 0 0 u 0 
2 2 u u 0 0 2 2 0 0 2 u 0 u 2 0 2 u 0 0 0 0 2 0 0 0 2 0 0 0 0 u 
2 2 u u 0 0 2 u 0 u 2 2 0 0 2 0 2 u 0 0 0 0 2 0 0 0 2 0 0 0 0 u 
2 2 u u u 0 2 2 0 0 u 2 0 u u 0 2 0 0 d 0 0 2 u 0 0 d 0 0 0 u 0 
2 2 u u u 0 u 2 0 u 2 2 0 0 u 0 2 0 0 d 0 0 d 0 0 0 2 u 0 0 u 0 
2 2 0 u u 0 2 2 0 u 2 2 0 0 u 0 2 0 0 0 0 0 2 0 0 0 2 0 0 u u 0 
2 2 0 u u 0 2 2 0 0 2 2 0 u u 0 2 0 0 0 0 0 2 0 0 u 2 0 0 0 u 0 
2 2 0 u u 0 2 2 0 0 2 2 0 u u 0 2 0 0 0 0 u 2 0 0 0 2 u 0 0 0 0 
2 2 0 u u 0 2 2 0 u 2 2 0 0 u 0 2 0 0 0 0 u 2 u 0 0 2 0 0 0 0 0 
2 2 u u 0 0 u 2 0 0 2 2 0 u u u 2 0 0 0 0 0 2 u d 0 2 0 0 0 0 0 
2 2 u u 0 0 2 2 0 u u 2 0 0 u u 2 0 0 0 0 0 2 0 0 0 2 u d 0 0 0 
2 2 u 0 u 0 2 2 0 u 2 2 0 0 u 0 2 0 0 0 0 0 2 0 0 0 2 0 0 u u 0 
2 2 u 0 u 0 2 2 0 0 2 2 0 u u 0 2 0 0 0 0 0 2 0 0 u 2 0 0 0 u 0 
2 2 u u 0 0 2 2 0 0 2 u 0 u u u 2 0 0 0 0 d 2 0 0 0 2 0 0 0 u 0 
2 2 u u 0 0 2 u 0 u 2 2 0 0 u u 2 0 0 0 0 d 2 0 0 0 2 0 0 0 u 0 
2 0 u 0 u 0 2 2 0 0 2 2 0 u 0 u 2 0 0 0 2 0 2 u 0 0 2 0 0 0 u 0 
2 0 u 0 u 0 2 2 0 u 2 2 0 0 0 u 2 0 0 0 2 0 2 0 0 0 2 u 0 0 u 0 
2 2 u u d 0 2 2 0 0 d 2 0 u u 0 2 0 0 u 0 0 2 u 0 0 u 0 0 0 u 0 
2 2 u u d 0 d 2 0 u 2 2 0 0 u 0 2 0 0 u 0 0 u 0 0 0 2 u 0 0 u 0 
2 2 u u 0 0 u 2 0 u 2 2 0 0 u u 2 0 0 0 0 0 2 0 d 0 2 u 0 0 0 0 
2 2 u u 0 0 2 2 0 0 u 2 0 u u u 2 0 0 0 0 0 2 u 0 0 2 0 d 0 0 0 
2 2 u u d 0 d 2 0 0 2 2 0 u u 0 2 0 0 u 0 0 u u 0 0 2 0 0 0 u 0 
2 2 u u d 0 2 2 0 u d 2 0 0 u 0 2 0 0 u 0 0 2 0 0 0 u u 0 0 u 0 
2 2 u u 0 0 d 2 0 0 d 2 0 u u 0 2 0 0 u 0 0 2 u 0 0 2 0 0 0 u u 
2 2 u u 0 0 d 2 0 u d 2 0 0 u 0 2 0 0 u 0 0 2 0 0 0 2 u 0 0 u u 
2 u 2 u 0 0 2 2 0 u 2 2 0 0 u 0 2 0 0 0 0 0 2 0 0 0 2 u 0 0 0 u 
2 u 2 u 0 0 2 2 0 0 2 2 0 u u 0 2 0 0 0 0 0 2 u 0 0 2 0 0 0 0 u 
2 u u u 0 0 2 2 0 u 2 d 0 0 u 0 2 0 0 0 u 0 2 0 0 0 2 u 0 d u 0 
2 u u u 0 0 2 d 0 0 2 2 0 u u 0 2 0 0 0 u 0 2 u 0 d 2 0 0 0 u 0 
2 u u u 0 0 2 2 0 0 2 d 0 u u 0 2 0 0 0 u 0 2 u 0 0 2 0 0 d u 0 
2 u u u 0 0 2 d 0 u 2 2 0 0 u 0 2 0 0 0 u 0 2 0 0 d 2 u 0 0 u 0 
2 2 u u 0 0 2 2 0 0 u 2 0 u u u 2 0 0 0 0 0 2 u 0 0 d 0 0 0 u d 
2 2 u u 0 0 u 2 0 u 2 2 0 0 u u 2 0 0 0 0 0 d 0 0 0 2 u 0 0 u d 
2 2 u u 0 0 2 d 0 0 2 d 0 u u 0 2 0 0 0 0 0 2 u 0 u 2 0 0 u u 0 
2 2 u u 0 0 2 d 0 u 2 d 0 0 u 0 2 0 0 0 0 0 2 0 0 u 2 u 0 u u 0 
2 u u 0 0 0 2 2 0 u 2 2 0 0 u 0 2 0 0 u 0 d 2 0 0 0 2 u 0 0 u 0 
2 u u 0 0 0 2 2 0 0 2 2 0 u u 0 2 0 0 u 0 d 2 u 0 0 2 0 0 0 u 0 
2 2 u u 0 0 u 2 0 0 2 2 0 u u u 2 0 0 0 0 0 d u 0 0 2 0 0 0 u d 
2 2 u u 0 0 2 2 0 u u 2 0 0 u u 2 0 0 0 0 0 2 0 0 0 d u 0 0 u d 
2 2 u 0 0 0 2 2 0 0 2 2 0 0 u 0 2 u 0 0 0 0 2 0 u 0 2 u 0 0 0 u 
2 2 u 0 0 0 2 2 0 0 2 2 0 0 u 0 2 u 0 0 0 0 2 u 0 0 2 0 u 0 0 u 
2 2 u u 0 0 2 2 0 u 2 u 0 0 2 0 2 0 0 0 0 0 2 0 0 0 d u 0 0 u u 
2 2 u u 0 0 2 u 0 0 2 2 0 u 2 0 2 0 0 0 0 0 d u 0 0 2 0 0 0 u u 
2 d 0 0 0 0 2 2 0 u 2 2 0 0 u u 2 u u 0 u 0 2 0 0 0 2 u 0 0 0 0 
2 d 0 0 0 0 2 2 0 0 2 2 0 u u u 2 u u 0 u 0 2 u 0 0 2 0 0 0 0 0 
2 2 u u 0 0 2 u 0 0 2 u 0 u u 0 2 0 0 0 0 0 2 u 0 d 2 0 0 d u 0 
2 2 u u 0 0 2 u 0 u 2 u 0 0 u 0 2 0 0 0 0 0 2 0 0 d 2 u 0 d u 0 
2 2 u u 0 0 2 2 0 u 2 u 0 0 2 0 2 u 0 u 0 0 2 0 0 0 2 0 0 0 0 0 
2 2 u u 0 0 2 u 0 0 2 2 0 u 2 0 2 u 0 u 0 0 2 0 0 0 2 0 0 0 0 0 
2 u 0 u 0 0 2 2 0 0 2 2 0 u u 0 2 0 0 0 u d 2 u 0 0 2 0 0 0 u 0 
2 u 0 u 0 0 2 2 0 u 2 2 0 0 u 0 2 0 0 0 u d 2 0 0 0 2 u 0 0 u 0 
2 2 u 0 u 0 2 2 0 0 2 d 0 u u u 2 0 0 0 0 0 2 u 0 0 2 0 u 0 0 0 
2 2 u 0 u 0 2 d 0 u 2 2 0 0 u u 2 0 0 0 0 0 2 0 u 0 2 u 0 0 0 0 
2 2 u u 0 0 2 2 0 0 2 u 0 u 2 0 2 0 0 0 0 0 2 u 0 0 d 0 0 0 u u 
2 2 u u 0 0 2 u 0 u 2 2 0 0 2 0 2 0 0 0 0 0 d 0 0 0 2 u 0 0 u u 
2 2 u 0 u 0 2 2 0 u 2 d 0 0 u u 2 0 0 0 0 0 2 0 0 0 2 u u 0 0 0 
2 2 u 0 u 0 2 d 0 0 2 2 0 u u u 2 0 0 0 0 0 2 u u 0 2 0 0 0 0 0 
2 2 u 0 0 0 2 2 0 0 2 2 0 u u u 2 0 0 0 0 0 2 0 0 0 2 0 0 u u 0 
2 2 u 0 0 0 2 2 0 u 2 2 0 0 u u 2 0 0 0 0 0 2 0 0 u 2 0 0 0 u 0 
2 2 u u 0 d 2 d 0 0 2 2 0 u u 0 u 0 0 0 0 0 2 u u 0 2 0 0 0 u 0 
2 2 u u 0 d 2 2 0 u 2 d 0 0 u 0 u 0 0 0 0 0 2 0 0 0 2 u u 0 u 0 
2 2 u u u u 2 2 0 0 2 d 0 0 u 0 2 0 0 0 0 0 2 u 0 0 2 0 0 0 u 0 
2 2 u u u u 2 d 0 0 2 2 0 0 u 0 2 0 0 0 0 0 2 0 0 0 2 u 0 0 u 0 
2 2 u u 0 d 2 d 0 u 2 2 0 0 u 0 u 0 0 0 0 0 2 0 u 0 2 u 0 0 u 0 
2 2 u u 0 d 2 2 0 0 2 d 0 u u 0 u 0 0 0 0 0 2 u 0 0 2 0 u 0 u 0 
2 2 u 0 0 0 2 d 0 u 2 d 0 0 0 0 2 u 0 0 0 0 2 0 u 0 2 u u 0 u u 
2 2 u 0 0 0 2 d 0 0 2 d 0 u 0 0 2 u 0 0 0 0 2 u u 0 2 0 u 0 u u 
2 2 u 0 0 0 2 u 0 u 2 u 0 0 0 0 2 u 0 0 0 0 2 0 d 0 2 u d 0 u u 
2 2 u 0 0 0 2 u 0 0 2 u 0 u 0 0 2 u 0 0 0 0 2 u d 0 2 0 d 0 u u 
2 2 0 0 0 0 2 2 0 u 2 d 0 0 0 0 2 u u u 0 0 2 u 0 0 2 0 u 0 u 0 
2 2 0 0 0 0 2 d 0 0 2 2 0 u 0 0 2 u u u 0 0 2 0 u 0 2 u 0 0 u 0 
2 2 0 0 0 0 2 2 0 0 2 d 0 u 0 0 2 u u u 0 0 2 0 0 0 2 u u 0 u 0 
2 2 0 0 0 0 2 d 0 u 2 2 0 0 0 0 2 u u u 0 0 2 u u 0 2 0 0 0 u 0 
2 2 u u 0 d 2 u 0 0 2 2 0 0 u u 2 u 0 0 0 0 2 0 0 0 2 u 0 0 0 0 
2 2 u u 0 d 2 2 0 0 2 u 0 0 u u 2 u 0 0 0 0 2 u 0 0 2 0 0 0 0 0 
2 2 u u d 0 u 2 0 0 2 2 0 0 u u 2 0 0 0 0 0 2 u 0 0 2 0 0 0 u 0 
2 2 u u d 0 2 2 0 0 u 2 0 0 u u 2 0 0 0 0 0 2 0 0 0 2 u 0 0 u 0 
2 u u 0 0 0 2 2 0 0 2 2 0 u 0 u 2 0 0 u 0 d 2 u 0 0 2 0 0 0 u 0 
2 u u 0 0 0 2 2 0 u 2 2 0 0 0 u 2 0 0 u 0 d 2 0 0 0 2 u 0 0 u 0 
2 2 u u u 0 2 2 0 u 2 u 0 0 u 0 2 0 0 0 0 d 2 0 0 0 2 0 0 0 u 0 
2 2 u u u 0 2 u 0 0 2 2 0 u u 0 2 0 0 0 0 d 2 0 0 0 2 0 0 0 u 0 
2 2 2 u 0 0 2 u 0 0 2 2 0 0 u u 2 u 0 0 0 0 2 0 0 0 2 u 0 0 0 0 
2 2 2 u 0 0 2 2 0 0 2 u 0 0 u u 2 u 0 0 0 0 2 u 0 0 2 0 0 0 0 0 
2 2 u u 0 0 2 2 0 0 u 2 0 0 u 2 2 0 0 0 0 0 2 u 0 0 2 0 0 0 u 0 
2 2 u u 0 0 u 2 0 0 2 2 0 0 u 2 2 0 0 0 0 0 2 0 0 0 2 u 0 0 u 0 
2 2 u u 0 0 2 d u 0 2 2 0 u u 0 u 0 0 0 d 0 2 u 0 0 2 0 0 0 u 0 
2 2 u u 0 0 2 2 0 u 2 d u 0 u 0 u 0 0 0 d 0 2 0 0 0 2 u 0 0 u 0 
2 2 u u 0 0 2 d u u 2 2 0 0 u 0 u 0 0 0 d 0 2 0 0 0 2 u 0 0 u 0 
2 2 u u 0 0 2 2 0 0 2 d u u u 0 u 0 0 0 d 0 2 u 0 0 2 0 0 0 u 0 
2 u u u 0 0 2 2 d 0 2 2 0 u u 0 2 0 0 u 0 0 2 0 0 0 2 0 0 0 u 0 
2 u u u 0 0 2 2 0 u 2 2 d 0 u 0 2 0 0 u 0 0 2 0 0 0 2 0 0 0 u 0 
2 d 2 u 0 0 2 u u u 2 2 0 0 u 0 2 0 0 0 0 0 2 0 0 0 2 u 0 0 u 0 
2 d 2 u 0 0 2 2 0 0 2 u u u u 0 2 0 0 0 0 0 2 u 0 0 2 0 0 0 u 0 
2 d 2 u 0 0 2 u u 0 2 2 0 u u 0 2 0 0 0 0 0 2 u 0 0 2 0 0 0 u 0 
2 d 2 u 0 0 2 2 0 u 2 u u 0 u 0 2 0 0 0 0 0 2 0 0 0 2 u 0 0 u 0 
2 2 u u d u 2 0 0 0 2 2 0 u u 0 2 u 0 0 0 0 2 0 0 0 2 u 0 0 0 0 
2 2 u u d u 2 2 0 u 2 0 0 0 u 0 2 u 0 0 0 0 2 u 0 0 2 0 0 0 0 0 
2 2 u u 0 u 2 d 0 0 2 u 0 u u d 2 u 0 0 0 0 2 0 0 0 2 u 0 0 0 0 
2 2 u u 0 u 2 u 0 u 2 d 0 0 u d 2 u 0 0 0 0 2 u 0 0 2 0 0 0 0 0 
2 2 u u d u 2 0 0 u 2 2 0 0 u 0 2 u 0 0 0 0 2 u 0 0 2 0 0 0 0 0 
2 2 u u d u 2 2 0 0 2 0 0 u u 0 2 u 0 0 0 0 2 0 0 0 2 u 0 0 0 0 
2 2 u u 0 u 2 u 0 0 2 d 0 u u d 2 u 0 0 0 0 2 0 0 0 2 u 0 0 0 0 
2 2 u u 0 u 2 d 0 u 2 u 0 0 u d 2 u 0 0 0 0 2 u 0 0 2 0 0 0 0 0 
2 u u u 0 0 2 2 d u 2 2 0 0 u 0 2 0 0 0 0 0 2 0 0 0 2 0 0 0 u u 
2 u u u 0 0 2 2 0 0 2 2 d u u 0 2 0 0 0 0 0 2 0 0 0 2 0 0 0 u u 
2 2 u u u 0 2 2 0 0 2 u 0 u u 0 2 2 0 0 0 0 2 0 0 0 2 0 0 0 0 0 
2 2 u u u 0 2 u 0 u 2 2 0 0 u 0 2 2 0 0 0 0 2 0 0 0 2 0 0 0 0 0 
2 2 u u d 0 2 d 0 u 2 2 0 0 u 0 2 u 0 0 0 0 u 0 0 0 2 u 0 0 u 0 
2 2 u u d 0 2 2 0 0 2 d 0 u u 0 2 u 0 0 0 0 2 u 0 0 u 0 0 0 u 0 
2 2 u u d 0 2 d 0 0 2 2 0 u u 0 2 u 0 0 0 0 u u 0 0 2 0 0 0 u 0 
2 2 u u d 0 2 2 0 u 2 d 0 0 u 0 2 u 0 0 0 0 2 0 0 0 u u 0 0 u 0 
2 2 u u 2 0 2 2 0 0 u 2 0 0 u 0 2 0 0 0 0 0 2 u 0 0 2 0 0 0 u 0 
2 2 u u 2 0 u 2 0 0 2 2 0 0 u 0 2 0 0 0 0 0 2 0 0 0 2 u 0 0 u 0 
2 2 u u 0 0 d u 0 u 2 2 0 0 2 u 2 0 0 0 0 0 2 0 0 0 2 u 0 0 u 0 
2 2 u u 0 0 2 2 0 0 d u 0 u 2 u 2 0 0 0 0 0 2 u 0 0 2 0 0 0 u 0 
2 2 0 u 0 0 2 2 0 0 2 d 0 u u 0 2 u 0 0 u 0 2 0 0 0 2 u 0 u 0 0 
2 2 0 u 0 0 2 d 0 u 2 2 0 0 u 0 2 u 0 0 u 0 2 u 0 u 2 0 0 0 0 0 
2 u 2 u 0 0 2 2 0 0 2 2 0 u u 0 d 0 0 0 u 0 2 u 0 0 2 0 0 0 u 0 
2 u 2 u 0 0 2 2 0 u 2 2 0 0 u 0 d 0 0 0 u 0 2 0 0 0 2 u 0 0 u 0 
2 2 0 u 0 0 2 2 0 u 2 d 0 0 u 0 2 u 0 0 u 0 2 u 0 0 2 0 0 u 0 0 
2 2 0 u 0 0 2 d 0 0 2 2 0 u u 0 2 u 0 0 u 0 2 0 0 u 2 u 0 0 0 0 
2 2 u u 0 0 d 2 0 0 2 2 0 u u d 2 0 0 0 0 0 u u 0 0 2 0 0 0 u u 
2 2 u u 0 0 2 2 0 u d 2 0 0 u d 2 0 0 0 0 0 2 0 0 0 u u 0 0 u u 
2 2 u u 0 0 2 2 0 0 d 2 0 u u d 2 0 0 0 0 0 2 u 0 0 u 0 0 0 u u 
2 2 u u 0 0 d 2 0 u 2 2 0 0 u d 2 0 0 0 0 0 u 0 0 0 2 u 0 0 u u 
2 2 0 u 0 0 2 d 0 0 2 2 0 u u 0 2 0 0 0 0 u 2 u 0 u 2 0 0 0 u 0 
2 2 0 u 0 0 2 2 0 u 2 d 0 0 u 0 2 0 0 0 0 u 2 0 0 0 2 u 0 u u 0 
2 2 u 0 0 0 2 2 0 0 2 2 0 u 0 0 2 0 0 0 0 0 2 u 0 u 2 0 0 u u 0 
2 2 u 0 0 0 2 2 0 u 2 2 0 0 0 0 2 0 0 0 0 0 2 0 0 u 2 u 0 u u 0 
2 2 u u 0 0 2 d 0 0 2 u 0 u u 0 2 u 0 0 0 0 2 0 0 u 2 u 0 d 0 0 
2 2 u u 0 0 2 u 0 u 2 d 0 0 u 0 2 u 0 0 0 0 2 u 0 d 2 0 0 u 0 0 
2 2 0 u 0 0 2 d 0 u 2 2 0 0 u 0 2 0 0 0 0 u 2 0 0 u 2 u 0 0 u 0 
2 2 0 u 0 0 2 2 0 0 2 d 0 u u 0 2 0 0 0 0 u 2 u 0 0 2 0 0 u u 0 
2 2 u u 0 0 2 u 0 0 2 d 0 u u 0 2 u 0 0 0 0 2 0 0 d 2 u 0 u 0 0 
2 2 u u 0 0 2 d 0 u 2 u 0 0 u 0 2 u 0 0 0 0 2 u 0 u 2 0 0 d 0 0 
2 2 u u u 0 u 2 0 0 2 2 0 0 u d 2 0 0 0 0 0 2 u 0 0 2 0 0 0 u 0 
2 2 u u u 0 2 2 0 0 u 2 0 0 u d 2 0 0 0 0 0 2 0 0 0 2 u 0 0 u 0 
2 u 0 0 0 0 2 2 0 0 2 2 0 u 0 0 2 u 0 0 2 0 2 u 0 0 2 0 0 0 u u 
2 u 0 0 0 0 2 2 0 u 2 2 0 0 0 0 2 u 0 0 2 0 2 0 0 0 2 u 0 0 u u 
2 2 u u 0 0 2 2 0 u 2 2 0 0 u 0 2 0 0 2 0 0 2 0 0 0 u 0 0 0 u 0 
2 2 u u 0 0 2 2 0 0 2 2 0 u u 0 2 0 0 2 0 0 u 0 0 0 2 0 0 0 u 0 
2 2 u u 0 0 d u 0 0 2 2 0 u 2 u 2 0 0 0 0 0 2 u 0 0 2 0 0 0 u 0 
2 2 u u 0 0 2 2 0 u d u 0 0 2 u 2 0 0 0 0 0 2 0 0 0 2 u 0 0 u 0 
2 2 u u 0 0 2 2 0 0 2 2 0 u u 0 2 0 0 u 0 0 2 0 0 0 u 0 0 0 u d 
2 2 u u 0 0 2 2 0 u 2 2 0 0 u 0 2 0 0 u 0 0 u 0 0 0 2 0 0 0 u d 
u 2 2 u 0 0 2 u d 0 2 2 0 u u 0 2 0 0 0 0 0 2 u 0 0 2 0 0 0 u 0 
u 2 2 u 0 0 2 2 0 u 2 u d 0 u 0 2 0 0 0 0 0 2 0 0 0 2 u 0 0 u 0 
2 u 0 u 0 0 2 2 2 0 2 2 0 u u 0 2 u 0 0 0 0 2 0 0 0 2 u 0 0 0 0 
2 u 0 u 0 0 2 2 0 u 2 2 2 0 u 0 2 u 0 0 0 0 2 u 0 0 2 0 0 0 0 0 
u 2 2 u 0 0 2 u d u 2 2 0 0 u 0 2 0 0 0 0 0 2 0 0 0 2 u 0 0 u 0 
u 2 2 u 0 0 2 2 0 0 2 u d u u 0 2 0 0 0 0 0 2 u 0 0 2 0 0 0 u 0 
2 2 u u 0 0 2 2 0 0 2 2 0 u u 0 2 0 0 d 0 0 2 0 0 0 u 0 0 0 u u 
2 2 u u 0 0 2 2 0 u 2 2 0 0 u 0 2 0 0 d 0 0 u 0 0 0 2 0 0 0 u u 
2 2 u u 0 0 2 2 0 0 2 2 0 u u 0 u 0 0 0 0 d 2 u 0 0 2 0 0 0 u 0 
2 2 u u 0 0 2 2 0 u 2 2 0 0 u 0 u 0 0 0 0 d 2 0 0 0 2 u 0 0 u 0 
2 u 0 u 0 0 2 2 0 0 2 2 2 u u 0 2 u 0 0 0 0 2 0 0 0 2 u 0 0 0 0 
2 u 0 u 0 0 2 2 2 u 2 2 0 0 u 0 2 u 0 0 0 0 2 u 0 0 2 0 0 0 0 0 
2 2 u u d 0 2 2 0 u 2 u 0 u 0 0 2 0 0 0 0 0 2 u 0 0 2 0 0 0 u 0 
2 2 u u d 0 2 u 0 u 2 2 0 u 0 0 2 0 0 0 0 0 2 0 0 0 2 u 0 0 u 0 
2 0 u u 0 0 2 2 0 0 2 2 0 u 2 u 2 0 0 0 0 0 2 u 0 0 2 0 0 0 u 0 
2 0 u u 0 0 2 2 0 u 2 2 0 0 2 u 2 0 0 0 0 0 2 0 0 0 2 u 0 0 u 0 
2 2 u u 0 0 2 d u 0 2 2 0 u 0 u 2 u 0 0 0 0 2 0 0 0 2 u 0 0 0 0 
2 2 u u 0 0 2 2 0 u 2 d u 0 0 u 2 u 0 0 0 0 2 u 0 0 2 0 0 0 0 0 
2 2 u u 0 0 2 2 0 0 2 2 0 u u 0 2 0 0 0 0 0 u 0 0 0 2 0 0 0 u 2 
2 2 u u 0 0 2 2 0 u 2 2 0 0 u 0 2 0 0 0 0 0 2 0 0 0 u 0 0 0 u 2 
2 2 u u 0 0 2 2 0 u 2 u 0 u 0 d 2 0 0 0 0 0 2 0 0 0 2 u 0 0 u 0 
2 2 u u 0 0 2 u 0 u 2 2 0 u 0 d 2 0 0 0 0 0 2 u 0 0 2 0 0 0 u 0 
2 2 u u d 0 2 d 0 0 2 u 0 u u u 2 0 0 0 0 0 2 u 0 0 2 0 0 0 u 0 
2 2 u u d 0 2 u 0 u 2 d 0 0 u u 2 0 0 0 0 0 2 0 0 0 2 u 0 0 u 0 
2 2 u u u 0 2 u 0 0 2 2 0 u u 0 2 u 0 0 0 0 2 0 0 0 2 0 0 0 d 0 
2 2 u u u 0 2 2 0 u 2 u 0 0 u 0 2 u 0 0 0 0 2 0 0 0 2 0 0 0 d 0 
2 2 u 0 0 u 2 2 0 0 2 2 0 u u 0 d 0 0 u 0 0 2 u 0 0 2 0 0 0 u 0 
2 2 u 0 0 u 2 2 0 u 2 2 0 0 u 0 d 0 0 u 0 0 2 0 0 0 2 u 0 0 u 0 
u 2 u u 0 d 2 2 0 0 2 2 0 u 0 u 2 0 0 0 0 0 2 u 0 0 2 0 0 0 u 0 
u 2 u u 0 d 2 2 0 u 2 2 0 0 0 u 2 0 0 0 0 0 2 0 0 0 2 u 0 0 u 0 
2 2 u u 0 0 2 2 0 0 2 2 0 u u 0 2 u 0 0 0 0 2 0 0 0 u u 0 d 0 0 
2 2 u u 0 0 2 2 0 u 2 2 0 0 u 0 2 u 0 0 0 0 u u 0 d 2 0 0 0 0 0 
2 2 u 0 0 0 2 2 u 0 2 2 0 u u 0 2 0 0 0 0 0 2 u 0 0 2 0 u 0 0 0 
2 2 u 0 0 0 2 2 0 u 2 2 u 0 u 0 2 0 0 0 0 0 2 0 u 0 2 u 0 0 0 0 
2 2 u u 0 0 2 2 0 0 2 d u u 0 u 2 u 0 0 0 0 2 0 0 0 2 u 0 0 0 0 
2 2 u u 0 0 2 d u u 2 2 0 0 0 u 2 u 0 0 0 0 2 u 0 0 2 0 0 0 0 0 
2 2 u u d 0 2 d 0 u 2 u 0 0 u u 2 0 0 0 0 0 2 0 0 0 2 u 0 0 u 0 
2 2 u u d 0 2 u 0 0 2 d 0 u u u 2 0 0 0 0 0 2 u 0 0 2 0 0 0 u 0 
2 2 u u 0 0 2 u d u 2 2 0 0 u 0 2 0 0 0 0 0 d 0 u 0 2 u 0 0 u 0 
2 2 u u 0 0 2 2 0 0 2 u d u u 0 2 0 0 0 0 0 2 u 0 0 d 0 u 0 u 0 
2 2 u u 0 0 2 u d 0 2 2 0 u u 0 2 0 0 0 0 0 d u u 0 2 0 0 0 u 0 
2 2 u u 0 0 2 2 0 u 2 u d 0 u 0 2 0 0 0 0 0 2 0 0 0 d u u 0 u 0 
2 2 u u 0 0 2 2 0 u 2 2 0 0 u 0 2 u 0 0 0 0 2 u 0 0 u 0 0 d 0 0 
2 2 u u 0 0 2 2 0 0 2 2 0 u u 0 2 u 0 0 0 0 u 0 0 d 2 u 0 0 0 0 
2 d 0 u 0 0 2 2 0 0 2 2 0 u u 0 2 0 0 0 u u 2 u 0 0 2 0 0 0 u 0 
2 d 0 u 0 0 2 2 0 u 2 2 0 0 u 0 2 0 0 0 u u 2 0 0 0 2 u 0 0 u 0 
2 2 0 0 0 0 2 2 0 u 2 2 0 0 u 0 2 u u 0 0 0 2 0 0 0 2 u 0 0 0 u 
2 2 0 0 0 0 2 2 0 0 2 2 0 u u 0 2 u u 0 0 0 2 u 0 0 2 0 0 0 0 u 
2 2 u 0 0 0 2 u 0 0 2 2 0 u 0 u 2 0 0 u 0 0 2 u d 0 2 0 0 0 u 0 
2 2 u 0 0 0 2 2 0 u 2 u 0 0 0 u 2 0 0 u 0 0 2 0 0 0 2 u d 0 u 0 
2 2 u 0 0 0 2 u 0 u 2 2 0 0 0 u 2 0 0 u 0 0 2 0 d 0 2 u 0 0 u 0 
2 2 u 0 0 0 2 2 0 0 2 u 0 u 0 u 2 0 0 u 0 0 2 u 0 0 2 0 d 0 u 0 
2 2 u u u d 2 2 0 0 2 u 0 0 u 0 2 u 0 0 0 0 2 0 0 0 2 u 0 0 0 0 
2 2 u u u d 2 u 0 0 2 2 0 0 u 0 2 u 0 0 0 0 2 u 0 0 2 0 0 0 0 0 
2 2 u 0 0 0 2 2 u u 2 2 0 0 u 0 2 0 0 0 0 0 2 0 0 0 2 u u 0 0 0 
2 2 u 0 0 0 2 2 0 0 2 2 u u u 0 2 0 0 0 0 0 2 u u 0 2 0 0 0 0 0 
2 2 u u 0 0 u 2 d u 2 2 0 0 u 0 2 0 0 0 0 0 2 0 0 0 2 u 0 0 u 0 
2 2 u u 0 0 2 2 0 0 u 2 d u u 0 2 0 0 0 0 0 2 u 0 0 2 0 0 0 u 0 
2 2 u 0 0 0 2 0 0 u 2 2 0 0 0 0 2 u 0 u 0 0 2 u 2 0 2 0 0 0 u 0 
2 2 u 0 0 0 2 2 0 0 2 0 0 u 0 0 2 u 0 u 0 0 2 0 0 0 2 u 2 0 u 0 
2 2 u 0 0 0 2 0 0 0 2 2 0 u 0 0 2 u 0 u 0 0 2 0 2 0 2 u 0 0 u 0 
2 2 u 0 0 0 2 2 0 u 2 0 0 0 0 0 2 u 0 u 0 0 2 u 0 0 2 0 2 0 u 0 
2 2 u 2 u 0 2 0 0 0 2 2 0 u u 0 2 0 0 0 0 0 2 u 0 0 2 0 0 0 u 0 
2 2 u 2 u 0 2 2 0 u 2 0 0 0 u 0 2 0 0 0 0 0 2 0 0 0 2 u 0 0 u 0 
2 2 u u 0 0 u 2 d 0 2 2 0 u u 0 2 0 0 0 0 0 2 u 0 0 2 0 0 0 u 0 
2 2 u u 0 0 2 2 0 u u 2 d 0 u 0 2 0 0 0 0 0 2 0 0 0 2 u 0 0 u 0 
2 2 u 2 u 0 2 0 0 u 2 2 0 0 u 0 2 0 0 0 0 0 2 0 0 0 2 u 0 0 u 0 
2 2 u 2 u 0 2 2 0 0 2 0 0 u u 0 2 0 0 0 0 0 2 u 0 0 2 0 0 0 u 0 
2 u u u 0 0 2 u 0 0 2 2 0 u u 0 2 0 0 0 d 0 2 u d 0 2 0 0 0 u 0 
2 u u u 0 0 2 2 0 u 2 u 0 0 u 0 2 0 0 0 d 0 2 0 0 0 2 u d 0 u 0 
2 u u u 0 0 2 u 0 u 2 2 0 0 u 0 2 0 0 0 d 0 2 0 d 0 2 u 0 0 u 0 
2 u u u 0 0 2 2 0 0 2 u 0 u u 0 2 0 0 0 d 0 2 u 0 0 2 0 d 0 u 0 
2 2 u u 0 d 2 2 0 u 2 u 0 0 u 0 2 0 0 u 0 0 2 0 0 0 d u 0 0 u 0 
2 2 u u 0 d 2 u 0 0 2 2 0 u u 0 2 0 0 u 0 0 d u 0 0 2 0 0 0 u 0 
2 d u 0 0 0 2 2 0 u 2 2 0 0 0 u 2 u 0 0 u 0 2 0 0 0 2 u 0 0 u 0 
2 d u 0 0 0 2 2 0 0 2 2 0 u 0 u 2 u 0 0 u 0 2 u 0 0 2 0 0 0 u 0 
2 2 0 u 0 0 2 2 0 0 2 d u u 0 0 2 u u 0 0 0 2 0 0 0 2 u 0 0 u 0 
2 2 0 u 0 0 2 d u u 2 2 0 0 0 0 2 u u 0 0 0 2 u 0 0 2 0 0 0 u 0 
2 2 u u 0 0 2 u d u 2 2 0 0 u 0 d 0 u 0 0 0 2 0 0 0 2 u 0 0 u 0 
2 2 u u 0 0 2 2 0 0 2 u d u u 0 d 0 u 0 0 0 2 u 0 0 2 0 0 0 u 0 
2 2 u u 0 0 2 u d 0 2 2 0 u u 0 d 0 u 0 0 0 2 u 0 0 2 0 0 0 u 0 
2 2 u u 0 0 2 2 0 u 2 u d 0 u 0 d 0 u 0 0 0 2 0 0 0 2 u 0 0 u 0 
2 2 u u 0 d 2 2 0 0 2 u 0 u u 0 2 0 0 u 0 0 2 u 0 0 d 0 0 0 u 0 
2 2 u u 0 d 2 u 0 u 2 2 0 0 u 0 2 0 0 u 0 0 d 0 0 0 2 u 0 0 u 0 
2 2 0 u 0 0 2 2 0 u 2 d u 0 0 0 2 u u 0 0 0 2 u 0 0 2 0 0 0 u 0 
2 2 0 u 0 0 2 d u 0 2 2 0 u 0 0 2 u u 0 0 0 2 0 0 0 2 u 0 0 u 0 
2 2 u 0 d 0 2 u 0 u 2 2 0 u u 0 2 0 0 0 0 0 2 u 0 0 2 0 0 0 u 0 
2 2 u 0 d 0 2 2 0 u 2 u 0 u u 0 2 0 0 0 0 0 2 0 0 0 2 u 0 0 u 0 
2 2 u 0 0 0 2 2 0 u 2 u 0 u u d 2 0 0 0 0 0 2 u 0 0 2 0 0 0 u 0 
2 2 u 0 0 0 2 u 0 u 2 2 0 u u d 2 0 0 0 0 0 2 0 0 0 2 u 0 0 u 0 
2 2 u u 0 0 2 d u u 2 2 0 0 u 0 2 0 0 0 0 0 u 0 d 0 2 u 0 0 u 0 
2 2 u u 0 0 2 2 0 0 2 d u u u 0 2 0 0 0 0 0 2 u 0 0 u 0 d 0 u 0 
2 2 u u 0 0 2 d u 0 2 2 0 u u 0 2 0 0 0 0 0 u u d 0 2 0 0 0 u 0 
2 2 u u 0 0 2 2 0 u 2 d u 0 u 0 2 0 0 0 0 0 2 0 0 0 u u d 0 u 0 
2 2 0 u 0 u 2 u d 0 2 2 0 u u 0 2 u 0 0 0 0 2 0 0 0 2 u 0 0 0 0 
2 2 0 u 0 u 2 2 0 u 2 u d 0 u 0 2 u 0 0 0 0 2 u 0 0 2 0 0 0 0 0 
2 2 0 u 0 u 2 u d u 2 2 0 0 u 0 2 u 0 0 0 0 2 u 0 0 2 0 0 0 0 0 
2 2 0 u 0 u 2 2 0 0 2 u d u u 0 2 u 0 0 0 0 2 0 0 0 2 u 0 0 0 0 
2 2 u 2 u 0 d u 0 0 2 2 0 u u 0 2 0 0 0 0 0 2 u 0 0 2 0 0 0 u 0 
2 2 u 2 u 0 2 2 0 u d u 0 0 u 0 2 0 0 0 0 0 2 0 0 0 2 u 0 0 u 0 
2 2 0 u 0 0 2 2 0 0 2 2 u 0 u u 2 0 0 0 0 0 2 0 0 0 2 u 0 0 u 0 
2 2 0 u 0 0 2 2 u 0 2 2 0 0 u u 2 0 0 0 0 0 2 u 0 0 2 0 0 0 u 0 
2 2 u u 0 0 2 2 0 0 2 u d u u 0 d 0 0 0 u 0 2 u 0 0 2 0 0 0 u 0 
2 2 u u 0 0 2 u d u 2 2 0 0 u 0 d 0 0 0 u 0 2 0 0 0 2 u 0 0 u 0 
2 2 u u 0 0 2 2 0 u 2 u d 0 u 0 d 0 0 0 u 0 2 0 0 0 2 u 0 0 u 0 
2 2 u u 0 0 2 u d 0 2 2 0 u u 0 d 0 0 0 u 0 2 u 0 0 2 0 0 0 u 0 
2 2 0 u u 0 2 2 0 0 2 2 u 0 u 0 2 0 0 0 0 0 2 u 0 0 2 0 0 0 u 0 
2 2 0 u u 0 2 2 u 0 2 2 0 0 u 0 2 0 0 0 0 0 2 0 0 0 2 u 0 0 u 0 
2 2 0 0 u 0 2 2 0 0 2 2 0 u 0 0 2 0 u u 0 0 2 0 0 0 2 u 0 0 u 0 
2 2 0 0 u 0 2 2 0 u 2 2 0 0 0 0 2 0 u u 0 0 2 u 0 0 2 0 0 0 u 0 
2 2 u u 0 d 2 2 0 u 2 u 0 0 u 0 2 0 0 0 0 0 d 0 0 0 2 u 0 0 u u 
2 2 u u 0 d 2 u 0 0 2 2 0 u u 0 2 0 0 0 0 0 2 u 0 0 d 0 0 0 u u 
2 2 u u 0 d 2 2 0 0 2 u 0 u u 0 2 0 0 0 0 0 d u 0 0 2 0 0 0 u u 
2 2 u u 0 d 2 u 0 u 2 2 0 0 u 0 2 0 0 0 0 0 2 0 0 0 d u 0 0 u u 
2 u 2 u 0 0 2 2 0 0 2 2 0 u u 0 2 u 0 0 0 0 2 0 0 0 2 u 0 0 0 0 
2 u 2 u 0 0 2 2 0 u 2 2 0 0 u 0 2 u 0 0 0 0 2 u 0 0 2 0 0 0 0 0 
2 2 u u 0 0 2 2 0 0 d 2 u u u 0 2 0 0 0 0 0 2 u 0 0 2 0 0 0 u 0 
2 2 u u 0 0 d 2 u u 2 2 0 0 u 0 2 0 0 0 0 0 2 0 0 0 2 u 0 0 u 0 
2 2 u 2 u 0 d u 0 u 2 2 0 0 u 0 2 0 0 0 0 0 2 0 0 0 2 u 0 0 u 0 
2 2 u 2 u 0 2 2 0 0 d u 0 u u 0 2 0 0 0 0 0 2 u 0 0 2 0 0 0 u 0 
d 2 u 0 u u 2 2 0 0 2 2 0 u u 0 2 0 0 0 0 0 2 u 0 0 2 0 0 0 u 0 
d 2 u 0 u u 2 2 0 u 2 2 0 0 u 0 2 0 0 0 0 0 2 0 0 0 2 u 0 0 u 0 
2 2 u u 0 0 2 2 0 u d 2 u 0 u 0 2 0 0 0 0 0 2 0 0 0 2 u 0 0 u 0 
2 2 u u 0 0 d 2 u 0 2 2 0 u u 0 2 0 0 0 0 0 2 u 0 0 2 0 0 0 u 0 
2 2 u 0 u 0 2 2 0 0 2 d u u u 0 2 u 0 0 0 0 2 0 0 0 2 u 0 0 0 0 
2 2 u 0 u 0 2 d u u 2 2 0 0 u 0 2 u 0 0 0 0 2 u 0 0 2 0 0 0 0 0 
0 2 u u 0 0 2 2 0 0 2 2 0 u u 0 2 0 2 0 0 0 2 u 0 0 2 0 0 0 u 0 
0 2 u u 0 0 2 2 0 u 2 2 0 0 u 0 2 0 2 0 0 0 2 0 0 0 2 u 0 0 u 0 
u 2 u u 0 0 2 2 0 0 2 2 0 u 0 0 2 u 0 0 d 0 2 0 0 0 2 u 0 0 u 0 
u 2 u u 0 0 2 2 0 u 2 2 0 0 0 0 2 u 0 0 d 0 2 u 0 0 2 0 0 0 u 0 
2 2 u 0 u 0 2 2 0 u 2 d u 0 u 0 2 u 0 0 0 0 2 u 0 0 2 0 0 0 0 0 
2 2 u 0 u 0 2 d u 0 2 2 0 u u 0 2 u 0 0 0 0 2 0 0 0 2 u 0 0 0 0 
2 2 u 0 0 0 2 d u 0 2 u 0 u u 0 2 u 0 0 0 0 2 u 0 0 2 0 d 0 u 0 
2 2 u 0 0 0 2 u 0 u 2 d u 0 u 0 2 u 0 0 0 0 2 0 d 0 2 u 0 0 u 0 
2 2 u 0 0 0 2 d u u 2 u 0 0 u 0 2 u 0 0 0 0 2 0 0 0 2 u d 0 u 0 
2 2 u 0 0 0 2 u 0 0 2 d u u u 0 2 u 0 0 0 0 2 u d 0 2 0 0 0 u 0 
2 d u u 0 0 2 d 0 u 2 2 0 0 u 0 2 u 0 0 u 0 2 u u 0 2 0 0 0 0 0 
2 d u u 0 0 2 2 0 0 2 d 0 u u 0 2 u 0 0 u 0 2 0 0 0 2 u u 0 0 0 
2 d u u 0 0 2 d 0 0 2 2 0 u u 0 2 u 0 0 u 0 2 0 u 0 2 u 0 0 0 0 
2 d u u 0 0 2 2 0 u 2 d 0 0 u 0 2 u 0 0 u 0 2 u 0 0 2 0 u 0 0 0 
2 2 u u 0 0 2 2 0 u 2 0 0 0 u 0 2 u 0 0 0 d 2 0 0 0 2 u 0 0 u 0 
2 2 u u 0 0 2 0 0 0 2 2 0 u u 0 2 u 0 0 0 d 2 u 0 0 2 0 0 0 u 0 
2 2 u u 0 0 2 2 0 0 2 0 0 u u 0 2 u 0 0 0 d 2 u 0 0 2 0 0 0 u 0 
2 2 u u 0 0 2 0 0 u 2 2 0 0 u 0 2 u 0 0 0 d 2 0 0 0 2 u 0 0 u 0 
2 2 u 0 0 0 2 2 0 0 2 2 0 0 u 0 2 u 0 u 0 0 2 u u 0 2 0 0 0 0 0 
2 2 u 0 0 0 2 2 0 0 2 2 0 0 u 0 2 u 0 u 0 0 2 0 0 0 2 u u 0 0 0 
2 2 u u 0 0 2 2 0 0 2 2 0 0 0 0 2 u 0 0 0 0 2 u u 0 2 0 0 0 0 u 
2 2 u u 0 0 2 2 0 0 2 2 0 0 0 0 2 u 0 0 0 0 2 0 0 0 2 u u 0 0 u 
2 2 u u 0 0 2 2 0 u 2 2 0 0 0 u 2 0 0 0 0 0 2 0 0 0 2 0 0 u u 0 
2 2 u u 0 0 2 2 0 0 2 2 0 u 0 u 2 0 0 0 0 0 2 0 0 u 2 0 0 0 u 0 
2 2 u 0 0 0 2 2 0 u 2 2 u 0 u 0 2 0 0 0 0 0 2 0 0 u 2 u 0 0 0 0 
2 2 u 0 0 0 2 2 u 0 2 2 0 u u 0 2 0 0 0 0 0 2 u 0 0 2 0 0 u 0 0 
2 2 u u 0 0 2 2 0 u 2 0 d 0 0 0 2 u 0 0 0 0 2 u 0 0 2 0 u 0 u 0 
2 2 u u 0 0 2 0 d 0 2 2 0 u 0 0 2 u 0 0 0 0 2 0 u 0 2 u 0 0 u 0 
2 2 u 0 0 0 2 2 0 0 2 2 u u u 0 2 0 0 0 0 0 2 u 0 u 2 0 0 0 0 0 
2 2 u 0 0 0 2 2 u u 2 2 0 0 u 0 2 0 0 0 0 0 2 0 0 0 2 u 0 u 0 0 
2 2 u u 0 0 2 2 0 0 2 2 0 u u 0 2 0 0 0 0 0 2 u 0 0 0 2 0 0 u 0 
2 2 u u 0 0 2 2 0 u 2 2 0 0 u 0 2 0 0 0 0 0 0 2 0 0 2 u 0 0 u 0 
2 2 u u 0 0 2 2 0 0 2 0 d u 0 0 2 u 0 0 0 0 2 0 0 0 2 u u 0 u 0 
2 2 u u 0 0 2 0 d u 2 2 0 0 0 0 2 u 0 0 0 0 2 u u 0 2 0 0 0 u 0 
2 2 u u 0 u 2 u 0 0 2 2 0 u u 0 d 0 0 0 0 0 2 u d 0 2 0 0 0 u 0 
2 2 u u 0 u 2 2 0 u 2 u 0 0 u 0 d 0 0 0 0 0 2 0 0 0 2 u d 0 u 0 
2 2 u u 0 u 2 u 0 u 2 2 0 0 u 0 d 0 0 0 0 0 2 0 d 0 2 u 0 0 u 0 
2 2 u u 0 u 2 2 0 0 2 u 0 u u 0 d 0 0 0 0 0 2 u 0 0 2 0 d 0 u 0 
u 2 2 u 0 0 2 2 0 0 2 2 0 u u 0 d u u 0 0 0 2 0 0 0 2 u 0 0 0 0 
u 2 2 u 0 0 2 2 0 u 2 2 0 0 u 0 d u u 0 0 0 2 u 0 0 2 0 0 0 0 0 
2 2 u u 0 0 2 2 0 0 2 2 0 u u 0 2 0 0 0 0 0 0 u 0 0 2 2 0 0 u 0 
2 2 u u 0 0 2 2 0 u 2 2 0 0 u 0 2 0 0 0 0 0 2 2 0 0 0 u 0 0 u 0 
2 2 u 0 0 0 2 2 0 0 2 u 0 u u 0 2 d 0 0 0 0 2 u 0 0 2 0 0 u u 0 
2 2 u 0 0 0 2 u 0 u 2 2 0 0 u 0 2 d 0 0 0 0 2 0 0 u 2 u 0 0 u 0 
2 2 2 u u 0 2 2 0 0 2 2 0 u u 0 u 0 0 0 0 0 2 0 0 0 2 u 0 0 0 0 
2 2 2 u u 0 2 2 0 u 2 2 0 0 u 0 u 0 0 0 0 0 2 u 0 0 2 0 0 0 0 0 
2 d u 0 0 0 2 2 0 u 2 2 0 0 0 u 2 u 0 0 u 0 2 0 0 0 2 u 0 0 0 u 
2 d u 0 0 0 2 2 0 0 2 2 0 u 0 u 2 u 0 0 u 0 2 u 0 0 2 0 0 0 0 u 
2 2 u 0 0 0 2 2 0 u 2 u 0 0 u 0 2 d 0 0 0 0 2 0 0 0 2 u 0 u u 0 
2 2 u 0 0 0 2 u 0 0 2 2 0 u u 0 2 d 0 0 0 0 2 u 0 u 2 0 0 0 u 0 
2 2 u u u 0 2 2 0 0 2 2 0 u 0 0 2 0 0 0 0 0 2 0 0 0 2 0 0 u u 0 
2 2 u u u 0 2 2 0 u 2 2 0 0 0 0 2 0 0 0 0 0 2 0 0 u 2 0 0 0 u 0 
2 2 u u 2 0 2 2 0 0 2 2 0 u u 0 2 0 0 0 0 0 u 0 0 0 2 0 0 0 u 0 
2 2 u u 2 0 2 2 0 u 2 2 0 0 u 0 2 0 0 0 0 0 2 0 0 0 u 0 0 0 u 0 
2 0 u u 0 2 2 2 0 0 2 2 0 u u 0 2 u 0 0 0 0 2 0 0 0 2 u 0 0 0 0 
2 0 u u 0 2 2 2 0 u 2 2 0 0 u 0 2 u 0 0 0 0 2 u 0 0 2 0 0 0 0 0 
2 2 u u u 0 2 2 0 0 2 2 0 u u d 2 0 0 0 0 0 2 0 0 0 u 0 0 0 u 0 
2 2 u u u 0 2 2 0 u 2 2 0 0 u d 2 0 0 0 0 0 u 0 0 0 2 0 0 0 u 0 
2 2 u u 0 0 2 2 0 0 2 2 0 0 u u 2 0 0 d 0 0 u u 0 0 2 0 0 0 u 0 
2 2 u u 0 0 2 2 0 0 2 2 0 0 u u 2 0 0 d 0 0 2 0 0 0 u u 0 0 u 0 
2 u u u 0 0 2 d 0 u 2 2 d 0 u u 2 0 0 0 0 0 2 0 0 0 2 u 0 0 u 0 
2 u u u 0 0 2 2 d 0 2 d 0 u u u 2 0 0 0 0 0 2 u 0 0 2 0 0 0 u 0 
2 u u u 0 0 2 2 0 0 2 u 0 u u 0 2 u 0 0 d 0 2 0 0 0 2 u 0 d 0 0 
2 u u u 0 0 2 u 0 u 2 2 0 0 u 0 2 u 0 0 d 0 2 u 0 d 2 0 0 0 0 0 
2 2 u u 0 0 2 2 0 u 2 2 0 0 u 2 2 0 0 0 0 0 2 0 0 0 u 0 0 0 u 0 
2 2 u u 0 0 2 2 0 0 2 2 0 u u 2 2 0 0 0 0 0 u 0 0 0 2 0 0 0 u 0 
2 u u u 0 0 2 2 0 u 2 u 0 0 u 0 2 u 0 0 d 0 2 u 0 0 2 0 0 d 0 0 
2 u u u 0 0 2 u 0 0 2 2 0 u u 0 2 u 0 0 d 0 2 0 0 d 2 u 0 0 0 0 
2 2 u u 0 0 2 2 0 u 2 2 0 0 u 0 2 0 0 0 0 0 u 0 d 0 2 u 0 0 0 u 
2 2 u u 0 0 2 2 0 0 2 2 0 u u 0 2 0 0 0 0 0 2 u 0 0 u 0 d 0 0 u 
2 2 u u 0 0 2 2 0 2 2 2 0 u u 0 2 0 0 0 0 0 2 u 0 0 0 0 0 0 u 0 
2 2 u u 0 0 2 2 0 u 2 2 0 2 u 0 2 0 0 0 0 0 0 0 0 0 2 u 0 0 u 0 
2 2 u u d 0 2 2 0 u 2 2 0 0 u u 2 0 0 0 0 0 u 0 0 0 2 0 0 0 u 0 
2 2 u u d 0 2 2 0 0 2 2 0 u u u 2 0 0 0 0 0 2 0 0 0 u 0 0 0 u 0 
2 2 u u u 0 2 2 0 0 2 2 0 0 u 0 2 0 0 d 0 0 2 u 0 0 u 0 0 0 u 0 
2 2 u u u 0 2 2 0 0 2 2 0 0 u 0 2 0 0 d 0 0 u 0 0 0 2 u 0 0 u 0 
2 2 u u 0 0 2 2 0 2 2 2 0 u u 0 2 0 0 0 0 0 0 u 0 0 2 0 0 0 u 0 
2 2 u u 0 0 2 2 0 u 2 2 0 2 u 0 2 0 0 0 0 0 2 0 0 0 0 u 0 0 u 0 
2 u u u 0 0 2 d 0 0 2 2 d u u u 2 0 0 0 0 0 2 u 0 0 2 0 0 0 u 0 
2 u u u 0 0 2 2 d u 2 d 0 0 u u 2 0 0 0 0 0 2 0 0 0 2 u 0 0 u 0 
2 2 u u 0 0 2 2 0 0 2 2 0 0 u u 2 0 0 0 0 0 2 u 0 0 u 0 0 0 u d 
2 2 u u 0 0 2 2 0 0 2 2 0 0 u u 2 0 0 0 0 0 u 0 0 0 2 u 0 0 u d 
2 2 u u 0 0 2 2 0 0 2 2 0 u u 0 2 0 0 0 0 0 u u d 0 2 0 0 0 0 u 
2 2 u u 0 0 2 2 0 u 2 2 0 0 u 0 2 0 0 0 0 0 2 0 0 0 u u d 0 0 u 
2 2 u u 0 d 2 d 0 u 2 u 0 0 u u 2 u 0 0 0 0 2 u 0 0 2 0 0 0 0 0 
2 2 u u 0 d 2 u 0 0 2 d 0 u u u 2 u 0 0 0 0 2 0 0 0 2 u 0 0 0 0 
2 2 u u 0 u 2 2 0 0 2 d 0 u u 0 2 0 0 d 0 0 2 u 0 0 u 0 0 0 u 0 
2 2 u u 0 u 2 d 0 u 2 2 0 0 u 0 2 0 0 d 0 0 u 0 0 0 2 u 0 0 u 0 
2 d u u 0 0 2 u 0 0 2 2 0 u u 0 2 0 u 0 0 0 2 u d 0 2 0 0 0 u 0 
2 d u u 0 0 2 2 0 u 2 u 0 0 u 0 2 0 u 0 0 0 2 0 0 0 2 u d 0 u 0 
2 d u u 0 0 2 u 0 u 2 2 0 0 u 0 2 0 u 0 0 0 2 0 d 0 2 u 0 0 u 0 
2 d u u 0 0 2 2 0 0 2 u 0 u u 0 2 0 u 0 0 0 2 u 0 0 2 0 d 0 u 0 
2 2 u u 0 0 2 2 0 u 2 u 0 0 2 0 2 0 0 0 0 0 2 0 0 0 2 u 0 u 0 0 
2 2 u u 0 0 2 u 0 0 2 2 0 u 2 0 2 0 0 0 0 0 2 u 0 u 2 0 0 0 0 0 
2 2 u u u 0 2 2 0 0 2 2 0 0 u 0 2 0 0 0 0 0 u u 0 0 2 0 0 0 u d 
2 2 u u u 0 2 2 0 0 2 2 0 0 u 0 2 0 0 0 0 0 2 0 0 0 u u 0 0 u d 
2 2 u u 0 u 2 2 0 u 2 d 0 0 u 0 2 0 0 d 0 0 2 0 0 0 u u 0 0 u 0 
2 2 u u 0 u 2 d 0 0 2 2 0 u u 0 2 0 0 d 0 0 u u 0 0 2 0 0 0 u 0 
2 2 u u 0 0 2 2 0 0 2 u 0 u 2 0 2 0 0 0 0 0 2 u 0 0 2 0 0 u 0 0 
2 2 u u 0 0 2 u 0 u 2 2 0 0 2 0 2 0 0 0 0 0 2 0 0 u 2 u 0 0 0 0 
2 2 u u 0 0 d 2 0 u 2 2 0 u u 0 2 0 0 0 0 0 u 2 0 0 2 0 0 0 u 0 
2 2 u u 0 0 2 2 0 u d 2 0 u u 0 2 0 0 0 0 0 2 0 0 0 u 2 0 0 u 0 
2 2 u u 0 0 2 2 0 0 u 2 0 2 u 0 2 0 0 0 0 0 2 u 0 0 d u 0 0 u 0 
2 2 u u 0 0 u 2 0 2 2 2 0 0 u 0 2 0 0 0 0 0 d u 0 0 2 u 0 0 u 0 
2 2 u u 0 0 u 2 0 0 2 2 0 2 u 0 2 0 0 0 0 0 d u 0 0 2 u 0 0 u 0 
2 2 u u 0 0 2 2 0 2 u 2 0 0 u 0 2 0 0 0 0 0 2 u 0 0 d u 0 0 u 0 
2 2 u 0 0 d 2 u 0 u 2 2 0 u u 0 2 0 0 0 0 0 2 u 0 0 2 0 0 0 u 0 
2 2 u 0 0 d 2 2 0 u 2 u 0 u u 0 2 0 0 0 0 0 2 0 0 0 2 u 0 0 u 0 
2 2 u 0 0 0 u 2 0 u 2 2 0 0 u 0 2 0 0 d 0 0 2 0 u 0 2 u 0 0 u 0 
2 2 u 0 0 0 2 2 0 0 u 2 0 u u 0 2 0 0 d 0 0 2 u 0 0 2 0 u 0 u 0 
2 2 u 0 0 0 u 2 0 0 2 2 0 u u 0 2 0 0 d 0 0 2 u u 0 2 0 0 0 u 0 
2 2 u 0 0 0 2 2 0 u u 2 0 0 u 0 2 0 0 d 0 0 2 0 0 0 2 u u 0 u 0 
2 2 u u 0 0 2 2 0 u d 2 0 u u 0 2 0 0 0 0 0 2 2 0 0 u 0 0 0 u 0 
2 2 u u 0 0 d 2 0 u 2 2 0 u u 0 2 0 0 0 0 0 u 0 0 0 2 2 0 0 u 0 
2 2 u 0 0 0 2 2 0 0 2 u 0 u 0 u 2 u 0 0 0 0 2 u 0 0 2 0 0 d u 0 
2 2 u 0 0 0 2 u 0 u 2 2 0 0 0 u 2 u 0 0 0 0 2 0 0 d 2 u 0 0 u 0 
2 2 u 0 0 0 2 2 0 u 2 u 0 0 0 u 2 u 0 0 0 0 2 0 0 0 2 u 0 d u 0 
2 2 u 0 0 0 2 u 0 0 2 2 0 u 0 u 2 u 0 0 0 0 2 u 0 d 2 0 0 0 u 0 
2 2 u u 0 d 2 d 0 0 2 u 0 u u u 2 u 0 0 0 0 2 0 0 0 2 u 0 0 0 0 
2 2 u u 0 d 2 u 0 u 2 d 0 0 u u 2 u 0 0 0 0 2 u 0 0 2 0 0 0 0 0 
2 2 u u 0 0 2 2 0 u u d 0 0 u 0 2 u 0 d 0 0 2 0 0 0 2 u 0 0 u 0 
2 2 u u 0 0 u d 0 0 2 2 0 u u 0 2 u 0 d 0 0 2 u 0 0 2 0 0 0 u 0 
2 u u 0 u 0 2 2 0 0 2 2 0 u 0 0 2 u 0 0 0 d 2 0 0 0 2 u 0 0 u 0 
2 u u 0 u 0 2 2 0 u 2 2 0 0 0 0 2 u 0 0 0 d 2 u 0 0 2 0 0 0 u 0 
2 2 u u 0 0 0 2 0 u 2 2 0 0 u 0 2 0 0 0 0 0 2 0 2 0 2 u 0 0 u 0 
2 2 u u 0 0 2 2 0 0 0 2 0 u u 0 2 0 0 0 0 0 2 u 0 0 2 0 2 0 u 0 
2 2 u u 0 0 0 2 0 0 2 2 0 u u 0 2 0 0 0 0 0 2 u 2 0 2 0 0 0 u 0 
2 2 u u 0 0 2 2 0 u 0 2 0 0 u 0 2 0 0 0 0 0 2 0 0 0 2 u 2 0 u 0 
2 2 u u 0 0 2 2 0 u 2 u 0 0 u u 2 0 0 0 0 0 2 0 0 0 d u 0 0 2 0 
2 2 u u 0 0 2 u 0 0 2 2 0 u u u 2 0 0 0 0 0 d u 0 0 2 0 0 0 2 0 
2 2 u u 0 0 2 2 0 0 u d 0 u u 0 2 u 0 d 0 0 2 u 0 0 2 0 0 0 u 0 
2 2 u u 0 0 u d 0 u 2 2 0 0 u 0 2 u 0 d 0 0 2 0 0 0 2 u 0 0 u 0 
2 2 u u 0 0 2 2 0 u d u 0 0 u 0 2 0 0 0 0 0 2 0 0 0 2 u 0 2 u 0 
2 2 u u 0 0 d u 0 0 2 2 0 u u 0 2 0 0 0 0 0 2 u 0 2 2 0 0 0 u 0 
2 2 u u 0 u 2 2 0 0 2 d 0 u u 0 2 0 0 0 0 0 u u 0 0 2 0 0 0 u d 
2 2 u u 0 u 2 d 0 u 2 2 0 0 u 0 2 0 0 0 0 0 2 0 0 0 u u 0 0 u d 
2 2 u u 0 0 2 2 0 0 d u 0 u u 0 2 0 0 0 0 0 2 u 0 0 2 0 0 2 u 0 
2 2 u u 0 0 d u 0 u 2 2 0 0 u 0 2 0 0 0 0 0 2 0 0 2 2 u 0 0 u 0 
2 2 u u 0 u 2 2 0 u 2 d 0 0 u 0 2 0 0 0 0 0 u 0 0 0 2 u 0 0 u d 
2 2 u u 0 u 2 d 0 0 2 2 0 u u 0 2 0 0 0 0 0 2 u 0 0 u 0 0 0 u d 
2 2 u u 0 d d 2 0 0 2 u 0 u u u 2 0 0 0 0 0 2 u 0 0 2 0 0 0 u 0 
2 2 u u 0 d 2 u 0 u d 2 0 0 u u 2 0 0 0 0 0 2 0 0 0 2 u 0 0 u 0 
2 2 u u 0 0 2 2 0 u 2 0 u 0 0 0 2 u 0 0 0 0 2 u 0 0 2 0 d 0 u 0 
2 2 u u 0 0 2 0 u 0 2 2 0 u 0 0 2 u 0 0 0 0 2 0 d 0 2 u 0 0 u 0 
2 2 u u 0 0 2 2 0 0 2 2 0 u u 0 2 0 0 0 0 0 2 u 0 0 0 0 0 2 u 0 
2 2 u u 0 0 2 2 0 u 2 2 0 0 u 0 2 0 0 0 0 0 0 0 0 2 2 u 0 0 u 0 
2 2 u u 0 0 2 2 0 0 2 0 u u 0 0 2 u 0 0 0 0 2 0 0 0 2 u d 0 u 0 
2 2 u u 0 0 2 0 u u 2 2 0 0 0 0 2 u 0 0 0 0 2 u d 0 2 0 0 0 u 0 
2 2 u u 0 0 2 2 0 u 2 2 0 0 u 0 2 0 0 0 0 0 2 0 0 0 0 u 0 2 u 0 
2 2 u u 0 0 2 2 0 0 2 2 0 u u 0 2 0 0 0 0 0 0 u 0 2 2 0 0 0 u 0 
2 2 u u 0 d 2 u 0 0 d 2 0 u u u 2 0 0 0 0 0 2 u 0 0 2 0 0 0 u 0 
2 2 u u 0 d d 2 0 u 2 u 0 0 u u 2 0 0 0 0 0 2 0 0 0 2 u 0 0 u 0 
2 2 u u 0 0 2 2 0 0 2 2 0 u u 0 u 0 0 0 0 0 2 u d 0 d 0 0 0 u u 
2 2 u u 0 0 2 2 0 u 2 2 0 0 u 0 u 0 0 0 0 0 d 0 0 0 2 u d 0 u u 
2 2 u u u u 2 2 0 0 2 2 0 u u 0 d 0 0 0 0 0 2 0 0 0 2 u 0 0 0 0 
2 2 u u u u 2 2 0 u 2 2 0 0 u 0 d 0 0 0 0 0 2 u 0 0 2 0 0 0 0 0 
2 2 0 u 0 0 2 0 0 0 2 2 0 u 0 0 2 u u 0 0 0 2 0 2 0 2 u 0 0 u 0 
2 2 0 u 0 0 2 2 0 u 2 0 0 0 0 0 2 u u 0 0 0 2 u 0 0 2 0 2 0 u 0 
2 2 0 u 0 0 2 0 0 u 2 2 0 0 0 0 2 u u 0 0 0 2 u 2 0 2 0 0 0 u 0 
2 2 0 u 0 0 2 2 0 0 2 0 0 u 0 0 2 u u 0 0 0 2 0 0 0 2 u 2 0 u 0 
2 2 u u 0 0 2 2 0 u 2 2 0 0 u 0 u 0 0 0 0 0 2 0 d 0 d u 0 0 u u 
2 2 u u 0 0 2 2 0 0 2 2 0 u u 0 u 0 0 0 0 0 d u 0 0 2 0 d 0 u u 
2 2 u 0 0 0 2 u 0 0 2 2 0 u u 0 2 2 0 0 0 0 2 0 u 0 2 u 0 0 0 0 
2 2 u 0 0 0 2 2 0 u 2 u 0 0 u 0 2 2 0 0 0 0 2 u 0 0 2 0 u 0 0 0 
2 2 u u 0 d 2 2 0 0 2 u 0 u u 0 2 0 0 d 0 0 2 u 0 0 u 0 0 0 u 0 
2 2 u u 0 d 2 u 0 u 2 2 0 0 u 0 2 0 0 d 0 0 u 0 0 0 2 u 0 0 u 0 
2 2 u u 0 0 2 2 0 0 2 u 0 u u u 2 0 0 0 0 0 2 u 0 0 d 0 0 0 2 0 
2 2 u u 0 0 2 u 0 u 2 2 0 0 u u 2 0 0 0 0 0 d 0 0 0 2 u 0 0 2 0 
2 2 u 0 0 0 2 u 0 u 2 2 0 0 u 0 2 2 0 0 0 0 2 u u 0 2 0 0 0 0 0 
2 2 u 0 0 0 2 2 0 0 2 u 0 u u 0 2 2 0 0 0 0 2 0 0 0 2 u u 0 0 0 
2 2 u u 0 d 2 u 0 0 2 2 0 u u 0 2 0 0 d 0 0 u u 0 0 2 0 0 0 u 0 
2 2 u u 0 d 2 2 0 u 2 u 0 0 u 0 2 0 0 d 0 0 2 0 0 0 u u 0 0 u 0 
2 u u u 0 0 2 d 0 u 2 2 0 0 u 0 2 u 0 0 0 d 2 u u 0 2 0 0 0 0 0 
2 u u u 0 0 2 2 0 0 2 d 0 u u 0 2 u 0 0 0 d 2 0 0 0 2 u u 0 0 0 
2 u u u 0 0 2 d 0 0 2 2 0 u u 0 2 u 0 0 0 d 2 0 u 0 2 u 0 0 0 0 
2 u u u 0 0 2 2 0 u 2 d 0 0 u 0 2 u 0 0 0 d 2 u 0 0 2 0 u 0 0 0 
2 2 u u u 0 2 2 0 0 2 u 0 u u 0 2 d 0 0 0 0 2 u 0 0 d 0 0 0 u 0 
2 2 u u u 0 2 u 0 u 2 2 0 0 u 0 2 d 0 0 0 0 d 0 0 0 2 u 0 0 u 0 
2 2 u u 0 0 2 2 0 0 2 u 0 u u d 2 0 0 0 0 0 2 u 0 0 2 0 0 u 0 0 
2 2 u u 0 0 2 u 0 u 2 2 0 0 u d 2 0 0 0 0 0 2 0 0 u 2 u 0 0 0 0 
2 2 u u 0 0 u 2 0 u 2 2 0 u u 0 2 0 0 0 0 0 d 2 0 0 2 0 0 0 u 0 
2 2 u u 0 0 2 2 0 u u 2 0 u u 0 2 0 0 0 0 0 2 0 0 0 d 2 0 0 u 0 
u 2 u 0 0 0 2 2 0 0 2 2 0 u u 0 2 0 0 0 0 0 2 u 2 0 2 0 0 0 u 0 
u 2 u 0 0 0 2 2 0 u 2 2 0 0 u 0 2 0 0 0 0 0 2 0 0 0 2 u 2 0 u 0 
u 2 u 0 0 0 2 2 0 u 2 2 0 0 u 0 2 0 0 0 0 0 2 0 2 0 2 u 0 0 u 0 
u 2 u 0 0 0 2 2 0 0 2 2 0 u u 0 2 0 0 0 0 0 2 u 0 0 2 0 2 0 u 0 
2 2 u u 0 0 2 2 0 u u 2 0 u u 0 2 0 0 0 0 0 2 2 0 0 d 0 0 0 u 0 
2 2 u u 0 0 u 2 0 u 2 2 0 u u 0 2 0 0 0 0 0 d 0 0 0 2 2 0 0 u 0 
2 0 u 2 u 0 2 2 0 0 2 2 0 u u 0 2 0 0 0 0 0 2 u 0 0 2 0 0 0 u 0 
2 0 u 2 u 0 2 2 0 u 2 2 0 0 u 0 2 0 0 0 0 0 2 0 0 0 2 u 0 0 u 0 
2 2 u u 0 0 d 2 0 0 2 2 0 2 u 0 2 0 0 0 0 0 u u 0 0 2 u 0 0 u 0 
2 2 u u 0 0 2 2 0 2 d 2 0 0 u 0 2 0 0 0 0 0 2 u 0 0 u u 0 0 u 0 
2 2 u u 0 0 2 2 0 u 2 u 0 0 u d 2 0 0 0 0 0 2 0 0 0 2 u 0 u 0 0 
2 2 u u 0 0 2 u 0 0 2 2 0 u u d 2 0 0 0 0 0 2 u 0 u 2 0 0 0 0 0 
2 2 0 u d 0 2 2 0 u 2 2 0 0 u 0 2 0 0 0 0 0 2 0 0 0 u u 0 u u 0 
2 2 0 u d 0 2 2 0 0 2 2 0 u u 0 2 0 0 0 0 0 u u 0 u 2 0 0 0 u 0 
2 2 u u 0 0 2 2 0 0 d 2 0 2 u 0 2 0 0 0 0 0 2 u 0 0 u u 0 0 u 0 
2 2 u u 0 0 d 2 0 2 2 2 0 0 u 0 2 0 0 0 0 0 u u 0 0 2 u 0 0 u 0 
d 2 0 u 0 0 2 2 0 0 2 2 0 u u 0 2 0 u 0 u 0 2 u 0 0 2 0 0 0 u 0 
d 2 0 u 0 0 2 2 0 u 2 2 0 0 u 0 2 0 u 0 u 0 2 0 0 0 2 u 0 0 u 0 
2 2 u u 0 0 2 2 0 0 2 2 0 u u 0 d 0 0 d 0 0 u u u 0 2 0 0 0 u 0 
2 2 u u 0 0 2 2 0 u 2 2 0 0 u 0 d 0 0 d 0 0 2 0 0 0 u u u 0 u 0 
2 2 u u 0 0 2 2 0 0 2 2 0 u u 0 2 u 0 d 0 0 u 0 0 0 u u 0 0 0 d 
2 2 u u 0 0 2 2 0 u 2 2 0 0 u 0 2 u 0 d 0 0 u u 0 0 u 0 0 0 0 d 
2 2 u u 0 0 2 2 0 u 2 2 0 0 u 0 d 0 0 d 0 0 u 0 u 0 2 u 0 0 u 0 
2 2 u u 0 0 2 2 0 0 2 2 0 u u 0 d 0 0 d 0 0 2 u 0 0 u 0 u 0 u 0 
2 2 0 u 0 0 2 2 0 u 2 2 0 0 u d 2 0 0 0 0 0 u 0 0 0 2 u 0 u u 0 
2 2 0 u 0 0 2 2 0 0 2 2 0 u u d 2 0 0 0 0 0 2 u 0 u u 0 0 0 u 0 
2 2 0 u d 0 2 2 0 0 2 2 0 u u 0 2 0 0 0 0 0 2 u 0 0 u 0 0 u u 0 
2 2 0 u d 0 2 2 0 u 2 2 0 0 u 0 2 0 0 0 0 0 u 0 0 u 2 u 0 0 u 0 
2 2 u u d 0 u 2 0 0 2 2 0 u u 0 2 0 0 u 0 0 2 0 0 0 2 0 0 0 u 0 
2 2 u u d 0 2 2 0 u u 2 0 0 u 0 2 0 0 u 0 0 2 0 0 0 2 0 0 0 u 0 
2 2 u u 0 d 2 2 0 0 2 u 0 u u 0 2 u 0 u 0 0 2 0 0 0 2 0 0 0 0 0 
2 2 u u 0 d 2 u 0 u 2 2 0 0 u 0 2 u 0 u 0 0 2 0 0 0 2 0 0 0 0 0 
2 2 u u u 0 2 2 0 u 2 u 0 0 u 0 2 d 0 0 0 0 2 0 0 0 d u 0 0 u 0 
2 2 u u u 0 2 u 0 0 2 2 0 u u 0 2 d 0 0 0 0 d u 0 0 2 0 0 0 u 0 
2 2 0 u 0 0 2 2 0 u u 2 0 0 u 0 2 0 0 0 u 0 2 0 0 0 2 u 0 d u 0 
2 2 0 u 0 0 u 2 0 0 2 2 0 u u 0 2 0 0 0 u 0 2 u 0 d 2 0 0 0 u 0 
2 2 0 u 0 0 2 2 0 0 u 2 0 u u 0 2 0 0 0 u 0 2 u 0 0 2 0 0 d u 0 
2 2 0 u 0 0 u 2 0 u 2 2 0 0 u 0 2 0 0 0 u 0 2 0 0 d 2 u 0 0 u 0 
u 2 2 u 0 0 2 2 0 u 2 2 0 0 u 0 2 0 0 0 0 0 d 0 u 0 2 u 0 0 u 0 
u 2 2 u 0 0 2 2 0 0 2 2 0 u u 0 2 0 0 0 0 0 2 u 0 0 d 0 u 0 u 0 
u 2 2 u 0 0 2 2 0 0 2 2 0 u u 0 2 0 0 0 0 0 d u u 0 2 0 0 0 u 0 
u 2 2 u 0 0 2 2 0 u 2 2 0 0 u 0 2 0 0 0 0 0 2 0 0 0 d u u 0 u 0 
2 2 0 u 0 0 2 2 0 0 2 2 0 u u d 2 0 0 0 0 0 u u 0 0 2 0 0 u u 0 
2 2 0 u 0 0 2 2 0 u 2 2 0 0 u d 2 0 0 0 0 0 2 0 0 u u u 0 0 u 0 
2 u 0 0 u 0 2 2 0 0 2 2 0 u u 0 2 0 0 0 2 0 2 u 0 0 2 0 0 0 u 0 
2 u 0 0 u 0 2 2 0 u 2 2 0 0 u 0 2 0 0 0 2 0 2 0 0 0 2 u 0 0 u 0 
2 2 u u u d 2 2 0 0 2 2 0 u u 0 u 0 0 0 0 0 2 0 0 0 2 u 0 0 0 0 
2 2 u u u d 2 2 0 u 2 2 0 0 u 0 u 0 0 0 0 0 2 u 0 0 2 0 0 0 0 0 
2 u u 0 d u 2 2 0 0 2 2 0 u u 0 2 0 0 0 0 0 2 u 0 0 2 0 0 0 u 0 
2 u u 0 d u 2 2 0 u 2 2 0 0 u 0 2 0 0 0 0 0 2 0 0 0 2 u 0 0 u 0 
2 2 u u 0 0 2 2 0 2 0 2 0 u u 0 2 0 0 0 0 0 2 u 0 0 2 0 0 0 u 0 
2 2 u u 0 0 0 2 0 u 2 2 0 2 u 0 2 0 0 0 0 0 2 0 0 0 2 u 0 0 u 0 
2 2 u u 0 0 0 2 0 2 2 2 0 u u 0 2 0 0 0 0 0 2 u 0 0 2 0 0 0 u 0 
2 2 u u 0 0 2 2 0 u 0 2 0 2 u 0 2 0 0 0 0 0 2 0 0 0 2 u 0 0 u 0 
2 d u u 0 0 2 d 0 0 2 2 0 u u 0 2 0 u 0 0 0 2 u u 0 2 0 0 0 u 0 
2 d u u 0 0 2 2 0 u 2 d 0 0 u 0 2 0 u 0 0 0 2 0 0 0 2 u u 0 u 0 
2 2 u u 0 d 2 2 0 0 2 u 0 u u 0 2 0 0 0 0 0 u u 0 0 2 0 0 0 u d 
2 2 u u 0 d 2 u 0 u 2 2 0 0 u 0 2 0 0 0 0 0 2 0 0 0 u u 0 0 u d 
2 d u u 0 0 2 d 0 u 2 2 0 0 u 0 2 0 u 0 0 0 2 0 u 0 2 u 0 0 u 0 
2 d u u 0 0 2 2 0 0 2 d 0 u u 0 2 0 u 0 0 0 2 u 0 0 2 0 u 0 u 0 
2 2 u u 0 0 2 2 0 0 2 2 0 u u 0 u 0 0 u 0 0 d u d 0 2 0 0 0 u 0 
2 2 u u 0 0 2 2 0 u 2 2 0 0 u 0 u 0 0 u 0 0 2 0 0 0 d u d 0 u 0 
2 2 u u 0 0 2 2 0 u 2 0 0 0 u 0 2 u 0 0 0 0 2 u 0 0 2 0 d u 0 0 
2 2 u u 0 0 2 0 0 0 2 2 0 u u 0 2 u 0 0 0 0 2 0 d u 2 u 0 0 0 0 
2 2 u u 0 0 2 2 0 0 u 2 0 u u d 2 0 0 u 0 0 2 0 0 0 2 0 0 0 u 0 
2 2 u u 0 0 u 2 0 u 2 2 0 0 u d 2 0 0 u 0 0 2 0 0 0 2 0 0 0 u 0 
2 2 u u 0 d 2 u 0 0 2 2 0 u u 0 2 0 0 0 0 0 2 u 0 0 u 0 0 0 u d 
2 2 u u 0 d 2 2 0 u 2 u 0 0 u 0 2 0 0 0 0 0 u 0 0 0 2 u 0 0 u d 
2 2 u u 0 0 2 2 0 0 2 0 0 u u 0 2 u 0 0 0 0 2 0 0 0 2 u d u 0 0 
2 2 u u 0 0 2 0 0 u 2 2 0 0 u 0 2 u 0 0 0 0 2 u d u 2 0 0 0 0 0 
2 2 u 0 u 0 2 2 0 0 2 2 0 u u 0 2 0 0 0 0 0 u u d 0 2 0 0 0 u 0 
2 2 u 0 u 0 2 2 0 u 2 2 0 0 u 0 2 0 0 0 0 0 2 0 0 0 u u d 0 u 0 
2 2 u u 0 0 2 2 0 0 2 2 0 u u 0 d 0 0 0 0 0 2 u u 0 u 0 0 0 u d 
2 2 u u 0 0 2 2 0 u 2 2 0 0 u 0 d 0 0 0 0 0 u 0 0 0 2 u u 0 u d 
2 2 u u 0 0 2 2 0 u 2 2 0 0 u 0 d 0 0 0 0 0 2 0 u 0 u u 0 0 u d 
2 2 u u 0 0 2 2 0 0 2 2 0 u u 0 d 0 0 0 0 0 u u 0 0 2 0 u 0 u d 
2 2 u u 0 0 2 2 0 u 2 2 0 0 u 0 u 0 0 u 0 0 d 0 d 0 2 u 0 0 u 0 
2 2 u u 0 0 2 2 0 0 2 2 0 u u 0 u 0 0 u 0 0 2 u 0 0 d 0 d 0 u 0 
2 2 0 0 0 0 2 2 0 u 2 2 0 0 u 0 2 0 0 u 0 u 2 0 0 0 2 u 0 0 u 0 
2 2 0 0 0 0 2 2 0 0 2 2 0 u u 0 2 0 0 u 0 u 2 u 0 0 2 0 0 0 u 0 
2 2 u u 0 0 2 2 0 0 u d 0 u u 0 2 0 0 0 0 0 2 u 0 0 2 0 0 2 u 0 
2 2 u u 0 0 u d 0 u 2 2 0 0 u 0 2 0 0 0 0 0 2 0 0 2 2 u 0 0 u 0 
2 u u u u 0 2 d d u 2 2 0 0 u 0 2 0 0 0 0 0 2 0 0 0 2 u 0 0 u 0 
2 u u u u 0 2 2 0 0 2 d d u u 0 2 0 0 0 0 0 2 u 0 0 2 0 0 0 u 0 
2 2 u u 0 0 2 2 0 u u d 0 0 u 0 2 0 0 0 0 0 2 0 0 0 2 u 0 2 u 0 
2 2 u u 0 0 u d 0 0 2 2 0 u u 0 2 0 0 0 0 0 2 u 0 2 2 0 0 0 u 0 
2 u u u u 0 2 d d 0 2 2 0 u u 0 2 0 0 0 0 0 2 u 0 0 2 0 0 0 u 0 
2 u u u u 0 2 2 0 u 2 d d 0 u 0 2 0 0 0 0 0 2 0 0 0 2 u 0 0 u 0 
2 u 0 u 0 0 2 2 0 u 2 2 0 0 0 u 2 0 u 0 d 0 2 0 0 0 2 u 0 0 u 0 
2 u 0 u 0 0 2 2 0 0 2 2 0 u 0 u 2 0 u 0 d 0 2 u 0 0 2 0 0 0 u 0 
2 2 u u 0 0 2 2 0 0 u 2 0 0 u 0 2 0 0 2 0 0 2 u 0 0 2 0 0 0 u 0 
2 2 u u 0 0 u 2 0 0 2 2 0 0 u 0 2 0 0 2 0 0 2 0 0 0 2 u 0 0 u 0 
2 2 u u 0 0 2 u 0 0 2 2 0 u 0 0 2 0 0 0 0 0 2 u 0 d 2 0 0 0 u u 
2 2 u u 0 0 2 2 0 u 2 u 0 0 0 0 2 0 0 0 0 0 2 0 0 0 2 u 0 d u u 
2 2 u 0 u 0 2 2 0 u 2 2 0 0 u 0 2 0 0 0 0 0 u 0 d 0 2 u 0 0 u 0 
2 2 u 0 u 0 2 2 0 0 2 2 0 u u 0 2 0 0 0 0 0 2 u 0 0 u 0 d 0 u 0 
2 2 u u 0 0 2 u 0 u 2 2 0 0 0 0 2 0 0 0 0 0 2 0 0 d 2 u 0 0 u u 
2 2 u u 0 0 2 2 0 0 2 u 0 u 0 0 2 0 0 0 0 0 2 u 0 0 2 0 0 d u u 
2 2 u u 0 0 2 2 0 0 2 2 0 u u 0 0 u 0 0 0 0 2 0 2 0 2 u 0 0 0 0 
2 2 u u 0 0 2 2 0 u 2 2 0 0 u 0 0 u 0 0 0 0 2 u 0 0 2 0 2 0 0 0 
2 2 u u 0 0 2 2 0 u 2 2 0 0 u 0 0 u 0 0 0 0 2 u 2 0 2 0 0 0 0 0 
2 2 u u 0 0 2 2 0 0 2 2 0 u u 0 0 u 0 0 0 0 2 0 0 0 2 u 2 0 0 0 
2 2 u u 0 d 2 u 0 0 2 2 0 u u 0 2 u 0 0 0 0 2 0 0 0 2 0 0 0 0 u 
2 2 u u 0 d 2 2 0 u 2 u 0 0 u 0 2 u 0 0 0 0 2 0 0 0 2 0 0 0 0 u 
2 2 0 u 0 0 2 u 0 0 2 2 u u 2 0 2 u 0 0 0 0 2 0 0 0 2 u 0 0 0 0 
2 2 0 u 0 0 2 2 u u 2 u 0 0 2 0 2 u 0 0 0 0 2 u 0 0 2 0 0 0 0 0 
2 2 0 0 0 0 2 2 0 0 2 u d u u 0 2 0 u u 0 0 2 u 0 0 2 0 0 0 u 0 
2 2 0 0 0 0 2 u d u 2 2 0 0 u 0 2 0 u u 0 0 2 0 0 0 2 u 0 0 u 0 
u 2 u 0 0 0 2 2 0 0 2 2 0 u u 0 2 0 0 u d 0 2 u 0 0 2 0 0 0 u 0 
u 2 u 0 0 0 2 2 0 u 2 2 0 0 u 0 2 0 0 u d 0 2 0 0 0 2 u 0 0 u 0 
2 2 0 u 0 0 2 u 0 u 2 2 u 0 2 0 2 u 0 0 0 0 2 u 0 0 2 0 0 0 0 0 
2 2 0 u 0 0 2 2 u 0 2 u 0 u 2 0 2 u 0 0 0 0 2 0 0 0 2 u 0 0 0 0 
2 2 u u u d 2 0 0 0 2 2 0 u u 0 2 u 0 0 0 0 2 0 0 0 2 u 0 0 0 0 
2 2 u u u d 2 2 0 u 2 0 0 0 u 0 2 u 0 0 0 0 2 u 0 0 2 0 0 0 0 0 
2 2 u 0 0 0 2 2 0 0 u 2 0 u u 0 2 0 0 u 0 0 2 u 0 0 2 0 0 d u 0 
2 2 u 0 0 0 u 2 0 u 2 2 0 0 u 0 2 0 0 u 0 0 2 0 0 d 2 u 0 0 u 0 
2 2 u u 0 0 u 2 0 0 2 2 0 0 u 0 2 0 0 u 0 0 2 u 0 0 2 0 0 0 u d 
2 2 u u 0 0 2 2 0 0 u 2 0 0 u 0 2 0 0 u 0 0 2 0 0 0 2 u 0 0 u d 
2 0 u u 0 0 2 2 0 0 2 2 0 u 0 u 2 u 0 0 2 0 2 0 0 0 2 u 0 0 0 0 
2 0 u u 0 0 2 2 0 u 2 2 0 0 0 u 2 u 0 0 2 0 2 u 0 0 2 0 0 0 0 0 
2 2 0 0 0 0 2 2 0 u 2 u d 0 u 0 2 0 u u 0 0 2 0 0 0 2 u 0 0 u 0 
2 2 0 0 0 0 2 u d 0 2 2 0 u u 0 2 0 u u 0 0 2 u 0 0 2 0 0 0 u 0 
d 2 u 0 0 0 2 2 0 0 2 2 0 u u 0 2 u u 0 0 0 2 u 0 0 2 0 0 0 u 0 
d 2 u 0 0 0 2 2 0 u 2 2 0 0 u 0 2 u u 0 0 0 2 0 0 0 2 u 0 0 u 0 
2 2 u u 0 0 2 2 0 0 2 2 0 u u 0 2 u 0 u 0 0 d 0 0 0 d u 0 0 0 u 
2 2 u u 0 0 2 2 0 u 2 2 0 0 u 0 2 u 0 u 0 0 d u 0 0 d 0 0 0 0 u 
2 2 u u u d 2 0 0 u 2 2 0 0 u 0 2 u 0 0 0 0 2 u 0 0 2 0 0 0 0 0 
2 2 u u u d 2 2 0 0 2 0 0 u u 0 2 u 0 0 0 0 2 0 0 0 2 u 0 0 0 0 
2 2 u 0 0 0 2 2 0 u u 2 0 0 u 0 2 0 0 u 0 0 2 0 0 0 2 u 0 d u 0 
2 2 u 0 0 0 u 2 0 0 2 2 0 u u 0 2 0 0 u 0 0 2 u 0 d 2 0 0 0 u 0 
2 2 u u 0 0 2 2 0 0 2 2 0 u u 0 0 0 0 0 0 0 2 u 0 0 2 0 0 2 u 0 
2 2 u u 0 0 2 2 0 u 2 2 0 0 u 0 0 0 0 0 0 0 2 0 0 2 2 u 0 0 u 0 
2 2 2 u 0 0 2 2 u 0 2 u 0 u 0 0 2 u 0 0 0 0 2 0 0 0 2 u 0 0 0 0 
2 2 2 u 0 0 2 u 0 u 2 2 u 0 0 0 2 u 0 0 0 0 2 u 0 0 2 0 0 0 0 0 
u 2 2 u 0 0 2 2 0 0 2 2 0 u u 0 2 0 0 0 0 0 2 u 0 0 2 0 0 0 0 u 
u 2 2 u 0 0 2 2 0 u 2 2 0 0 u 0 2 0 0 0 0 0 2 0 0 0 2 u 0 0 0 u 
2 2 u u 0 0 2 2 0 u 2 2 0 0 u 0 u 0 d 0 0 0 u 0 d 0 2 u 0 0 u 0 
2 2 u u 0 0 2 2 0 0 2 2 0 u u 0 u 0 d 0 0 0 2 u 0 0 u 0 d 0 u 0 
2 2 u u 0 0 2 2 0 0 2 2 0 u u 0 u 0 d 0 0 0 u u d 0 2 0 0 0 u 0 
2 2 u u 0 0 2 2 0 u 2 2 0 0 u 0 u 0 d 0 0 0 2 0 0 0 u u d 0 u 0 
2 0 u u 0 0 2 2 0 u 2 2 0 0 u 0 2 0 0 0 0 0 2 0 0 0 2 u 0 2 u 0 
2 0 u u 0 0 2 2 0 0 2 2 0 u u 0 2 0 0 0 0 0 2 u 0 2 2 0 0 0 u 0 
2 2 2 u 0 0 2 u 0 0 2 2 u u 0 0 2 u 0 0 0 0 2 0 0 0 2 u 0 0 0 0 
2 2 2 u 0 0 2 2 u u 2 u 0 0 0 0 2 u 0 0 0 0 2 u 0 0 2 0 0 0 0 0 
2 2 d u 0 0 2 2 0 0 2 2 0 u u 0 u 0 0 0 u 0 2 u 0 0 2 0 0 0 u 0 
2 2 d u 0 0 2 2 0 u 2 2 0 0 u 0 u 0 0 0 u 0 2 0 0 0 2 u 0 0 u 0 
2 2 u u 0 0 2 2 0 u 2 2 0 0 u 0 0 0 0 0 0 0 2 0 0 0 2 u 0 2 u 0 
2 2 u u 0 0 2 2 0 0 2 2 0 u u 0 0 0 0 0 0 0 2 u 0 2 2 0 0 0 u 0 
2 0 u u 0 0 2 2 0 0 2 2 0 u u 0 2 0 0 0 0 0 2 u 0 0 2 0 0 2 u 0 
2 0 u u 0 0 2 2 0 u 2 2 0 0 u 0 2 0 0 0 0 0 2 0 0 2 2 u 0 0 u 0 
2 u u u 0 0 2 2 0 0 2 2 0 u 0 0 2 u 0 0 0 d 2 0 0 0 2 u 0 0 0 u 
2 u u u 0 0 2 2 0 u 2 2 0 0 0 0 2 u 0 0 0 d 2 u 0 0 2 0 0 0 0 u 
2 2 u u u d 2 2 0 0 d u 0 u u 0 2 0 0 0 0 0 2 u 0 0 2 0 0 0 u 0 
2 2 u u u d d u 0 u 2 2 0 0 u 0 2 0 0 0 0 0 2 0 0 0 2 u 0 0 u 0 
2 2 u u 0 0 2 2 0 u 2 u 0 0 0 0 2 0 0 0 0 0 2 0 0 0 2 u u 0 u d 
2 2 u u 0 0 2 u 0 0 2 2 0 u 0 0 2 0 0 0 0 0 2 u u 0 2 0 0 0 u d 
2 2 u u 0 0 2 2 0 0 2 u 0 u 0 0 2 0 0 0 0 0 2 u 0 0 2 0 u 0 u d 
2 2 u u 0 0 2 u 0 u 2 2 0 0 0 0 2 0 0 0 0 0 2 0 u 0 2 u 0 0 u d 
u 2 0 u 0 0 2 2 0 0 2 2 0 u u 0 2 u 2 0 0 0 2 0 0 0 2 u 0 0 0 0 
u 2 0 u 0 0 2 2 0 u 2 2 0 0 u 0 2 u 2 0 0 0 2 u 0 0 2 0 0 0 0 0 
2 2 u u 0 0 2 2 0 0 2 u 0 0 u 0 2 0 0 0 0 0 2 u 0 0 2 d u 0 u 0 
2 2 u u 0 0 2 u 0 0 2 2 0 0 u 0 2 0 0 0 0 0 2 d u 0 2 u 0 0 u 0 
2 d u u 0 0 2 2 0 u 2 u 0 0 u 0 2 u 0 0 0 u 2 u 0 0 2 0 0 d 0 0 
2 d u u 0 0 2 u 0 0 2 2 0 u u 0 2 u 0 0 0 u 2 0 0 d 2 u 0 0 0 0 
2 d u u 0 0 2 2 0 0 2 u 0 u u 0 2 u 0 0 0 u 2 0 0 0 2 u 0 d 0 0 
2 d u u 0 0 2 u 0 u 2 2 0 0 u 0 2 u 0 0 0 u 2 u 0 d 2 0 0 0 0 0 
2 2 u u 0 0 2 2 0 0 2 2 0 u u 0 u 0 0 0 d 0 2 u 0 0 2 0 0 0 0 u 
2 2 u u 0 0 2 2 0 u 2 2 0 0 u 0 u 0 0 0 d 0 2 0 0 0 2 u 0 0 0 u 
2 2 u u u d 2 2 0 u d u 0 0 u 0 2 0 0 0 0 0 2 0 0 0 2 u 0 0 u 0 
2 2 u u u d d u 0 0 2 2 0 u u 0 2 0 0 0 0 0 2 u 0 0 2 0 0 0 u 0 
2 2 u u 0 0 2 2 0 0 0 2 0 u u 0 2 0 0 0 0 0 2 u 0 0 2 2 0 0 u 0 
2 2 u u 0 0 0 2 0 u 2 2 0 0 u 0 2 0 0 0 0 0 2 2 0 0 2 u 0 0 u 0 
2 2 u u 0 0 2 d 0 u 2 u 0 0 u 0 2 0 0 0 0 0 2 0 d 0 2 u u 0 u 0 
2 2 u u 0 0 2 u 0 0 2 d 0 u u 0 2 0 0 0 0 0 2 u u 0 2 0 d 0 u 0 
2 2 u u 0 0 2 d 0 0 2 u 0 u u 0 2 0 0 0 0 0 2 u d 0 2 0 u 0 u 0 
2 2 u u 0 0 2 u 0 u 2 d 0 0 u 0 2 0 0 0 0 0 2 0 u 0 2 u d 0 u 0 
2 2 u u 0 0 u 2 0 0 2 2 0 0 u 0 2 0 0 d 0 0 2 u 0 0 2 0 0 0 u u 
2 2 u u 0 0 2 2 0 0 u 2 0 0 u 0 2 0 0 d 0 0 2 0 0 0 2 u 0 0 u u 
2 2 u u 0 0 2 2 0 0 2 u 0 0 u 0 2 0 0 0 0 0 2 d 0 0 2 u u 0 u 0 
2 2 u u 0 0 2 u 0 0 2 2 0 0 u 0 2 0 0 0 0 0 2 u u 0 2 d 0 0 u 0 
2 2 u 0 0 0 2 2 u 0 2 2 u u 0 0 2 u 0 0 0 0 2 0 0 0 2 u 0 0 0 0 
2 2 u 0 0 0 2 2 u u 2 2 u 0 0 0 2 u 0 0 0 0 2 u 0 0 2 0 0 0 0 0 
2 2 u u 0 0 0 2 0 0 2 2 0 u u 0 2 0 0 0 0 0 2 u 0 0 2 2 0 0 u 0 
2 2 u u 0 0 2 2 0 u 0 2 0 0 u 0 2 0 0 0 0 0 2 2 0 0 2 u 0 0 u 0 
2 u u u 0 0 2 2 0 0 2 2 0 u 0 0 2 u d 0 0 0 2 0 0 0 2 u 0 0 u 0 
2 u u u 0 0 2 2 0 u 2 2 0 0 0 0 2 u d 0 0 0 2 u 0 0 2 0 0 0 u 0 
2 2 u u 0 d 2 u 0 u 2 2 0 u 0 0 2 0 0 0 0 0 2 0 0 0 2 u 0 0 u 0 
2 2 u u 0 d 2 2 0 u 2 u 0 u 0 0 2 0 0 0 0 0 2 u 0 0 2 0 0 0 u 0 
2 u u 0 0 0 2 2 0 u 2 2 0 0 0 u 2 u 0 0 0 d 2 0 0 0 2 u 0 0 0 u 
2 u u 0 0 0 2 2 0 0 2 2 0 u 0 u 2 u 0 0 0 d 2 u 0 0 2 0 0 0 0 u 
2 d 0 u 0 0 2 2 0 0 2 2 0 u u 0 2 u u 0 u 0 2 0 0 0 2 u 0 0 0 0 
2 d 0 u 0 0 2 2 0 u 2 2 0 0 u 0 2 u u 0 u 0 2 u 0 0 2 0 0 0 0 0 
2 2 u u d u 2 2 0 0 u d 0 u u 0 2 0 0 0 0 0 2 u 0 0 2 0 0 0 u 0 
2 2 u u d u u d 0 u 2 2 0 0 u 0 2 0 0 0 0 0 2 0 0 0 2 u 0 0 u 0 
2 2 u u 0 0 2 2 0 0 u 2 0 0 u 0 2 0 0 0 0 0 2 u 0 0 2 0 0 0 u 2 
2 2 u u 0 0 u 2 0 0 2 2 0 0 u 0 2 0 0 0 0 0 2 0 0 0 2 u 0 0 u 2 
2 2 u u d u 2 2 0 u u d 0 0 u 0 2 0 0 0 0 0 2 0 0 0 2 u 0 0 u 0 
2 2 u u d u u d 0 0 2 2 0 u u 0 2 0 0 0 0 0 2 u 0 0 2 0 0 0 u 0 
2 2 u u 0 0 2 2 0 0 2 2 0 u u 0 2 u 0 0 0 0 2 0 0 0 0 u 0 0 0 2 
2 2 u u 0 0 2 2 0 u 2 2 0 0 u 0 2 u 0 0 0 0 0 u 0 0 2 0 0 0 0 2 
2 2 0 u 0 0 2 u 0 u 2 2 0 0 u 0 2 0 0 0 0 0 2 0 0 0 2 u 0 u 2 0 
2 2 0 u 0 0 2 2 0 0 2 u 0 u u 0 2 0 0 0 0 0 2 u 0 u 2 0 0 0 2 0 
2 2 u u d 0 2 2 0 0 u 2 0 u u 0 2 0 0 0 0 0 2 0 0 0 2 0 0 0 u u 
2 2 u u d 0 u 2 0 u 2 2 0 0 u 0 2 0 0 0 0 0 2 0 0 0 2 0 0 0 u u 
2 2 u u 0 u 2 d 0 0 2 2 0 u u 0 2 0 0 0 0 0 2 u 0 0 d 0 0 0 u u 
2 2 u u 0 u 2 2 0 u 2 d 0 0 u 0 2 0 0 0 0 0 d 0 0 0 2 u 0 0 u u 
2 2 0 u 0 0 2 2 0 u 2 u 0 0 u 0 2 d 0 0 0 0 2 0 0 0 2 u 0 u u 0 
2 2 0 u 0 0 2 u 0 0 2 2 0 u u 0 2 d 0 0 0 0 2 u 0 u 2 0 0 0 u 0 
2 2 0 u 0 0 2 u 0 0 2 2 0 u u 0 2 0 0 0 0 0 2 u 0 0 2 0 0 u 2 0 
2 2 0 u 0 0 2 2 0 u 2 u 0 0 u 0 2 0 0 0 0 0 2 0 0 u 2 u 0 0 2 0 
2 u u u 0 0 2 2 0 u 2 d 0 0 u 0 2 u 0 0 0 d 2 u 0 0 2 0 0 u 0 0 
2 u u u 0 0 2 d 0 0 2 2 0 u u 0 2 u 0 0 0 d 2 0 0 u 2 u 0 0 0 0 
2 2 u u 0 u 2 2 0 0 2 d 0 u u 0 2 0 0 0 0 0 d u 0 0 2 0 0 0 u u 
2 2 u u 0 u 2 d 0 u 2 2 0 0 u 0 2 0 0 0 0 0 2 0 0 0 d u 0 0 u u 
2 u u u 0 0 2 2 0 0 2 d 0 u u 0 2 u 0 0 0 d 2 0 0 0 2 u 0 u 0 0 
2 u u u 0 0 2 d 0 u 2 2 0 0 u 0 2 u 0 0 0 d 2 u 0 u 2 0 0 0 0 0 
2 2 0 u 0 0 2 2 0 0 u 2 0 u u 0 2 0 0 d 0 0 2 u 0 0 2 0 0 u u 0 
2 2 0 u 0 0 u 2 0 u 2 2 0 0 u 0 2 0 0 d 0 0 2 0 0 u 2 u 0 0 u 0 
2 2 0 u 0 0 2 2 0 0 2 u 0 u u 0 2 d 0 0 0 0 2 u 0 0 2 0 0 u u 0 
2 2 0 u 0 0 2 u 0 u 2 2 0 0 u 0 2 d 0 0 0 0 2 0 0 u 2 u 0 0 u 0 
2 2 0 u 0 0 2 2 0 u u 2 0 0 u 0 2 0 0 d 0 0 2 0 0 0 2 u 0 u u 0 
2 2 0 u 0 0 u 2 0 0 2 2 0 u u 0 2 0 0 d 0 0 2 u 0 u 2 0 0 0 u 0 
2 0 0 u 0 0 2 2 0 u 2 2 0 0 u u 2 0 u 0 2 0 2 0 0 0 2 u 0 0 0 0 
2 0 0 u 0 0 2 2 0 0 2 2 0 u u u 2 0 u 0 2 0 2 u 0 0 2 0 0 0 0 0 
2 2 0 2 0 0 2 2 0 u 2 u u 0 u 0 2 u 0 0 0 0 2 u 0 0 2 0 0 0 0 0 
2 2 0 2 0 0 2 u u 0 2 2 0 u u 0 2 u 0 0 0 0 2 0 0 0 2 u 0 0 0 0 
2 2 0 2 0 0 2 2 0 0 2 u u u u 0 2 u 0 0 0 0 2 0 0 0 2 u 0 0 0 0 
2 2 0 2 0 0 2 u u u 2 2 0 0 u 0 2 u 0 0 0 0 2 u 0 0 2 0 0 0 0 0 
2 2 u u 0 u u 2 0 0 2 d 0 u u d 2 0 0 0 0 0 2 u 0 0 2 0 0 0 u 0 
2 2 u u 0 u 2 d 0 u u 2 0 0 u d 2 0 0 0 0 0 2 0 0 0 2 u 0 0 u 0 
2 2 u u 0 u 2 d 0 0 u 2 0 u u d 2 0 0 0 0 0 2 u 0 0 2 0 0 0 u 0 
2 2 u u 0 u u 2 0 u 2 d 0 0 u d 2 0 0 0 0 0 2 0 0 0 2 u 0 0 u 0 
2 2 0 u 0 0 u 2 0 u 2 2 0 0 u 0 2 0 0 0 0 0 2 0 0 0 2 u 0 u u d 
2 2 0 u 0 0 2 2 0 0 u 2 0 u u 0 2 0 0 0 0 0 2 u 0 u 2 0 0 0 u d 
2 u 2 0 u 0 2 2 0 0 2 2 0 u u 0 2 u 0 0 0 0 2 0 0 0 2 u 0 0 0 0 
2 u 2 0 u 0 2 2 0 u 2 2 0 0 u 0 2 u 0 0 0 0 2 u 0 0 2 0 0 0 0 0 
2 2 u u 0 0 2 2 0 u u 2 0 0 u d 2 0 0 0 0 0 2 0 0 0 2 0 0 0 u u 
2 2 u u 0 0 u 2 0 0 2 2 0 u u d 2 0 0 0 0 0 2 0 0 0 2 0 0 0 u u 
0 2 u u 0 0 2 2 0 0 2 2 0 u u 0 2 0 0 0 0 0 2 u 2 0 2 0 0 0 u 0 
0 2 u u 0 0 2 2 0 u 2 2 0 0 u 0 2 0 0 0 0 0 2 0 0 0 2 u 2 0 u 0 
0 2 u u 0 0 2 2 0 u 2 2 0 0 u 0 2 0 0 0 0 0 2 0 2 0 2 u 0 0 u 0 
0 2 u u 0 0 2 2 0 0 2 2 0 u u 0 2 0 0 0 0 0 2 u 0 0 2 0 2 0 u 0 
2 2 u u 0 0 2 2 0 u 2 u 0 d u 0 2 0 0 0 0 0 2 0 0 0 2 0 u 0 u 0 
2 2 u u 0 0 2 u 0 d 2 2 0 u u 0 2 0 0 0 0 0 2 0 u 0 2 0 0 0 u 0 
2 2 u u 0 0 2 2 0 0 2 2 0 u u 0 2 u 0 0 0 0 0 0 0 0 2 u 0 0 0 2 
2 2 u u 0 0 2 2 0 u 2 2 0 0 u 0 2 u 0 0 0 0 2 u 0 0 0 0 0 0 0 2 
2 u u u 0 0 2 2 d 0 2 2 0 0 u u 2 u 0 0 0 0 2 0 0 0 2 u 0 0 0 0 
2 u u u 0 0 2 2 0 0 2 2 d 0 u u 2 u 0 0 0 0 2 u 0 0 2 0 0 0 0 0 
2 2 u u 0 0 2 2 0 d 2 u 0 u u 0 2 0 0 0 0 0 2 0 0 0 2 0 u 0 u 0 
2 2 u u 0 0 2 u 0 u 2 2 0 d u 0 2 0 0 0 0 0 2 0 u 0 2 0 0 0 u 0 
2 2 0 u 0 0 u 2 0 0 2 2 0 u u 0 2 0 0 0 0 0 2 u 0 0 2 0 0 u u d 
2 2 0 u 0 0 2 2 0 u u 2 0 0 u 0 2 0 0 0 0 0 2 0 0 u 2 u 0 0 u d 
2 2 u u 0 0 2 2 0 u 2 2 0 0 u 0 2 0 0 0 0 0 u 0 u 0 2 u 0 0 0 d 
2 2 u u 0 0 2 2 0 0 2 2 0 u u 0 2 0 0 0 0 0 2 u 0 0 u 0 u 0 0 d 
2 2 u u 0 0 2 2 0 0 2 2 0 u u 0 2 0 0 0 0 0 u u u 0 2 0 0 0 0 d 
2 2 u u 0 0 2 2 0 u 2 2 0 0 u 0 2 0 0 0 0 0 2 0 0 0 u u u 0 0 d 
2 2 u u 0 0 2 2 0 0 2 2 0 u u 0 2 2 0 0 0 0 0 u 0 0 2 0 0 0 u 0 
2 2 u u 0 0 2 2 0 u 2 2 0 0 u 0 2 2 0 0 0 0 2 0 0 0 0 u 0 0 u 0 
2 2 u u 0 u 2 d 0 0 2 2 0 u u 0 2 0 0 u 0 0 d u 0 0 2 0 0 0 u 0 
2 2 u u 0 u 2 2 0 u 2 d 0 0 u 0 2 0 0 u 0 0 2 0 0 0 d u 0 0 u 0 
2 2 u u d 0 u 2 0 0 u 2 0 u u d 2 u 0 0 0 0 2 0 0 0 2 u 0 0 0 0 
2 2 u u d 0 u 2 0 u u 2 0 0 u d 2 u 0 0 0 0 2 u 0 0 2 0 0 0 0 0 
2 2 u u 0 0 2 2 0 0 2 2 0 u u 0 2 2 0 0 0 0 2 u 0 0 0 0 0 0 u 0 
2 2 u u 0 0 2 2 0 u 2 2 0 0 u 0 2 2 0 0 0 0 0 0 0 0 2 u 0 0 u 0 
2 2 u u 0 u 2 2 0 0 2 d 0 u u 0 2 0 0 u 0 0 2 u 0 0 d 0 0 0 u 0 
2 2 u u 0 u 2 d 0 u 2 2 0 0 u 0 2 0 0 u 0 0 d 0 0 0 2 u 0 0 u 0 
2 u u u 0 0 2 u 0 u 2 2 0 0 u 0 2 0 0 0 0 d 2 0 d 0 2 u 0 0 u 0 
2 u u u 0 0 2 2 0 0 2 u 0 u u 0 2 0 0 0 0 d 2 u 0 0 2 0 d 0 u 0 
2 u u u 0 0 2 u 0 0 2 2 0 u u 0 2 0 0 0 0 d 2 u d 0 2 0 0 0 u 0 
2 u u u 0 0 2 2 0 u 2 u 0 0 u 0 2 0 0 0 0 d 2 0 0 0 2 u d 0 u 0 
2 2 u u 0 0 2 2 0 0 2 2 0 u u 0 2 u 0 2 0 0 0 0 0 0 2 u 0 0 0 0 
2 2 u u 0 0 2 2 0 u 2 2 0 0 u 0 2 u 0 2 0 0 2 u 0 0 0 0 0 0 0 0 
2 2 u u 0 0 2 2 0 0 2 u 0 0 u 0 2 2 0 0 0 0 2 u 0 0 2 0 0 0 0 u 
2 2 u u 0 0 2 u 0 0 2 2 0 0 u 0 2 2 0 0 0 0 2 0 0 0 2 u 0 0 0 u 
2 2 u u 0 0 2 2 0 0 2 2 0 u 0 u 2 0 0 u 0 0 2 0 0 0 2 u 0 0 0 0 
2 2 u u 0 0 2 2 0 u 2 2 0 0 0 u 2 0 0 u 0 0 2 u 0 0 2 0 0 0 0 0 
2 2 u 0 0 0 2 d 0 u 2 2 0 0 0 u 2 0 0 u 0 0 2 0 u 0 2 u 0 0 u 0 
2 2 u 0 0 0 2 2 0 0 2 d 0 u 0 u 2 0 0 u 0 0 2 u 0 0 2 0 u 0 u 0 
2 2 u u 0 0 2 2 0 0 2 2 0 u u 0 0 u 2 0 0 0 2 0 0 0 2 u 0 0 0 0 
2 2 u u 0 0 2 2 0 u 2 2 0 0 u 0 0 u 2 0 0 0 2 u 0 0 2 0 0 0 0 0 
2 2 u u 0 0 2 2 0 0 2 u 0 0 u 0 2 2 0 u 0 0 2 0 0 0 2 u 0 0 0 0 
2 2 u u 0 0 2 u 0 0 2 2 0 0 u 0 2 2 0 u 0 0 2 u 0 0 2 0 0 0 0 0 
2 2 u 0 0 0 2 2 0 0 2 0 d u u 0 2 0 0 u 0 0 2 u 0 0 2 0 u 0 u 0 
2 2 u 0 0 0 2 0 d u 2 2 0 0 u 0 2 0 0 u 0 0 2 0 u 0 2 u 0 0 u 0 
2 2 u 0 0 0 2 d 0 0 2 2 0 u 0 u 2 0 0 u 0 0 2 u u 0 2 0 0 0 u 0 
2 2 u 0 0 0 2 2 0 u 2 d 0 0 0 u 2 0 0 u 0 0 2 0 0 0 2 u u 0 u 0 
2 2 u u 0 0 2 2 0 u 2 0 0 0 u 0 2 0 0 0 2 0 2 0 0 0 2 u 0 0 u 0 
2 2 u u 0 0 2 0 0 0 2 2 0 u u 0 2 0 0 0 2 0 2 u 0 0 2 0 0 0 u 0 
2 2 u u 0 0 2 2 0 0 2 0 0 u u 0 2 0 0 0 2 0 2 u 0 0 2 0 0 0 u 0 
2 2 u u 0 0 2 0 0 u 2 2 0 0 u 0 2 0 0 0 2 0 2 0 0 0 2 u 0 0 u 0 
2 2 u 0 0 0 2 2 0 u 2 0 d 0 u 0 2 0 0 u 0 0 2 0 0 0 2 u u 0 u 0 
2 2 u 0 0 0 2 0 d 0 2 2 0 u u 0 2 0 0 u 0 0 2 u u 0 2 0 0 0 u 0 
2 2 u u 0 0 2 2 0 0 2 2 0 u u 0 2 u 0 2 0 0 2 0 0 0 0 u 0 0 0 0 
2 2 u u 0 0 2 2 0 u 2 2 0 0 u 0 2 u 0 2 0 0 0 u 0 0 2 0 0 0 0 0 
2 2 u u 0 0 2 2 0 0 0 2 0 u u 0 2 0 0 0 0 0 2 u 0 0 2 0 0 2 u 0 
2 2 u u 0 0 0 2 0 u 2 2 0 0 u 0 2 0 0 0 0 0 2 0 0 2 2 u 0 0 u 0 
2 2 u u 0 0 2 2 0 u 0 2 0 0 u 0 2 0 0 0 0 0 2 0 0 0 2 u 0 2 u 0 
2 2 u u 0 0 0 2 0 0 2 2 0 u u 0 2 0 0 0 0 0 2 u 0 2 2 0 0 0 u 0 
u 2 0 u 0 0 2 2 0 0 2 2 0 u u 0 2 0 u 0 d 0 2 u 0 0 2 0 0 0 u 0 
u 2 0 u 0 0 2 2 0 u 2 2 0 0 u 0 2 0 u 0 d 0 2 0 0 0 2 u 0 0 u 0 
2 2 0 u 0 0 2 u 0 0 2 d 0 u 0 0 2 u u 0 0 0 2 0 d 0 2 u u 0 u 0 
2 2 0 u 0 0 2 d 0 u 2 u 0 0 0 0 2 u u 0 0 0 2 u u 0 2 0 d 0 u 0 
2 2 0 u 0 0 2 u 0 u 2 d 0 0 0 0 2 u u 0 0 0 2 u d 0 2 0 u 0 u 0 
2 2 0 u 0 0 2 d 0 0 2 u 0 u 0 0 2 u u 0 0 0 2 0 u 0 2 u d 0 u 0 
0 2 2 u 0 u 2 2 0 0 2 2 0 u u 0 2 0 0 0 0 0 2 u 0 0 2 0 0 0 u 0 
0 2 2 u 0 u 2 2 0 u 2 2 0 0 u 0 2 0 0 0 0 0 2 0 0 0 2 u 0 0 u 0 
2 2 2 u 0 0 2 u 0 0 2 2 0 u u 0 2 0 0 u 0 0 2 0 0 0 2 0 0 0 u 0 
2 2 2 u 0 0 2 2 0 u 2 u 0 0 u 0 2 0 0 u 0 0 2 0 0 0 2 0 0 0 u 0 
2 2 u 0 u 0 2 d u 0 2 2 0 u 0 u 2 0 0 0 0 0 2 u 0 0 2 0 0 0 u 0 
2 2 u 0 u 0 2 2 0 u 2 d u 0 0 u 2 0 0 0 0 0 2 0 0 0 2 u 0 0 u 0 
2 2 u 0 u 0 2 d u u 2 2 0 0 0 u 2 0 0 0 0 0 2 0 0 0 2 u 0 0 u 0 
2 2 u 0 u 0 2 2 0 0 2 d u u 0 u 2 0 0 0 0 0 2 u 0 0 2 0 0 0 u 0 
2 2 u 0 0 d 2 2 0 u 2 2 0 0 u 0 u 0 0 u 0 0 2 0 0 0 2 u 0 0 u 0 
2 2 u 0 0 d 2 2 0 0 2 2 0 u u 0 u 0 0 u 0 0 2 u 0 0 2 0 0 0 u 0 
2 2 0 u 0 0 2 2 0 u 2 u 0 0 u 0 2 0 0 0 d 0 2 0 0 0 2 u 0 u u 0 
2 2 0 u 0 0 2 u 0 0 2 2 0 u u 0 2 0 0 0 d 0 2 u 0 u 2 0 0 0 u 0 
2 2 0 u 0 0 2 2 0 0 2 u 0 u u 0 2 0 0 0 d 0 2 u 0 0 2 0 0 u u 0 
2 2 0 u 0 0 2 u 0 u 2 2 0 0 u 0 2 0 0 0 d 0 2 0 0 u 2 u 0 0 u 0 
2 2 u u 0 0 2 2 0 u 2 u 0 0 0 0 2 u 0 0 0 0 2 u 0 0 2 0 0 d u 0 
2 2 u u 0 0 2 u 0 0 2 2 0 u 0 0 2 u 0 0 0 0 2 0 0 d 2 u 0 0 u 0 
2 2 u u 0 0 2 2 0 0 2 u 0 u 0 0 2 u 0 0 0 0 2 0 0 0 2 u 0 d u 0 
2 2 u u 0 0 2 u 0 u 2 2 0 0 0 0 2 u 0 0 0 0 2 u 0 d 2 0 0 0 u 0 
2 2 2 u 0 0 2 u 0 u 2 2 0 0 u 0 2 0 0 0 0 0 2 0 0 0 2 0 0 0 u u 
2 2 2 u 0 0 2 2 0 0 2 u 0 u u 0 2 0 0 0 0 0 2 0 0 0 2 0 0 0 u u 
2 2 u 0 0 0 2 d 0 u 2 d u 0 u 0 2 u 0 0 0 0 2 0 u 0 2 u 0 0 u 0 
2 2 u 0 0 0 2 d u 0 2 d 0 u u 0 2 u 0 0 0 0 2 u 0 0 2 0 u 0 u 0 
2 2 u 0 0 0 2 d 0 0 2 d u u u 0 2 u 0 0 0 0 2 u u 0 2 0 0 0 u 0 
2 2 u 0 0 0 2 d u u 2 d 0 0 u 0 2 u 0 0 0 0 2 0 0 0 2 u u 0 u 0 
d 2 u u 0 u 2 2 0 0 2 2 0 u 0 u 2 0 0 0 0 0 2 u 0 0 2 0 0 0 u 0 
d 2 u u 0 u 2 2 0 u 2 2 0 0 0 u 2 0 0 0 0 0 2 0 0 0 2 u 0 0 u 0 
2 2 u u 0 0 2 2 0 u 2 0 0 0 u 0 2 u 0 0 0 0 2 u 0 0 2 0 u d 0 0 
2 2 u u 0 0 2 0 0 0 2 2 0 u u 0 2 u 0 0 0 0 2 0 u d 2 u 0 0 0 0 
2 2 u u 0 0 2 2 0 0 2 0 0 u u 0 2 u 0 0 0 0 2 0 0 0 2 u u d 0 0 
2 2 u u 0 0 2 0 0 u 2 2 0 0 u 0 2 u 0 0 0 0 2 u u d 2 0 0 0 0 0 
2 2 u u 0 0 2 2 0 0 2 u 0 0 u 0 2 u 0 0 0 0 2 0 0 0 2 u 0 0 d u 
2 2 u u 0 0 2 u 0 0 2 2 0 0 u 0 2 u 0 0 0 0 2 u 0 0 2 0 0 0 d u 
2 2 u u 0 0 2 2 0 0 2 u 0 0 u 0 2 u 0 u 0 0 2 u 0 0 2 0 0 0 d 0 
2 2 u u 0 0 2 u 0 0 2 2 0 0 u 0 2 u 0 u 0 0 2 0 0 0 2 u 0 0 d 0 
2 2 u u u 0 2 u 0 0 2 d 0 u u d 2 0 0 0 0 0 2 u 0 0 2 0 0 0 u 0 
2 2 u u u 0 2 d 0 u 2 u 0 0 u d 2 0 0 0 0 0 2 0 0 0 2 u 0 0 u 0 
d 2 2 u 0 0 2 2 0 0 2 2 0 u u 0 u 0 u 0 0 0 2 u 0 0 2 0 0 0 u 0 
d 2 2 u 0 0 2 2 0 u 2 2 0 0 u 0 u 0 u 0 0 0 2 0 0 0 2 u 0 0 u 0 
2 2 2 u u 0 2 u 0 0 2 2 0 0 u 0 2 u 0 0 0 0 2 u 0 0 2 0 0 0 0 0 
2 2 2 u u 0 2 2 0 0 2 u 0 0 u 0 2 u 0 0 0 0 2 0 0 0 2 u 0 0 0 0 
2 2 u u u 0 2 d 0 0 2 u 0 u u d 2 0 0 0 0 0 2 u 0 0 2 0 0 0 u 0 
2 2 u u u 0 2 u 0 u 2 d 0 0 u d 2 0 0 0 0 0 2 0 0 0 2 u 0 0 u 0 
2 2 u u 0 0 2 d 0 u 2 u 0 0 u 0 2 0 0 0 0 0 2 0 u 0 2 u 0 d u 0 
2 2 u u 0 0 2 u 0 0 2 d 0 u u 0 2 0 0 0 0 0 2 u 0 d 2 0 u 0 u 0 
2 2 0 0 0 0 2 2 0 u 2 u d 0 u 0 2 u u 0 0 0 2 0 0 0 2 u 0 0 0 u 
2 2 0 0 0 0 2 u d 0 2 2 0 u u 0 2 u u 0 0 0 2 u 0 0 2 0 0 0 0 u 
2 2 u u 0 0 2 d 0 0 2 u 0 u u 0 2 0 0 0 0 0 2 u u 0 2 0 0 d u 0 
2 2 u u 0 0 2 u 0 u 2 d 0 0 u 0 2 0 0 0 0 0 2 0 0 d 2 u u 0 u 0 
2 2 0 0 0 0 2 2 0 0 2 u d u u 0 2 u u 0 0 0 2 u 0 0 2 0 0 0 0 u 
2 2 0 0 0 0 2 u d u 2 2 0 0 u 0 2 u u 0 0 0 2 0 0 0 2 u 0 0 0 u 
2 2 u u u 0 d 2 0 0 d 2 0 u u u 2 u 0 0 0 0 2 0 0 0 2 u 0 0 0 0 
2 2 u u u 0 d 2 0 u d 2 0 0 u u 2 u 0 0 0 0 2 u 0 0 2 0 0 0 0 0 
2 2 u u 0 0 2 u 0 u 2 2 0 0 0 0 2 u 0 0 0 0 2 u u 0 2 0 0 0 d 0 
2 2 u u 0 0 2 2 0 0 2 u 0 u 0 0 2 u 0 0 0 0 2 0 0 0 2 u u 0 d 0 
2 2 0 0 u 0 2 u 0 u 2 2 0 0 u 0 2 0 u 0 0 0 2 0 d 0 2 u 0 0 u 0 
2 2 0 0 u 0 2 2 0 0 2 u 0 u u 0 2 0 u 0 0 0 2 u 0 0 2 0 d 0 u 0 
2 u 2 u 0 0 2 u d u 2 2 0 0 u 0 2 u 0 0 0 0 2 u 0 0 2 0 0 0 0 0 
2 u 2 u 0 0 2 2 0 0 2 u d u u 0 2 u 0 0 0 0 2 0 0 0 2 u 0 0 0 0 
2 2 u u 0 0 2 2 0 0 u 2 0 u u u 2 0 0 d 0 0 2 0 0 0 2 0 0 0 u 0 
2 2 u u 0 0 u 2 0 u 2 2 0 0 u u 2 0 0 d 0 0 2 0 0 0 2 0 0 0 u 0 
2 u u u u 0 2 2 d 0 2 2 0 0 u 0 2 u 0 0 0 0 2 u 0 0 2 0 0 0 0 0 
2 u u u u 0 2 2 0 0 2 2 d 0 u 0 2 u 0 0 0 0 2 0 0 0 2 u 0 0 0 0 
2 2 u u 0 0 2 2 0 0 2 u d u u 0 u 0 d 0 0 0 2 u 0 0 2 0 0 0 u 0 
2 2 u u 0 0 2 u d u 2 2 0 0 u 0 u 0 d 0 0 0 2 0 0 0 2 u 0 0 u 0 
2 2 0 0 u 0 2 u 0 0 2 2 0 u u 0 2 0 u 0 0 0 2 u d 0 2 0 0 0 u 0 
2 2 0 0 u 0 2 2 0 u 2 u 0 0 u 0 2 0 u 0 0 0 2 0 0 0 2 u d 0 u 0 
2 2 u u 0 0 2 u 0 0 2 2 0 u 0 0 2 u 0 0 0 0 2 0 u 0 2 u 0 0 d 0 
2 2 u u 0 0 2 2 0 u 2 u 0 0 0 0 2 u 0 0 0 0 2 u 0 0 2 0 u 0 d 0 
2 2 u u 0 0 2 2 0 u 2 u d 0 u 0 u 0 d 0 0 0 2 0 0 0 2 u 0 0 u 0 
2 2 u u 0 0 2 u d 0 2 2 0 u u 0 u 0 d 0 0 0 2 u 0 0 2 0 0 0 u 0 
2 u 2 u 0 0 2 u d 0 2 2 0 u u 0 2 u 0 0 0 0 2 0 0 0 2 u 0 0 0 0 
2 u 2 u 0 0 2 2 0 u 2 u d 0 u 0 2 u 0 0 0 0 2 u 0 0 2 0 0 0 0 0 
2 d 0 0 0 0 2 u 0 0 2 2 0 u u 0 2 u u 0 u 0 2 u d 0 2 0 0 0 u 0 
2 d 0 0 0 0 2 2 0 u 2 u 0 0 u 0 2 u u 0 u 0 2 0 0 0 2 u d 0 u 0 
2 d 0 0 0 0 2 u 0 u 2 2 0 0 u 0 2 u u 0 u 0 2 0 d 0 2 u 0 0 u 0 
2 d 0 0 0 0 2 2 0 0 2 u 0 u u 0 2 u u 0 u 0 2 u 0 0 2 0 d 0 u 0 
2 2 u 0 0 0 2 0 2 0 2 2 0 u 0 0 2 u 0 0 0 0 2 u 0 0 2 0 0 0 u u 
2 2 u 0 0 0 2 2 0 u 2 0 2 0 0 0 2 u 0 0 0 0 2 0 0 0 2 u 0 0 u u 
2 2 u 0 0 0 2 0 2 u 2 2 0 0 0 0 2 u 0 0 0 0 2 0 0 0 2 u 0 0 u u 
2 2 u 0 0 0 2 2 0 0 2 0 2 u 0 0 2 u 0 0 0 0 2 u 0 0 2 0 0 0 u u 
2 2 u u 0 0 2 2 0 u u 2 0 0 u u 2 0 0 0 0 0 2 0 0 0 2 0 0 0 u d 
2 2 u u 0 0 u 2 0 0 2 2 0 u u u 2 0 0 0 0 0 2 0 0 0 2 0 0 0 u d 
2 2 u 0 0 0 2 d 0 0 2 u 0 u 0 0 2 u 0 u 0 0 2 0 u 0 2 u d 0 u 0 
2 2 u 0 0 0 2 u 0 u 2 d 0 0 0 0 2 u 0 u 0 0 2 u d 0 2 0 u 0 u 0 
2 2 u 0 0 0 2 u 0 0 2 d 0 u 0 0 2 u 0 u 0 0 2 0 d 0 2 u u 0 u 0 
2 2 u 0 0 0 2 d 0 u 2 u 0 0 0 0 2 u 0 u 0 0 2 u u 0 2 0 d 0 u 0 
2 2 u 0 u 0 2 2 0 0 2 2 u 0 u 0 2 0 0 0 0 0 2 u 0 0 2 0 0 0 u 0 
2 2 u 0 u 0 2 2 u 0 2 2 0 0 u 0 2 0 0 0 0 0 2 0 0 0 2 u 0 0 u 0 
2 2 u u 0 0 2 d u 0 2 2 0 u u 0 u u d 0 0 0 2 0 0 0 2 u 0 0 0 0 
2 2 u u 0 0 2 2 0 u 2 d u 0 u 0 u u d 0 0 0 2 u 0 0 2 0 0 0 0 0 
2 2 u u 0 0 2 2 0 0 2 d u u u 0 u u d 0 0 0 2 0 0 0 2 u 0 0 0 0 
2 2 u u 0 0 2 d u u 2 2 0 0 u 0 u u d 0 0 0 2 u 0 0 2 0 0 0 0 0 
2 2 u u 0 0 2 2 0 u 2 2 0 0 u 0 u 0 0 0 0 0 2 0 d 0 2 0 0 0 u u 
2 2 u u 0 0 2 2 0 0 2 2 0 u u 0 u 0 0 0 0 0 2 0 0 0 2 0 d 0 u u 
2 d u 0 0 0 2 2 0 u 2 2 0 0 0 u 2 0 0 u u 0 2 0 0 0 2 u 0 0 u 0 
2 d u 0 0 0 2 2 0 0 2 2 0 u 0 u 2 0 0 u u 0 2 u 0 0 2 0 0 0 u 0 
2 2 u u d 0 2 2 0 0 2 2 0 0 u 0 2 0 0 u 0 0 2 u 0 0 u 0 0 0 u 0 
2 2 u u d 0 2 2 0 0 2 2 0 0 u 0 2 0 0 u 0 0 u 0 0 0 2 u 0 0 u 0 
2 2 u 0 0 0 2 2 0 0 2 2 0 0 u 0 2 0 u 0 0 0 2 0 0 u 2 u 0 0 u 0 
2 2 u 0 0 0 2 2 0 0 2 2 0 0 u 0 2 0 u 0 0 0 2 u 0 0 2 0 0 u u 0 
2 2 2 u 0 0 2 2 0 0 2 u 0 u u 0 d 0 0 0 0 0 2 u 0 0 2 0 0 u u 0 
2 2 2 u 0 0 2 u 0 u 2 2 0 0 u 0 d 0 0 0 0 0 2 0 0 u 2 u 0 0 u 0 
2 2 u u 0 d 2 2 0 0 2 u 0 u u 0 2 0 0 0 0 0 2 u u 0 2 0 0 0 0 0 
2 2 u u 0 d 2 u 0 u 2 2 0 0 u 0 2 0 0 0 0 0 2 0 0 0 2 u u 0 0 0 
2 2 u u 0 0 2 2 0 0 2 2 0 0 u d 2 0 0 u 0 0 u u 0 0 2 0 0 0 u 0 
2 2 u u 0 0 2 2 0 0 2 2 0 0 u d 2 0 0 u 0 0 2 0 0 0 u u 0 0 u 0 
2 2 u u 0 d 2 2 0 u 2 u 0 0 u 0 2 0 0 0 0 0 2 0 u 0 2 u 0 0 0 0 
2 2 u u 0 d 2 u 0 0 2 2 0 u u 0 2 0 0 0 0 0 2 u 0 0 2 0 u 0 0 0 
2 2 2 u 0 0 2 2 0 u 2 u 0 0 u 0 d 0 0 0 0 0 2 0 0 0 2 u 0 u u 0 
2 2 2 u 0 0 2 u 0 0 2 2 0 u u 0 d 0 0 0 0 0 2 u 0 u 2 0 0 0 u 0 
2 u u u 0 0 2 2 0 0 2 2 0 u 0 0 2 0 d 0 0 0 2 u 0 0 2 0 0 0 u u 
2 u u u 0 0 2 2 0 u 2 2 0 0 0 0 2 0 d 0 0 0 2 0 0 0 2 u 0 0 u u 
2 d 2 u 0 0 2 2 0 0 2 2 0 u u 0 u u 0 0 u 0 2 0 0 0 2 u 0 0 0 0 
2 d 2 u 0 0 2 2 0 u 2 2 0 0 u 0 u u 0 0 u 0 2 u 0 0 2 0 0 0 0 0 
2 2 0 0 u 0 2 u 0 0 2 2 0 u 0 u 2 0 u 0 0 0 2 u d 0 2 0 0 0 u 0 
2 2 0 0 u 0 2 2 0 u 2 u 0 0 0 u 2 0 u 0 0 0 2 0 0 0 2 u d 0 u 0 
2 2 0 0 u 0 2 u 0 u 2 2 0 0 0 u 2 0 u 0 0 0 2 0 d 0 2 u 0 0 u 0 
2 2 0 0 u 0 2 2 0 0 2 u 0 u 0 u 2 0 u 0 0 0 2 u 0 0 2 0 d 0 u 0 
2 2 u 0 0 0 2 0 0 u 2 u 0 0 u 0 2 u 0 0 0 0 2 0 2 0 2 u d 0 u 0 
2 2 u 0 0 0 2 u 0 0 2 0 0 u u 0 2 u 0 0 0 0 2 u d 0 2 0 2 0 u 0 
2 2 u 0 0 0 2 0 0 0 2 u 0 u u 0 2 u 0 0 0 0 2 u 2 0 2 0 d 0 u 0 
2 2 u 0 0 0 2 u 0 u 2 0 0 0 u 0 2 u 0 0 0 0 2 0 d 0 2 u 2 0 u 0 
2 2 u 2 0 0 2 u 0 0 u 2 0 u u d 2 0 0 0 0 0 2 u 0 0 2 0 0 0 u 0 
2 2 u 2 0 0 u 2 0 u 2 u 0 0 u d 2 0 0 0 0 0 2 0 0 0 2 u 0 0 u 0 
2 2 u u 0 0 2 2 0 0 2 2 0 u u 0 u 0 0 u 0 0 2 0 d 0 2 0 0 0 u 0 
2 2 u u 0 0 2 2 0 u 2 2 0 0 u 0 u 0 0 u 0 0 2 0 0 0 2 0 d 0 u 0 
2 2 u 0 0 0 2 2 u 0 2 2 0 u u 0 2 0 u 0 0 0 2 0 0 0 2 0 0 0 u 0 
2 2 u 0 0 0 2 2 0 u 2 2 u 0 u 0 2 0 u 0 0 0 2 0 0 0 2 0 0 0 u 0 
2 2 u u 0 0 2 0 0 u 2 2 0 0 2 u 2 0 0 0 0 0 2 0 0 0 2 u 0 0 u 0 
2 2 u u 0 0 2 2 0 0 2 0 0 u 2 u 2 0 0 0 0 0 2 u 0 0 2 0 0 0 u 0 
2 2 u u d 0 2 u 0 u u 2 0 0 2 0 2 0 0 0 0 0 2 0 0 0 2 u 0 0 u 0 
2 2 u u d 0 u 2 0 0 2 u 0 u 2 0 2 0 0 0 0 0 2 u 0 0 2 0 0 0 u 0 
2 2 u u 0 0 0 2 0 u 2 2 0 0 u 0 2 2 0 0 0 0 2 0 0 0 2 u 0 0 u 0 
2 2 u u 0 0 2 2 0 0 0 2 0 u u 0 2 2 0 0 0 0 2 u 0 0 2 0 0 0 u 0 
2 0 u u 0 0 2 2 0 0 2 2 0 u u 2 2 0 0 0 0 0 2 u 0 0 2 0 0 0 0 u 
2 0 u u 0 0 2 2 0 u 2 2 0 0 u 2 2 0 0 0 0 0 2 0 0 0 2 u 0 0 0 u 
2 2 u 2 0 0 2 u 0 u u 2 0 0 u d 2 0 0 0 0 0 2 0 0 0 2 u 0 0 u 0 
2 2 u 2 0 0 u 2 0 0 2 u 0 u u d 2 0 0 0 0 0 2 u 0 0 2 0 0 0 u 0 
2 2 u 0 0 0 2 0 0 u 2 d 0 0 u 0 2 u 0 0 0 0 2 0 2 0 2 u u 0 u 0 
2 2 u 0 0 0 2 d 0 0 2 0 0 u u 0 2 u 0 0 0 0 2 u u 0 2 0 2 0 u 0 
2 2 u u 0 0 0 2 0 0 2 2 0 u u 0 2 2 0 0 0 0 2 u 0 0 2 0 0 0 u 0 
2 2 u u 0 0 2 2 0 u 0 2 0 0 u 0 2 2 0 0 0 0 2 0 0 0 2 u 0 0 u 0 
2 2 u 0 0 0 2 0 0 0 2 d 0 u u 0 2 u 0 0 0 0 2 u 2 0 2 0 u 0 u 0 
2 2 u 0 0 0 2 d 0 u 2 0 0 0 u 0 2 u 0 0 0 0 2 0 u 0 2 u 2 0 u 0 
2 d u u 0 u 2 2 0 0 2 2 0 u u 0 d u 0 0 u 0 2 0 0 0 2 u 0 0 0 0 
2 d u u 0 u 2 2 0 u 2 2 0 0 u 0 d u 0 0 u 0 2 u 0 0 2 0 0 0 0 0 
2 2 u u 0 0 2 0 0 0 2 2 0 u 2 u 2 0 0 0 0 0 2 u 0 0 2 0 0 0 u 0 
2 2 u u 0 0 2 2 0 u 2 0 0 0 2 u 2 0 0 0 0 0 2 0 0 0 2 u 0 0 u 0 
2 2 u u 0 0 2 2 0 u 2 2 0 0 u 0 u 0 0 0 0 0 2 0 d 0 2 u u 0 0 0 
2 2 u u 0 0 2 2 0 0 2 2 0 u u 0 u 0 0 0 0 0 2 u u 0 2 0 d 0 0 0 
2 2 u u 0 0 2 2 0 0 2 2 0 u u 0 u 0 0 0 0 0 2 u d 0 2 0 u 0 0 0 
2 2 u u 0 0 2 2 0 u 2 2 0 0 u 0 u 0 0 0 0 0 2 0 u 0 2 u d 0 0 0 
2 2 u u d 0 2 u 0 0 u 2 0 u 2 0 2 0 0 0 0 0 2 u 0 0 2 0 0 0 u 0 
2 2 u u d 0 u 2 0 u 2 u 0 0 2 0 2 0 0 0 0 0 2 0 0 0 2 u 0 0 u 0 
2 2 u u 0 0 2 u 0 0 2 d 0 u u 0 2 0 0 0 0 0 2 u d 0 2 0 0 u u 0 
2 2 u u 0 0 2 d 0 u 2 u 0 0 u 0 2 0 0 0 0 0 2 0 0 u 2 u d 0 u 0 
2 2 0 0 u 0 2 d 0 u 2 2 0 0 u 0 2 0 u 0 0 0 2 0 u 0 2 u 0 0 u 0 
2 2 0 0 u 0 2 2 0 0 2 d 0 u u 0 2 0 u 0 0 0 2 u 0 0 2 0 u 0 u 0 
2 u u u 0 d 2 2 0 0 2 2 0 u u 0 2 0 0 0 0 0 2 u 0 0 2 0 0 0 0 u 
2 u u u 0 d 2 2 0 u 2 2 0 0 u 0 2 0 0 0 0 0 2 0 0 0 2 u 0 0 0 u 
2 2 0 0 u 0 2 d 0 0 2 2 0 u u 0 2 0 u 0 0 0 2 u u 0 2 0 0 0 u 0 
2 2 0 0 u 0 2 2 0 u 2 d 0 0 u 0 2 0 u 0 0 0 2 0 0 0 2 u u 0 u 0 
2 2 u u 0 0 2 u 0 u 2 d 0 0 u 0 2 0 0 0 0 0 2 0 d 0 2 u 0 u u 0 
2 2 u u 0 0 2 d 0 0 2 u 0 u u 0 2 0 0 0 0 0 2 u 0 u 2 0 d 0 u 0 
2 2 u u 0 0 2 2 0 u d u 0 0 u 0 2 d 0 u 0 0 2 0 0 0 2 u 0 0 u 0 
2 2 u u 0 0 d u 0 0 2 2 0 u u 0 2 d 0 u 0 0 2 u 0 0 2 0 0 0 u 0 
2 2 0 u 0 0 2 2 0 0 2 2 u u u 0 2 0 0 d 0 0 2 u 0 0 u 0 0 0 u 0 
2 2 0 u 0 0 2 2 u u 2 2 0 0 u 0 2 0 0 d 0 0 u 0 0 0 2 u 0 0 u 0 
2 2 0 u 0 0 2 2 0 u 2 2 u 0 u 0 2 0 0 d 0 0 2 0 0 0 u u 0 0 u 0 
2 2 0 u 0 0 2 2 u 0 2 2 0 u u 0 2 0 0 d 0 0 u u 0 0 2 0 0 0 u 0 
2 2 u u 0 0 2 d 0 u 2 2 0 0 u u 2 u 0 0 0 0 2 0 0 0 d u 0 0 u 0 
2 2 u u 0 0 2 2 0 0 2 d 0 u u u 2 u 0 0 0 0 d u 0 0 2 0 0 0 u 0 
2 2 u u 0 0 2 u d u 2 d 0 0 0 0 2 u 0 0 0 0 2 u 0 0 2 0 u 0 u 0 
2 2 u u 0 0 2 d 0 0 2 u d u 0 0 2 u 0 0 0 0 2 0 u 0 2 u 0 0 u 0 
2 2 u u 0 0 2 u d 0 2 d 0 u 0 0 2 u 0 0 0 0 2 0 0 0 2 u u 0 u 0 
2 2 u u 0 0 2 d 0 u 2 u d 0 0 0 2 u 0 0 0 0 2 u u 0 2 0 0 0 u 0 
2 2 u u 0 0 u 2 0 0 2 2 0 u u d 2 0 0 0 0 0 2 u u 0 2 0 0 0 0 0 
2 2 u u 0 0 2 2 0 u u 2 0 0 u d 2 0 0 0 0 0 2 0 0 0 2 u u 0 0 0 
2 u u 0 0 0 2 2 0 0 2 2 0 u u 0 2 0 d u 0 0 2 u 0 0 2 0 0 0 u 0 
2 u u 0 0 0 2 2 0 u 2 2 0 0 u 0 2 0 d u 0 0 2 0 0 0 2 u 0 0 u 0 
2 2 u u 0 0 2 d 0 0 2 2 0 u u u 2 u 0 0 0 0 2 u 0 0 d 0 0 0 u 0 
2 2 u u 0 0 2 2 0 u 2 d 0 0 u u 2 u 0 0 0 0 d 0 0 0 2 u 0 0 u 0 
d 2 2 u 0 0 2 2 0 0 2 u u u u 0 2 0 0 0 0 0 2 u 0 0 2 0 0 0 u 0 
d 2 2 u 0 0 2 u u u 2 2 0 0 u 0 2 0 0 0 0 0 2 0 0 0 2 u 0 0 u 0 
2 d u u 0 0 2 u 0 u 2 2 0 0 u 0 2 u 0 0 0 u 2 u d 0 2 0 0 0 0 0 
2 d u u 0 0 2 2 0 0 2 u 0 u u 0 2 u 0 0 0 u 2 0 0 0 2 u d 0 0 0 
u 2 u u 0 0 2 2 0 u 2 d 0 0 u 0 2 0 0 0 d 0 2 0 0 0 2 u u 0 u 0 
u 2 u u 0 0 2 d 0 0 2 2 0 u u 0 2 0 0 0 d 0 2 u u 0 2 0 0 0 u 0 
u 2 u u 0 0 2 2 0 0 2 d 0 u u 0 2 0 0 0 d 0 2 u 0 0 2 0 u 0 u 0 
u 2 u u 0 0 2 d 0 u 2 2 0 0 u 0 2 0 0 0 d 0 2 0 u 0 2 u 0 0 u 0 
2 d u u 0 0 2 u 0 0 2 2 0 u u 0 2 u 0 0 0 u 2 0 d 0 2 u 0 0 0 0 
2 d u u 0 0 2 2 0 u 2 u 0 0 u 0 2 u 0 0 0 u 2 u 0 0 2 0 d 0 0 0 
2 2 u u 0 0 2 2 0 0 2 2 0 u u 0 2 0 0 0 0 0 u 2 0 0 u d 0 0 u 0 
2 2 u u 0 0 2 2 0 u 2 2 0 0 u 0 2 0 0 0 0 0 u d 0 0 u 2 0 0 u 0 
d 2 2 u 0 0 2 2 0 u 2 u u 0 u 0 2 0 0 0 0 0 2 0 0 0 2 u 0 0 u 0 
d 2 2 u 0 0 2 u u 0 2 2 0 u u 0 2 0 0 0 0 0 2 u 0 0 2 0 0 0 u 0 
2 2 u u 0 0 u 2 0 u 2 2 0 0 u d 2 0 0 0 0 0 2 0 u 0 2 u 0 0 0 0 
2 2 u u 0 0 2 2 0 0 u 2 0 u u d 2 0 0 0 0 0 2 u 0 0 2 0 u 0 0 0 
2 2 u u 0 0 2 2 0 0 2 u 0 0 u 0 2 0 0 u 0 d 2 u 0 0 2 0 0 0 u 0 
2 2 u u 0 0 2 u 0 0 2 2 0 0 u 0 2 0 0 u 0 d 2 0 0 0 2 u 0 0 u 0 
2 2 u u 0 0 2 2 0 0 d 2 0 u u u 2 u 0 0 0 0 2 0 0 0 u u 0 0 0 d 
2 2 u u 0 0 d 2 0 u 2 2 0 0 u u 2 u 0 0 0 0 u u 0 0 2 0 0 0 0 d 
2 2 u 0 u 0 2 2 0 0 2 2 0 u u 0 2 u 0 0 0 0 2 0 0 0 2 0 0 u 0 0 
2 2 u 0 u 0 2 2 0 u 2 2 0 0 u 0 2 u 0 0 0 0 2 0 0 u 2 0 0 0 0 0 
2 2 u u 0 0 2 2 0 0 u 2 0 u u d 2 u 0 0 0 0 2 0 0 0 d u 0 0 0 u 
2 2 u u 0 0 u 2 0 u 2 2 0 0 u d 2 u 0 0 0 0 d u 0 0 2 0 0 0 0 u 
2 2 u u 0 0 2 2 0 0 d u 0 u u 0 2 d 0 u 0 0 2 u 0 0 2 0 0 0 u 0 
2 2 u u 0 0 d u 0 u 2 2 0 0 u 0 2 d 0 u 0 0 2 0 0 0 2 u 0 0 u 0 
2 2 u u u 0 u 2 0 0 2 2 0 u u 0 2 0 0 d 0 0 2 0 0 0 2 0 0 0 u 0 
2 2 u u u 0 2 2 0 u u 2 0 0 u 0 2 0 0 d 0 0 2 0 0 0 2 0 0 0 u 0 
2 2 u u 0 0 2 2 0 0 2 2 0 0 0 0 2 u 0 u 0 0 2 0 u 0 2 u 0 0 0 0 
2 2 u u 0 0 2 2 0 0 2 2 0 0 0 0 2 u 0 u 0 0 2 u 0 0 2 0 u 0 0 0 
2 2 u u d 0 2 2 0 0 2 u 0 u u 0 2 u 0 0 0 0 2 u 0 0 d 0 0 0 u 0 
2 2 u u d 0 2 u 0 u 2 2 0 0 u 0 2 u 0 0 0 0 d 0 0 0 2 u 0 0 u 0 
2 2 u u u 0 2 2 0 0 u 2 0 u u 0 2 0 0 0 0 0 2 0 0 0 2 0 0 0 u d 
2 2 u u u 0 u 2 0 u 2 2 0 0 u 0 2 0 0 0 0 0 2 0 0 0 2 0 0 0 u d 
2 2 0 u 0 0 2 2 0 0 2 2 u u u 0 2 0 0 0 0 0 u u 0 0 2 0 0 0 u d 
2 2 0 u 0 0 2 2 u u 2 2 0 0 u 0 2 0 0 0 0 0 2 0 0 0 u u 0 0 u d 
2 u u 0 u 0 2 2 0 0 2 2 0 u 0 0 2 u 0 0 d 0 2 0 0 0 2 u 0 0 0 u 
2 u u 0 u 0 2 2 0 u 2 2 0 0 0 0 2 u 0 0 d 0 2 u 0 0 2 0 0 0 0 u 
2 u 0 0 u 0 2 2 0 0 2 2 0 u 0 u 2 0 0 0 2 0 2 u 0 0 2 0 0 0 u 0 
2 u 0 0 u 0 2 2 0 u 2 2 0 0 0 u 2 0 0 0 2 0 2 0 0 0 2 u 0 0 u 0 
2 2 u u 0 2 2 2 0 0 2 2 0 u u 0 0 u 0 0 0 0 2 0 0 0 2 u 0 0 0 0 
2 2 u u 0 2 2 2 0 u 2 2 0 0 u 0 0 u 0 0 0 0 2 u 0 0 2 0 0 0 0 0 
2 2 u 0 0 0 2 0 0 0 2 2 0 u u u 2 u 0 0 0 0 2 u 2 0 2 0 0 0 0 0 
2 2 u 0 0 0 2 2 0 u 2 0 0 0 u u 2 u 0 0 0 0 2 0 0 0 2 u 2 0 0 0 
2 2 u u d 0 2 2 0 0 2 2 0 0 u 0 2 0 0 0 0 0 u u 0 0 2 0 0 0 u u 
2 2 u u d 0 2 2 0 0 2 2 0 0 u 0 2 0 0 0 0 0 2 0 0 0 u u 0 0 u u 
2 2 u 0 0 2 2 0 0 u 2 2 0 0 0 0 2 u 0 0 0 0 2 0 0 0 2 u 0 0 u u 
2 2 u 0 0 2 2 2 0 0 2 0 0 u 0 0 2 u 0 0 0 0 2 u 0 0 2 0 0 0 u u 
2 2 0 u 0 0 2 2 0 u 2 2 u 0 u 0 2 0 0 0 0 0 u 0 0 0 2 u 0 0 u d 
2 2 0 u 0 0 2 2 u 0 2 2 0 u u 0 2 0 0 0 0 0 2 u 0 0 u 0 0 0 u d 
2 2 u 0 0 0 2 0 0 u 2 2 0 0 u u 2 u 0 0 0 0 2 0 2 0 2 u 0 0 0 0 
2 2 u 0 0 0 2 2 0 0 2 0 0 u u u 2 u 0 0 0 0 2 u 0 0 2 0 2 0 0 0 
2 u u u d 0 2 2 0 0 2 2 0 u u 0 2 0 0 0 0 u 2 0 0 0 2 u 0 0 0 0 
2 u u u d 0 2 2 0 u 2 2 0 0 u 0 2 0 0 0 0 u 2 u 0 0 2 0 0 0 0 0 
2 2 u u 0 0 2 2 0 0 0 2 0 u u 2 2 u 0 0 0 0 2 0 0 0 2 u 0 0 0 0 
2 2 u u 0 0 0 2 0 u 2 2 0 0 u 2 2 u 0 0 0 0 2 u 0 0 2 0 0 0 0 0 
2 2 u u d 0 2 2 0 u 2 u 0 0 u 0 2 u 0 0 0 0 2 0 0 0 d u 0 0 u 0 
2 2 u u d 0 2 u 0 0 2 2 0 u u 0 2 u 0 0 0 0 d u 0 0 2 0 0 0 u 0 
2 2 u u 0 0 u 2 0 0 2 2 0 u u d 2 u 0 0 0 0 d 0 0 0 2 u 0 0 0 u 
2 2 u u 0 0 2 2 0 u u 2 0 0 u d 2 u 0 0 0 0 2 u 0 0 d 0 0 0 0 u 
2 2 u u 0 0 2 2 0 0 2 2 0 0 u d 2 0 0 0 0 0 2 u 0 0 u 0 0 0 u u 
2 2 u u 0 0 2 2 0 0 2 2 0 0 u d 2 0 0 0 0 0 u 0 0 0 2 u 0 0 u u 
2 2 u u 0 0 d 2 0 0 2 2 0 u u u 2 u 0 0 0 0 u 0 0 0 2 u 0 0 0 d 
2 2 u u 0 0 2 2 0 u d 2 0 0 u u 2 u 0 0 0 0 2 u 0 0 u 0 0 0 0 d 
2 u u 2 0 0 2 u d u 2 2 0 0 u 0 2 0 0 0 0 0 2 0 0 0 2 u 0 0 u 0 
2 u u 2 0 0 2 2 0 0 2 u d u u 0 2 0 0 0 0 0 2 u 0 0 2 0 0 0 u 0 
2 2 u u u 0 d 2 0 0 2 2 0 u u 0 2 u 0 d 0 0 u 0 0 0 2 u 0 0 0 0 
2 2 u u u 0 2 2 0 u d 2 0 0 u 0 2 u 0 d 0 0 2 u 0 0 u 0 0 0 0 0 
2 2 0 u 0 0 2 d 0 0 2 d 0 u 0 0 2 u u 0 0 0 2 0 u 0 2 u u 0 u 0 
2 2 0 u 0 0 2 d 0 u 2 d 0 0 0 0 2 u u 0 0 0 2 u u 0 2 0 u 0 u 0 
2 u u 2 0 0 2 u d 0 2 2 0 u u 0 2 0 0 0 0 0 2 u 0 0 2 0 0 0 u 0 
2 u u 2 0 0 2 2 0 u 2 u d 0 u 0 2 0 0 0 0 0 2 0 0 0 2 u 0 0 u 0 
2 2 u u 0 0 2 2 0 0 2 d 0 u 0 0 2 0 0 0 0 0 2 u 0 0 2 u 0 0 u u 
2 2 u u 0 0 2 d 0 u 2 2 0 0 0 0 2 0 0 0 0 0 2 u 0 0 2 u 0 0 u u 
2 0 u u 0 0 2 2 0 u 2 u 0 0 u u 2 0 0 0 2 0 2 0 0 0 2 u 0 d 0 0 
2 0 u u 0 0 2 u 0 0 2 2 0 u u u 2 0 0 0 2 0 2 u 0 d 2 0 0 0 0 0 
2 0 u u 0 0 2 2 0 0 2 u 0 u u u 2 0 0 0 2 0 2 u 0 0 2 0 0 d 0 0 
2 0 u u 0 0 2 u 0 u 2 2 0 0 u u 2 0 0 0 2 0 2 0 0 d 2 u 0 0 0 0 
2 2 0 u 0 0 2 2 0 u 2 0 d 0 u 0 2 0 u 0 0 0 2 0 0 0 2 u u 0 u 0 
2 2 0 u 0 0 2 0 d 0 2 2 0 u u 0 2 0 u 0 0 0 2 u u 0 2 0 0 0 u 0 
2 2 0 u 0 0 2 2 0 0 2 0 d u u 0 2 0 u 0 0 0 2 u 0 0 2 0 u 0 u 0 
2 2 0 u 0 0 2 0 d u 2 2 0 0 u 0 2 0 u 0 0 0 2 0 u 0 2 u 0 0 u 0 
2 2 u u 0 0 2 2 0 0 2 2 0 u u 0 d 0 u 0 0 0 d u u 0 2 0 0 0 u 0 
2 2 u u 0 0 2 2 0 u 2 2 0 0 u 0 d 0 u 0 0 0 2 0 0 0 d u u 0 u 0 
2 2 u u 0 0 2 2 0 u 2 2 0 0 u 0 d 0 u 0 0 0 d 0 u 0 2 u 0 0 u 0 
2 2 u u 0 0 2 2 0 0 2 2 0 u u 0 d 0 u 0 0 0 2 u 0 0 d 0 u 0 u 0 
2 2 u 0 0 0 2 d 0 u 2 2 0 u u u 2 0 0 0 0 0 2 0 0 0 2 u 0 0 u 0 
2 2 u 0 0 0 2 2 0 u 2 d 0 u u u 2 0 0 0 0 0 2 u 0 0 2 0 0 0 u 0 
2 2 u u 0 0 2 2 0 0 2 2 0 u u 0 2 0 0 0 0 0 u u d 0 d 0 u 0 u 0 
2 2 u u 0 0 2 2 0 u 2 2 0 0 u 0 2 0 0 0 0 0 d 0 u 0 u u d 0 u 0 
2 u u u 0 d 2 2 0 0 2 2 0 u 0 u 2 u 0 0 0 0 2 0 0 0 2 u 0 0 0 0 
2 u u u 0 d 2 2 0 u 2 2 0 0 0 u 2 u 0 0 0 0 2 u 0 0 2 0 0 0 0 0 
2 2 u u 0 0 2 2 0 0 2 2 0 u u 0 2 0 0 0 0 0 d u u 0 u 0 d 0 u 0 
2 2 u u 0 0 2 2 0 u 2 2 0 0 u 0 2 0 0 0 0 0 u 0 d 0 d u u 0 u 0 
2 2 u u 0 0 2 2 0 0 d d 0 u u 0 2 0 0 0 0 0 2 u 0 0 2 0 u u u 0 
2 2 u u 0 0 d d 0 u 2 2 0 0 u 0 2 0 0 0 0 0 2 0 u u 2 u 0 0 u 0 
2 2 u u d 0 2 u 0 0 2 u 0 u 2 0 2 u 0 0 0 0 2 0 0 0 2 u 0 0 0 0 
2 2 u u d 0 2 u 0 u 2 u 0 0 2 0 2 u 0 0 0 0 2 u 0 0 2 0 0 0 0 0 
2 2 u u 0 0 u 2 0 0 2 2 0 u 0 0 2 0 0 0 0 0 2 u u 0 2 0 0 0 u d 
2 2 u u 0 0 2 2 0 u u 2 0 0 0 0 2 0 0 0 0 0 2 0 0 0 2 u u 0 u d 
2 2 u 0 0 2 2 0 0 0 2 2 0 u 0 0 2 u 0 0 0 0 2 u 0 0 2 0 0 0 u u 
2 2 u 0 0 2 2 2 0 u 2 0 0 0 0 0 2 u 0 0 0 0 2 0 0 0 2 u 0 0 u u 
2 d u u 0 0 2 u 0 u 2 2 u 0 u d 2 u 0 0 0 0 2 u 0 0 2 0 0 0 0 0 
2 d u u 0 0 2 2 u 0 2 u 0 u u d 2 u 0 0 0 0 2 0 0 0 2 u 0 0 0 0 
2 2 u u 0 0 2 2 0 u d d 0 0 u 0 2 0 0 0 0 0 2 0 0 0 2 u u u u 0 
2 2 u u 0 0 d d 0 0 2 2 0 u u 0 2 0 0 0 0 0 2 u u u 2 0 0 0 u 0 
2 d u u 0 0 2 u 0 0 2 2 u u u d 2 u 0 0 0 0 2 0 0 0 2 u 0 0 0 0 
2 d u u 0 0 2 2 u u 2 u 0 0 u d 2 u 0 0 0 0 2 u 0 0 2 0 0 0 0 0 
2 2 u u 0 0 u 2 0 u 2 2 0 0 0 0 2 0 0 0 0 0 2 0 u 0 2 u 0 0 u d 
2 2 u u 0 0 2 2 0 0 u 2 0 u 0 0 2 0 0 0 0 0 2 u 0 0 2 0 u 0 u d 
2 u u u 0 0 2 d 0 0 2 2 0 u u 0 2 0 d 0 0 0 2 u u 0 2 0 0 0 u 0 
2 u u u 0 0 2 2 0 u 2 d 0 0 u 0 2 0 d 0 0 0 2 0 0 0 2 u u 0 u 0 
2 2 u u 2 0 0 2 0 0 2 2 0 u u 0 2 u 0 0 0 0 2 0 0 0 2 u 0 0 0 0 
2 2 u u 2 0 2 2 0 u 0 2 0 0 u 0 2 u 0 0 0 0 2 u 0 0 2 0 0 0 0 0 
2 u u u 0 0 2 d 0 u 2 2 0 0 u 0 2 0 d 0 0 0 2 0 u 0 2 u 0 0 u 0 
2 u u u 0 0 2 2 0 0 2 d 0 u u 0 2 0 d 0 0 0 2 u 0 0 2 0 u 0 u 0 
2 2 2 u 0 0 u 2 0 u 2 2 0 0 u 0 u 0 0 0 0 0 2 0 d 0 2 u 0 0 u 0 
2 2 2 u 0 0 2 2 0 0 u 2 0 u u 0 u 0 0 0 0 0 2 u 0 0 2 0 d 0 u 0 
2 2 u u 0 0 2 2 0 0 u u 0 u u 0 2 0 0 0 0 0 2 u 0 0 2 0 d d u 0 
2 2 u u 0 0 u u 0 u 2 2 0 0 u 0 2 0 0 0 0 0 2 0 d d 2 u 0 0 u 0 
2 2 u 2 0 0 2 u 0 0 2 u 0 u u d 2 u 0 0 0 0 2 0 0 0 2 u 0 0 0 0 
2 2 u 2 0 0 2 u 0 u 2 u 0 0 u d 2 u 0 0 0 0 2 u 0 0 2 0 0 0 0 0 
2 2 u 2 0 0 2 2 0 u 2 u 0 0 u 0 2 0 0 0 0 0 2 0 u 0 2 u 0 0 0 0 
2 2 u 2 0 0 2 u 0 0 2 2 0 u u 0 2 0 0 0 0 0 2 u 0 0 2 0 u 0 0 0 
2 2 u u 0 0 2 2 0 u u u 0 0 u 0 2 0 0 0 0 0 2 0 0 0 2 u d d u 0 
2 2 u u 0 0 u u 0 0 2 2 0 u u 0 2 0 0 0 0 0 2 u d d 2 0 0 0 u 0 
2 2 2 u 0 0 u 2 0 0 2 2 0 u u 0 u 0 0 0 0 0 2 u d 0 2 0 0 0 u 0 
2 2 2 u 0 0 2 2 0 u u 2 0 0 u 0 u 0 0 0 0 0 2 0 0 0 2 u d 0 u 0 
u 2 2 u 0 0 2 2 0 0 2 2 0 u u 0 u 0 d 0 0 0 2 u 0 0 2 0 0 0 u 0 
u 2 2 u 0 0 2 2 0 u 2 2 0 0 u 0 u 0 d 0 0 0 2 0 0 0 2 u 0 0 u 0 
2 d u u d 0 2 u u 0 2 2 0 u u 0 2 u 0 0 0 0 2 0 0 0 2 u 0 0 0 0 
2 d u u d 0 2 2 0 u 2 u u 0 u 0 2 u 0 0 0 0 2 u 0 0 2 0 0 0 0 0 
2 2 u 2 0 0 2 2 0 0 2 u 0 u u 0 2 0 0 0 0 0 2 u u 0 2 0 0 0 0 0 
2 2 u 2 0 0 2 u 0 u 2 2 0 0 u 0 2 0 0 0 0 0 2 0 0 0 2 u u 0 0 0 
u 2 u u 0 d 2 2 0 0 2 2 0 u 0 u 2 u 0 0 0 0 2 0 0 0 2 u 0 0 0 0 
u 2 u u 0 d 2 2 0 u 2 2 0 0 0 u 2 u 0 0 0 0 2 u 0 0 2 0 0 0 0 0 
2 d u u d 0 2 u u u 2 2 0 0 u 0 2 u 0 0 0 0 2 u 0 0 2 0 0 0 0 0 
2 d u u d 0 2 2 0 0 2 u u u u 0 2 u 0 0 0 0 2 0 0 0 2 u 0 0 0 0 
2 d u u 0 0 2 u 0 0 2 2 u u 2 0 2 u 0 0 0 0 2 0 0 0 2 u 0 0 0 0 
2 d u u 0 0 2 2 u u 2 u 0 0 2 0 2 u 0 0 0 0 2 u 0 0 2 0 0 0 0 0 
2 u u 0 0 0 2 u 0 0 2 2 0 u u u 2 u 0 0 d 0 2 u d 0 2 0 0 0 0 0 
2 u u 0 0 0 2 2 0 u 2 u 0 0 u u 2 u 0 0 d 0 2 0 0 0 2 u d 0 0 0 
2 u u 0 0 0 2 u 0 u 2 2 0 0 u u 2 u 0 0 d 0 2 0 d 0 2 u 0 0 0 0 
2 u u 0 0 0 2 2 0 0 2 u 0 u u u 2 u 0 0 d 0 2 u 0 0 2 0 d 0 0 0 
2 2 u u u 0 2 2 0 0 d 2 0 u u 0 2 u 0 d 0 0 2 0 0 0 u u 0 0 0 0 
2 2 u u u 0 d 2 0 u 2 2 0 0 u 0 2 u 0 d 0 0 u u 0 0 2 0 0 0 0 0 
2 d u u 0 0 2 2 u 0 2 u 0 u 2 0 2 u 0 0 0 0 2 0 0 0 2 u 0 0 0 0 
2 d u u 0 0 2 u 0 u 2 2 u 0 2 0 2 u 0 0 0 0 2 u 0 0 2 0 0 0 0 0 
2 2 u u u 0 2 2 0 0 d 2 0 u u 0 2 u 0 0 0 0 d 0 0 0 2 u 0 0 0 u 
2 2 u u u 0 d 2 0 u 2 2 0 0 u 0 2 u 0 0 0 0 2 u 0 0 d 0 0 0 0 u 
2 2 u 0 u 0 2 0 0 0 2 2 0 u 0 u 2 0 0 0 0 0 2 u 2 0 2 0 0 0 u 0 
2 2 u 0 u 0 2 2 0 u 2 0 0 0 0 u 2 0 0 0 0 0 2 0 0 0 2 u 2 0 u 0 
2 2 u 0 u 0 2 0 0 u 2 2 0 0 0 u 2 0 0 0 0 0 2 0 2 0 2 u 0 0 u 0 
2 2 u 0 u 0 2 2 0 0 2 0 0 u 0 u 2 0 0 0 0 0 2 u 0 0 2 0 2 0 u 0 
2 2 u u u 0 d 2 0 0 2 2 0 u u 0 2 u 0 0 0 0 2 0 0 0 d u 0 0 0 u 
2 2 u u u 0 2 2 0 u d 2 0 0 u 0 2 u 0 0 0 0 d u 0 0 2 0 0 0 0 u 
2 d u u d 0 u 2 u u 2 2 0 0 u 0 2 0 0 0 0 0 2 0 0 0 2 u 0 0 u 0 
2 d u u d 0 2 2 0 0 u 2 u u u 0 2 0 0 0 0 0 2 u 0 0 2 0 0 0 u 0 
2 d u u d 0 u 2 u 0 2 2 0 u u 0 2 0 0 0 0 0 2 u 0 0 2 0 0 0 u 0 
2 d u u d 0 2 2 0 u u 2 u 0 u 0 2 0 0 0 0 0 2 0 0 0 2 u 0 0 u 0 
2 2 u u 0 0 0 2 0 0 2 2 0 u u 2 2 u 0 0 0 0 2 0 0 0 2 u 0 0 0 0 
2 2 u u 0 0 2 2 0 u 0 2 0 0 u 2 2 u 0 0 0 0 2 u 0 0 2 0 0 0 0 0 
2 2 u u d 0 u 2 0 0 2 2 0 u u 0 2 u 0 0 0 0 2 0 0 0 u u 0 0 0 d 
2 2 u u d 0 2 2 0 u u 2 0 0 u 0 2 u 0 0 0 0 u u 0 0 2 0 0 0 0 d 
2 2 0 u 0 0 2 u 0 u 2 2 u 0 u d 2 0 0 0 0 0 2 0 0 0 2 u 0 0 u 0 
2 2 0 u 0 0 2 2 u 0 2 u 0 u u d 2 0 0 0 0 0 2 u 0 0 2 0 0 0 u 0 
2 2 u u u 0 2 d 0 0 2 d 0 u u u 2 u 0 0 0 0 2 0 0 0 2 u 0 0 0 0 
2 2 u u u 0 2 d 0 u 2 d 0 0 u u 2 u 0 0 0 0 2 u 0 0 2 0 0 0 0 0 
2 2 u u d 0 2 2 0 0 u 2 0 u u 0 2 u 0 0 0 0 u 0 0 0 2 u 0 0 0 d 
2 2 u u d 0 u 2 0 u 2 2 0 0 u 0 2 u 0 0 0 0 2 u 0 0 u 0 0 0 0 d 
2 2 u u 0 0 2 2 0 0 u 2 0 u u d 2 u 0 d 0 0 u 0 0 0 2 u 0 0 0 0 
2 2 u u 0 0 u 2 0 u 2 2 0 0 u d 2 u 0 d 0 0 2 u 0 0 u 0 0 0 0 0 
2 2 u u 0 0 u 2 0 0 2 2 0 u u d 2 u 0 d 0 0 2 0 0 0 u u 0 0 0 0 
2 2 u u 0 0 2 2 0 u u 2 0 0 u d 2 u 0 d 0 0 u u 0 0 2 0 0 0 0 0 
2 2 0 u d 0 2 u u 0 2 2 0 u u 0 2 0 0 0 0 0 2 u 0 0 2 0 0 0 u 0 
2 2 0 u d 0 2 2 0 u 2 u u 0 u 0 2 0 0 0 0 0 2 0 0 0 2 u 0 0 u 0 
2 2 u 0 u 0 2 u d u 2 2 0 0 0 u 2 0 0 0 0 0 2 0 0 0 2 u 0 0 u 0 
2 2 u 0 u 0 2 2 0 0 2 u d u 0 u 2 0 0 0 0 0 2 u 0 0 2 0 0 0 u 0 
2 2 u 0 u 0 2 u d 0 2 2 0 u 0 u 2 0 0 0 0 0 2 u 0 0 2 0 0 0 u 0 
2 2 u 0 u 0 2 2 0 u 2 u d 0 0 u 2 0 0 0 0 0 2 0 0 0 2 u 0 0 u 0 
2 2 u 0 u 0 2 u d u 2 2 0 0 u 0 2 0 0 0 0 0 2 0 0 0 2 u 0 0 u 0 
2 2 u 0 u 0 2 2 0 0 2 u d u u 0 2 0 0 0 0 0 2 u 0 0 2 0 0 0 u 0 
2 2 u 0 0 0 2 2 0 u 2 2 0 d u 0 2 0 u 0 0 0 2 0 0 0 u u 0 0 u 0 
2 2 u 0 0 0 2 2 0 d 2 2 0 u u 0 2 0 u 0 0 0 u u 0 0 2 0 0 0 u 0 
2 u u u 0 0 2 2 d u 2 u 0 0 2 0 2 0 0 0 0 0 2 0 0 0 2 u 0 0 u 0 
2 u u u 0 0 2 u 0 0 2 2 d u 2 0 2 0 0 0 0 0 2 u 0 0 2 0 0 0 u 0 
2 0 0 u 0 0 2 2 0 0 2 2 0 u 0 0 2 u u 0 2 0 2 0 0 0 2 u 0 0 u 0 
2 0 0 u 0 0 2 2 0 u 2 2 0 0 0 0 2 u u 0 2 0 2 u 0 0 2 0 0 0 u 0 
2 u u u 0 0 2 2 d 0 2 u 0 u 2 0 2 0 0 0 0 0 2 u 0 0 2 0 0 0 u 0 
2 u u u 0 0 2 u 0 u 2 2 d 0 2 0 2 0 0 0 0 0 2 0 0 0 2 u 0 0 u 0 
2 2 u u 0 0 2 2 0 0 2 2 0 u u 0 2 0 0 0 0 u 2 2 0 0 u 0 0 0 0 0 
2 2 u u 0 0 2 2 0 u 2 2 0 0 u 0 2 0 0 0 0 u u 0 0 0 2 2 0 0 0 0 
2 2 0 u d 0 2 2 0 0 u 2 u u u 0 2 0 0 0 0 0 2 u 0 0 2 0 0 0 u 0 
2 2 0 u d 0 u 2 u u 2 2 0 0 u 0 2 0 0 0 0 0 2 0 0 0 2 u 0 0 u 0 
2 2 0 u 0 0 2 u 0 0 2 2 u u u d 2 0 0 0 0 0 2 u 0 0 2 0 0 0 u 0 
2 2 0 u 0 0 2 2 u u 2 u 0 0 u d 2 0 0 0 0 0 2 0 0 0 2 u 0 0 u 0 
2 2 u u 0 0 2 2 0 0 2 2 0 u u 0 2 0 0 0 0 u u u 0 0 2 d 0 0 0 0 
2 2 u u 0 0 2 2 0 u 2 2 0 0 u 0 2 0 0 0 0 u 2 d 0 0 u u 0 0 0 0 
2 d u u 0 0 2 2 u u u 2 0 0 u d 2 0 0 0 0 0 2 0 0 0 2 u 0 0 u 0 
2 d u u 0 0 u 2 0 0 2 2 u u u d 2 0 0 0 0 0 2 u 0 0 2 0 0 0 u 0 
2 2 0 u d 0 2 2 0 u u 2 u 0 u 0 2 0 0 0 0 0 2 0 0 0 2 u 0 0 u 0 
2 2 0 u d 0 u 2 u 0 2 2 0 u u 0 2 0 0 0 0 0 2 u 0 0 2 0 0 0 u 0 
2 2 u 0 0 0 2 2 0 0 2 2 0 2 u 0 2 0 u 0 0 0 2 u 0 0 u 0 0 0 u 0 
2 2 u 0 0 0 2 2 0 2 2 2 0 0 u 0 2 0 u 0 0 0 u 0 0 0 2 u 0 0 u 0 
2 d u u 0 0 2 2 u 0 u 2 0 u u d 2 0 0 0 0 0 2 u 0 0 2 0 0 0 u 0 
2 d u u 0 0 u 2 0 u 2 2 u 0 u d 2 0 0 0 0 0 2 0 0 0 2 u 0 0 u 0 
2 2 u u 2 0 2 2 0 0 0 2 0 u u 0 2 u 0 0 0 0 2 0 0 0 2 u 0 0 0 0 
2 2 u u 2 0 0 2 0 u 2 2 0 0 u 0 2 u 0 0 0 0 2 u 0 0 2 0 0 0 0 0 
d 2 u u 0 0 2 2 0 0 2 2 0 u 0 0 2 u 0 0 u 0 2 0 0 0 2 u 0 0 u 0 
d 2 u u 0 0 2 2 0 u 2 2 0 0 0 0 2 u 0 0 u 0 2 u 0 0 2 0 0 0 u 0 
2 2 u u 0 0 u 2 0 d u 2 0 2 u 0 2 0 0 0 0 0 2 u 0 0 2 0 0 0 u 0 
2 2 u u 0 0 u 2 0 2 u 2 0 d u 0 2 0 0 0 0 0 2 0 0 0 2 u 0 0 u 0 
2 2 0 u d 0 2 u u u 2 2 0 0 u 0 2 0 0 0 0 0 2 0 0 0 2 u 0 0 u 0 
2 2 0 u d 0 2 2 0 0 2 u u u u 0 2 0 0 0 0 0 2 u 0 0 2 0 0 0 u 0 
2 d u 2 0 0 2 2 0 0 2 u u u u 0 2 u 0 0 0 0 2 0 0 0 2 u 0 0 0 0 
2 d u 2 0 0 2 u u u 2 2 0 0 u 0 2 u 0 0 0 0 2 u 0 0 2 0 0 0 0 0 
2 d u 2 0 0 2 u u 0 2 2 0 u u 0 2 u 0 0 0 0 2 0 0 0 2 u 0 0 0 0 
2 d u 2 0 0 2 2 0 u 2 u u 0 u 0 2 u 0 0 0 0 2 u 0 0 2 0 0 0 0 0 
2 2 u 0 0 0 2 2 0 u 2 u 0 0 u 0 2 0 0 d 0 0 2 0 0 0 2 u u 0 u 0 
2 2 u 0 0 0 2 u 0 0 2 2 0 u u 0 2 0 0 d 0 0 2 u u 0 2 0 0 0 u 0 
0 2 u u 0 2 2 2 0 0 2 2 0 u u 0 2 u 0 0 0 0 2 0 0 0 2 u 0 0 0 0 
0 2 u u 0 2 2 2 0 u 2 2 0 0 u 0 2 u 0 0 0 0 2 u 0 0 2 0 0 0 0 0 
2 2 u 0 0 0 2 2 0 0 2 u 0 u u 0 2 0 0 d 0 0 2 u 0 0 2 0 u 0 u 0 
2 2 u 0 0 0 2 u 0 u 2 2 0 0 u 0 2 0 0 d 0 0 2 0 u 0 2 u 0 0 u 0 
u 2 u u 0 0 2 2 0 0 2 2 0 u u u 2 0 0 0 d 0 2 u 0 0 2 0 0 0 0 0 
u 2 u u 0 0 2 2 0 u 2 2 0 0 u u 2 0 0 0 d 0 2 0 0 0 2 u 0 0 0 0 
2 2 u u 0 0 u 2 0 0 2 2 0 2 u 0 2 0 0 0 0 u 2 u 0 0 2 0 0 0 0 0 
2 2 u u 0 0 2 2 0 2 u 2 0 0 u 0 2 0 0 0 0 u 2 0 0 0 2 u 0 0 0 0 
2 2 0 0 u 0 2 2 0 u 2 d 0 0 0 u 2 0 u 0 0 0 2 0 0 0 2 u u 0 u 0 
2 2 0 0 u 0 2 d 0 0 2 2 0 u 0 u 2 0 u 0 0 0 2 u u 0 2 0 0 0 u 0 
2 2 u u 0 0 2 2 0 0 d u 0 u u 0 2 0 0 0 0 0 2 u 0 0 2 0 0 0 2 u 
2 2 u u 0 0 d u 0 u 2 2 0 0 u 0 2 0 0 0 0 0 2 0 0 0 2 u 0 0 2 u 
2 2 0 0 u 0 2 2 0 0 2 d 0 u 0 u 2 0 u 0 0 0 2 u 0 0 2 0 u 0 u 0 
2 2 0 0 u 0 2 d 0 u 2 2 0 0 0 u 2 0 u 0 0 0 2 0 u 0 2 u 0 0 u 0 
2 2 u u 0 0 2 2 0 d u 2 0 u u 0 2 0 0 0 0 u 2 u 0 0 2 0 0 0 0 0 
2 2 u u 0 0 u 2 0 u 2 2 0 d u 0 2 0 0 0 0 u 2 0 0 0 2 u 0 0 0 0 
2 2 u u 0 0 u 2 0 d 2 2 0 u u 0 2 0 0 0 0 0 2 u 0 0 u d 0 0 u 0 
2 2 u u 0 0 2 2 0 u u 2 0 d u 0 2 0 0 0 0 0 u d 0 0 2 u 0 0 u 0 
2 2 u u 0 0 2 2 0 0 u 2 0 2 u 0 2 0 0 0 0 0 u 2 0 0 2 0 0 0 u 0 
2 2 u u 0 0 u 2 0 2 2 2 0 0 u 0 2 0 0 0 0 0 2 0 0 0 u 2 0 0 u 0 
2 2 u u 0 0 2 2 0 0 2 2 0 u u 2 2 u 0 0 0 0 2 0 0 0 0 u 0 0 0 0 
2 2 u u 0 0 2 2 0 u 2 2 0 0 u 2 2 u 0 0 0 0 0 u 0 0 2 0 0 0 0 0 
2 u u u 0 0 2 2 0 0 d 2 0 u u 0 2 0 0 0 d 0 2 u 0 0 2 0 0 u u 0 
2 u u u 0 0 d 2 0 u 2 2 0 0 u 0 2 0 0 0 d 0 2 0 0 u 2 u 0 0 u 0 
2 2 u u d 0 u 2 0 0 2 2 0 u u 0 2 u 0 u 0 0 d 0 0 0 2 u 0 0 0 0 
2 2 u u d 0 2 2 0 u u 2 0 0 u 0 2 u 0 u 0 0 2 u 0 0 d 0 0 0 0 0 
2 u u u 0 0 2 2 0 u d 2 0 0 u 0 2 0 0 0 d 0 2 0 0 0 2 u 0 u u 0 
2 u u u 0 0 d 2 0 0 2 2 0 u u 0 2 0 0 0 d 0 2 u 0 u 2 0 0 0 u 0 
2 u u u 0 0 2 2 d u d 2 0 0 u u 2 0 0 0 0 0 2 0 0 0 2 u 0 0 u 0 
2 u u u 0 0 d 2 0 0 2 2 d u u u 2 0 0 0 0 0 2 u 0 0 2 0 0 0 u 0 
2 2 u u 0 0 2 d u 0 2 u 0 u 0 0 2 u 0 0 0 0 2 0 0 0 2 u d 0 u 0 
2 2 u u 0 0 2 u 0 u 2 d u 0 0 0 2 u 0 0 0 0 2 u d 0 2 0 0 0 u 0 
2 2 u u 0 0 2 u 0 0 2 d u u 0 0 2 u 0 0 0 0 2 0 d 0 2 u 0 0 u 0 
2 2 u u 0 0 2 d u u 2 u 0 0 0 0 2 u 0 0 0 0 2 u 0 0 2 0 d 0 u 0 
2 2 u 0 u 0 2 u d 0 2 2 0 u u 0 2 0 0 0 0 0 2 u 0 0 2 0 0 0 u 0 
2 2 u 0 u 0 2 2 0 u 2 u d 0 u 0 2 0 0 0 0 0 2 0 0 0 2 u 0 0 u 0 
2 d u u 0 0 2 2 u u 2 2 0 0 u 0 2 0 0 0 0 0 2 0 0 0 2 0 0 0 u u 
2 d u u 0 0 2 2 0 0 2 2 u u u 0 2 0 0 0 0 0 2 0 0 0 2 0 0 0 u u 
2 2 u 0 0 0 2 2 0 u 2 2 0 0 u u 2 u 0 0 0 0 2 0 0 0 2 0 0 u 0 0 
2 2 u 0 0 0 2 2 0 0 2 2 0 u u u 2 u 0 0 0 0 2 0 0 u 2 0 0 0 0 0 
u 2 u u 0 d 2 2 0 0 2 2 0 u u 0 2 u 0 0 0 0 2 0 0 0 2 u 0 0 0 0 
u 2 u u 0 d 2 2 0 u 2 2 0 0 u 0 2 u 0 0 0 0 2 u 0 0 2 0 0 0 0 0 
2 2 u 0 0 0 2 2 0 u 2 d 0 0 u 0 2 0 u 0 0 0 2 0 0 0 2 u u 0 u 0 
2 2 u 0 0 0 2 d 0 0 2 2 0 u u 0 2 0 u 0 0 0 2 u u 0 2 0 0 0 u 0 
2 0 u 0 0 0 2 2 0 0 2 2 0 u 0 2 2 u 0 0 0 0 2 u 0 0 2 0 0 0 u u 
2 0 u 0 0 0 2 2 0 u 2 2 0 0 0 2 2 u 0 0 0 0 2 0 0 0 2 u 0 0 u u 
2 2 u 0 0 0 2 2 0 0 2 d 0 u u 0 2 0 u 0 0 0 2 u 0 0 2 0 u 0 u 0 
2 2 u 0 0 0 2 d 0 u 2 2 0 0 u 0 2 0 u 0 0 0 2 0 u 0 2 u 0 0 u 0 
2 u u u 0 0 2 2 d 0 d 2 0 u u u 2 0 0 0 0 0 2 u 0 0 2 0 0 0 u 0 
2 u u u 0 0 d 2 0 u 2 2 d 0 u u 2 0 0 0 0 0 2 0 0 0 2 u 0 0 u 0 
2 u 2 u 0 0 2 2 0 0 2 2 0 u u 0 u 0 0 0 0 d 2 u 0 0 2 0 0 0 u 0 
2 u 2 u 0 0 2 2 0 u 2 2 0 0 u 0 u 0 0 0 0 d 2 0 0 0 2 u 0 0 u 0 
2 2 0 u 0 0 u 2 0 0 2 2 u u u d 2 0 0 0 0 0 2 u 0 0 2 0 0 0 u 0 
2 2 0 u 0 0 2 2 u u u 2 0 0 u d 2 0 0 0 0 0 2 0 0 0 2 u 0 0 u 0 
2 2 u u 0 0 2 2 0 0 0 2 0 u u 0 2 u 0 0 0 0 2 0 0 0 2 u 0 0 0 2 
2 2 u u 0 0 0 2 0 u 2 2 0 0 u 0 2 u 0 0 0 0 2 u 0 0 2 0 0 0 0 2 
2 2 u u u 0 2 2 0 0 2 2 u 0 0 0 2 0 0 0 0 0 2 0 0 0 2 u 0 0 u 0 
2 2 u u u 0 2 2 u 0 2 2 0 0 0 0 2 0 0 0 0 0 2 u 0 0 2 0 0 0 u 0 
2 2 u u 0 0 2 2 0 d 2 2 0 2 u 0 2 0 0 0 0 0 u u 0 0 u 0 0 0 u 0 
2 2 u u 0 0 2 2 0 2 2 2 0 d u 0 2 0 0 0 0 0 u 0 0 0 u u 0 0 u 0 
2 d 0 u 0 0 2 2 0 0 2 2 0 u u 0 2 u u 0 0 u 2 0 0 0 2 u 0 0 0 0 
2 d 0 u 0 0 2 2 0 u 2 2 0 0 u 0 2 u u 0 0 u 2 u 0 0 2 0 0 0 0 0 
2 2 0 u 0 0 u 2 0 u 2 2 u 0 u d 2 0 0 0 0 0 2 0 0 0 2 u 0 0 u 0 
2 2 0 u 0 0 2 2 u 0 u 2 0 u u d 2 0 0 0 0 0 2 u 0 0 2 0 0 0 u 0 
2 2 u u 0 0 2 2 0 0 2 u 0 0 u 0 2 0 0 0 0 d 2 0 0 0 2 u 0 0 u u 
2 2 u u 0 0 2 u 0 0 2 2 0 0 u 0 2 0 0 0 0 d 2 u 0 0 2 0 0 0 u u 
2 2 0 u 0 0 2 2 0 0 2 d 0 u u 0 2 u 0 0 0 0 2 0 0 u 2 u 0 0 u 0 
2 2 0 u 0 0 2 d 0 u 2 2 0 0 u 0 2 u 0 0 0 0 2 u 0 0 2 0 0 u u 0 
2 2 u u 0 0 2 2 0 u 2 u d 0 u 0 2 0 0 0 0 0 d 0 u 0 2 u 0 0 u 0 
2 2 u u 0 0 2 u d 0 2 2 0 u u 0 2 0 0 0 0 0 2 u 0 0 d 0 u 0 u 0 
2 2 0 u 0 0 2 2 0 u 2 d 0 0 u 0 2 u 0 0 0 0 2 u 0 u 2 0 0 0 u 0 
2 2 0 u 0 0 2 d 0 0 2 2 0 u u 0 2 u 0 0 0 0 2 0 0 0 2 u 0 u u 0 
2 2 u u 0 0 2 2 0 0 2 u d u u 0 2 0 0 0 0 0 d u u 0 2 0 0 0 u 0 
2 2 u u 0 0 2 u d u 2 2 0 0 u 0 2 0 0 0 0 0 2 0 0 0 d u u 0 u 0 
2 2 u 2 0 0 2 2 0 0 2 u 0 u u 0 2 0 0 0 0 0 u u 0 0 2 0 0 0 u d 
2 2 u 2 0 0 2 u 0 u 2 2 0 0 u 0 2 0 0 0 0 0 2 0 0 0 u u 0 0 u d 
2 d u u 0 0 2 2 u 0 2 2 0 u u 0 2 0 0 u 0 0 2 0 0 0 2 0 0 0 u 0 
2 d u u 0 0 2 2 0 u 2 2 u 0 u 0 2 0 0 u 0 0 2 0 0 0 2 0 0 0 u 0 
2 2 u u 0 0 2 u 0 0 2 2 0 u 2 0 2 0 0 d 0 0 2 u 0 0 u 0 0 0 u 0 
2 2 u u 0 0 2 2 0 u 2 u 0 0 2 0 2 0 0 d 0 0 u 0 0 0 2 u 0 0 u 0 
2 u u u 0 d 2 2 0 0 2 2 0 u u 0 u u 0 0 d 0 2 0 0 0 2 u 0 0 0 0 
2 u u u 0 d 2 2 0 u 2 2 0 0 u 0 u u 0 0 d 0 2 u 0 0 2 0 0 0 0 0 
2 2 u u 0 0 2 2 0 u d u 0 0 u 0 2 0 0 0 0 0 2 0 0 0 2 u 0 0 2 u 
2 2 u u 0 0 d u 0 0 2 2 0 u u 0 2 0 0 0 0 0 2 u 0 0 2 0 0 0 2 u 
2 2 0 u u 0 2 u 0 u 2 2 0 0 0 0 2 0 u 0 0 0 2 u d 0 2 0 0 0 u 0 
2 2 0 u u 0 2 2 0 0 2 u 0 u 0 0 2 0 u 0 0 0 2 0 0 0 2 u d 0 u 0 
2 u 0 u 0 0 2 2 0 0 2 2 0 u u 0 2 u 2 0 0 0 2 0 0 0 2 u 0 0 0 0 
2 u 0 u 0 0 2 2 0 u 2 2 0 0 u 0 2 u 2 0 0 0 2 u 0 0 2 0 0 0 0 0 
2 2 u u 0 0 2 2 0 d u 2 0 u u 0 2 0 0 0 0 0 u u 0 0 2 d 0 0 u 0 
2 2 u u 0 0 u 2 0 u 2 2 0 d u 0 2 0 0 0 0 0 2 d 0 0 u u 0 0 u 0 
2 2 u u 0 0 u 2 0 0 2 2 0 2 u 0 2 0 0 0 0 0 2 2 0 0 u 0 0 0 u 0 
2 2 u u 0 0 2 2 0 2 u 2 0 0 u 0 2 0 0 0 0 0 u 0 0 0 2 2 0 0 u 0 
2 u u u 0 u 2 2 0 0 2 2 0 u 0 d 2 0 0 0 0 0 2 u 0 0 2 0 0 0 u 0 
2 u u u 0 u 2 2 0 u 2 2 0 0 0 d 2 0 0 0 0 0 2 0 0 0 2 u 0 0 u 0 
2 d u u 0 0 2 2 0 u u 2 0 0 u 0 2 0 0 0 u 0 2 0 0 0 2 u 0 d u 0 
2 d u u 0 0 u 2 0 0 2 2 0 u u 0 2 0 0 0 u 0 2 u 0 d 2 0 0 0 u 0 
2 d u u 0 0 2 2 0 0 u 2 0 u u 0 2 0 0 0 u 0 2 u 0 0 2 0 0 d u 0 
2 d u u 0 0 u 2 0 u 2 2 0 0 u 0 2 0 0 0 u 0 2 0 0 d 2 u 0 0 u 0 
2 2 0 u 0 0 2 2 0 u 2 d 0 0 u 0 2 0 0 0 0 0 2 0 u 0 2 u 0 0 u u 
2 2 0 u 0 0 2 d 0 0 2 2 0 u u 0 2 0 0 0 0 0 2 u 0 0 2 0 u 0 u u 
2 2 0 u 0 u 2 2 0 0 2 2 0 u u 0 d 0 0 0 u 0 2 u 0 0 2 0 0 0 u 0 
2 2 0 u 0 u 2 2 0 u 2 2 0 0 u 0 d 0 0 0 u 0 2 0 0 0 2 u 0 0 u 0 
2 2 u 2 0 0 2 u 0 0 2 2 0 u u 0 2 0 0 0 0 0 2 u 0 0 u 0 0 0 u d 
2 2 u 2 0 0 2 2 0 u 2 u 0 0 u 0 2 0 0 0 0 0 u 0 0 0 2 u 0 0 u d 
2 2 u u d 0 2 2 0 0 u 2 0 u u 0 2 u 0 u 0 0 2 0 0 0 d u 0 0 0 0 
2 2 u u d 0 u 2 0 u 2 2 0 0 u 0 2 u 0 u 0 0 d u 0 0 2 0 0 0 0 0 
2 2 u u 0 0 2 2 0 0 2 u 0 u 2 0 2 0 0 d 0 0 u u 0 0 2 0 0 0 u 0 
2 2 u u 0 0 2 u 0 u 2 2 0 0 2 0 2 0 0 d 0 0 2 0 0 0 u u 0 0 u 0 
2 2 0 u u 0 2 u 0 0 2 2 0 u 0 0 2 0 u 0 0 0 2 0 d 0 2 u 0 0 u 0 
2 2 0 u u 0 2 2 0 u 2 u 0 0 0 0 2 0 u 0 0 0 2 u 0 0 2 0 d 0 u 0 
2 2 u u 0 0 2 2 0 u u 2 0 0 0 0 2 0 0 0 0 0 2 0 0 0 2 u 0 d u u 
2 2 u u 0 0 u 2 0 0 2 2 0 u 0 0 2 0 0 0 0 0 2 u 0 d 2 0 0 0 u u 
2 2 0 u 0 0 2 2 0 0 2 d 0 u u 0 2 0 0 0 0 0 2 u u 0 2 0 0 0 u u 
2 2 0 u 0 0 2 d 0 u 2 2 0 0 u 0 2 0 0 0 0 0 2 0 0 0 2 u u 0 u u 
2 2 0 u 0 0 2 u 0 0 2 u 0 u 0 0 2 u u 0 0 0 2 0 d 0 2 u d 0 u 0 
2 2 0 u 0 0 2 u 0 u 2 u 0 0 0 0 2 u u 0 0 0 2 u d 0 2 0 d 0 u 0 
2 0 u 0 0 0 2 u 0 u 2 2 0 0 u 0 2 u 0 0 2 0 2 0 d 0 2 u 0 0 u 0 
2 0 u 0 0 0 2 2 0 0 2 u 0 u u 0 2 u 0 0 2 0 2 u 0 0 2 0 d 0 u 0 
2 0 u 0 0 0 2 u 0 0 2 2 0 u u 0 2 u 0 0 2 0 2 u d 0 2 0 0 0 u 0 
2 0 u 0 0 0 2 2 0 u 2 u 0 0 u 0 2 u 0 0 2 0 2 0 0 0 2 u d 0 u 0 
2 2 u u 0 0 0 2 0 0 2 2 0 u u 0 2 u 0 0 0 0 2 0 0 0 2 u 0 0 0 2 
2 2 u u 0 0 2 2 0 u 0 2 0 0 u 0 2 u 0 0 0 0 2 u 0 0 2 0 0 0 0 2 
2 0 u u u 0 2 2 0 0 2 2 0 u 0 0 2 0 0 0 2 0 2 0 0 0 2 u 0 0 u 0 
2 0 u u u 0 2 2 0 u 2 2 0 0 0 0 2 0 0 0 2 0 2 u 0 0 2 0 0 0 u 0 
2 2 2 0 0 0 2 u u 0 2 2 0 u u 0 2 u 0 0 0 0 2 0 0 0 2 u 0 0 0 0 
2 2 2 0 0 0 2 2 0 u 2 u u 0 u 0 2 u 0 0 0 0 2 u 0 0 2 0 0 0 0 0 
2 2 u u 0 0 2 2 0 0 2 2 0 u u 2 2 u 0 0 0 0 0 0 0 0 2 u 0 0 0 0 
2 2 u u 0 0 2 2 0 u 2 2 0 0 u 2 2 u 0 0 0 0 2 u 0 0 0 0 0 0 0 0 
2 2 u 0 d 0 2 2 0 0 2 2 0 u u 0 2 0 0 0 0 0 u u u 0 2 0 0 0 u 0 
2 2 u 0 d 0 2 2 0 u 2 2 0 0 u 0 2 0 0 0 0 0 2 0 0 0 u u u 0 u 0 
2 2 u u 0 0 2 2 0 u 2 u 0 0 u u 2 u 0 0 0 d 2 0 0 0 2 0 0 0 0 0 
2 2 u u 0 0 2 u 0 0 2 2 0 u u u 2 u 0 0 0 d 2 0 0 0 2 0 0 0 0 0 
2 2 0 u 0 0 2 u 0 0 2 2 0 u u 0 2 0 0 0 u 0 2 u d 0 2 0 0 0 u 0 
2 2 0 u 0 0 2 2 0 u 2 u 0 0 u 0 2 0 0 0 u 0 2 0 0 0 2 u d 0 u 0 
2 2 0 u 0 0 2 u 0 u 2 2 0 0 u 0 2 0 0 0 u 0 2 0 d 0 2 u 0 0 u 0 
2 2 0 u 0 0 2 2 0 0 2 u 0 u u 0 2 0 0 0 u 0 2 u 0 0 2 0 d 0 u 0 
2 2 u 0 d 0 2 2 0 u 2 2 0 0 u 0 2 0 0 0 0 0 u 0 u 0 2 u 0 0 u 0 
2 2 u 0 d 0 2 2 0 0 2 2 0 u u 0 2 0 0 0 0 0 2 u 0 0 u 0 u 0 u 0 
2 u u u 0 0 2 2 0 u 2 2 0 0 0 0 2 0 0 0 0 d 2 0 0 0 2 u 0 0 u u 
2 u u u 0 0 2 2 0 0 2 2 0 u 0 0 2 0 0 0 0 d 2 u 0 0 2 0 0 0 u u 
2 2 u u u 0 2 2 0 0 2 2 0 0 u 0 2 0 0 0 0 d 2 u 0 0 u 0 0 0 u 0 
2 2 u u u 0 2 2 0 0 2 2 0 0 u 0 2 0 0 0 0 d u 0 0 0 2 u 0 0 u 0 
2 2 u u 0 0 2 2 0 0 u 2 0 u 0 0 2 0 0 0 0 0 2 u 0 0 2 0 0 d u u 
2 2 u u 0 0 u 2 0 u 2 2 0 0 0 0 2 0 0 0 0 0 2 0 0 d 2 u 0 0 u u 
2 2 0 u 0 0 2 u 0 0 2 2 0 u u 0 2 0 d 0 0 0 2 u u 0 2 0 0 0 u 0 
2 2 0 u 0 0 2 2 0 u 2 u 0 0 u 0 2 0 d 0 0 0 2 0 0 0 2 u u 0 u 0 
2 2 u u 0 0 d 2 0 0 2 2 0 u u u 2 u 0 u 0 0 2 0 0 0 d u 0 0 0 0 
2 2 u u 0 0 2 2 0 u d 2 0 0 u u 2 u 0 u 0 0 d u 0 0 2 0 0 0 0 0 
2 2 0 u 0 0 2 u 0 u 2 2 0 0 u 0 2 0 d 0 0 0 2 0 u 0 2 u 0 0 u 0 
2 2 0 u 0 0 2 2 0 0 2 u 0 u u 0 2 0 d 0 0 0 2 u 0 0 2 0 u 0 u 0 
2 2 u u 0 0 2 2 0 0 d 2 0 u u u 2 u 0 u 0 0 d 0 0 0 2 u 0 0 0 0 
2 2 u u 0 0 d 2 0 u 2 2 0 0 u u 2 u 0 u 0 0 2 u 0 0 d 0 0 0 0 0 
2 2 u u 0 u 2 2 0 0 2 d 0 u u 0 2 u 0 u 0 0 2 0 0 0 2 0 0 0 0 0 
2 2 u u 0 u 2 d 0 u 2 2 0 0 u 0 2 u 0 u 0 0 2 0 0 0 2 0 0 0 0 0 
2 u u 0 u 0 2 2 0 0 2 2 0 u 0 0 2 0 0 u d 0 2 0 0 0 2 u 0 0 u 0 
2 u u 0 u 0 2 2 0 u 2 2 0 0 0 0 2 0 0 u d 0 2 u 0 0 2 0 0 0 u 0 
2 2 u u 0 0 2 2 0 u 2 d u 0 u 0 2 0 0 0 0 0 u 0 d 0 2 u 0 0 u 0 
2 2 u u 0 0 2 d u 0 2 2 0 u u 0 2 0 0 0 0 0 2 u 0 0 u 0 d 0 u 0 
2 2 u u 0 0 2 2 0 0 2 d u u u 0 2 0 0 0 0 0 u u d 0 2 0 0 0 u 0 
2 2 u u 0 0 2 d u u 2 2 0 0 u 0 2 0 0 0 0 0 2 0 0 0 u u d 0 u 0 
2 u u u u 0 d 2 d u 2 2 0 0 u 0 2 0 0 0 0 0 2 0 0 0 2 u 0 0 u 0 
2 u u u u 0 2 2 0 0 d 2 d u u 0 2 0 0 0 0 0 2 u 0 0 2 0 0 0 u 0 
2 2 2 0 0 0 2 2 0 0 2 u u u u 0 2 u 0 0 0 0 2 0 0 0 2 u 0 0 0 0 
2 2 2 0 0 0 2 u u u 2 2 0 0 u 0 2 u 0 0 0 0 2 u 0 0 2 0 0 0 0 0 
2 2 u u 2 0 2 2 0 0 2 2 0 u u 0 2 u 0 0 0 0 0 0 0 0 2 u 0 0 0 0 
2 2 u u 2 0 2 2 0 u 2 2 0 0 u 0 2 u 0 0 0 0 2 u 0 0 0 0 0 0 0 0 
2 2 u 0 u 0 2 u 0 0 2 2 0 u 0 0 2 0 0 u 0 0 2 0 d 0 2 u 0 0 u 0 
2 2 u 0 u 0 2 2 0 u 2 u 0 0 0 0 2 0 0 u 0 0 2 u 0 0 2 0 d 0 u 0 
2 d u u 0 0 2 2 u u 2 2 0 0 u 0 2 0 0 d 0 0 u 0 0 0 2 u 0 0 u 0 
2 d u u 0 0 2 2 0 0 2 2 u u u 0 2 0 0 d 0 0 2 u 0 0 u 0 0 0 u 0 
2 2 u u 0 0 0 2 0 0 2 2 0 u u 0 2 u 0 2 0 0 2 0 0 0 2 u 0 0 0 0 
2 2 u u 0 0 2 2 0 u 0 2 0 0 u 0 2 u 0 2 0 0 2 u 0 0 2 0 0 0 0 0 
2 d u u 0 0 2 2 u 0 2 2 0 u u 0 2 0 0 d 0 0 u u 0 0 2 0 0 0 u 0 
2 d u u 0 0 2 2 0 u 2 2 u 0 u 0 2 0 0 d 0 0 2 0 0 0 u u 0 0 u 0 
2 2 u 0 u 0 2 u 0 u 2 2 0 0 0 0 2 0 0 u 0 0 2 u d 0 2 0 0 0 u 0 
2 2 u 0 u 0 2 2 0 0 2 u 0 u 0 0 2 0 0 u 0 0 2 0 0 0 2 u d 0 u 0 
2 d u 0 0 0 2 2 0 u 2 2 0 0 u 0 2 0 0 u 0 u 2 0 0 0 2 u 0 0 u 0 
2 d u 0 0 0 2 2 0 0 2 2 0 u u 0 2 0 0 u 0 u 2 u 0 0 2 0 0 0 u 0 
2 u u u u 0 d 2 d 0 2 2 0 u u 0 2 0 0 0 0 0 2 u 0 0 2 0 0 0 u 0 
2 u u u u 0 2 2 0 u d 2 d 0 u 0 2 0 0 0 0 0 2 0 0 0 2 u 0 0 u 0 
2 2 u u 0 u 2 d 0 0 2 2 0 u u 0 2 u 0 0 0 0 2 0 0 0 2 0 0 0 0 u 
2 2 u u 0 u 2 2 0 u 2 d 0 0 u 0 2 u 0 0 0 0 2 0 0 0 2 0 0 0 0 u 
2 2 u 0 0 0 2 2 0 0 2 2 u 0 u u 2 0 0 0 0 0 2 0 0 0 2 u 0 0 u 0 
2 2 u 0 0 0 2 2 u 0 2 2 0 0 u u 2 0 0 0 0 0 2 u 0 0 2 0 0 0 u 0 
2 2 u u d 0 2 2 0 0 2 2 0 u u d 2 u 0 0 0 0 u 0 0 0 u u 0 0 0 0 
2 2 u u d 0 2 2 0 u 2 2 0 0 u d 2 u 0 0 0 0 u u 0 0 u 0 0 0 0 0 
2 2 u u d 0 u 2 0 0 2 2 0 u u 0 d 0 0 0 0 0 2 u u 0 2 0 0 0 u 0 
2 2 u u d 0 2 2 0 u u 2 0 0 u 0 d 0 0 0 0 0 2 0 0 0 2 u u 0 u 0 
2 2 u u d 0 u 2 0 u 2 2 0 0 u 0 d 0 0 0 0 0 2 0 u 0 2 u 0 0 u 0 
2 2 u u d 0 2 2 0 0 u 2 0 u u 0 d 0 0 0 0 0 2 u 0 0 2 0 u 0 u 0 
2 2 u 0 u 0 2 2 0 0 2 u d u u 0 2 u 0 0 0 0 2 0 0 0 2 u 0 0 0 0 
2 2 u 0 u 0 2 u d u 2 2 0 0 u 0 2 u 0 0 0 0 2 u 0 0 2 0 0 0 0 0 
2 2 u u 0 0 2 2 0 u 2 u 0 0 2 0 d u 0 0 0 0 2 u u 0 2 0 0 0 0 0 
2 2 u u 0 0 2 u 0 0 2 2 0 u 2 0 d u 0 0 0 0 2 0 0 0 2 u u 0 0 0 
2 2 u u 0 0 2 2 0 0 2 u 0 u 2 0 d u 0 0 0 0 2 0 u 0 2 u 0 0 0 0 
2 2 u u 0 0 2 u 0 u 2 2 0 0 2 0 d u 0 0 0 0 2 u 0 0 2 0 u 0 0 0 
2 2 0 u u 0 2 2 0 0 2 2 0 u u 0 2 0 0 0 u 0 2 0 0 0 2 u 0 0 0 0 
2 2 0 u u 0 2 2 0 u 2 2 0 0 u 0 2 0 0 0 u 0 2 u 0 0 2 0 0 0 0 0 
2 u 0 0 0 0 2 2 0 u 2 2 0 0 u u 2 u 0 0 2 0 2 0 0 0 2 u 0 0 0 0 
2 u 0 0 0 0 2 2 0 0 2 2 0 u u u 2 u 0 0 2 0 2 u 0 0 2 0 0 0 0 0 
u 2 u u 0 0 2 2 0 0 2 2 d u u 0 d 0 0 0 0 0 2 u 0 0 2 0 u 0 u 0 
u 2 u u 0 0 2 2 d u 2 2 0 0 u 0 d 0 0 0 0 0 2 0 u 0 2 u 0 0 u 0 
u 2 u u 0 0 2 2 0 u 2 2 d 0 u 0 d 0 0 0 0 0 2 0 0 0 2 u u 0 u 0 
u 2 u u 0 0 2 2 d 0 2 2 0 u u 0 d 0 0 0 0 0 2 u u 0 2 0 0 0 u 0 
2 2 0 u 0 0 2 2 0 u 2 u 0 0 u 0 2 0 0 0 0 d 2 0 0 0 2 u 0 u u 0 
2 2 0 u 0 0 2 u 0 0 2 2 0 u u 0 2 0 0 0 0 d 2 u 0 u 2 0 0 0 u 0 
2 u 0 u 2 0 2 2 0 0 2 2 0 u u 0 2 u 0 0 0 0 2 0 0 0 2 u 0 0 0 0 
2 u 0 u 2 0 2 2 0 u 2 2 0 0 u 0 2 u 0 0 0 0 2 u 0 0 2 0 0 0 0 0 
2 2 u u 0 0 2 2 0 0 2 2 0 u u 0 2 0 0 u 0 0 d u 0 0 u 0 0 0 u d 
2 2 u u 0 0 2 2 0 u 2 2 0 0 u 0 2 0 0 u 0 0 u 0 0 0 d u 0 0 u d 
2 2 u u 0 0 2 2 0 0 2 2 0 0 u u 2 0 0 0 0 d u u 0 0 2 0 0 0 u 0 
2 2 u u 0 0 2 2 0 0 2 2 0 0 u u 2 0 0 0 0 d 2 0 0 0 u u 0 0 u 0 
2 2 u u 0 0 2 2 0 0 2 2 0 u u 0 2 0 0 u 0 0 u u 0 0 d 0 0 0 u d 
2 2 u u 0 0 2 2 0 u 2 2 0 0 u 0 2 0 0 u 0 0 d 0 0 0 u u 0 0 u d 
2 u u u 0 d 2 u d 0 2 u d u u 0 2 0 0 0 0 0 2 u 0 0 2 0 0 0 u 0 
2 u u u 0 d 2 u d u 2 u d 0 u 0 2 0 0 0 0 0 2 0 0 0 2 u 0 0 u 0 
u 2 u u 0 0 2 2 0 0 2 2 0 u 0 0 2 0 0 0 0 0 2 u u 0 2 0 d 0 u 0 
u 2 u u 0 0 2 2 0 u 2 2 0 0 0 0 2 0 0 0 0 0 2 0 d 0 2 u u 0 u 0 
u 2 u u 0 0 2 2 0 u 2 2 0 0 0 0 2 0 0 0 0 0 2 0 u 0 2 u d 0 u 0 
u 2 u u 0 0 2 2 0 0 2 2 0 u 0 0 2 0 0 0 0 0 2 u d 0 2 0 u 0 u 0 
2 u 2 u 0 0 2 2 0 0 2 2 0 u u 0 2 0 0 u 0 0 2 0 0 0 2 u 0 0 0 0 
2 u 2 u 0 0 2 2 0 u 2 2 0 0 u 0 2 0 0 u 0 0 2 u 0 0 2 0 0 0 0 0 
2 d u u 0 0 2 2 u u 2 2 0 0 u 0 2 0 0 0 0 0 2 0 0 0 u u 0 0 u d 
2 d u u 0 0 2 2 0 0 2 2 u u u 0 2 0 0 0 0 0 u u 0 0 2 0 0 0 u d 
2 2 0 u 0 0 2 2 0 0 2 u 0 u u 0 2 0 0 0 0 d 2 u 0 0 2 0 0 u u 0 
2 2 0 u 0 0 2 u 0 u 2 2 0 0 u 0 2 0 0 0 0 d 2 0 0 u 2 u 0 0 u 0 
2 d u u 0 0 2 2 u 0 2 2 0 u u 0 2 0 0 0 0 0 2 u 0 0 u 0 0 0 u d 
2 d u u 0 0 2 2 0 u 2 2 u 0 u 0 2 0 0 0 0 0 u 0 0 0 2 u 0 0 u d 
2 2 u 0 0 0 u 2 0 0 2 2 0 u u 0 2 0 u 0 0 0 2 2 0 0 2 0 0 0 u 0 
2 2 u 0 0 0 2 2 0 u u 2 0 0 u 0 2 0 u 0 0 0 2 0 0 0 2 2 0 0 u 0 
2 2 u u 0 0 2 2 0 0 0 2 0 u u 0 2 u 0 2 0 0 2 0 0 0 2 u 0 0 0 0 
2 2 u u 0 0 0 2 0 u 2 2 0 0 u 0 2 u 0 2 0 0 2 u 0 0 2 0 0 0 0 0 
2 2 0 u u 0 2 d 0 u 2 2 0 0 0 0 2 0 u 0 0 0 2 u u 0 2 0 0 0 u 0 
2 2 0 u u 0 2 2 0 0 2 d 0 u 0 0 2 0 u 0 0 0 2 0 0 0 2 u u 0 u 0 
2 2 u 0 0 0 2 2 0 0 u 2 0 u u 0 2 0 u 0 0 0 2 u 0 0 2 d 0 0 u 0 
2 2 u 0 0 0 u 2 0 u 2 2 0 0 u 0 2 0 u 0 0 0 2 d 0 0 2 u 0 0 u 0 
2 2 u u 0 0 2 2 0 0 u 2 0 u u d d 0 0 0 0 0 2 u u 0 2 0 0 0 u 0 
2 2 u u 0 0 u 2 0 u 2 2 0 0 u d d 0 0 0 0 0 2 0 0 0 2 u u 0 u 0 
2 0 2 u 0 u 2 2 0 0 2 2 0 u u 0 2 u 0 0 0 0 2 0 0 0 2 u 0 0 0 0 
2 0 2 u 0 u 2 2 0 u 2 2 0 0 u 0 2 u 0 0 0 0 2 u 0 0 2 0 0 0 0 0 
2 2 u u 0 0 2 2 0 u u 2 0 0 u d d 0 0 0 0 0 2 0 u 0 2 u 0 0 u 0 
2 2 u u 0 0 u 2 0 0 2 2 0 u u d d 0 0 0 0 0 2 u 0 0 2 0 u 0 u 0 
2 2 u u 0 u 2 d 0 0 2 2 0 0 u u 2 u 0 0 0 0 2 0 0 0 2 u 0 0 0 0 
2 2 u u 0 u 2 2 0 0 2 d 0 0 u u 2 u 0 0 0 0 2 u 0 0 2 0 0 0 0 0 
2 2 u u u 0 2 2 0 0 d 2 0 u u 0 2 d 0 0 0 0 2 u 0 0 u 0 0 0 u 0 
2 2 u u u 0 d 2 0 u 2 2 0 0 u 0 2 d 0 0 0 0 u 0 0 0 2 u 0 0 u 0 
2 2 0 u 0 0 2 2 0 0 2 2 u u u 0 2 0 0 0 0 0 2 u u 0 2 0 0 0 0 0 
2 2 0 u 0 0 2 2 u u 2 2 0 0 u 0 2 0 0 0 0 0 2 0 0 0 2 u u 0 0 0 
2 2 0 u u 0 2 d 0 0 2 2 0 u 0 0 2 0 u 0 0 0 2 0 u 0 2 u 0 0 u 0 
2 2 0 u u 0 2 2 0 u 2 d 0 0 0 0 2 0 u 0 0 0 2 u 0 0 2 0 u 0 u 0 
2 2 u u 2 0 2 2 0 0 2 2 0 u u 0 2 u 0 0 0 0 2 0 0 0 0 u 0 0 0 0 
2 2 u u 2 0 2 2 0 u 2 2 0 0 u 0 2 u 0 0 0 0 0 u 0 0 2 0 0 0 0 0 
2 2 u 0 0 0 2 2 0 u 2 d 0 0 u 0 2 0 0 0 0 0 2 u 0 0 2 u 0 0 u u 
2 2 u 0 0 0 2 d 0 0 2 2 0 u u 0 2 0 0 0 0 0 2 u 0 0 2 u 0 0 u u 
2 2 0 u 0 0 2 2 0 u 2 2 u 0 u 0 2 0 0 0 0 0 2 0 u 0 2 u 0 0 0 0 
2 2 0 u 0 0 2 2 u 0 2 2 0 u u 0 2 0 0 0 0 0 2 u 0 0 2 0 u 0 0 0 
2 2 u u 0 0 2 2 0 0 2 2 0 u u 0 2 0 0 d 0 0 u u 0 0 d 0 0 0 u u 
2 2 u u 0 0 2 2 0 u 2 2 0 0 u 0 2 0 0 d 0 0 d 0 0 0 u u 0 0 u u 
2 2 u u 0 0 2 2 0 0 2 2 0 u u 0 0 2 0 0 0 0 2 u 0 0 2 0 0 0 u 0 
2 2 u u 0 0 2 2 0 u 2 2 0 0 u 0 0 2 0 0 0 0 2 0 0 0 2 u 0 0 u 0 
2 2 u u 0 0 2 2 0 0 2 2 0 u u 0 2 d 0 0 0 0 u u 0 0 u 0 0 0 2 0 
2 2 u u 0 0 2 2 0 u 2 2 0 0 u 0 2 d 0 0 0 0 u 0 0 0 u u 0 0 2 0 
2 2 u u 0 0 2 2 0 0 2 2 0 u u 0 2 0 0 d 0 0 d u 0 0 u 0 0 0 u u 
2 2 u u 0 0 2 2 0 u 2 2 0 0 u 0 2 0 0 d 0 0 u 0 0 0 d u 0 0 u u 
u u 2 u 0 d 2 2 0 0 2 2 0 u u 0 2 u 0 0 0 0 2 0 0 0 2 u 0 0 0 0 
u u 2 u 0 d 2 2 0 u 2 2 0 0 u 0 2 u 0 0 0 0 2 u 0 0 2 0 0 0 0 0 
2 2 u u u 0 2 d 0 u 2 2 0 u 0 0 2 0 0 0 0 0 2 0 0 0 2 u 0 0 u 0 
2 2 u u u 0 2 2 0 u 2 d 0 u 0 0 2 0 0 0 0 0 2 u 0 0 2 0 0 0 u 0 
2 2 u u u 0 2 2 0 0 2 2 0 u u u 2 u 0 0 0 0 d 0 0 0 d u 0 0 0 0 
2 2 u u u 0 2 2 0 u 2 2 0 0 u u 2 u 0 0 0 0 d u 0 0 d 0 0 0 0 0 
2 2 2 u 0 0 2 2 0 u 2 u 0 0 u 0 2 0 0 0 0 0 2 u 0 0 2 0 0 u 0 0 
2 2 2 u 0 0 2 u 0 0 2 2 0 u u 0 2 0 0 0 0 0 2 0 0 u 2 u 0 0 0 0 
2 2 2 u 0 0 2 2 0 0 2 u 0 u u 0 2 0 0 0 0 0 2 0 0 0 2 u 0 u 0 0 
2 2 2 u 0 0 2 u 0 u 2 2 0 0 u 0 2 0 0 0 0 0 2 u 0 u 2 0 0 0 0 0 
2 u u 0 0 0 2 d 0 u 2 2 0 0 u u 2 u 0 0 d 0 2 0 u 0 2 u 0 0 0 0 
2 u u 0 0 0 2 2 0 0 2 d 0 u u u 2 u 0 0 d 0 2 u 0 0 2 0 u 0 0 0 
2 2 u u 0 0 2 2 0 u 2 2 0 0 u 0 2 u 0 0 0 0 0 u 2 0 2 0 0 0 0 0 
2 2 u u 0 0 2 2 0 0 2 2 0 u u 0 2 u 0 0 0 0 2 0 0 0 0 u 2 0 0 0 
2 u u 0 0 0 2 d 0 0 2 2 0 u u u 2 u 0 0 d 0 2 u u 0 2 0 0 0 0 0 
2 u u 0 0 0 2 2 0 u 2 d 0 0 u u 2 u 0 0 d 0 2 0 0 0 2 u u 0 0 0 
2 2 u 2 0 0 2 u 0 u 2 2 0 0 u 0 d u 0 0 0 0 2 u u 0 2 0 0 0 0 0 
2 2 u 2 0 0 2 2 0 0 2 u 0 u u 0 d u 0 0 0 0 2 0 0 0 2 u u 0 0 0 
2 2 u u 0 0 2 2 0 0 2 2 0 u u 0 2 u 0 0 0 0 0 0 2 0 2 u 0 0 0 0 
2 2 u u 0 0 2 2 0 u 2 2 0 0 u 0 2 u 0 0 0 0 2 u 0 0 0 0 2 0 0 0 
2 2 u 2 0 0 2 u 0 0 2 2 0 u u 0 d u 0 0 0 0 2 0 u 0 2 u 0 0 0 0 
2 2 u 2 0 0 2 2 0 u 2 u 0 0 u 0 d u 0 0 0 0 2 u 0 0 2 0 u 0 0 0 
2 0 u u 0 0 2 2 0 0 2 2 0 u u 0 2 0 u 0 0 d 2 u 0 0 2 0 0 0 u 0 
2 0 u u 0 0 2 2 0 u 2 2 0 0 u 0 2 0 u 0 0 d 2 0 0 0 2 u 0 0 u 0 
2 d u 0 0 0 2 2 0 u 2 2 0 0 u 0 2 0 u u 0 0 2 0 0 0 2 u 0 0 u 0 
2 d u 0 0 0 2 2 0 0 2 2 0 u u 0 2 0 u u 0 0 2 u 0 0 2 0 0 0 u 0 
2 d u u 0 0 2 u 0 0 2 2 d u u u 2 0 0 0 0 0 2 u 0 0 2 0 0 0 u 0 
2 d u u 0 0 2 2 d u 2 u 0 0 u u 2 0 0 0 0 0 2 0 0 0 2 u 0 0 u 0 
2 d u u 0 0 2 u 0 u 2 2 d 0 u u 2 0 0 0 0 0 2 0 0 0 2 u 0 0 u 0 
2 d u u 0 0 2 2 d 0 2 u 0 u u u 2 0 0 0 0 0 2 u 0 0 2 0 0 0 u 0 
2 2 u u 0 0 2 2 0 u 2 d 0 0 u u 2 0 0 0 0 0 2 0 0 0 u u 0 0 2 0 
2 2 u u 0 0 2 d 0 0 2 2 0 u u u 2 0 0 0 0 0 u u 0 0 2 0 0 0 2 0 
2 2 u u u 0 d 2 0 0 2 2 0 u u 0 2 d 0 0 0 0 u u 0 0 2 0 0 0 u 0 
2 2 u u u 0 2 2 0 u d 2 0 0 u 0 2 d 0 0 0 0 2 0 0 0 u u 0 0 u 0 
2 2 0 u 0 u 2 2 0 0 2 2 0 u u 0 2 0 0 0 0 0 2 u 0 0 2 0 0 0 0 u 
2 2 0 u 0 u 2 2 0 u 2 2 0 0 u 0 2 0 0 0 0 0 2 0 0 0 2 u 0 0 0 u 
2 2 u u 0 0 2 d 0 u 2 2 0 u 0 u 2 0 0 0 0 0 2 u 0 0 2 0 0 0 u 0 
2 2 u u 0 0 2 2 0 u 2 d 0 u 0 u 2 0 0 0 0 0 2 0 0 0 2 u 0 0 u 0 
2 2 u u u 0 2 2 0 0 2 d 0 u u 0 2 d 0 0 0 0 2 u 0 0 u 0 0 0 u 0 
2 2 u u u 0 2 d 0 u 2 2 0 0 u 0 2 d 0 0 0 0 u 0 0 0 2 u 0 0 u 0 
2 2 u u 0 0 2 2 0 0 2 2 0 u u 0 d 0 0 0 u 0 2 u 0 0 2 0 0 0 0 u 
2 2 u u 0 0 2 2 0 u 2 2 0 0 u 0 d 0 0 0 u 0 2 0 0 0 2 u 0 0 0 u 
2 u 0 0 0 0 2 d 0 u 2 2 0 0 u 0 2 u u 0 d 0 2 0 u 0 2 u 0 0 u 0 
2 u 0 0 0 0 2 2 0 0 2 d 0 u u 0 2 u u 0 d 0 2 u 0 0 2 0 u 0 u 0 
2 u 0 0 0 0 2 d 0 0 2 2 0 u u 0 2 u u 0 d 0 2 u u 0 2 0 0 0 u 0 
2 u 0 0 0 0 2 2 0 u 2 d 0 0 u 0 2 u u 0 d 0 2 0 0 0 2 u u 0 u 0 
2 2 0 0 0 0 2 0 0 u 2 2 0 0 u 0 2 0 u u 0 0 2 0 2 0 2 u 0 0 u 0 
2 2 0 0 0 0 2 2 0 0 2 0 0 u u 0 2 0 u u 0 0 2 u 0 0 2 0 2 0 u 0 
2 2 0 0 0 0 2 0 0 0 2 2 0 u u 0 2 0 u u 0 0 2 u 2 0 2 0 0 0 u 0 
2 2 0 0 0 0 2 2 0 u 2 0 0 0 u 0 2 0 u u 0 0 2 0 0 0 2 u 2 0 u 0 
u 2 0 u 0 0 2 2 0 u 2 2 0 0 u 0 2 0 0 0 0 0 2 0 d u 2 u 0 0 u 0 
u 2 0 u 0 0 2 2 0 0 2 2 0 u u 0 2 0 0 0 0 0 2 u 0 0 2 0 d u u 0 
u 2 0 u 0 0 2 2 0 0 2 2 0 u u 0 2 0 0 0 0 0 2 u d u 2 0 0 0 u 0 
u 2 0 u 0 0 2 2 0 u 2 2 0 0 u 0 2 0 0 0 0 0 2 0 0 0 2 u d u u 0 
2 2 u u d 0 u 2 0 u 2 2 0 0 u 0 2 u 0 0 0 0 d 0 0 0 2 u 0 0 u 0 
2 2 u u d 0 2 2 0 0 u 2 0 u u 0 2 u 0 0 0 0 2 u 0 0 d 0 0 0 u 0 
2 2 u u 0 u 2 2 0 0 2 2 0 u 0 0 d 0 0 0 0 0 2 u 0 0 2 0 0 0 u u 
2 2 u u 0 u 2 2 0 u 2 2 0 0 0 0 d 0 0 0 0 0 2 0 0 0 2 u 0 0 u u 
2 2 0 u 0 0 2 0 0 u 2 2 0 0 u u 2 0 u 0 0 0 2 0 2 0 2 u 0 0 0 0 
2 2 0 u 0 0 2 2 0 0 2 0 0 u u u 2 0 u 0 0 0 2 u 0 0 2 0 2 0 0 0 
2 2 0 u 0 0 2 0 0 0 2 2 0 u u u 2 0 u 0 0 0 2 u 2 0 2 0 0 0 0 0 
2 2 0 u 0 0 2 2 0 u 2 0 0 0 u u 2 0 u 0 0 0 2 0 0 0 2 u 2 0 0 0 
2 2 u u u 0 d 2 0 u 2 2 0 0 u 0 u 0 0 0 0 0 2 0 d 0 2 u 0 0 u 0 
2 2 u u u 0 2 2 0 0 d 2 0 u u 0 u 0 0 0 0 0 2 u 0 0 2 0 d 0 u 0 
2 2 u u d 0 u 2 0 0 2 2 0 u u 0 2 u 0 0 0 0 d u 0 0 2 0 0 0 u 0 
2 2 u u d 0 2 2 0 u u 2 0 0 u 0 2 u 0 0 0 0 2 0 0 0 d u 0 0 u 0 
2 2 u u u 0 d 2 0 0 2 2 0 u u 0 u 0 0 0 0 0 2 u d 0 2 0 0 0 u 0 
2 2 u u u 0 2 2 0 u d 2 0 0 u 0 u 0 0 0 0 0 2 0 0 0 2 u d 0 u 0 
2 u 0 u 0 0 2 2 0 u 2 2 0 0 u 0 2 u 0 0 0 0 2 u 0 0 2 0 0 2 0 0 
2 u 0 u 0 0 2 2 0 0 2 2 0 u u 0 2 u 0 0 0 0 2 0 0 2 2 u 0 0 0 0 
2 2 u u 0 0 u 2 0 0 u 2 0 u u 0 2 u 0 d 0 0 2 0 0 0 2 u 0 0 0 d 
2 2 u u 0 0 u 2 0 u u 2 0 0 u 0 2 u 0 d 0 0 2 u 0 0 2 0 0 0 0 d 
2 2 u u 0 0 2 2 0 0 2 d 0 u u u 2 0 0 0 0 0 2 u 0 0 u 0 0 0 2 0 
2 2 u u 0 0 2 d 0 u 2 2 0 0 u u 2 0 0 0 0 0 u 0 0 0 2 u 0 0 2 0 
2 2 0 u 0 0 2 2 0 u 2 2 0 0 u u 2 u 0 0 0 0 2 0 0 0 2 0 0 u 0 0 
2 2 0 u 0 0 2 2 0 0 2 2 0 u u u 2 u 0 0 0 0 2 0 0 u 2 0 0 0 0 0 
2 2 u u u 0 2 2 0 u 2 d 0 0 u 0 2 d 0 0 0 0 2 0 0 0 u u 0 0 u 0 
2 2 u u u 0 2 d 0 0 2 2 0 u u 0 2 d 0 0 0 0 u u 0 0 2 0 0 0 u 0 
2 2 u u 0 0 2 2 0 u d 2 0 0 u u u 0 0 0 0 0 2 0 d 0 2 u 0 0 u 0 
2 2 u u 0 0 d 2 0 0 2 2 0 u u u u 0 0 0 0 0 2 u 0 0 2 0 d 0 u 0 
2 u 0 u 0 0 2 2 0 0 2 2 0 u u 0 2 u 0 0 0 0 2 0 0 0 2 u 0 2 0 0 
2 u 0 u 0 0 2 2 0 u 2 2 0 0 u 0 2 u 0 0 0 0 2 u 0 2 2 0 0 0 0 0 
2 2 u u 0 0 2 2 0 0 d 2 0 u u u u 0 0 0 0 0 2 u d 0 2 0 0 0 u 0 
2 2 u u 0 0 d 2 0 u 2 2 0 0 u u u 0 0 0 0 0 2 0 0 0 2 u d 0 u 0 
2 0 u 0 0 0 2 d 0 u 2 2 0 0 u 0 2 u 0 0 2 0 2 0 u 0 2 u 0 0 u 0 
2 0 u 0 0 0 2 2 0 0 2 d 0 u u 0 2 u 0 0 2 0 2 u 0 0 2 0 u 0 u 0 
2 0 u 0 0 0 2 d 0 0 2 2 0 u u 0 2 u 0 0 2 0 2 u u 0 2 0 0 0 u 0 
2 0 u 0 0 0 2 2 0 u 2 d 0 0 u 0 2 u 0 0 2 0 2 0 0 0 2 u u 0 u 0 
2 2 u u 0 0 2 d 0 0 2 d 0 u u 0 2 u 0 0 0 0 2 0 0 u 2 u 0 u 0 0 
2 2 u u 0 0 2 d 0 u 2 d 0 0 u 0 2 u 0 0 0 0 2 u 0 u 2 0 0 u 0 0 
2 2 u u 0 0 2 0 0 0 2 2 0 u u 0 2 u 0 0 0 0 2 0 0 0 2 u 0 0 2 0 
2 2 u u 0 0 2 2 0 u 2 0 0 0 u 0 2 u 0 0 0 0 2 u 0 0 2 0 0 0 2 0 
2 2 u u 0 d 2 u 0 u 2 2 0 0 u 0 d u 0 0 0 0 2 u u 0 2 0 0 0 0 0 
2 2 u u 0 d 2 2 0 0 2 u 0 u u 0 d u 0 0 0 0 2 0 0 0 2 u u 0 0 0 
2 2 u 0 u 0 2 2 0 u 2 u d 0 u 0 2 u 0 0 0 0 2 u 0 0 2 0 0 0 0 0 
2 2 u 0 u 0 2 u d 0 2 2 0 u u 0 2 u 0 0 0 0 2 0 0 0 2 u 0 0 0 0 
d 2 u u 0 0 2 2 0 u 2 u 0 0 u 0 2 0 0 0 u 0 2 0 0 0 2 u d 0 u 0 
d 2 u u 0 0 2 u 0 0 2 2 0 u u 0 2 0 0 0 u 0 2 u d 0 2 0 0 0 u 0 
d 2 u u 0 0 2 2 0 0 2 u 0 u u 0 2 0 0 0 u 0 2 u 0 0 2 0 d 0 u 0 
d 2 u u 0 0 2 u 0 u 2 2 0 0 u 0 2 0 0 0 u 0 2 0 d 0 2 u 0 0 u 0 
2 2 u u 0 0 2 2 0 0 2 0 0 u u 0 2 u 0 0 0 0 2 0 0 0 2 u 0 0 2 0 
2 2 u u 0 0 2 0 0 u 2 2 0 0 u 0 2 u 0 0 0 0 2 u 0 0 2 0 0 0 2 0 
2 2 2 u 0 0 2 2 0 u 2 d 0 0 u 0 u u 0 0 0 0 2 u 0 0 2 0 0 u 0 0 
2 2 2 u 0 0 2 d 0 0 2 2 0 u u 0 u u 0 0 0 0 2 0 0 u 2 u 0 0 0 0 
2 2 u u 0 d 2 u 0 0 2 2 0 u u 0 d u 0 0 0 0 2 0 u 0 2 u 0 0 0 0 
2 2 u u 0 d 2 2 0 u 2 u 0 0 u 0 d u 0 0 0 0 2 u 0 0 2 0 u 0 0 0 
2 2 2 u 0 0 2 2 0 0 2 d 0 u u 0 u u 0 0 0 0 2 0 0 0 2 u 0 u 0 0 
2 2 2 u 0 0 2 d 0 u 2 2 0 0 u 0 u u 0 0 0 0 2 u 0 u 2 0 0 0 0 0 
2 2 u u u 0 u 2 0 0 2 2 0 u u 0 2 d 0 0 0 0 d u 0 0 2 0 0 0 u 0 
2 2 u u u 0 2 2 0 u u 2 0 0 u 0 2 d 0 0 0 0 2 0 0 0 d u 0 0 u 0 
u 2 2 u 0 0 2 2 0 u 2 2 0 0 u 0 2 u 0 0 0 0 u u d 0 2 0 0 0 0 0 
u 2 2 u 0 0 2 2 0 0 2 2 0 u u 0 2 u 0 0 0 0 2 0 0 0 u u d 0 0 0 
u 2 2 u 0 0 2 2 0 0 2 2 0 u u 0 2 u 0 0 0 0 u 0 d 0 2 u 0 0 0 0 
u 2 2 u 0 0 2 2 0 u 2 2 0 0 u 0 2 u 0 0 0 0 2 u 0 0 u 0 d 0 0 0 
2 2 u u 0 0 2 2 0 u d 2 0 0 u u 2 0 0 0 0 0 2 0 0 0 u u 0 0 2 0 
2 2 u u 0 0 d 2 0 0 2 2 0 u u u 2 0 0 0 0 0 u u 0 0 2 0 0 0 2 0 
2 2 u u 0 0 2 u 0 0 2 u d u 0 0 2 u 0 0 0 0 2 0 d 0 2 u 0 0 u 0 
2 2 u u 0 0 2 u d u 2 u 0 0 0 0 2 u 0 0 0 0 2 u 0 0 2 0 d 0 u 0 
2 2 u u 0 0 d 2 0 u 2 2 0 0 u u 2 u 0 0 0 0 2 0 0 0 d u 0 0 u 0 
2 2 u u 0 0 2 2 0 0 d 2 0 u u u 2 u 0 0 0 0 d u 0 0 2 0 0 0 u 0 
2 2 u 0 0 0 2 u 0 u 2 2 0 0 u 0 2 0 u 0 0 0 2 0 d 0 2 u 0 0 u 0 
2 2 u 0 0 0 2 2 0 0 2 u 0 u u 0 2 0 u 0 0 0 2 u 0 0 2 0 d 0 u 0 
d 2 u u 0 u 2 2 0 0 2 2 0 u u 0 2 0 0 0 0 0 d u u 0 2 0 0 0 u 0 
d 2 u u 0 u 2 2 0 u 2 2 0 0 u 0 2 0 0 0 0 0 2 0 0 0 d u u 0 u 0 
d 2 u u 0 u 2 2 0 u 2 2 0 0 u 0 2 0 0 0 0 0 d 0 u 0 2 u 0 0 u 0 
d 2 u u 0 u 2 2 0 0 2 2 0 u u 0 2 0 0 0 0 0 2 u 0 0 d 0 u 0 u 0 
2 2 u u 0 0 2 u 0 u 2 u d 0 0 0 2 u 0 0 0 0 2 u d 0 2 0 0 0 u 0 
2 2 u u 0 0 2 u d 0 2 u 0 u 0 0 2 u 0 0 0 0 2 0 0 0 2 u d 0 u 0 
2 2 u 0 0 0 2 u 0 0 2 2 0 u u 0 2 0 u 0 0 0 2 u d 0 2 0 0 0 u 0 
2 2 u 0 0 0 2 2 0 u 2 u 0 0 u 0 2 0 u 0 0 0 2 0 0 0 2 u d 0 u 0 
2 2 u u u 0 u 2 0 u 2 2 0 0 u 0 2 d 0 0 0 0 d 0 0 0 2 u 0 0 u 0 
2 2 u u u 0 2 2 0 0 u 2 0 u u 0 2 d 0 0 0 0 2 u 0 0 d 0 0 0 u 0 
2 2 u u 0 0 d 2 0 0 2 2 0 u u u 2 u 0 0 0 0 2 u 0 0 d 0 0 0 u 0 
2 2 u u 0 0 2 2 0 u d 2 0 0 u u 2 u 0 0 0 0 d 0 0 0 2 u 0 0 u 0 
2 2 u 0 d 0 2 2 0 u 2 2 0 0 u 0 2 0 0 0 0 0 2 0 0 0 u u 0 u u 0 
2 2 u 0 d 0 2 2 0 0 2 2 0 u u 0 2 0 0 0 0 0 u u 0 u 2 0 0 0 u 0 
2 2 0 0 0 0 2 0 0 0 2 2 0 u 0 u 2 u u 0 0 0 2 u 2 0 2 0 0 0 0 u 
2 2 0 0 0 0 2 2 0 u 2 0 0 0 0 u 2 u u 0 0 0 2 0 0 0 2 u 2 0 0 u 
2 2 u u 0 0 2 2 0 0 2 2 0 u u 0 2 0 0 0 0 0 u d 0 u 2 0 0 0 u 0 
2 2 u u 0 0 2 2 0 u 2 2 0 0 u 0 2 0 0 0 0 0 2 0 0 0 u d 0 u u 0 
d 2 u 0 0 0 2 2 0 0 2 2 0 u u 0 2 0 0 u u 0 2 u 0 0 2 0 0 0 u 0 
d 2 u 0 0 0 2 2 0 u 2 2 0 0 u 0 2 0 0 u u 0 2 0 0 0 2 u 0 0 u 0 
2 2 0 u 0 0 2 2 u 0 2 2 0 u u 0 u u 0 0 0 0 2 0 d 0 2 u 0 0 0 0 
2 2 0 u 0 0 2 2 0 u 2 2 u 0 u 0 u u 0 0 0 0 2 u 0 0 2 0 d 0 0 0 
2 2 0 0 0 0 2 0 0 u 2 2 0 0 0 u 2 u u 0 0 0 2 0 2 0 2 u 0 0 0 u 
2 2 0 0 0 0 2 2 0 0 2 0 0 u 0 u 2 u u 0 0 0 2 u 0 0 2 0 2 0 0 u 
2 2 0 u 0 0 2 2 u u 2 2 0 0 u 0 u u 0 0 0 0 2 u d 0 2 0 0 0 0 0 
2 2 0 u 0 0 2 2 0 0 2 2 u u u 0 u u 0 0 0 0 2 0 0 0 2 u d 0 0 0 
2 2 u u d d 2 2 0 0 u u 0 u u 0 2 0 0 0 0 0 2 u 0 0 2 0 0 0 u 0 
2 2 u u d d u u 0 u 2 2 0 0 u 0 2 0 0 0 0 0 2 0 0 0 2 u 0 0 u 0 
2 2 u 2 0 0 2 2 0 u u 2 0 u 0 0 2 0 0 0 0 0 2 u 0 0 2 0 0 0 u 0 
2 2 u 2 0 0 u 2 0 u 2 2 0 u 0 0 2 0 0 0 0 0 2 0 0 0 2 u 0 0 u 0 
2 u 0 u 0 0 2 2 0 0 2 2 0 u u 2 2 u 0 0 0 0 2 0 0 0 2 u 0 0 0 0 
2 u 0 u 0 0 2 2 0 u 2 2 0 0 u 2 2 u 0 0 0 0 2 u 0 0 2 0 0 0 0 0 
2 2 u u 0 0 2 d d 0 2 u u u u 0 2 0 0 0 0 0 2 u 0 0 2 0 0 0 u 0 
2 2 u u 0 0 2 u u u 2 d d 0 u 0 2 0 0 0 0 0 2 0 0 0 2 u 0 0 u 0 
2 2 u u 0 0 2 u u 0 2 d d u u 0 2 0 0 0 0 0 2 u 0 0 2 0 0 0 u 0 
2 2 u u 0 0 2 d d u 2 u u 0 u 0 2 0 0 0 0 0 2 0 0 0 2 u 0 0 u 0 
2 2 u u u 0 2 2 0 0 2 u 0 u u 0 2 u 0 0 0 d 2 0 0 0 2 0 0 0 0 0 
2 2 u u u 0 2 u 0 u 2 2 0 0 u 0 2 u 0 0 0 d 2 0 0 0 2 0 0 0 0 0 
2 2 u u d d 2 2 0 u u u 0 0 u 0 2 0 0 0 0 0 2 0 0 0 2 u 0 0 u 0 
2 2 u u d d u u 0 0 2 2 0 u u 0 2 0 0 0 0 0 2 u 0 0 2 0 0 0 u 0 
2 2 u 0 d 0 2 2 0 0 2 2 0 u u 0 2 0 0 0 0 0 2 u 0 0 u 0 0 u u 0 
2 2 u 0 d 0 2 2 0 u 2 2 0 0 u 0 2 0 0 0 0 0 u 0 0 u 2 u 0 0 u 0 
2 2 u u 0 0 2 2 0 0 d 2 0 u u u 2 0 0 0 0 0 2 u 0 0 u 0 0 0 2 0 
2 2 u u 0 0 d 2 0 u 2 2 0 0 u u 2 0 0 0 0 0 u 0 0 0 2 u 0 0 2 0 
2 2 0 u 0 0 2 2 0 u 2 2 u 0 u 0 2 0 u 0 0 0 2 0 0 0 d u 0 0 u 0 
2 2 0 u 0 0 2 2 u 0 2 2 0 u u 0 2 0 u 0 0 0 d u 0 0 2 0 0 0 u 0 
2 2 0 u 0 0 2 2 0 u 2 2 u 0 u 0 2 0 0 u 0 0 2 0 0 0 2 0 0 0 u 0 
2 2 0 u 0 0 2 2 u 0 2 2 0 u u 0 2 0 0 u 0 0 2 0 0 0 2 0 0 0 u 0 
2 2 0 u 0 0 2 2 0 0 2 2 u u u 0 2 0 u 0 0 0 2 u 0 0 d 0 0 0 u 0 
2 2 0 u 0 0 2 2 u u 2 2 0 0 u 0 2 0 u 0 0 0 d 0 0 0 2 u 0 0 u 0 
2 2 u u d 0 d 2 0 u 2 2 0 0 u 0 2 u 0 0 0 0 u 0 0 0 2 u 0 0 u 0 
2 2 u u d 0 2 2 0 0 d 2 0 u u 0 2 u 0 0 0 0 2 u 0 0 u 0 0 0 u 0 
2 2 u u d 0 d 2 0 0 2 2 0 u u 0 2 u 0 0 0 0 u u 0 0 2 0 0 0 u 0 
2 2 u u d 0 2 2 0 u d 2 0 0 u 0 2 u 0 0 0 0 2 0 0 0 u u 0 0 u 0 
2 2 u u 0 0 2 2 0 u 2 2 0 0 u 0 2 0 0 0 0 0 u 0 0 u 2 d 0 0 u 0 
2 2 u u 0 0 2 2 0 0 2 2 0 u u 0 2 0 0 0 0 0 2 d 0 0 u 0 0 u u 0 
2 2 u u u u 2 2 0 0 2 d 0 0 u 0 2 u 0 0 0 0 2 0 0 0 2 u 0 0 0 0 
2 2 u u u u 2 d 0 0 2 2 0 0 u 0 2 u 0 0 0 0 2 u 0 0 2 0 0 0 0 0 
2 2 u u 0 0 2 2 0 0 2 2 0 u u 0 0 0 0 0 2 0 2 u 0 0 2 0 0 0 u 0 
2 2 u u 0 0 2 2 0 u 2 2 0 0 u 0 0 0 0 0 2 0 2 0 0 0 2 u 0 0 u 0 
2 2 u d 0 0 u 2 0 u 2 2 0 u u 0 2 0 0 0 0 0 2 u 0 0 2 0 0 0 u 0 
2 2 u d 0 0 2 2 0 u u 2 0 u u 0 2 0 0 0 0 0 2 0 0 0 2 u 0 0 u 0 
2 2 u u 0 0 2 2 0 0 2 u 0 u 2 0 2 u 0 0 0 0 2 0 0 0 d u 0 0 0 u 
2 2 u u 0 0 2 u 0 u 2 2 0 0 2 0 2 u 0 0 0 0 d u 0 0 2 0 0 0 0 u 
2 u u u 0 0 2 2 d 0 2 2 0 u u 0 2 0 0 u 0 0 d u 0 0 2 0 0 0 u 0 
2 u u u 0 0 2 2 0 u 2 2 d 0 u 0 2 0 0 u 0 0 2 0 0 0 d u 0 0 u 0 
2 2 u u 0 0 u 2 0 u 2 2 0 u d 0 2 0 0 0 0 0 2 u 0 0 2 0 0 0 u 0 
2 2 u u 0 0 2 2 0 u u 2 0 u d 0 2 0 0 0 0 0 2 0 0 0 2 u 0 0 u 0 
2 2 u u 0 0 u 2 0 0 u 2 0 u u 0 2 0 0 0 0 0 2 2 0 0 2 d 0 0 u 0 
2 2 u u 0 0 u 2 0 u u 2 0 0 u 0 2 0 0 0 0 0 2 d 0 0 2 2 0 0 u 0 
2 2 u u d 0 d 2 0 0 u 2 0 u u u 2 0 0 0 0 0 2 u 0 0 2 0 0 0 u 0 
2 2 u u d 0 u 2 0 u d 2 0 0 u u 2 0 0 0 0 0 2 0 0 0 2 u 0 0 u 0 
2 u u u 0 0 2 2 d u 2 2 0 0 u 0 2 0 0 u 0 0 d 0 0 0 2 u 0 0 u 0 
2 u u u 0 0 2 2 0 0 2 2 d u u 0 2 0 0 u 0 0 2 u 0 0 d 0 0 0 u 0 
2 2 u u 0 u 2 d 0 0 2 2 0 u u 0 u u 0 0 0 0 2 0 d 0 2 u 0 0 0 0 
2 2 u u 0 u 2 2 0 u 2 d 0 0 u 0 u u 0 0 0 0 2 u 0 0 2 0 d 0 0 0 
2 2 u u 0 u 2 d 0 u 2 2 0 0 u 0 u u 0 0 0 0 2 u d 0 2 0 0 0 0 0 
2 2 u u 0 u 2 2 0 0 2 d 0 u u 0 u u 0 0 0 0 2 0 0 0 2 u d 0 0 0 
2 2 u 0 0 0 2 2 0 u u 2 0 u 2 0 2 0 0 0 0 0 2 u 0 0 2 0 0 0 u 0 
2 2 u 0 0 0 u 2 0 u 2 2 0 u 2 0 2 0 0 0 0 0 2 0 0 0 2 u 0 0 u 0 
2 2 u u 0 0 2 2 0 0 u 2 0 u u u 2 u 0 0 0 0 2 0 0 0 d u 0 0 0 d 
2 2 u u 0 0 u 2 0 u 2 2 0 0 u u 2 u 0 0 0 0 d u 0 0 2 0 0 0 0 d 
2 2 0 u 0 0 2 2 0 u 2 u 0 0 u 0 2 0 0 0 0 u 2 0 0 0 2 u d 0 u 0 
2 2 0 u 0 0 2 u 0 0 2 2 0 u u 0 2 0 0 0 0 u 2 u d 0 2 0 0 0 u 0 
2 2 0 u 0 0 2 2 0 0 2 u 0 u u 0 2 0 0 0 0 u 2 u 0 0 2 0 d 0 u 0 
2 2 0 u 0 0 2 u 0 u 2 2 0 0 u 0 2 0 0 0 0 u 2 0 d 0 2 u 0 0 u 0 
2 u u u 0 d 2 2 0 0 2 2 0 u u 0 2 0 0 u 0 0 2 0 0 0 2 u 0 0 0 0 
2 u u u 0 d 2 2 0 u 2 2 0 0 u 0 2 0 0 u 0 0 2 u 0 0 2 0 0 0 0 0 
2 2 u u 0 0 2 2 0 0 2 2 0 0 0 0 2 0 u 0 0 0 2 u 0 u 2 0 0 0 u 0 
2 2 u u 0 0 2 2 0 0 2 2 0 0 0 0 2 0 u 0 0 0 2 0 0 0 2 u 0 u u 0 
2 2 u 0 u 0 2 d 0 u 2 2 0 u u 0 2 0 0 0 0 0 2 u 0 0 2 0 0 0 u 0 
2 2 u 0 u 0 2 2 0 u 2 d 0 u u 0 2 0 0 0 0 0 2 0 0 0 2 u 0 0 u 0 
2 2 u 0 0 0 2 u 0 0 2 2 0 u u 0 2 0 0 0 u 0 2 u d 0 2 0 0 0 u 0 
2 2 u 0 0 0 2 2 0 u 2 u 0 0 u 0 2 0 0 0 u 0 2 0 0 0 2 u d 0 u 0 
2 2 u 0 0 0 2 u 0 u 2 2 0 0 u 0 2 0 0 0 u 0 2 0 d 0 2 u 0 0 u 0 
2 2 u 0 0 0 2 2 0 0 2 u 0 u u 0 2 0 0 0 u 0 2 u 0 0 2 0 d 0 u 0 
2 2 u 0 u 0 2 d 0 0 2 2 0 u 0 0 2 0 0 u 0 0 2 0 u 0 2 u 0 0 u 0 
2 2 u 0 u 0 2 2 0 u 2 d 0 0 0 0 2 0 0 u 0 0 2 u 0 0 2 0 u 0 u 0 
2 2 u u 0 0 2 u 0 0 2 u 0 u u 0 2 u 0 0 0 0 2 0 0 d 2 u 0 d 0 0 
2 2 u u 0 0 2 u 0 u 2 u 0 0 u 0 2 u 0 0 0 0 2 u 0 d 2 0 0 d 0 0 
2 2 u u 0 0 2 2 0 u 2 0 2 0 u 0 2 0 0 0 0 0 2 0 0 0 2 u 0 0 0 u 
2 2 u u 0 0 2 0 2 0 2 2 0 u u 0 2 0 0 0 0 0 2 u 0 0 2 0 0 0 0 u 
2 2 u u 0 0 2 2 0 0 2 0 2 u u 0 2 0 0 0 0 0 2 u 0 0 2 0 0 0 0 u 
2 2 u u 0 0 2 0 2 u 2 2 0 0 u 0 2 0 0 0 0 0 2 0 0 0 2 u 0 0 0 u 
2 2 u 0 0 0 2 2 0 0 2 2 0 u 0 0 2 u 0 0 0 0 2 0 0 u 2 u 0 u 0 0 
2 2 u 0 0 0 2 2 0 u 2 2 0 0 0 0 2 u 0 0 0 0 2 u 0 u 2 0 0 u 0 0 
2 2 u u 0 0 2 2 0 0 d 2 0 u u d 2 u 0 0 0 0 2 0 0 0 u u 0 0 0 u 
2 2 u u 0 0 d 2 0 u 2 2 0 0 u d 2 u 0 0 0 0 u u 0 0 2 0 0 0 0 u 
2 2 u u 0 0 2 2 0 0 2 2 0 d u 0 2 0 0 0 0 0 u u 0 u 2 0 0 0 u 0 
2 2 u u 0 0 2 2 0 d 2 2 0 0 u 0 2 0 0 0 0 0 2 0 0 0 u u 0 u u 0 
2 u u 0 0 0 2 2 2 0 2 2 0 u u 0 2 0 0 0 0 0 2 u 0 0 2 0 0 0 u 0 
2 u u 0 0 0 2 2 0 u 2 2 2 0 u 0 2 0 0 0 0 0 2 0 0 0 2 u 0 0 u 0 
2 d 0 0 0 0 2 2 0 u 2 u 0 0 u 0 2 u u 0 u 0 2 0 0 0 2 u 0 d u 0 
2 d 0 0 0 0 2 u 0 0 2 2 0 u u 0 2 u u 0 u 0 2 u 0 d 2 0 0 0 u 0 
2 2 u 0 u 0 2 d 0 u 2 2 0 0 0 0 2 0 0 u 0 0 2 u u 0 2 0 0 0 u 0 
2 2 u 0 u 0 2 2 0 0 2 d 0 u 0 0 2 0 0 u 0 0 2 0 0 0 2 u u 0 u 0 
2 2 u u 0 0 2 u 0 0 2 2 0 u 2 0 2 u 0 0 0 0 d 0 0 0 2 u 0 0 0 u 
2 2 u u 0 0 2 2 0 u 2 u 0 0 2 0 2 u 0 0 0 0 2 u 0 0 d 0 0 0 0 u 
2 d 0 0 0 0 2 2 0 0 2 u 0 u u 0 2 u u 0 u 0 2 u 0 0 2 0 0 d u 0 
2 d 0 0 0 0 2 u 0 u 2 2 0 0 u 0 2 u u 0 u 0 2 0 0 d 2 u 0 0 u 0 
2 2 u d 0 0 2 2 0 0 2 2 0 u u 0 u 0 u 0 0 0 2 u 0 0 2 0 0 0 u 0 
2 2 u d 0 0 2 2 0 u 2 2 0 0 u 0 u 0 u 0 0 0 2 0 0 0 2 u 0 0 u 0 
2 2 u 0 0 0 2 d 0 0 2 u d u u 0 2 0 0 u 0 0 2 u u 0 2 0 0 0 u 0 
2 2 u 0 0 0 2 u d u 2 d 0 0 u 0 2 0 0 u 0 0 2 0 0 0 2 u u 0 u 0 
2 d u 0 0 0 2 u 0 0 2 2 0 u u u 2 u 0 0 u 0 2 u d 0 2 0 0 0 0 0 
2 d u 0 0 0 2 2 0 u 2 u 0 0 u u 2 u 0 0 u 0 2 0 0 0 2 u d 0 0 0 
2 2 u u 0 d u 2 0 0 2 u 0 u u d 2 0 0 0 0 0 2 u 0 0 2 0 0 0 u 0 
2 2 u u 0 d 2 u 0 u u 2 0 0 u d 2 0 0 0 0 0 2 0 0 0 2 u 0 0 u 0 
2 d u 0 0 0 2 u 0 u 2 2 0 0 u u 2 u 0 0 u 0 2 0 d 0 2 u 0 0 0 0 
2 d u 0 0 0 2 2 0 0 2 u 0 u u u 2 u 0 0 u 0 2 u 0 0 2 0 d 0 0 0 
2 2 u u 0 0 2 2 0 0 u 2 0 u u u 2 0 0 0 0 0 2 u 0 0 d 0 0 0 2 0 
2 2 u u 0 0 u 2 0 u 2 2 0 0 u u 2 0 0 0 0 0 d 0 0 0 2 u 0 0 2 0 
2 2 u 0 0 0 2 d 0 u 2 u d 0 u 0 2 0 0 u 0 0 2 0 u 0 2 u 0 0 u 0 
2 2 u 0 0 0 2 u d 0 2 d 0 u u 0 2 0 0 u 0 0 2 u 0 0 2 0 u 0 u 0 
2 2 u u 0 0 d 2 0 0 d 2 0 u u 0 2 u 0 u 0 0 2 0 0 0 2 u 0 0 0 u 
2 2 u u 0 0 d 2 0 u d 2 0 0 u 0 2 u 0 u 0 0 2 u 0 0 2 0 0 0 0 u 
2 2 u u u 0 u 2 0 0 d 2 0 u u d 2 0 0 0 0 0 2 u 0 0 2 0 0 0 u 0 
2 2 u u u 0 d 2 0 u u 2 0 0 u d 2 0 0 0 0 0 2 0 0 0 2 u 0 0 u 0 
2 2 u u 0 0 u 2 0 0 2 2 0 u u u 2 0 0 0 0 0 d u 0 0 2 0 0 0 2 0 
2 2 u u 0 0 2 2 0 u u 2 0 0 u u 2 0 0 0 0 0 2 0 0 0 d u 0 0 2 0 
2 2 u u 0 0 d 2 0 0 2 2 0 u u u 2 0 0 d 0 0 2 u 0 0 u 0 0 0 u 0 
2 2 u u 0 0 2 2 0 u d 2 0 0 u u 2 0 0 d 0 0 u 0 0 0 2 u 0 0 u 0 
2 2 u u 0 0 2 2 0 u 2 d 0 0 0 0 2 0 0 u 0 0 2 u 0 0 2 u 0 0 u 0 
2 2 u u 0 0 2 d 0 0 2 2 0 u 0 0 2 0 0 u 0 0 2 u 0 0 2 u 0 0 u 0 
2 u u 0 0 0 2 2 2 u 2 2 0 0 u 0 2 0 0 0 0 0 2 0 0 0 2 u 0 0 u 0 
2 u u 0 0 0 2 2 0 0 2 2 2 u u 0 2 0 0 0 0 0 2 u 0 0 2 0 0 0 u 0 
2 u u u 0 0 2 2 d u 2 2 0 0 u 0 2 u 0 u 0 0 2 0 0 0 2 0 0 0 0 0 
2 u u u 0 0 2 2 0 0 2 2 d u u 0 2 u 0 u 0 0 2 0 0 0 2 0 0 0 0 0 
2 2 u u 0 d u 2 0 u 2 u 0 0 u d 2 0 0 0 0 0 2 0 0 0 2 u 0 0 u 0 
2 2 u u 0 d 2 u 0 0 u 2 0 u u d 2 0 0 0 0 0 2 u 0 0 2 0 0 0 u 0 
2 d u u 0 0 2 2 0 u 2 u 0 0 u 0 2 0 0 0 0 d 2 0 0 0 2 u 0 u u 0 
2 d u u 0 0 2 u 0 0 2 2 0 u u 0 2 0 0 0 0 d 2 u 0 u 2 0 0 0 u 0 
2 2 u u 0 0 2 2 0 0 2 2 0 u u 0 u 0 0 0 0 0 2 u 0 d 2 0 0 u 0 0 
2 2 u u 0 0 2 2 0 u 2 2 0 0 u 0 u 0 0 0 0 0 2 0 0 u 2 u 0 d 0 0 
2 2 u u 0 0 2 2 0 u d u 0 0 u 0 2 u 0 d 0 0 2 0 0 0 2 u 0 0 u 0 
2 2 u u 0 0 d u 0 0 2 2 0 u u 0 2 u 0 d 0 0 2 u 0 0 2 0 0 0 u 0 
2 2 u 0 0 0 2 u 0 0 2 u 0 u 0 0 2 u 0 u 0 0 2 0 d 0 2 u d 0 u 0 
2 2 u 0 0 0 2 u 0 u 2 u 0 0 0 0 2 u 0 u 0 0 2 u d 0 2 0 d 0 u 0 
2 2 u u 0 0 2 2 0 u 2 2 0 0 u 0 u 0 0 0 0 0 2 0 0 d 2 u 0 u 0 0 
2 2 u u 0 0 2 2 0 0 2 2 0 u u 0 u 0 0 0 0 0 2 u 0 u 2 0 0 d 0 0 
2 2 u u 0 0 2 2 0 0 2 2 0 u u 0 u 0 0 d 0 0 u u d 0 2 0 0 0 u 0 
2 2 u u 0 0 2 2 0 u 2 2 0 0 u 0 u 0 0 d 0 0 2 0 0 0 u u d 0 u 0 
2 2 u u 0 0 2 2 0 u 2 2 0 0 u 0 u 0 0 d 0 0 u 0 d 0 2 u 0 0 u 0 
2 2 u u 0 0 2 2 0 0 2 2 0 u u 0 u 0 0 d 0 0 2 u 0 0 u 0 d 0 u 0 
2 2 u u 0 0 2 2 0 d 2 2 0 0 u 0 2 0 0 0 0 0 u 0 0 u 2 u 0 0 u 0 
2 2 u u 0 0 2 2 0 0 2 2 0 d u 0 2 0 0 0 0 0 2 u 0 0 u 0 0 u u 0 
2 2 u u d 0 u 2 0 0 d 2 0 u u u 2 0 0 0 0 0 2 u 0 0 2 0 0 0 u 0 
2 2 u u d 0 d 2 0 u u 2 0 0 u u 2 0 0 0 0 0 2 0 0 0 2 u 0 0 u 0 
2 2 u u 0 0 2 2 0 0 d 2 0 u u u 2 0 0 d 0 0 u u 0 0 2 0 0 0 u 0 
2 2 u u 0 0 d 2 0 u 2 2 0 0 u u 2 0 0 d 0 0 2 0 0 0 u u 0 0 u 0 
2 2 u u 0 0 2 2 0 0 2 d u u u 0 2 0 0 0 0 0 d u u 0 2 0 0 0 u 0 
2 2 u u 0 0 2 d u u 2 2 0 0 u 0 2 0 0 0 0 0 2 0 0 0 d u u 0 u 0 
2 u u u 0 0 2 2 d 0 2 2 0 u u 0 2 u 0 0 0 0 2 0 0 0 2 0 0 0 0 u 
2 u u u 0 0 2 2 0 u 2 2 d 0 u 0 2 u 0 0 0 0 2 0 0 0 2 0 0 0 0 u 
2 d u u 0 0 2 2 u 0 2 2 0 0 u u 2 0 0 0 0 0 2 u 0 0 2 0 0 0 u 0 
2 d u u 0 0 2 2 0 0 2 2 u 0 u u 2 0 0 0 0 0 2 0 0 0 2 u 0 0 u 0 
2 d 2 u 0 0 2 u u u 2 2 0 0 u 0 2 u 0 0 0 0 2 u 0 0 2 0 0 0 0 0 
2 d 2 u 0 0 2 2 0 0 2 u u u u 0 2 u 0 0 0 0 2 0 0 0 2 u 0 0 0 0 
2 2 u 0 0 0 2 2 d 0 2 2 0 u u 0 2 u 0 0 0 0 u u 0 0 2 0 0 0 u 0 
2 2 u 0 0 0 2 2 0 u 2 2 d 0 u 0 2 u 0 0 0 0 2 0 0 0 u u 0 0 u 0 
2 2 u u 0 0 2 2 0 u 2 d u 0 u 0 2 0 0 0 0 0 d 0 u 0 2 u 0 0 u 0 
2 2 u u 0 0 2 d u 0 2 2 0 u u 0 2 0 0 0 0 0 2 u 0 0 d 0 u 0 u 0 
2 2 u u u 0 u 2 0 0 2 2 0 u u 0 2 u 0 d 0 0 d 0 0 0 2 u 0 0 0 0 
2 2 u u u 0 2 2 0 u u 2 0 0 u 0 2 u 0 d 0 0 2 u 0 0 d 0 0 0 0 0 
2 2 u 0 0 0 2 2 d u 2 2 0 0 u 0 2 u 0 0 0 0 u 0 0 0 2 u 0 0 u 0 
2 2 u 0 0 0 2 2 0 0 2 2 d u u 0 2 u 0 0 0 0 2 u 0 0 u 0 0 0 u 0 
2 d u u 0 0 2 2 0 0 2 u 0 u u 0 2 0 0 0 0 d 2 u 0 0 2 0 0 u u 0 
2 d u u 0 0 2 u 0 u 2 2 0 0 u 0 2 0 0 0 0 d 2 0 0 u 2 u 0 0 u 0 
2 2 u 0 0 0 2 u 0 0 2 d 0 u u u 2 u 0 0 0 0 2 u d 0 2 0 u 0 0 0 
2 2 u 0 0 0 2 d 0 u 2 u 0 0 u u 2 u 0 0 0 0 2 0 u 0 2 u d 0 0 0 
2 2 0 u u 0 2 2 0 0 2 2 0 u u 0 2 u 0 0 0 0 2 0 0 0 2 0 0 u 0 0 
2 2 0 u u 0 2 2 0 u 2 2 0 0 u 0 2 u 0 0 0 0 2 0 0 u 2 0 0 0 0 0 
2 2 u u u 0 2 2 0 0 d 2 0 u u 0 2 0 0 0 0 0 u u 0 0 2 0 0 0 u d 
2 2 u u u 0 d 2 0 u 2 2 0 0 u 0 2 0 0 0 0 0 2 0 0 0 u u 0 0 u d 
2 d u u 0 u 2 2 0 0 2 2 0 u u 0 2 0 0 0 0 0 2 u 0 0 2 0 0 0 0 u 
2 d u u 0 u 2 2 0 u 2 2 0 0 u 0 2 0 0 0 0 0 2 0 0 0 2 u 0 0 0 u 
2 2 u u 0 0 2 2 0 0 d u 0 u u 0 2 u 0 d 0 0 2 u 0 0 2 0 0 0 u 0 
2 2 u u 0 0 d u 0 u 2 2 0 0 u 0 2 u 0 d 0 0 2 0 0 0 2 u 0 0 u 0 
2 2 u u 0 0 2 2 0 u 2 0 0 0 u 0 2 0 0 0 0 0 2 0 0 0 2 u 2 0 0 u 
2 2 u u 0 0 2 0 0 0 2 2 0 u u 0 2 0 0 0 0 0 2 u 2 0 2 0 0 0 0 u 
2 2 u 0 0 0 2 u 0 u 2 d 0 0 u u 2 u 0 0 0 0 2 0 d 0 2 u u 0 0 0 
2 2 u 0 0 0 2 d 0 0 2 u 0 u u u 2 u 0 0 0 0 2 u u 0 2 0 d 0 0 0 
2 2 u u 0 0 2 2 0 0 2 0 0 u u 0 2 0 0 0 0 0 2 u 0 0 2 0 2 0 0 u 
2 2 u u 0 0 2 0 0 u 2 2 0 0 u 0 2 0 0 0 0 0 2 0 2 0 2 u 0 0 0 u 
2 2 u u 0 0 2 2 0 0 u 2 0 u u d 2 0 0 u 0 0 d u 0 0 2 0 0 0 u 0 
2 2 u u 0 0 u 2 0 u 2 2 0 0 u d 2 0 0 u 0 0 2 0 0 0 d u 0 0 u 0 
2 d 2 u 0 0 2 u u 0 2 2 0 u u 0 2 u 0 0 0 0 2 0 0 0 2 u 0 0 0 0 
2 d 2 u 0 0 2 2 0 u 2 u u 0 u 0 2 u 0 0 0 0 2 u 0 0 2 0 0 0 0 0 
2 2 u u 0 0 u 2 0 0 2 2 0 u u u 2 u 0 0 0 0 d 0 0 0 2 u 0 0 0 d 
2 2 u u 0 0 2 2 0 u u 2 0 0 u u 2 u 0 0 0 0 2 u 0 0 d 0 0 0 0 d 
2 2 u u 0 0 2 2 0 u 2 2 0 0 u 0 u 0 d 0 0 0 d 0 u 0 2 u 0 0 u 0 
2 2 u u 0 0 2 2 0 0 2 2 0 u u 0 u 0 d 0 0 0 2 u 0 0 d 0 u 0 u 0 
2 2 u u 0 0 2 2 0 0 2 2 0 u u 0 u 0 d 0 0 0 d u u 0 2 0 0 0 u 0 
2 2 u u 0 0 2 2 0 u 2 2 0 0 u 0 u 0 d 0 0 0 2 0 0 0 d u u 0 u 0 
2 2 0 2 0 0 2 2 0 0 2 2 0 u u 0 u u 0 0 0 0 2 u 0 0 2 0 0 0 u 0 
2 2 0 2 0 0 2 2 0 u 2 2 0 0 u 0 u u 0 0 0 0 2 0 0 0 2 u 0 0 u 0 
2 2 u 0 0 0 2 d 0 0 2 d 0 u 0 0 2 u 0 u 0 0 2 0 u 0 2 u u 0 u 0 
2 2 u 0 0 0 2 d 0 u 2 d 0 0 0 0 2 u 0 u 0 0 2 u u 0 2 0 u 0 u 0 
2 2 u u u 0 d 2 0 0 2 2 0 u u 0 2 0 0 0 0 0 2 u 0 0 u 0 0 0 u d 
2 2 u u u 0 2 2 0 u d 2 0 0 u 0 2 0 0 0 0 0 u 0 0 0 2 u 0 0 u d 
2 2 u u 0 0 d 2 0 0 2 2 0 u u d 2 u 0 0 0 0 u 0 0 0 2 u 0 0 0 u 
2 2 u u 0 0 2 2 0 u d 2 0 0 u d 2 u 0 0 0 0 2 u 0 0 u 0 0 0 0 u 
2 2 u u 0 0 u 2 0 0 2 2 0 u u d 2 0 0 u 0 0 2 u 0 0 d 0 0 0 u 0 
2 2 u u 0 0 2 2 0 u u 2 0 0 u d 2 0 0 u 0 0 d 0 0 0 2 u 0 0 u 0 
2 2 u 2 0 0 2 u 0 0 2 2 0 u u 0 2 u 0 u 0 0 d 0 0 0 2 u 0 0 0 0 
2 2 u 2 0 0 2 2 0 u 2 u 0 0 u 0 2 u 0 u 0 0 2 u 0 0 d 0 0 0 0 0 
2 0 u 0 0 0 2 2 0 0 2 2 0 u 0 0 2 u 0 u 2 0 2 0 0 0 2 u 0 0 u 0 
2 0 u 0 0 0 2 2 0 u 2 2 0 0 0 0 2 u 0 u 2 0 2 u 0 0 2 0 0 0 u 0 
2 2 u u u 0 d 2 0 0 u 2 0 u u d 2 0 0 0 0 0 2 u 0 0 2 0 0 0 u 0 
2 2 u u u 0 u 2 0 u d 2 0 0 u d 2 0 0 0 0 0 2 0 0 0 2 u 0 0 u 0 
2 d u u 0 d 2 2 0 0 2 2 0 u u 0 u 0 0 0 u 0 2 u 0 0 2 0 0 0 u 0 
2 d u u 0 d 2 2 0 u 2 2 0 0 u 0 u 0 0 0 u 0 2 0 0 0 2 u 0 0 u 0 
2 2 u u 0 0 2 d 0 u 2 u 0 0 u 0 2 0 0 0 d 0 2 0 0 0 2 u 0 0 u u 
2 2 u u 0 0 2 u 0 0 2 d 0 u u 0 2 0 0 0 d 0 2 u 0 0 2 0 0 0 u u 
2 2 u u d 0 u 2 0 0 2 2 0 0 u u 2 u 0 0 0 0 2 0 0 0 2 u 0 0 0 0 
2 2 u u d 0 2 2 0 0 u 2 0 0 u u 2 u 0 0 0 0 2 u 0 0 2 0 0 0 0 0 
2 2 u 0 0 0 2 2 0 0 2 2 0 0 u 0 2 0 u 0 0 0 2 u 0 0 2 0 u 0 u 0 
2 2 u 0 0 0 2 2 0 0 2 2 0 0 u 0 2 0 u 0 0 0 2 0 u 0 2 u 0 0 u 0 
2 2 u u 0 0 2 d 0 0 2 u 0 u u 0 2 0 0 0 d 0 2 u 0 0 2 0 0 0 u u 
2 2 u u 0 0 2 u 0 u 2 d 0 0 u 0 2 0 0 0 d 0 2 0 0 0 2 u 0 0 u u 
2 u 0 u 0 0 2 2 0 0 2 2 0 u 2 u 2 0 0 0 0 0 2 u 0 0 2 0 0 0 u 0 
2 u 0 u 0 0 2 2 0 u 2 2 0 0 2 u 2 0 0 0 0 0 2 0 0 0 2 u 0 0 u 0 
u 2 d u 0 u 2 2 0 0 2 2 0 u u 0 2 0 0 0 0 0 2 u 0 0 2 0 0 0 u 0 
u 2 d u 0 u 2 2 0 u 2 2 0 0 u 0 2 0 0 0 0 0 2 0 0 0 2 u 0 0 u 0 
2 2 u u 0 0 u d 2 0 2 2 0 u u 0 2 0 0 0 0 0 2 u 0 0 2 0 0 0 u 0 
2 2 u u 0 0 2 2 0 u u d 2 0 u 0 2 0 0 0 0 0 2 0 0 0 2 u 0 0 u 0 
2 2 u u 0 0 u d 2 u 2 2 0 0 u 0 2 0 0 0 0 0 2 0 0 0 2 u 0 0 u 0 
2 2 u u 0 0 2 2 0 0 u d 2 u u 0 2 0 0 0 0 0 2 u 0 0 2 0 0 0 u 0 
2 2 u u 0 0 2 2 0 0 2 2 u 0 0 u 2 0 0 0 0 0 2 u 0 0 2 0 0 0 u 0 
2 2 u u 0 0 2 2 u 0 2 2 0 0 0 u 2 0 0 0 0 0 2 0 0 0 2 u 0 0 u 0 
d 2 u u 0 0 2 2 0 0 2 2 u u u 0 u 0 0 0 0 0 2 u 0 0 2 0 d 0 u 0 
d 2 u u 0 0 2 2 u u 2 2 0 0 u 0 u 0 0 0 0 0 2 0 d 0 2 u 0 0 u 0 
2 2 0 u 0 0 2 d 0 0 2 2 0 u u 0 2 0 0 u 0 0 2 u u 0 2 0 0 0 u 0 
2 2 0 u 0 0 2 2 0 u 2 d 0 0 u 0 2 0 0 u 0 0 2 0 0 0 2 u u 0 u 0 
d 2 u u 0 0 2 2 0 u 2 2 u 0 u 0 u 0 0 0 0 0 2 0 0 0 2 u d 0 u 0 
d 2 u u 0 0 2 2 u 0 2 2 0 u u 0 u 0 0 0 0 0 2 u d 0 2 0 0 0 u 0 
2 2 u u 0 0 2 2 0 0 2 2 0 u u 0 u 0 0 0 0 0 2 u d 0 u 0 0 0 u d 
2 2 u u 0 0 2 2 0 u 2 2 0 0 u 0 u 0 0 0 0 0 u 0 0 0 2 u d 0 u d 
2 2 u u 0 0 2 2 0 u 2 2 0 0 u 0 u 0 0 0 0 0 2 0 d 0 u u 0 0 u d 
2 2 u u 0 0 2 2 0 0 2 2 0 u u 0 u 0 0 0 0 0 u u 0 0 2 0 d 0 u d 
2 2 u 2 0 0 2 2 0 0 2 u 0 u u 0 2 u 0 u 0 0 2 0 0 0 d u 0 0 0 0 
2 2 u 2 0 0 2 u 0 u 2 2 0 0 u 0 2 u 0 u 0 0 d u 0 0 2 0 0 0 0 0 
2 2 0 u 0 0 2 d 0 u 2 2 0 0 u 0 2 0 0 u 0 0 2 0 u 0 2 u 0 0 u 0 
2 2 0 u 0 0 2 2 0 0 2 d 0 u u 0 2 0 0 u 0 0 2 u 0 0 2 0 u 0 u 0 
2 2 u u 0 0 2 2 0 0 2 2 0 u u 0 d 0 0 0 0 0 2 u u 0 d 0 0 0 u u 
2 2 u u 0 0 2 2 0 u 2 2 0 0 u 0 d 0 0 0 0 0 d 0 0 0 2 u u 0 u u 
2 u 0 0 0 0 2 u 0 u 2 2 0 0 u 0 2 u 0 0 2 0 2 0 d 0 2 u 0 0 u 0 
2 u 0 0 0 0 2 2 0 0 2 u 0 u u 0 2 u 0 0 2 0 2 u 0 0 2 0 d 0 u 0 
2 u 0 0 0 0 2 u 0 0 2 2 0 u u 0 2 u 0 0 2 0 2 u d 0 2 0 0 0 u 0 
2 u 0 0 0 0 2 2 0 u 2 u 0 0 u 0 2 u 0 0 2 0 2 0 0 0 2 u d 0 u 0 
2 u 0 0 0 0 2 2 0 u 2 2 0 0 u u 2 u u 0 0 d 2 0 0 0 2 u 0 0 0 0 
2 u 0 0 0 0 2 2 0 0 2 2 0 u u u 2 u u 0 0 d 2 u 0 0 2 0 0 0 0 0 
2 2 u u 0 0 2 2 0 u 2 2 0 0 u 0 d 0 0 0 0 0 2 0 u 0 d u 0 0 u u 
2 2 u u 0 0 2 2 0 0 2 2 0 u u 0 d 0 0 0 0 0 d u 0 0 2 0 u 0 u u 
2 2 u u u 0 2 2 0 0 u 2 0 u u 0 2 u 0 d 0 0 2 0 0 0 d u 0 0 0 0 
2 2 u u u 0 u 2 0 u 2 2 0 0 u 0 2 u 0 d 0 0 d u 0 0 2 0 0 0 0 0 
2 u u u 0 0 2 2 d 0 2 2 0 u u 0 2 0 0 0 0 0 2 u 0 0 d 0 0 0 u u 
2 u u u 0 0 2 2 0 u 2 2 d 0 u 0 2 0 0 0 0 0 d 0 0 0 2 u 0 0 u u 
2 u u u 0 0 2 2 d u 2 2 0 0 u 0 2 0 0 0 0 0 2 0 0 0 d u 0 0 u u 
2 u u u 0 0 2 2 0 0 2 2 d u u 0 2 0 0 0 0 0 d u 0 0 2 0 0 0 u u 
2 2 u u 0 0 2 2 0 0 2 2 0 u u 0 d 0 0 u 0 0 d u u 0 2 0 0 0 u 0 
2 2 u u 0 0 2 2 0 u 2 2 0 0 u 0 d 0 0 u 0 0 2 0 0 0 d u u 0 u 0 
2 2 u u 0 0 u 2 0 0 2 2 0 u u d 2 d 0 0 0 0 2 u 0 0 u 0 0 0 u 0 
2 2 u u 0 0 2 2 0 u u 2 0 0 u d 2 d 0 0 0 0 u 0 0 0 2 u 0 0 u 0 
2 2 u u d 0 2 2 0 0 u 2 0 u u 0 2 0 0 0 0 0 u u 0 0 2 0 0 0 2 0 
2 2 u u d 0 u 2 0 u 2 2 0 0 u 0 2 0 0 0 0 0 2 0 0 0 u u 0 0 2 0 
2 2 u u 0 0 2 2 0 0 u 2 0 0 u 2 2 u 0 0 0 0 2 0 0 0 2 u 0 0 0 0 
2 2 u u 0 0 u 2 0 0 2 2 0 0 u 2 2 u 0 0 0 0 2 u 0 0 2 0 0 0 0 0 
2 u u u 0 d 2 2 0 0 2 u d u u 0 2 0 0 0 0 0 2 u 0 0 2 0 0 0 0 u 
2 u u u 0 d 2 u d u 2 2 0 0 u 0 2 0 0 0 0 0 2 0 0 0 2 u 0 0 0 u 
u 2 u u 0 0 2 2 0 0 2 2 0 u 0 0 2 0 0 0 d 0 2 u 0 0 2 0 0 0 u u 
u 2 u u 0 0 2 2 0 u 2 2 0 0 0 0 2 0 0 0 d 0 2 0 0 0 2 u 0 0 u u 
2 2 u u 0 0 2 2 0 0 2 2 0 u u 0 u 0 0 0 0 d 2 u 0 0 u 0 0 d u 0 
2 2 u u 0 0 2 2 0 u 2 2 0 0 u 0 u 0 0 0 0 d u 0 0 d 2 u 0 0 u 0 
2 u u u 0 0 2 2 0 u 2 d 0 0 u 0 2 u 0 0 u 0 2 u 0 0 2 0 0 d 0 0 
2 u u u 0 0 2 d 0 0 2 2 0 u u 0 2 u 0 0 u 0 2 0 0 d 2 u 0 0 0 0 
2 2 u u 0 0 2 2 0 u 2 2 0 0 u 0 d 0 0 u 0 0 d 0 u 0 2 u 0 0 u 0 
2 2 u u 0 0 2 2 0 0 2 2 0 u u 0 d 0 0 u 0 0 2 u 0 0 d 0 u 0 u 0 
0 2 u u 0 0 2 2 2 u 2 2 0 0 u 0 2 0 0 0 0 0 2 0 0 0 2 u 0 0 u 0 
0 2 u u 0 0 2 2 0 0 2 2 2 u u 0 2 0 0 0 0 0 2 u 0 0 2 0 0 0 u 0 
2 u u u 0 0 2 2 0 0 2 d 0 u u 0 2 u 0 0 u 0 2 0 0 0 2 u 0 d 0 0 
2 u u u 0 0 2 d 0 u 2 2 0 0 u 0 2 u 0 0 u 0 2 u 0 d 2 0 0 0 0 0 
2 2 u u 0 0 2 2 0 0 u 2 d u u 0 2 u 0 0 0 0 2 0 0 0 2 u 0 0 0 0 
2 2 u u 0 0 u 2 d u 2 2 0 0 u 0 2 u 0 0 0 0 2 u 0 0 2 0 0 0 0 0 
2 u u u 0 d 2 2 0 u 2 u d 0 u 0 2 0 0 0 0 0 2 0 0 0 2 u 0 0 0 u 
2 u u u 0 d 2 u d 0 2 2 0 u u 0 2 0 0 0 0 0 2 u 0 0 2 0 0 0 0 u 
0 2 u u 0 0 2 2 2 0 2 2 0 u u 0 2 0 0 0 0 0 2 u 0 0 2 0 0 0 u 0 
0 2 u u 0 0 2 2 0 u 2 2 2 0 u 0 2 0 0 0 0 0 2 0 0 0 2 u 0 0 u 0 
2 2 0 u 0 0 2 2 0 0 2 2 0 0 u 0 2 0 0 u 0 0 2 u 0 0 2 0 0 u u 0 
2 2 0 u 0 0 2 2 0 0 2 2 0 0 u 0 2 0 0 u 0 0 2 0 0 u 2 u 0 0 u 0 
2 2 u u 0 0 2 2 0 u 2 2 0 0 u 0 u 0 0 0 0 d 2 0 0 0 u u 0 d u 0 
2 2 u u 0 0 2 2 0 0 2 2 0 u u 0 u 0 0 0 0 d u u 0 d 2 0 0 0 u 0 
2 2 u u 0 0 u 2 d 0 2 2 0 u u 0 2 u 0 0 0 0 2 0 0 0 2 u 0 0 0 0 
2 2 u u 0 0 2 2 0 u u 2 d 0 u 0 2 u 0 0 0 0 2 u 0 0 2 0 0 0 0 0 
2 2 0 u 0 0 2 2 0 0 2 2 u u u 0 2 0 0 0 0 0 2 0 0 0 2 0 0 0 u u 
2 2 0 u 0 0 2 2 u u 2 2 0 0 u 0 2 0 0 0 0 0 2 0 0 0 2 0 0 0 u u 
2 2 0 u 0 0 2 2 0 0 2 2 0 2 u 0 2 0 0 0 0 0 u u 0 0 2 0 0 0 u u 
2 2 0 u 0 0 2 2 0 2 2 2 0 0 u 0 2 0 0 0 0 0 2 0 0 0 u u 0 0 u u 
2 u 0 u 0 0 2 2 0 0 2 2 0 u u 0 2 u 0 0 u d 2 0 0 0 2 u 0 0 0 0 
2 u 0 u 0 0 2 2 0 u 2 2 0 0 u 0 2 u 0 0 u d 2 u 0 0 2 0 0 0 0 0 
2 2 u u 0 0 2 2 0 0 2 u d u u 0 2 0 0 0 0 0 u u d 0 2 0 0 0 u 0 
2 2 u u 0 0 2 u d u 2 2 0 0 u 0 2 0 0 0 0 0 2 0 0 0 u u d 0 u 0 
2 2 u u 0 0 u 2 0 u 2 2 0 0 u d 2 d 0 0 0 0 2 0 0 0 u u 0 0 u 0 
2 2 u u 0 0 2 2 0 0 u 2 0 u u d 2 d 0 0 0 0 u u 0 0 2 0 0 0 u 0 
2 2 u u 0 0 2 2 0 u 2 u d 0 u 0 2 0 0 0 0 0 u 0 d 0 2 u 0 0 u 0 
2 2 u u 0 0 2 u d 0 2 2 0 u u 0 2 0 0 0 0 0 2 u 0 0 u 0 d 0 u 0 
2 2 0 u 0 0 2 2 u u 2 2 0 0 u 0 d 0 0 0 0 0 2 0 u 0 2 u 0 0 u 0 
2 2 0 u 0 0 2 2 0 0 2 2 u u u 0 d 0 0 0 0 0 2 u 0 0 2 0 u 0 u 0 
2 2 u u d 0 u 2 0 0 2 2 0 u u 0 2 0 0 0 0 0 2 u 0 0 u 0 0 0 2 0 
2 2 u u d 0 2 2 0 u u 2 0 0 u 0 2 0 0 0 0 0 u 0 0 0 2 u 0 0 2 0 
2 2 0 0 0 0 2 2 0 u 2 2 0 0 0 u 2 0 u u 0 0 2 0 0 0 2 u 0 0 0 u 
2 2 0 0 0 0 2 2 0 0 2 2 0 u 0 u 2 0 u u 0 0 2 u 0 0 2 0 0 0 0 u 
2 d u u u 0 2 2 u 0 2 2 0 0 u 0 2 0 0 0 0 0 2 0 0 0 2 u 0 0 u 0 
2 d u u u 0 2 2 0 0 2 2 u 0 u 0 2 0 0 0 0 0 2 u 0 0 2 0 0 0 u 0 
2 2 u u 0 0 2 2 0 0 2 2 0 u u 0 0 0 0 0 0 2 2 u 0 0 2 0 0 0 u 0 
2 2 u u 0 0 2 2 0 u 2 2 0 0 u 0 0 0 0 0 0 2 2 0 0 0 2 u 0 0 u 0 
2 2 0 u 0 0 2 2 u 0 2 2 0 u u 0 d 0 0 0 0 0 2 u u 0 2 0 0 0 u 0 
2 2 0 u 0 0 2 2 0 u 2 2 u 0 u 0 d 0 0 0 0 0 2 0 0 0 2 u u 0 u 0 
2 2 0 u 0 0 2 2 0 d 2 2 0 u u 0 2 0 0 0 0 0 2 u 0 0 u 0 0 0 u u 
2 2 0 u 0 0 2 2 0 u 2 2 0 d u 0 2 0 0 0 0 0 u 0 0 0 2 u 0 0 u u 
u 2 u u 0 d 2 2 0 0 2 2 0 u u 0 2 0 0 0 0 0 u u d 0 2 0 0 0 u 0 
u 2 u u 0 d 2 2 0 u 2 2 0 0 u 0 2 0 0 0 0 0 2 0 0 0 u u d 0 u 0 
u 2 u u 0 d 2 2 0 u 2 2 0 0 u 0 2 0 0 0 0 0 u 0 d 0 2 u 0 0 u 0 
u 2 u u 0 d 2 2 0 0 2 2 0 u u 0 2 0 0 0 0 0 2 u 0 0 u 0 d 0 u 0 
2 2 u u 0 0 u 2 0 d 2 2 0 u u 0 2 0 0 0 0 0 2 0 0 u 2 0 0 0 u 0 
2 2 u u 0 0 2 2 0 u u 2 0 d u 0 2 0 0 0 0 0 2 0 0 0 2 0 0 u u 0 
2 2 u 0 0 d 2 u 0 u 2 2 0 u u 0 2 u 0 0 0 0 2 0 0 0 2 u 0 0 0 0 
2 2 u 0 0 d 2 2 0 u 2 u 0 u u 0 2 u 0 0 0 0 2 u 0 0 2 0 0 0 0 0 
2 2 u u u 0 2 2 0 0 d 2 0 u u 0 2 0 0 0 0 d 2 u 0 0 u 0 0 0 u 0 
2 2 u u u 0 d 2 0 u 2 2 0 0 u 0 2 0 0 0 0 d u 0 0 0 2 u 0 0 u 0 
2 2 u u 0 0 2 d 0 u 2 2 0 0 0 0 2 0 u 0 0 0 2 0 0 0 2 u u 0 u 0 
2 2 u u 0 0 2 2 0 0 2 d 0 u 0 0 2 0 u 0 0 0 2 u u 0 2 0 0 0 u 0 
2 0 u 0 u 0 2 2 0 0 2 2 0 u 0 u 2 u 0 0 2 0 2 0 0 0 2 u 0 0 0 0 
2 0 u 0 u 0 2 2 0 u 2 2 0 0 0 u 2 u 0 0 2 0 2 u 0 0 2 0 0 0 0 0 
2 2 u u 0 0 2 2 0 u 2 d 0 0 0 0 2 u 0 0 0 0 2 0 u 0 2 u 0 0 u 0 
2 2 u u 0 0 2 d 0 0 2 2 0 u 0 0 2 u 0 0 0 0 2 u 0 0 2 0 u 0 u 0 
2 2 u u 0 0 2 d 0 0 2 2 0 u 0 0 2 0 u 0 0 0 2 u 0 0 2 0 u 0 u 0 
2 2 u u 0 0 2 2 0 u 2 d 0 0 0 0 2 0 u 0 0 0 2 0 u 0 2 u 0 0 u 0 
2 2 u u 0 0 2 2 0 d 2 2 0 u 0 0 2 0 u 0 0 0 2 u 0 0 u 0 0 0 u 0 
2 2 u u 0 0 2 2 0 u 2 2 0 d 0 0 2 0 u 0 0 0 u 0 0 0 2 u 0 0 u 0 
2 2 u u 0 0 2 2 0 0 2 d 0 u 0 0 2 u 0 0 0 0 2 u u 0 2 0 0 0 u 0 
2 2 u u 0 0 2 d 0 u 2 2 0 0 0 0 2 u 0 0 0 0 2 0 0 0 2 u u 0 u 0 
2 2 u u u 0 u 2 0 0 2 2 0 u u 0 2 0 0 0 0 d 2 0 0 0 2 0 0 0 u 0 
2 2 u u u 0 2 2 0 u u 2 0 0 u 0 2 0 0 0 0 d 2 0 0 0 2 0 0 0 u 0 
2 2 u u 0 u d 2 0 0 2 d 0 u u u 2 0 0 0 0 0 2 u 0 0 2 0 0 0 u 0 
2 2 u u 0 u 2 d 0 u d 2 0 0 u u 2 0 0 0 0 0 2 0 0 0 2 u 0 0 u 0 
2 2 u u 0 0 u 2 0 u 2 2 0 d u 0 2 0 0 0 0 0 2 0 0 u 2 0 0 0 u 0 
2 2 u u 0 0 2 2 0 d u 2 0 u u 0 2 0 0 0 0 0 2 0 0 0 2 0 0 u u 0 
2 2 u u u 0 2 2 0 0 d 2 0 u u 0 u 0 0 0 0 0 2 u 0 0 2 0 0 d u 0 
2 2 u u u 0 d 2 0 u 2 2 0 0 u 0 u 0 0 0 0 0 2 0 0 d 2 u 0 0 u 0 
2 2 u u u 0 2 2 0 u d 2 0 0 u 0 2 0 0 0 0 d 2 0 0 0 u u 0 0 u 0 
2 2 u u u 0 d 2 0 0 2 2 0 u u 0 2 0 0 0 0 d u u 0 0 2 0 0 0 u 0 
2 2 u u 0 0 u 2 0 u 2 2 0 0 u u 2 0 0 0 0 d 2 0 0 0 2 0 0 0 u 0 
2 2 u u 0 0 2 2 0 0 u 2 0 u u u 2 0 0 0 0 d 2 0 0 0 2 0 0 0 u 0 
2 u 0 2 u 0 2 2 0 0 2 2 0 u u 0 2 0 0 0 0 0 2 u 0 0 2 0 0 0 u 0 
2 u 0 2 u 0 2 2 0 u 2 2 0 0 u 0 2 0 0 0 0 0 2 0 0 0 2 u 0 0 u 0 
2 2 u u 0 u d 2 0 u 2 d 0 0 u u 2 0 0 0 0 0 2 0 0 0 2 u 0 0 u 0 
2 2 u u 0 u 2 d 0 0 d 2 0 u u u 2 0 0 0 0 0 2 u 0 0 2 0 0 0 u 0 
2 2 u u 0 0 2 2 0 0 2 2 0 2 0 0 2 0 u 0 0 0 u u 0 0 2 0 0 0 u 0 
2 2 u u 0 0 2 2 0 2 2 2 0 0 0 0 2 0 u 0 0 0 2 0 0 0 u u 0 0 u 0 
2 2 u u u 0 2 2 0 u d 2 0 0 u 0 u 0 0 0 0 0 2 0 0 0 2 u 0 d u 0 
2 2 u u u 0 d 2 0 0 2 2 0 u u 0 u 0 0 0 0 0 2 u 0 d 2 0 0 0 u 0 
2 2 u u 0 0 2 2 2 0 2 2 0 u u 0 0 0 0 0 0 0 2 u 0 0 2 0 0 0 u 0 
2 2 u u 0 0 2 2 0 u 2 2 2 0 u 0 0 0 0 0 0 0 2 0 0 0 2 u 0 0 u 0 
2 2 u u 0 0 2 2 0 u 2 2 0 0 u 0 d 0 0 0 0 u 2 0 0 0 d u 0 u u 0 
2 2 u u 0 0 2 2 0 0 2 2 0 u u 0 d 0 0 0 0 u d u 0 u 2 0 0 0 u 0 
2 2 0 u 0 0 2 2 0 0 2 u d u 0 0 2 u u 0 0 0 2 0 0 0 2 u 0 0 0 u 
2 2 0 u 0 0 2 u d u 2 2 0 0 0 0 2 u u 0 0 0 2 u 0 0 2 0 0 0 0 u 
2 2 u u 0 u 2 2 0 0 2 d 0 u u 0 2 0 0 0 0 0 2 u u 0 2 0 0 0 0 0 
2 2 u u 0 u 2 d 0 u 2 2 0 0 u 0 2 0 0 0 0 0 2 0 0 0 2 u u 0 0 0 
2 2 u u 0 u 2 2 0 u 2 d 0 0 u 0 2 0 0 0 0 0 2 0 u 0 2 u 0 0 0 0 
2 2 u u 0 u 2 d 0 0 2 2 0 u u 0 2 0 0 0 0 0 2 u 0 0 2 0 u 0 0 0 
2 2 u 0 0 0 u 2 0 u 2 2 0 0 u 0 2 0 0 u 0 0 2 0 d 0 2 u 0 0 u 0 
2 2 u 0 0 0 2 2 0 0 u 2 0 u u 0 2 0 0 u 0 0 2 u 0 0 2 0 d 0 u 0 
2 2 u u 0 0 2 2 0 0 2 2 0 u u 0 d 0 0 0 0 u 2 u 0 0 d 0 0 u u 0 
2 2 u u 0 0 2 2 0 u 2 2 0 0 u 0 d 0 0 0 0 u d 0 0 u 2 u 0 0 u 0 
2 2 u u 0 0 2 2 u u 2 2 0 0 0 0 2 0 0 0 0 0 2 u 0 0 2 0 u 0 0 0 
2 2 u u 0 0 2 2 0 0 2 2 u u 0 0 2 0 0 0 0 0 2 0 u 0 2 u 0 0 0 0 
2 d 0 u 0 0 2 2 0 u 2 2 0 0 0 u 2 0 u 0 u 0 2 0 0 0 2 u 0 0 u 0 
2 d 0 u 0 0 2 2 0 0 2 2 0 u 0 u 2 0 u 0 u 0 2 u 0 0 2 0 0 0 u 0 
2 2 u u 0 0 u 2 0 0 u 2 0 u u 0 2 d 0 0 0 0 2 u 0 0 2 0 0 0 2 0 
2 2 u u 0 0 u 2 0 u u 2 0 0 u 0 2 d 0 0 0 0 2 0 0 0 2 u 0 0 2 0 
2 2 u u 0 0 2 2 0 0 2 2 2 u u 0 0 0 0 0 0 0 2 u 0 0 2 0 0 0 u 0 
2 2 u u 0 0 2 2 2 u 2 2 0 0 u 0 0 0 0 0 0 0 2 0 0 0 2 u 0 0 u 0 
2 2 0 0 0 d 2 u 0 u 2 2 0 0 u 0 u u u 0 0 0 2 0 d 0 2 u 0 0 u 0 
2 2 0 0 0 d 2 2 0 0 2 u 0 u u 0 u u u 0 0 0 2 u 0 0 2 0 d 0 u 0 
2 2 u u 0 0 2 2 0 2 2 u 0 0 u 0 2 0 0 0 0 u 2 0 0 0 2 u 0 0 0 0 
2 2 u u 0 0 2 u 0 0 2 2 0 2 u 0 2 0 0 0 0 u 2 u 0 0 2 0 0 0 0 0 
2 2 u u d 0 d 2 0 0 2 2 0 u u 0 2 u 0 u 0 0 u 0 0 0 2 u 0 0 0 0 
2 2 u u d 0 2 2 0 u d 2 0 0 u 0 2 u 0 u 0 0 2 u 0 0 u 0 0 0 0 0 
2 2 0 0 0 d 2 u 0 0 2 2 0 u u 0 u u u 0 0 0 2 u d 0 2 0 0 0 u 0 
2 2 0 0 0 d 2 2 0 u 2 u 0 0 u 0 u u u 0 0 0 2 0 0 0 2 u d 0 u 0 
2 2 u u 0 0 2 2 0 d 2 u 0 u u 0 2 0 0 0 0 u 2 u 0 0 2 0 0 0 0 0 
2 2 u u 0 0 2 u 0 u 2 2 0 d u 0 2 0 0 0 0 u 2 0 0 0 2 u 0 0 0 0 
2 u 0 u 0 0 2 2 0 0 2 2 0 u u 0 2 u u 0 0 d 2 0 0 0 2 u 0 0 0 0 
2 u 0 u 0 0 2 2 0 u 2 2 0 0 u 0 2 u u 0 0 d 2 u 0 0 2 0 0 0 0 0 
2 2 u u 2 0 2 2 0 0 u 2 0 0 u 0 2 u 0 0 0 0 2 0 0 0 2 u 0 0 0 0 
2 2 u u 2 0 u 2 0 0 2 2 0 0 u 0 2 u 0 0 0 0 2 u 0 0 2 0 0 0 0 0 
2 2 0 u 0 0 2 2 0 u 2 u d 0 0 0 2 u u 0 0 0 2 u 0 0 2 0 0 0 0 u 
2 2 0 u 0 0 2 u d 0 2 2 0 u 0 0 2 u u 0 0 0 2 0 0 0 2 u 0 0 0 u 
2 2 0 0 u 0 2 2 0 0 2 2 0 u 0 0 2 u u 0 0 0 2 0 0 0 2 u 0 0 0 u 
2 2 0 0 u 0 2 2 0 u 2 2 0 0 0 0 2 u u 0 0 0 2 u 0 0 2 0 0 0 0 u 
2 2 u u d 0 u 2 0 0 2 2 0 u u 0 2 0 0 0 0 0 2 u 0 0 d 0 0 0 u u 
2 2 u u d 0 2 2 0 u u 2 0 0 u 0 2 0 0 0 0 0 d 0 0 0 2 u 0 0 u u 
2 u 2 u 0 0 2 2 0 0 2 2 0 u u 0 d u 0 0 u 0 2 0 0 0 2 u 0 0 0 0 
2 u 2 u 0 0 2 2 0 u 2 2 0 0 u 0 d u 0 0 u 0 2 u 0 0 2 0 0 0 0 0 
2 2 0 u 0 0 2 2 u 0 2 2 0 0 u u 2 u 0 0 0 0 2 0 0 0 2 u 0 0 0 0 
2 2 0 u 0 0 2 2 0 0 2 2 u 0 u u 2 u 0 0 0 0 2 u 0 0 2 0 0 0 0 0 
2 d u u 0 0 2 2 0 u 2 u 0 0 u 0 2 u 0 0 d 0 2 u 0 0 2 0 0 u 0 0 
2 d u u 0 0 2 u 0 0 2 2 0 u u 0 2 u 0 0 d 0 2 0 0 u 2 u 0 0 0 0 
2 d u u 0 0 2 2 0 0 2 2 0 u u u 2 0 0 0 0 0 2 0 0 0 2 0 0 u u 0 
2 d u u 0 0 2 2 0 u 2 2 0 0 u u 2 0 0 0 0 0 2 0 0 u 2 0 0 0 u 0 
2 d u u 0 0 2 2 0 0 2 u 0 u u 0 2 u 0 0 d 0 2 0 0 0 2 u 0 u 0 0 
2 d u u 0 0 2 u 0 u 2 2 0 0 u 0 2 u 0 0 d 0 2 u 0 u 2 0 0 0 0 0 
2 2 0 u u 0 2 2 0 0 2 2 u 0 u 0 2 u 0 0 0 0 2 0 0 0 2 u 0 0 0 0 
2 2 0 u u 0 2 2 u 0 2 2 0 0 u 0 2 u 0 0 0 0 2 u 0 0 2 0 0 0 0 0 
2 u u 0 u 0 2 2 0 0 2 2 0 u 0 0 2 u 0 0 0 d 2 0 0 0 2 u 0 0 0 u 
2 u u 0 u 0 2 2 0 u 2 2 0 0 0 0 2 u 0 0 0 d 2 u 0 0 2 0 0 0 0 u 
2 2 u 0 0 0 2 d u 0 2 u d u 0 0 2 u 0 0 0 0 2 u 0 0 2 0 0 0 u u 
2 2 u 0 0 0 2 u d u 2 d u 0 0 0 2 u 0 0 0 0 2 0 0 0 2 u 0 0 u u 
2 2 u 0 0 0 2 d u u 2 u d 0 0 0 2 u 0 0 0 0 2 0 0 0 2 u 0 0 u u 
2 2 u 0 0 0 2 u d 0 2 d u u 0 0 2 u 0 0 0 0 2 u 0 0 2 0 0 0 u u 
2 2 u u d 0 2 2 0 0 u 2 0 u u 0 d 0 0 0 0 0 2 u 0 0 2 0 0 u u 0 
2 2 u u d 0 u 2 0 u 2 2 0 0 u 0 d 0 0 0 0 0 2 0 0 u 2 u 0 0 u 0 
2 2 u u d 0 2 2 0 0 u 2 0 u u 0 2 0 0 0 0 0 d u 0 0 2 0 0 0 u u 
2 2 u u d 0 u 2 0 u 2 2 0 0 u 0 2 0 0 0 0 0 2 0 0 0 d u 0 0 u u 
2 2 u u 0 0 2 d u u 2 2 0 0 u 0 u u 0 0 d 0 2 u 0 0 2 0 0 0 0 0 
2 2 u u 0 0 2 2 0 0 2 d u u u 0 u u 0 0 d 0 2 0 0 0 2 u 0 0 0 0 
u 2 u 2 0 0 2 2 0 0 2 2 0 u u 0 d u 0 0 0 0 2 u 0 0 2 0 0 0 u 0 
u 2 u 2 0 0 2 2 0 u 2 2 0 0 u 0 d u 0 0 0 0 2 0 0 0 2 u 0 0 u 0 
2 2 u u 0 0 2 d u 0 2 2 0 u u 0 u u 0 0 d 0 2 0 0 0 2 u 0 0 0 0 
2 2 u u 0 0 2 2 0 u 2 d u 0 u 0 u u 0 0 d 0 2 u 0 0 2 0 0 0 0 0 
2 2 0 u 0 0 2 d 0 0 2 u d u u 0 2 0 u 0 0 0 2 u u 0 2 0 0 0 u 0 
2 2 0 u 0 0 2 u d u 2 d 0 0 u 0 2 0 u 0 0 0 2 0 0 0 2 u u 0 u 0 
2 2 0 u 0 0 2 d 0 u 2 u d 0 u 0 2 0 u 0 0 0 2 0 u 0 2 u 0 0 u 0 
2 2 0 u 0 0 2 u d 0 2 d 0 u u 0 2 0 u 0 0 0 2 u 0 0 2 0 u 0 u 0 
2 2 0 u 0 0 2 2 0 u 2 u 0 0 u 0 2 0 0 0 0 0 2 0 d 0 2 u 0 0 u u 
2 2 0 u 0 0 2 u 0 0 2 2 0 u u 0 2 0 0 0 0 0 2 u 0 0 2 0 d 0 u u 
2 2 0 u 0 0 2 2 0 0 2 u 0 u u 0 2 0 0 0 0 0 2 u d 0 2 0 0 0 u u 
2 2 0 u 0 0 2 u 0 u 2 2 0 0 u 0 2 0 0 0 0 0 2 0 0 0 2 u d 0 u u 
2 d 0 u 0 0 2 2 0 0 2 2 0 u u 0 2 u 0 0 u u 2 0 0 0 2 u 0 0 0 0 
2 d 0 u 0 0 2 2 0 u 2 2 0 0 u 0 2 u 0 0 u u 2 u 0 0 2 0 0 0 0 0 
2 2 0 0 0 0 2 2 0 0 2 d u u u 0 2 u 0 0 0 u 2 u 0 0 2 0 0 0 u 0 
2 2 0 0 0 0 2 d u u 2 2 0 0 u 0 2 u 0 0 0 u 2 0 0 0 2 u 0 0 u 0 
2 2 0 0 0 0 2 2 0 u 2 d u 0 u 0 2 u 0 0 0 u 2 0 0 0 2 u 0 0 u 0 
2 2 0 0 0 0 2 d u 0 2 2 0 u u 0 2 u 0 0 0 u 2 u 0 0 2 0 0 0 u 0 
2 2 u u 0 0 2 2 u 0 2 2 0 u 0 0 2 0 0 0 0 0 2 0 0 0 2 u u 0 0 0 
2 2 u u 0 0 2 2 0 u 2 2 u 0 0 0 2 0 0 0 0 0 2 u u 0 2 0 0 0 0 0 
2 2 0 0 0 0 2 u 0 u 2 d 0 0 u 0 2 0 u u 0 0 2 0 d 0 2 u u 0 u 0 
2 2 0 0 0 0 2 d 0 0 2 u 0 u u 0 2 0 u u 0 0 2 u u 0 2 0 d 0 u 0 
2 2 u 0 0 0 2 2 0 u 2 u d 0 0 0 2 u 0 0 0 0 2 0 0 0 2 u 0 0 u u 
2 2 u 0 0 0 2 u d 0 2 2 0 u 0 0 2 u 0 0 0 0 2 u 0 0 2 0 0 0 u u 
2 2 u u d 0 2 2 0 u u 2 0 0 u 0 d 0 0 0 0 0 2 0 0 0 2 u 0 u u 0 
2 2 u u d 0 u 2 0 0 2 2 0 u u 0 d 0 0 0 0 0 2 u 0 u 2 0 0 0 u 0 
2 2 0 0 0 0 2 u 0 0 2 d 0 u u 0 2 0 u u 0 0 2 u d 0 2 0 u 0 u 0 
2 2 0 0 0 0 2 d 0 u 2 u 0 0 u 0 2 0 u u 0 0 2 0 u 0 2 u d 0 u 0 
2 2 u u u 0 2 2 0 0 2 u 0 u 0 u 2 0 0 0 0 0 2 0 0 0 2 u d 0 0 0 
2 2 u u u 0 2 u 0 u 2 2 0 0 0 u 2 0 0 0 0 0 2 u d 0 2 0 0 0 0 0 
2 2 u u 0 0 2 u 0 0 2 2 0 u u d 2 d 0 0 0 0 2 u 0 0 u 0 0 0 u 0 
2 2 u u 0 0 2 2 0 u 2 u 0 0 u d 2 d 0 0 0 0 u 0 0 0 2 u 0 0 u 0 
2 u u 0 0 0 2 2 0 0 2 2 0 u 0 d 2 u 0 0 0 u 2 u 0 0 2 0 0 0 u 0 
2 u u 0 0 0 2 2 0 u 2 2 0 0 0 d 2 u 0 0 0 u 2 0 0 0 2 u 0 0 u 0 
2 2 u 0 0 0 u 2 0 0 2 2 0 u u 0 2 0 0 u 0 0 2 u d 0 2 0 0 0 u 0 
2 2 u 0 0 0 2 2 0 u u 2 0 0 u 0 2 0 0 u 0 0 2 0 0 0 2 u d 0 u 0 
2 2 u 2 0 0 2 2 0 0 2 2 0 u 0 0 2 0 0 0 0 0 u u 0 0 2 u 0 0 u 0 
2 2 u 2 0 0 2 2 0 u 2 2 0 0 0 0 2 0 0 0 0 0 2 u 0 0 u u 0 0 u 0 
2 2 u u 0 0 2 2 0 0 2 2 0 u d 0 2 0 0 0 0 0 2 u 0 0 u u 0 0 u 0 
2 2 u u 0 0 2 2 0 u 2 2 0 0 d 0 2 0 0 0 0 0 u u 0 0 2 u 0 0 u 0 
2 2 u u d 0 2 2 0 0 2 u 0 u u 0 2 0 0 0 0 0 u u 0 0 2 0 0 0 2 0 
2 2 u u d 0 2 u 0 u 2 2 0 0 u 0 2 0 0 0 0 0 2 0 0 0 u u 0 0 2 0 
2 2 0 0 0 0 2 u 0 u 2 d 0 0 0 u 2 u u 0 0 0 2 0 d 0 2 u u 0 0 u 
2 2 0 0 0 0 2 d 0 0 2 u 0 u 0 u 2 u u 0 0 0 2 u u 0 2 0 d 0 0 u 
2 2 0 0 0 0 2 u 0 0 2 d 0 u 0 u 2 u u 0 0 0 2 u d 0 2 0 u 0 0 u 
2 2 0 0 0 0 2 d 0 u 2 u 0 0 0 u 2 u u 0 0 0 2 0 u 0 2 u d 0 0 u 
2 2 u u 0 0 u 2 0 0 2 2 0 0 u 0 2 0 0 0 0 0 2 u 0 u 2 d 0 0 u 0 
2 2 u u 0 0 2 2 0 0 u 2 0 0 u 0 2 0 0 0 0 0 2 d 0 0 2 u 0 u u 0 
2 2 u 2 0 0 2 d 0 u 2 2 0 0 u 0 u 0 0 0 0 0 2 0 u 0 2 u 0 0 u 0 
2 2 u 2 0 0 2 2 0 0 2 d 0 u u 0 u 0 0 0 0 0 2 u 0 0 2 0 u 0 u 0 
2 2 u 0 0 0 2 2 0 0 2 u d u 0 0 2 u 0 0 0 0 2 u 0 0 2 0 0 0 u u 
2 2 u 0 0 0 2 u d u 2 2 0 0 0 0 2 u 0 0 0 0 2 0 0 0 2 u 0 0 u u 
2 2 u 2 0 0 2 d 0 0 2 2 0 u u 0 u 0 0 0 0 0 2 u u 0 2 0 0 0 u 0 
2 2 u 2 0 0 2 2 0 u 2 d 0 0 u 0 u 0 0 0 0 0 2 0 0 0 2 u u 0 u 0 
2 2 u u u 0 2 2 0 u 2 u 0 0 0 u 2 0 0 0 0 0 2 u 0 0 2 0 d 0 0 0 
2 2 u u u 0 2 u 0 0 2 2 0 u 0 u 2 0 0 0 0 0 2 0 d 0 2 u 0 0 0 0 
2 2 u u 0 d 2 d 0 u 2 2 0 0 u 0 u u 0 0 0 0 2 u u 0 2 0 0 0 0 0 
2 2 u u 0 d 2 2 0 0 2 d 0 u u 0 u u 0 0 0 0 2 0 0 0 2 u u 0 0 0 
2 2 u u 0 d 2 d 0 0 2 2 0 u u 0 u u 0 0 0 0 2 0 u 0 2 u 0 0 0 0 
2 2 u u 0 d 2 2 0 u 2 d 0 0 u 0 u u 0 0 0 0 2 u 0 0 2 0 u 0 0 0 
2 2 u u 0 0 2 0 0 u 2 u d 0 u 0 2 0 0 0 0 0 2 0 2 0 2 u 0 0 u 0 
2 2 u u 0 0 2 u d 0 2 0 0 u u 0 2 0 0 0 0 0 2 u 0 0 2 0 2 0 u 0 
2 2 u u 0 0 2 0 0 0 2 u d u u 0 2 0 0 0 0 0 2 u 2 0 2 0 0 0 u 0 
2 2 u u 0 0 2 u d u 2 0 0 0 u 0 2 0 0 0 0 0 2 0 0 0 2 u 2 0 u 0 
2 d u u u 0 2 u d u 2 2 0 0 u 0 2 0 0 0 0 0 2 0 0 0 2 u 0 0 u 0 
2 d u u u 0 2 2 0 0 2 u d u u 0 2 0 0 0 0 0 2 u 0 0 2 0 0 0 u 0 
2 2 u 0 0 0 d 2 0 u 2 2 0 0 u 0 2 u 0 0 0 0 2 0 0 u 2 u 0 0 u 0 
2 2 u 0 0 0 2 2 0 0 d 2 0 u u 0 2 u 0 0 0 0 2 u 0 0 2 0 0 u u 0 
2 2 u 2 u 0 d u 0 0 2 2 0 u u 0 2 u 0 0 0 0 2 0 0 0 2 u 0 0 0 0 
2 2 u 2 u 0 2 2 0 u d u 0 0 u 0 2 u 0 0 0 0 2 u 0 0 2 0 0 0 0 0 
2 d u u u 0 2 u d 0 2 2 0 u u 0 2 0 0 0 0 0 2 u 0 0 2 0 0 0 u 0 
2 d u u u 0 2 2 0 u 2 u d 0 u 0 2 0 0 0 0 0 2 0 0 0 2 u 0 0 u 0 
2 2 u 0 0 0 d 2 0 0 2 2 0 u u 0 2 u 0 0 0 0 2 u 0 u 2 0 0 0 u 0 
2 2 u 0 0 0 2 2 0 u d 2 0 0 u 0 2 u 0 0 0 0 2 0 0 0 2 u 0 u u 0 
2 2 u u u 0 u 2 0 0 2 2 0 0 u d 2 u 0 0 0 0 2 0 0 0 2 u 0 0 0 0 
2 2 u u u 0 2 2 0 0 u 2 0 0 u d 2 u 0 0 0 0 2 u 0 0 2 0 0 0 0 0 
2 2 0 u u 0 2 2 0 u 2 2 0 0 u 0 2 0 0 0 0 0 2 0 0 0 d u 0 u u 0 
2 2 0 u u 0 2 2 0 0 2 2 0 u u 0 2 0 0 0 0 0 d u 0 u 2 0 0 0 u 0 
2 2 u u 0 u 2 2 0 0 2 d 0 u u 0 d 0 0 0 0 0 2 u 0 0 2 0 0 u u 0 
2 2 u u 0 u 2 d 0 u 2 2 0 0 u 0 d 0 0 0 0 0 2 0 0 u 2 u 0 0 u 0 
d 2 u u 0 0 u 2 0 0 2 2 0 u u 0 2 0 0 d 0 0 2 u u 0 2 0 0 0 u 0 
d 2 u u 0 0 2 2 0 u u 2 0 0 u 0 2 0 0 d 0 0 2 0 0 0 2 u u 0 u 0 
d 2 u u 0 0 u 2 0 u 2 2 0 0 u 0 2 0 0 d 0 0 2 0 u 0 2 u 0 0 u 0 
d 2 u u 0 0 2 2 0 0 u 2 0 u u 0 2 0 0 d 0 0 2 u 0 0 2 0 u 0 u 0 
2 2 u u d 0 2 2 0 0 d 2 0 u u 0 2 u 0 u 0 0 2 0 0 0 u u 0 0 0 0 
2 2 u u d 0 d 2 0 u 2 2 0 0 u 0 2 u 0 u 0 0 u u 0 0 2 0 0 0 0 0 
2 2 u u d 0 u 2 0 0 2 2 0 u u 0 2 0 0 0 0 u d u 0 0 2 0 0 0 u 0 
2 2 u u d 0 2 2 0 u u 2 0 0 u 0 2 0 0 0 0 u 2 0 0 0 d u 0 0 u 0 
2 2 u u d 0 2 2 0 0 u 2 0 u u 0 2 0 0 0 0 u 2 u 0 0 d 0 0 0 u 0 
2 2 u u d 0 u 2 0 u 2 2 0 0 u 0 2 0 0 0 0 u d 0 0 0 2 u 0 0 u 0 
2 2 u u 0 0 u 2 0 0 2 2 0 0 u 0 2 0 0 0 0 0 2 d 0 u 2 u 0 0 u 0 
2 2 u u 0 0 2 2 0 0 u 2 0 0 u 0 2 0 0 0 0 0 2 u 0 0 2 d 0 u u 0 
2 2 u u 0 u 2 2 0 u 2 d 0 0 u 0 d 0 0 0 0 0 2 0 0 0 2 u 0 u u 0 
2 2 u u 0 u 2 d 0 0 2 2 0 u u 0 d 0 0 0 0 0 2 u 0 u 2 0 0 0 u 0 
2 d 0 0 0 0 2 d 0 0 2 2 0 u u 0 2 u u 0 u 0 2 u u 0 2 0 0 0 u 0 
2 d 0 0 0 0 2 2 0 u 2 d 0 0 u 0 2 u u 0 u 0 2 0 0 0 2 u u 0 u 0 
2 d 0 0 0 0 2 d 0 u 2 2 0 0 u 0 2 u u 0 u 0 2 0 u 0 2 u 0 0 u 0 
2 d 0 0 0 0 2 2 0 0 2 d 0 u u 0 2 u u 0 u 0 2 u 0 0 2 0 u 0 u 0 
2 2 u u 0 0 2 2 0 u 2 2 u 0 0 0 2 0 0 0 0 0 2 u 0 u 2 0 0 0 0 0 
2 2 u u 0 0 2 2 u 0 2 2 0 u 0 0 2 0 0 0 0 0 2 0 0 0 2 u 0 u 0 0 
2 2 0 u u 0 2 2 0 0 2 2 0 u u 0 2 0 0 0 0 0 2 u 0 0 d 0 0 u u 0 
2 2 0 u u 0 2 2 0 u 2 2 0 0 u 0 2 0 0 0 0 0 d 0 0 u 2 u 0 0 u 0 
d u 2 u 0 u 2 2 0 0 2 2 0 u u 0 2 0 0 0 0 0 2 u 0 0 2 0 0 0 u 0 
d u 2 u 0 u 2 2 0 u 2 2 0 0 u 0 2 0 0 0 0 0 2 0 0 0 2 u 0 0 u 0 
2 2 u u 0 0 2 d 0 0 2 2 0 u u d 2 u 0 0 0 0 u 0 0 0 2 u 0 0 u 0 
2 2 u u 0 0 2 2 0 u 2 d 0 0 u d 2 u 0 0 0 0 2 u 0 0 u 0 0 0 u 0 
2 2 u u 0 0 u 2 0 0 2 2 0 u u d d 0 0 0 0 0 2 u 0 0 2 0 0 u u 0 
2 2 u u 0 0 2 2 0 u u 2 0 0 u d d 0 0 0 0 0 2 0 0 u 2 u 0 0 u 0 
2 2 0 u 0 0 2 2 0 0 2 2 0 u 0 0 2 u 0 0 0 u 2 0 0 0 2 u 0 0 0 u 
2 2 0 u 0 0 2 2 0 u 2 2 0 0 0 0 2 u 0 0 0 u 2 u 0 0 2 0 0 0 0 u 
2 u 0 0 0 0 2 2 0 0 2 2 0 u 0 0 2 u 0 u 2 0 2 0 0 0 2 u 0 0 u 0 
2 u 0 0 0 0 2 2 0 u 2 2 0 0 0 0 2 u 0 u 2 0 2 u 0 0 2 0 0 0 u 0 
2 2 u 2 u 0 2 2 0 0 d u 0 u u 0 2 u 0 0 0 0 2 0 0 0 2 u 0 0 0 0 
2 2 u 2 u 0 d u 0 u 2 2 0 0 u 0 2 u 0 0 0 0 2 u 0 0 2 0 0 0 0 0 
2 2 u u 0 0 2 2 0 0 2 2 0 u 0 u 2 u 0 0 0 0 2 0 0 0 2 0 0 u 0 0 
2 2 u u 0 0 2 2 0 u 2 2 0 0 0 u 2 u 0 0 0 0 2 0 0 u 2 0 0 0 0 0 
2 2 u u 0 0 u 2 0 u 2 2 0 0 u d d 0 0 0 0 0 2 0 0 0 2 u 0 u u 0 
2 2 u u 0 0 2 2 0 0 u 2 0 u u d d 0 0 0 0 0 2 u 0 u 2 0 0 0 u 0 
2 2 u u 0 0 d 2 0 0 2 2 0 u u u u 0 0 0 0 0 2 u 0 0 2 0 0 d u 0 
2 2 u u 0 0 2 2 0 u d 2 0 0 u u u 0 0 0 0 0 2 0 0 d 2 u 0 0 u 0 
2 2 u u 0 0 2 2 0 u 2 0 0 0 u 0 2 0 0 2 0 0 2 0 0 0 2 u 0 0 u 0 
2 2 u u 0 0 2 0 0 0 2 2 0 u u 0 2 0 0 2 0 0 2 u 0 0 2 0 0 0 u 0 
2 2 u u 0 d 2 2 0 0 2 u 0 u u 0 2 0 0 0 0 u 2 u 0 0 d 0 0 0 u 0 
2 2 u u 0 d 2 u 0 u 2 2 0 0 u 0 2 0 0 0 0 u d 0 0 0 2 u 0 0 u 0 
2 2 u u 0 0 2 u 0 u 2 2 0 0 u d 2 d 0 0 0 0 2 0 0 0 u u 0 0 u 0 
2 2 u u 0 0 2 2 0 0 2 u 0 u u d 2 d 0 0 0 0 u u 0 0 2 0 0 0 u 0 
2 2 u u 0 0 2 2 0 0 2 2 0 u u 0 2 u 0 2 0 0 2 0 0 0 u 0 0 0 0 0 
2 2 u u 0 0 2 2 0 u 2 2 0 0 u 0 2 u 0 2 0 0 u 0 0 0 2 0 0 0 0 0 
2 2 u u 0 d 2 2 0 u 2 u 0 0 u 0 2 0 0 0 0 u 2 0 0 0 d u 0 0 u 0 
2 2 u u 0 d 2 u 0 0 2 2 0 u u 0 2 0 0 0 0 u d u 0 0 2 0 0 0 u 0 
2 2 0 u 0 0 2 d 0 0 2 2 0 u u 0 2 u 0 0 0 u 2 0 0 u 2 u 0 0 0 0 
2 2 0 u 0 0 2 2 0 u 2 d 0 0 u 0 2 u 0 0 0 u 2 u 0 0 2 0 0 u 0 0 
2 2 u u u 0 2 u 0 0 2 2 0 u u 0 2 0 d 0 0 0 2 0 0 0 2 0 0 0 u 0 
2 2 u u u 0 2 2 0 u 2 u 0 0 u 0 2 0 d 0 0 0 2 0 0 0 2 0 0 0 u 0 
2 2 u u 0 0 2 2 0 0 2 2 u u 0 0 2 0 0 0 0 0 2 0 0 u 2 u 0 0 0 0 
2 2 u u 0 0 2 2 u u 2 2 0 0 0 0 2 0 0 0 0 0 2 u 0 0 2 0 0 u 0 0 
u 2 u 0 u d 2 2 0 0 2 2 0 u u 0 2 u 0 0 0 0 2 0 0 0 2 u 0 0 0 0 
u 2 u 0 u d 2 2 0 u 2 2 0 0 u 0 2 u 0 0 0 0 2 u 0 0 2 0 0 0 0 0 
2 2 u u 0 0 2 2 0 u 2 2 0 0 u 0 d 0 0 0 0 0 2 0 u 0 2 0 0 0 u u 
2 2 u u 0 0 2 2 0 0 2 2 0 u u 0 d 0 0 0 0 0 2 0 0 0 2 0 u 0 u u 
2 2 u u d 0 2 2 0 u 2 u 0 0 u 0 2 0 0 0 0 0 u 0 0 0 2 u 0 0 2 0 
2 2 u u d 0 2 u 0 0 2 2 0 u u 0 2 0 0 0 0 0 2 u 0 0 u 0 0 0 2 0 
2 2 u u 0 0 d 2 0 u 2 2 0 0 u u u 0 0 0 0 0 2 0 0 0 2 u 0 d u 0 
2 2 u u 0 0 2 2 0 0 d 2 0 u u u u 0 0 0 0 0 2 u 0 d 2 0 0 0 u 0 
2 2 0 u 0 0 2 d 0 u 2 2 0 0 u 0 2 u 0 0 0 u 2 u 0 u 2 0 0 0 0 0 
2 2 0 u 0 0 2 2 0 0 2 d 0 u u 0 2 u 0 0 0 u 2 0 0 0 2 u 0 u 0 0 
2 2 u u 0 0 2 2 0 0 2 d 0 u u d 2 u 0 0 0 0 2 0 0 0 u u 0 0 u 0 
2 2 u u 0 0 2 d 0 u 2 2 0 0 u d 2 u 0 0 0 0 u u 0 0 2 0 0 0 u 0 
2 d u u 0 0 2 d 0 u 2 2 0 0 u 0 2 u 0 0 0 u 2 u u 0 2 0 0 0 0 0 
2 d u u 0 0 2 2 0 0 2 d 0 u u 0 2 u 0 0 0 u 2 0 0 0 2 u u 0 0 0 
2 d u u 0 0 2 d 0 0 2 2 0 u u 0 2 u 0 0 0 u 2 0 u 0 2 u 0 0 0 0 
2 d u u 0 0 2 2 0 u 2 d 0 0 u 0 2 u 0 0 0 u 2 u 0 0 2 0 u 0 0 0 
2 2 u u 0 0 2 2 0 0 2 2 0 u u 0 u 0 0 0 0 u 2 u 0 0 2 0 0 0 d 0 
2 2 u u 0 0 2 2 0 u 2 2 0 0 u 0 u 0 0 0 0 u 2 0 0 0 2 u 0 0 d 0 
2 2 u u 0 0 2 2 0 0 2 0 0 u u 0 2 0 0 2 0 0 2 u 0 0 2 0 0 0 u 0 
2 2 u u 0 0 2 0 0 u 2 2 0 0 u 0 2 0 0 2 0 0 2 0 0 0 2 u 0 0 u 0 
2 2 u u u u 2 2 0 0 d d 0 u u 0 2 0 0 0 0 0 2 u 0 0 2 0 0 0 u 0 
2 2 u u u u d d 0 u 2 2 0 0 u 0 2 0 0 0 0 0 2 0 0 0 2 u 0 0 u 0 
d 2 u u 0 0 2 2 0 0 u 2 0 u u 0 2 0 0 0 0 0 2 u u 0 2 0 0 0 u d 
d 2 u u 0 0 u 2 0 u 2 2 0 0 u 0 2 0 0 0 0 0 2 0 0 0 2 u u 0 u d 
d 2 u u 0 0 2 2 0 u u 2 0 0 u 0 2 0 0 0 0 0 2 0 u 0 2 u 0 0 u d 
d 2 u u 0 0 u 2 0 0 2 2 0 u u 0 2 0 0 0 0 0 2 u 0 0 2 0 u 0 u d 
2 2 u u 0 0 2 d u u 2 2 0 0 u 0 d 0 0 0 u 0 2 0 0 0 2 u 0 0 u 0 
2 2 u u 0 0 2 2 0 0 2 d u u u 0 d 0 0 0 u 0 2 u 0 0 2 0 0 0 u 0 
2 d u u 0 u 2 2 0 0 2 2 0 u u 0 2 0 0 0 0 0 u u d 0 2 0 0 0 u 0 
2 d u u 0 u 2 2 0 u 2 2 0 0 u 0 2 0 0 0 0 0 2 0 0 0 u u d 0 u 0 
2 d u u 0 u 2 2 0 u 2 2 0 0 u 0 2 0 0 0 0 0 u 0 d 0 2 u 0 0 u 0 
2 d u u 0 u 2 2 0 0 2 2 0 u u 0 2 0 0 0 0 0 2 u 0 0 u 0 d 0 u 0 
2 u u u 0 0 2 0 0 u 2 2 0 0 u u 2 0 0 0 d 0 2 0 2 0 2 u 0 0 0 0 
2 u u u 0 0 2 2 0 0 2 0 0 u u u 2 0 0 0 d 0 2 u 0 0 2 0 2 0 0 0 
2 u u u 0 0 2 0 0 0 2 2 0 u u u 2 0 0 0 d 0 2 u 2 0 2 0 0 0 0 0 
2 u u u 0 0 2 2 0 u 2 0 0 0 u u 2 0 0 0 d 0 2 0 0 0 2 u 2 0 0 0 
2 2 u u 0 0 2 d u 0 2 2 0 u u 0 d 0 0 0 u 0 2 u 0 0 2 0 0 0 u 0 
2 2 u u 0 0 2 2 0 u 2 d u 0 u 0 d 0 0 0 u 0 2 0 0 0 2 u 0 0 u 0 
2 2 0 u 0 0 2 2 0 0 2 2 0 u 0 0 2 0 u u 0 0 2 0 0 0 2 u 0 0 u 0 
2 2 0 u 0 0 2 2 0 u 2 2 0 0 0 0 2 0 u u 0 0 2 u 0 0 2 0 0 0 u 0 
2 2 u u 0 0 2 2 0 0 2 2 0 u u 0 2 u 0 d 0 0 u 0 0 0 2 0 0 0 0 u 
2 2 u u 0 0 2 2 0 u 2 2 0 0 u 0 2 u 0 d 0 0 2 0 0 0 u 0 0 0 0 u 
2 2 u 0 0 0 2 2 0 u u 2 0 0 u 0 2 u 0 0 0 0 2 0 0 0 2 u d 0 u 0 
2 2 u 0 0 0 u 2 0 0 2 2 0 u u 0 2 u 0 0 0 0 2 u d 0 2 0 0 0 u 0 
2 2 u 0 0 0 2 2 0 0 2 2 0 u 2 0 2 0 0 0 0 0 u u 0 0 2 u 0 0 u 0 
2 2 u 0 0 0 2 2 0 u 2 2 0 0 2 0 2 0 0 0 0 0 2 u 0 0 u u 0 0 u 0 
2 2 u u u u 2 2 0 u d d 0 0 u 0 2 0 0 0 0 0 2 0 0 0 2 u 0 0 u 0 
2 2 u u u u d d 0 0 2 2 0 u u 0 2 0 0 0 0 0 2 u 0 0 2 0 0 0 u 0 
2 2 0 u 0 0 2 2 0 0 u 2 0 u u 0 2 0 0 0 0 0 2 2 0 0 2 0 0 0 u u 
2 2 0 u 0 0 u 2 0 u 2 2 0 0 u 0 2 0 0 0 0 0 2 0 0 0 2 2 0 0 u u 
2 2 u d 0 0 2 2 0 u 2 2 0 0 u 0 2 0 0 0 0 0 u u 0 0 2 u 0 0 u 0 
2 2 u d 0 0 2 2 0 0 2 2 0 u u 0 2 0 0 0 0 0 2 u 0 0 u u 0 0 u 0 
2 2 0 u 0 0 2 2 0 0 2 2 u u u 0 2 0 0 u 0 0 2 u 0 0 d 0 0 0 u 0 
2 2 0 u 0 0 2 2 u u 2 2 0 0 u 0 2 0 0 u 0 0 d 0 0 0 2 u 0 0 u 0 
2 2 u u 0 0 2 2 0 0 2 0 0 u u 0 2 0 0 0 0 0 2 u 0 0 2 0 0 0 u 2 
2 2 u u 0 0 2 0 0 u 2 2 0 0 u 0 2 0 0 0 0 0 2 0 0 0 2 u 0 0 u 2 
2 2 u u 0 0 2 2 0 0 2 2 0 0 u u u 0 0 0 0 0 2 0 0 0 2 u 0 d u 0 
2 2 u u 0 0 2 2 0 0 2 2 0 0 u u u 0 0 0 0 0 2 u 0 d 2 0 0 0 u 0 
2 2 0 u 0 0 2 2 0 0 2 2 0 0 u 0 2 0 0 0 0 0 2 0 0 0 2 u 0 u u u 
2 2 0 u 0 0 2 2 0 0 2 2 0 0 u 0 2 0 0 0 0 0 2 u 0 u 2 0 0 0 u u 
2 2 u 0 0 0 2 2 0 0 u 2 0 u u 0 2 u 0 0 0 0 2 u 0 0 2 0 d 0 u 0 
2 2 u 0 0 0 u 2 0 u 2 2 0 0 u 0 2 u 0 0 0 0 2 0 d 0 2 u 0 0 u 0 
2 2 u u 0 0 2 2 0 u 2 0 0 0 u 0 2 0 0 u d 0 2 0 0 0 2 u 0 0 u 0 
2 2 u u 0 0 2 0 0 0 2 2 0 u u 0 2 0 0 u d 0 2 u 0 0 2 0 0 0 u 0 
2 2 u u 0 0 2 2 0 0 2 2 0 u u 0 2 u 0 u 0 0 u 0 0 0 2 0 0 0 0 d 
2 2 u u 0 0 2 2 0 u 2 2 0 0 u 0 2 u 0 u 0 0 2 0 0 0 u 0 0 0 0 d 
2 2 0 u 0 0 2 2 0 u 2 2 u 0 u 0 2 0 0 u 0 0 2 0 0 0 d u 0 0 u 0 
2 2 0 u 0 0 2 2 u 0 2 2 0 u u 0 2 0 0 u 0 0 d u 0 0 2 0 0 0 u 0 
2 2 u u 0 0 2 2 0 0 2 0 0 u u 0 2 0 0 u d 0 2 u 0 0 2 0 0 0 u 0 
2 2 u u 0 0 2 0 0 u 2 2 0 0 u 0 2 0 0 u d 0 2 0 0 0 2 u 0 0 u 0 
2 u u u 0 d 2 2 0 u 2 2 0 0 u 0 2 0 0 0 0 0 d 0 u 0 2 u 0 0 u 0 
2 u u u 0 d 2 2 0 0 2 2 0 u u 0 2 0 0 0 0 0 2 u 0 0 d 0 u 0 u 0 
2 u u u 0 d 2 2 0 0 2 2 0 u u 0 2 0 0 0 0 0 d u u 0 2 0 0 0 u 0 
2 u u u 0 d 2 2 0 u 2 2 0 0 u 0 2 0 0 0 0 0 2 0 0 0 d u u 0 u 0 
2 2 u u 0 0 d 2 0 0 2 2 0 u u u 2 0 0 0 0 d 2 u 0 0 u 0 0 0 u 0 
2 2 u u 0 0 2 2 0 u d 2 0 0 u u 2 0 0 0 0 d u 0 0 0 2 u 0 0 u 0 
2 2 u u 0 0 u 2 0 0 2 2 0 u u d 2 0 0 0 0 u 2 u 0 0 d 0 0 0 u 0 
2 2 u u 0 0 2 2 0 u u 2 0 0 u d 2 0 0 0 0 u d 0 0 0 2 u 0 0 u 0 
2 2 u u 0 0 2 2 0 0 d 2 u u u 0 2 u 0 0 0 0 2 0 0 0 2 u 0 0 0 0 
2 2 u u 0 0 d 2 u u 2 2 0 0 u 0 2 u 0 0 0 0 2 u 0 0 2 0 0 0 0 0 
2 u 2 u 0 0 2 2 0 0 2 2 0 u u 0 2 0 0 0 0 0 2 u 0 0 d 0 0 u u 0 
2 u 2 u 0 0 2 2 0 u 2 2 0 0 u 0 2 0 0 0 0 0 d 0 0 u 2 u 0 0 u 0 
2 u 2 u 0 0 2 2 0 u 2 2 0 0 u 0 2 0 0 0 0 0 2 0 0 0 d u 0 u u 0 
2 u 2 u 0 0 2 2 0 0 2 2 0 u u 0 2 0 0 0 0 0 d u 0 u 2 0 0 0 u 0 
2 2 0 0 0 u 2 d 0 0 2 2 0 u u 0 d u u 0 0 0 2 u u 0 2 0 0 0 u 0 
2 2 0 0 0 u 2 2 0 u 2 d 0 0 u 0 d u u 0 0 0 2 0 0 0 2 u u 0 u 0 
2 2 u u 0 0 2 2 0 0 2 d 0 u 2 0 u 0 0 0 0 0 2 u u 0 2 0 0 0 u 0 
2 2 u u 0 0 2 d 0 u 2 2 0 0 2 0 u 0 0 0 0 0 2 0 0 0 2 u u 0 u 0 
2 2 u u 0 0 2 2 0 u 2 d 0 0 2 0 u 0 0 0 0 0 2 0 u 0 2 u 0 0 u 0 
2 2 u u 0 0 2 d 0 0 2 2 0 u 2 0 u 0 0 0 0 0 2 u 0 0 2 0 u 0 u 0 
2 2 0 0 0 u 2 d 0 u 2 2 0 0 u 0 d u u 0 0 0 2 0 u 0 2 u 0 0 u 0 
2 2 0 0 0 u 2 2 0 0 2 d 0 u u 0 d u u 0 0 0 2 u 0 0 2 0 u 0 u 0 
2 2 u u 0 0 2 2 0 0 2 2 0 u u 0 d 0 0 u 0 0 2 0 u 0 2 0 0 0 u 0 
2 2 u u 0 0 2 2 0 u 2 2 0 0 u 0 d 0 0 u 0 0 2 0 0 0 2 0 u 0 u 0 
2 2 0 u 0 0 u 2 0 0 2 2 0 u u 0 2 0 0 0 0 0 2 u 0 0 2 d 0 0 u u 
2 2 0 u 0 0 2 2 0 u u 2 0 0 u 0 2 0 0 0 0 0 2 d 0 0 2 u 0 0 u u 
2 2 u u 0 0 2 2 0 0 u 2 0 u u d 2 0 0 0 0 u d u 0 0 2 0 0 0 u 0 
2 2 u u 0 0 u 2 0 u 2 2 0 0 u d 2 0 0 0 0 u 2 0 0 0 d u 0 0 u 0 
2 2 u u 0 0 2 2 0 0 2 d 0 u u u 2 0 0 0 0 u 2 0 0 0 2 0 0 0 u 0 
2 2 u u 0 0 2 d 0 u 2 2 0 0 u u 2 0 0 0 0 u 2 0 0 0 2 0 0 0 u 0 
2 2 u u 0 0 2 2 0 0 d 2 0 u u u 2 0 0 0 0 d u u 0 0 2 0 0 0 u 0 
2 2 u u 0 0 d 2 0 u 2 2 0 0 u u 2 0 0 0 0 d 2 0 0 0 u u 0 0 u 0 
2 2 u u 0 0 2 2 0 u 2 0 0 0 u 0 2 0 0 0 0 0 2 0 0 0 2 u 0 0 u 2 
2 2 u u 0 0 2 0 0 0 2 2 0 u u 0 2 0 0 0 0 0 2 u 0 0 2 0 0 0 u 2 
2 2 u u 0 0 2 2 0 0 d u 0 u 2 u 2 u 0 0 0 0 2 0 0 0 2 u 0 0 0 0 
2 2 u u 0 0 d u 0 u 2 2 0 0 2 u 2 u 0 0 0 0 2 u 0 0 2 0 0 0 0 0 
2 2 u u 0 0 2 2 0 0 2 2 0 u u 0 u 0 d 0 0 0 2 u 0 0 2 0 0 0 0 u 
2 2 u u 0 0 2 2 0 u 2 2 0 0 u 0 u 0 d 0 0 0 2 0 0 0 2 u 0 0 0 u 
2 2 0 u 0 0 2 u 0 u 2 2 0 0 u 0 2 u 0 0 0 0 2 0 d 0 2 u 0 0 u 0 
2 2 0 u 0 0 2 2 0 0 2 u 0 u u 0 2 u 0 0 0 0 2 u 0 0 2 0 d 0 u 0 
2 2 0 u 0 0 2 u 0 0 2 2 0 u u 0 2 u 0 0 0 0 2 u d 0 2 0 0 0 u 0 
2 2 0 u 0 0 2 2 0 u 2 u 0 0 u 0 2 u 0 0 0 0 2 0 0 0 2 u d 0 u 0 
2 d u u 0 0 2 2 u u 2 2 0 0 u 0 u 0 0 0 0 0 2 0 d 0 2 u 0 0 u 0 
2 d u u 0 0 2 2 0 0 2 2 u u u 0 u 0 0 0 0 0 2 u 0 0 2 0 d 0 u 0 
2 d u u 0 0 2 2 u 0 2 2 0 u u 0 u 0 0 0 0 0 2 u d 0 2 0 0 0 u 0 
2 d u u 0 0 2 2 0 u 2 2 u 0 u 0 u 0 0 0 0 0 2 0 0 0 2 u d 0 u 0 
2 2 u u u 0 2 2 0 0 2 2 0 0 u 0 u 0 0 0 0 0 2 u 0 0 2 0 0 d u 0 
2 2 u u u 0 2 2 0 0 2 2 0 0 u 0 u 0 0 0 0 0 2 0 0 d 2 u 0 0 u 0 
d 2 u u 0 u 2 2 0 0 2 2 0 u 0 u 2 u 0 0 0 0 2 0 0 0 2 u 0 0 0 0 
d 2 u u 0 u 2 2 0 u 2 2 0 0 0 u 2 u 0 0 0 0 2 u 0 0 2 0 0 0 0 0 
2 d u u 0 0 2 2 0 0 2 d 0 u u 0 2 0 0 0 0 u 2 u 0 0 2 0 0 u u 0 
2 d u u 0 0 2 d 0 u 2 2 0 0 u 0 2 0 0 0 0 u 2 0 0 u 2 u 0 0 u 0 
2 2 u u 0 0 2 0 2 0 2 u d u u 0 2 0 0 0 0 0 2 u 0 0 2 0 0 0 u 0 
2 2 u u 0 0 2 u d u 2 0 2 0 u 0 2 0 0 0 0 0 2 0 0 0 2 u 0 0 u 0 
2 2 u u 0 0 2 0 2 u 2 u d 0 u 0 2 0 0 0 0 0 2 0 0 0 2 u 0 0 u 0 
2 2 u u 0 0 2 u d 0 2 0 2 u u 0 2 0 0 0 0 0 2 u 0 0 2 0 0 0 u 0 
2 d u u 0 0 2 2 0 u 2 d 0 0 u 0 2 0 0 0 0 u 2 0 0 0 2 u 0 u u 0 
2 d u u 0 0 2 d 0 0 2 2 0 u u 0 2 0 0 0 0 u 2 u 0 u 2 0 0 0 u 0 
2 2 u u 0 0 2 u 0 0 d 2 0 u u 0 2 0 0 0 0 0 2 u 0 d 2 0 0 u u 0 
2 2 u u 0 0 d 2 0 u 2 u 0 0 u 0 2 0 0 0 0 0 2 0 0 u 2 u 0 d u 0 
2 2 u u u 0 u 2 0 u 2 2 0 0 u 0 2 0 0 0 0 0 2 u d 0 2 0 0 0 0 0 
2 2 u u u 0 2 2 0 0 u 2 0 u u 0 2 0 0 0 0 0 2 0 0 0 2 u d 0 0 0 
2 2 u u 0 0 2 u 0 u d 2 0 0 u 0 2 0 0 0 0 0 2 0 0 d 2 u 0 u u 0 
2 2 u u 0 0 d 2 0 0 2 u 0 u u 0 2 0 0 0 0 0 2 u 0 u 2 0 0 d u 0 
2 2 0 u 0 0 2 2 0 u 2 2 0 0 u u 2 0 0 0 0 0 d 0 0 0 2 u 0 u u 0 
2 2 0 u 0 0 2 2 0 0 2 2 0 u u u 2 0 0 0 0 0 2 u 0 u d 0 0 0 u 0 
2 2 u u 0 0 d u 0 0 2 2 0 u 2 u 2 u 0 0 0 0 2 0 0 0 2 u 0 0 0 0 
2 2 u u 0 0 2 2 0 u d u 0 0 2 u 2 u 0 0 0 0 2 u 0 0 2 0 0 0 0 0 
2 2 u u 0 0 d 2 u 0 2 2 0 u u 0 2 u 0 0 0 0 2 0 0 0 2 u 0 0 0 0 
2 2 u u 0 0 2 2 0 u d 2 u 0 u 0 2 u 0 0 0 0 2 u 0 0 2 0 0 0 0 0 
2 2 u u 0 0 2 2 0 0 2 2 0 u u 0 2 u 0 0 0 0 2 0 0 0 u 0 0 0 0 2 
2 2 u u 0 0 2 2 0 u 2 2 0 0 u 0 2 u 0 0 0 0 u 0 0 0 2 0 0 0 0 2 
2 2 u u 0 0 2 2 0 0 u 2 0 u 0 0 2 0 u 0 0 0 2 2 0 0 2 0 0 0 u 0 
2 2 u u 0 0 u 2 0 u 2 2 0 0 0 0 2 0 u 0 0 0 2 0 0 0 2 2 0 0 u 0 
2 2 u u 0 0 2 2 0 0 2 0 0 u u 0 2 0 0 0 0 0 2 u 2 0 2 0 0 0 u 0 
2 2 u u 0 0 2 0 0 u 2 2 0 0 u 0 2 0 0 0 0 0 2 0 0 0 2 u 2 0 u 0 
2 2 u u 0 0 2 2 0 u 2 0 0 0 u 0 2 0 0 0 0 0 2 0 2 0 2 u 0 0 u 0 
2 2 u u 0 0 2 0 0 0 2 2 0 u u 0 2 0 0 0 0 0 2 u 0 0 2 0 2 0 u 0 
2 2 u 0 0 0 2 u 0 u 2 u 0 0 u u 2 u 0 0 0 0 2 0 d 0 2 u d 0 0 0 
2 2 u 0 0 0 2 u 0 0 2 u 0 u u u 2 u 0 0 0 0 2 u d 0 2 0 d 0 0 0 
2 2 u u 0 0 2 u 0 u 2 2 0 0 u u 2 0 d 0 0 0 2 0 0 0 2 0 0 0 u 0 
2 2 u u 0 0 2 2 0 0 2 u 0 u u u 2 0 d 0 0 0 2 0 0 0 2 0 0 0 u 0 
2 2 u u 0 0 d u 2 u 2 2 0 0 u 0 2 0 0 0 0 0 2 0 0 0 2 u 0 0 u 0 
2 2 u u 0 0 2 2 0 0 d u 2 u u 0 2 0 0 0 0 0 2 u 0 0 2 0 0 0 u 0 
2 2 u u 0 0 d u 2 0 2 2 0 u u 0 2 0 0 0 0 0 2 u 0 0 2 0 0 0 u 0 
2 2 u u 0 0 2 2 0 u d u 2 0 u 0 2 0 0 0 0 0 2 0 0 0 2 u 0 0 u 0 
2 2 u u u 0 u 2 0 0 2 2 0 u u 0 2 0 0 0 0 0 2 0 d 0 2 u 0 0 0 0 
2 2 u u u 0 2 2 0 u u 2 0 0 u 0 2 0 0 0 0 0 2 u 0 0 2 0 d 0 0 0 
2 2 u u 0 0 u 2 0 u 2 2 0 0 u u 2 d 0 0 0 0 2 0 0 0 2 0 0 0 u 0 
2 2 u u 0 0 2 2 0 0 u 2 0 u u u 2 d 0 0 0 0 2 0 0 0 2 0 0 0 u 0 
2 2 u u 0 0 u 2 0 0 2 2 0 u 0 0 2 0 u 0 0 0 2 u 0 0 2 d 0 0 u 0 
2 2 u u 0 0 2 2 0 u u 2 0 0 0 0 2 0 u 0 0 0 2 d 0 0 2 u 0 0 u 0 
2 2 u u u 0 2 2 0 0 2 2 0 0 u 0 2 d 0 0 0 0 2 u 0 0 u 0 0 0 u 0 
2 2 u u u 0 2 2 0 0 2 2 0 0 u 0 2 d 0 0 0 0 u 0 0 0 2 u 0 0 u 0 
2 2 0 u 0 0 2 2 0 0 2 2 0 u u u 2 0 0 0 0 0 d u 0 0 2 0 0 u u 0 
2 2 0 u 0 0 2 2 0 u 2 2 0 0 u u 2 0 0 0 0 0 2 0 0 u d u 0 0 u 0 
2 2 u u u 0 2 2 0 0 2 2 0 0 u 0 2 0 0 0 0 0 2 0 0 0 u u 0 0 2 0 
2 2 u u u 0 2 2 0 0 2 2 0 0 u 0 2 0 0 0 0 0 u u 0 0 2 0 0 0 2 0 
2 u 0 u 0 0 2 d 0 u 2 2 0 0 u u 2 0 u 0 d 0 2 0 u 0 2 u 0 0 0 0 
2 u 0 u 0 0 2 2 0 0 2 d 0 u u u 2 0 u 0 d 0 2 u 0 0 2 0 u 0 0 0 
2 u 0 u 0 0 2 d 0 0 2 2 0 u u u 2 0 u 0 d 0 2 u u 0 2 0 0 0 0 0 
2 u 0 u 0 0 2 2 0 u 2 d 0 0 u u 2 0 u 0 d 0 2 0 0 0 2 u u 0 0 0 
2 2 u u 0 0 2 u d 0 2 2 0 u u 0 d u u 0 0 0 2 0 0 0 2 u 0 0 0 0 
2 2 u u 0 0 2 2 0 u 2 u d 0 u 0 d u u 0 0 0 2 u 0 0 2 0 0 0 0 0 
2 2 u u 0 0 2 u d u 2 2 0 0 u 0 d u u 0 0 0 2 u 0 0 2 0 0 0 0 0 
2 2 u u 0 0 2 2 0 0 2 u d u u 0 d u u 0 0 0 2 0 0 0 2 u 0 0 0 0 
2 u 0 u u 0 2 2 0 0 2 2 0 u 0 0 2 0 u 0 d 0 2 0 0 0 2 u 0 0 u 0 
2 u 0 u u 0 2 2 0 u 2 2 0 0 0 0 2 0 u 0 d 0 2 u 0 0 2 0 0 0 u 0 
2 2 u u 0 0 2 2 0 u u 2 0 0 u u 2 0 0 0 0 0 2 0 0 0 2 0 0 0 2 0 
2 2 u u 0 0 u 2 0 0 2 2 0 u u u 2 0 0 0 0 0 2 0 0 0 2 0 0 0 2 0 
2 2 u u 0 0 2 2 0 0 2 2 u u 0 0 2 0 u 0 0 0 2 0 0 0 2 0 0 0 u 0 
2 2 u u 0 0 2 2 u u 2 2 0 0 0 0 2 0 u 0 0 0 2 0 0 0 2 0 0 0 u 0 
2 2 u u 0 0 2 2 0 0 2 2 0 u u 0 u 0 0 u d 0 2 0 0 0 2 u 0 0 0 0 
2 2 u u 0 0 2 2 0 u 2 2 0 0 u 0 u 0 0 u d 0 2 u 0 0 2 0 0 0 0 0 
2 2 u u 0 0 2 d 0 u 2 d u 0 0 0 2 u 0 0 0 0 2 u u 0 2 0 0 0 u 0 
2 2 u u 0 0 2 d u 0 2 d 0 u 0 0 2 u 0 0 0 0 2 0 0 0 2 u u 0 u 0 
2 2 u u 0 0 2 d 0 0 2 d u u 0 0 2 u 0 0 0 0 2 0 u 0 2 u 0 0 u 0 
2 2 u u 0 0 2 d u u 2 d 0 0 0 0 2 u 0 0 0 0 2 u 0 0 2 0 u 0 u 0 
u 2 u u 0 0 2 2 0 u d 2 0 0 u 0 2 0 0 0 0 0 2 0 d 0 2 u 0 0 u u 
u 2 u u 0 0 d 2 0 0 2 2 0 u u 0 2 0 0 0 0 0 2 u 0 0 2 0 d 0 u u 
u 2 2 u 0 0 2 u d u 2 2 0 0 u 0 2 u 0 0 0 0 2 u 0 0 2 0 0 0 0 0 
u 2 2 u 0 0 2 2 0 0 2 u d u u 0 2 u 0 0 0 0 2 0 0 0 2 u 0 0 0 0 
u 2 u u 0 0 2 2 0 0 d 2 0 u u 0 2 0 0 0 0 0 2 u d 0 2 0 0 0 u u 
u 2 u u 0 0 d 2 0 u 2 2 0 0 u 0 2 0 0 0 0 0 2 0 0 0 2 u d 0 u u 
2 2 u u 0 0 2 u d 0 2 2 0 u u 0 2 u 0 0 0 0 d 0 u 0 2 u 0 0 0 0 
2 2 u u 0 0 2 2 0 u 2 u d 0 u 0 2 u 0 0 0 0 2 u 0 0 d 0 u 0 0 0 
2 2 0 u 0 0 2 2 0 u 2 u 0 0 u 0 2 0 u 0 0 0 2 0 0 0 2 u d 0 0 u 
2 2 0 u 0 0 2 u 0 0 2 2 0 u u 0 2 0 u 0 0 0 2 u d 0 2 0 0 0 0 u 
2 2 0 u 0 0 2 2 0 0 2 u 0 u u 0 2 0 u 0 0 0 2 u 0 0 2 0 d 0 0 u 
2 2 0 u 0 0 2 u 0 u 2 2 0 0 u 0 2 0 u 0 0 0 2 0 d 0 2 u 0 0 0 u 
2 2 u u 0 0 2 u d u 2 2 0 0 u 0 2 u 0 0 0 0 d u u 0 2 0 0 0 0 0 
2 2 u u 0 0 2 2 0 0 2 u d u u 0 2 u 0 0 0 0 2 0 0 0 d u u 0 0 0 
u 2 2 u 0 0 2 u d 0 2 2 0 u u 0 2 u 0 0 0 0 2 0 0 0 2 u 0 0 0 0 
u 2 2 u 0 0 2 2 0 u 2 u d 0 u 0 2 u 0 0 0 0 2 u 0 0 2 0 0 0 0 0 
2 2 u u 0 d 2 2 0 0 2 u 0 u u 0 2 u 0 0 0 0 d 0 0 0 2 u 0 0 0 u 
2 2 u u 0 d 2 u 0 u 2 2 0 0 u 0 2 u 0 0 0 0 2 u 0 0 d 0 0 0 0 u 
2 2 0 u 0 0 2 2 0 u 2 2 u 0 u 0 2 0 0 0 0 0 d 0 0 0 2 u 0 0 u u 
2 2 0 u 0 0 2 2 u 0 2 2 0 u u 0 2 0 0 0 0 0 2 u 0 0 d 0 0 0 u u 
2 d 0 0 0 0 2 u 0 0 2 2 0 u u 0 2 u u 0 0 u 2 u d 0 2 0 0 0 u 0 
2 d 0 0 0 0 2 2 0 u 2 u 0 0 u 0 2 u u 0 0 u 2 0 0 0 2 u d 0 u 0 
2 d 0 0 0 0 2 u 0 u 2 2 0 0 u 0 2 u u 0 0 u 2 0 d 0 2 u 0 0 u 0 
2 d 0 0 0 0 2 2 0 0 2 u 0 u u 0 2 u u 0 0 u 2 u 0 0 2 0 d 0 u 0 
2 2 u u u 0 u 2 0 0 2 2 0 u u 0 2 d 0 0 0 0 2 0 0 0 2 0 0 0 u 0 
2 2 u u u 0 2 2 0 u u 2 0 0 u 0 2 d 0 0 0 0 2 0 0 0 2 0 0 0 u 0 
2 2 u u d 0 2 2 0 u 2 u 0 u 0 0 2 u 0 0 0 0 2 0 0 0 2 u 0 0 0 0 
2 2 u u d 0 2 u 0 u 2 2 0 u 0 0 2 u 0 0 0 0 2 u 0 0 2 0 0 0 0 0 
2 2 0 0 0 u 2 2 0 u 2 2 0 0 0 0 d u u 0 0 0 2 0 0 0 2 u 0 0 u u 
2 2 0 0 0 u 2 2 0 0 2 2 0 u 0 0 d u u 0 0 0 2 u 0 0 2 0 0 0 u u 
d 2 u u 0 u 2 2 0 0 2 2 0 u u 0 u 0 0 0 0 d 2 u 0 0 2 0 0 0 u 0 
d 2 u u 0 u 2 2 0 u 2 2 0 0 u 0 u 0 0 0 0 d 2 0 0 0 2 u 0 0 u 0 
2 2 u u 0 0 2 d u u 2 2 0 0 u 0 2 u 0 0 0 0 u u d 0 2 0 0 0 0 0 
2 2 u u 0 0 2 2 0 0 2 d u u u 0 2 u 0 0 0 0 2 0 0 0 u u d 0 0 0 
2 u d u 0 0 2 2 0 0 2 2 0 u u u 2 0 0 0 u 0 2 u 0 0 2 0 0 0 0 0 
2 u d u 0 0 2 2 0 u 2 2 0 0 u u 2 0 0 0 u 0 2 0 0 0 2 u 0 0 0 0 
2 2 u u 0 0 2 2 0 0 2 2 0 u u 0 d 0 0 0 0 u 2 u 0 0 2 0 0 0 u 0 
2 2 u u 0 0 2 2 0 u 2 2 0 0 u 0 d 0 0 0 0 u 2 0 0 0 2 u 0 0 u 0 
2 2 0 0 0 0 2 u 0 u 2 u 0 0 u 0 2 0 u u 0 0 2 0 d 0 2 u d 0 u 0 
2 2 0 0 0 0 2 u 0 0 2 u 0 u u 0 2 0 u u 0 0 2 u d 0 2 0 d 0 u 0 
2 2 u u 0 0 2 2 0 0 2 d u u u 0 2 0 0 0 0 0 2 u 0 0 u 0 0 d u 0 
2 2 u u 0 0 2 d u u 2 2 0 0 u 0 2 0 0 0 0 0 u 0 0 d 2 u 0 0 u 0 
2 2 u u 0 0 2 d 0 u 2 u 0 0 u 0 2 u 0 0 0 d 2 u 0 0 2 0 0 0 u 0 
2 2 u u 0 0 2 u 0 0 2 d 0 u u 0 2 u 0 0 0 d 2 0 0 0 2 u 0 0 u 0 
2 2 u u 0 0 2 2 0 u 2 d u 0 u 0 2 0 0 0 0 0 2 0 0 0 u u 0 d u 0 
2 2 u u 0 0 2 d u 0 2 2 0 u u 0 2 0 0 0 0 0 u u 0 d 2 0 0 0 u 0 
2 2 u u 0 0 2 d u 0 2 2 0 u u 0 2 u 0 0 0 0 u 0 d 0 2 u 0 0 0 0 
2 2 u u 0 0 2 2 0 u 2 d u 0 u 0 2 u 0 0 0 0 2 u 0 0 u 0 d 0 0 0 
2 2 u u 0 d 2 u 0 0 2 2 0 u u 0 2 u 0 0 0 0 2 0 0 0 d u 0 0 0 u 
2 2 u u 0 d 2 2 0 u 2 u 0 0 u 0 2 u 0 0 0 0 d u 0 0 2 0 0 0 0 u 
2 2 0 u 0 0 2 2 0 0 2 2 u u u 0 2 0 0 0 0 0 d u 0 0 2 0 0 0 u u 
2 2 0 u 0 0 2 2 u u 2 2 0 0 u 0 2 0 0 0 0 0 2 0 0 0 d u 0 0 u u 
2 2 u u 0 0 2 d 0 0 2 u 0 u u 0 2 u 0 0 0 d 2 0 0 0 2 u 0 0 u 0 
2 2 u u 0 0 2 u 0 u 2 d 0 0 u 0 2 u 0 0 0 d 2 u 0 0 2 0 0 0 u 0 
2 2 2 0 0 0 u 2 0 u 2 2 0 u u 0 2 0 0 0 0 0 2 u 0 0 2 0 0 0 u 0 
2 2 2 0 0 0 2 2 0 u u 2 0 u u 0 2 0 0 0 0 0 2 0 0 0 2 u 0 0 u 0 
2 u 0 u 0 0 2 u 0 u 2 2 0 0 u u 2 0 u 0 d 0 2 0 d 0 2 u 0 0 0 0 
2 u 0 u 0 0 2 2 0 0 2 u 0 u u u 2 0 u 0 d 0 2 u 0 0 2 0 d 0 0 0 
u 2 u u 0 0 d 2 0 u 2 2 0 0 u 0 2 0 0 u 0 0 2 0 d 0 2 u 0 0 u 0 
u 2 u u 0 0 2 2 0 0 d 2 0 u u 0 2 0 0 u 0 0 2 u 0 0 2 0 d 0 u 0 
2 0 u u 0 0 2 2 0 0 2 2 0 u u 0 2 0 0 2 0 0 2 u 0 0 2 0 0 0 u 0 
2 0 u u 0 0 2 2 0 u 2 2 0 0 u 0 2 0 0 2 0 0 2 0 0 0 2 u 0 0 u 0 
2 u 0 u 0 0 2 u 0 0 2 2 0 u u u 2 0 u 0 d 0 2 u d 0 2 0 0 0 0 0 
2 u 0 u 0 0 2 2 0 u 2 u 0 0 u u 2 0 u 0 d 0 2 0 0 0 2 u d 0 0 0 
2 2 u u u 0 2 2 0 0 u 2 0 u u 0 2 0 0 0 0 0 2 0 0 0 2 0 0 0 2 0 
2 2 u u u 0 u 2 0 u 2 2 0 0 u 0 2 0 0 0 0 0 2 0 0 0 2 0 0 0 2 0 
2 2 u u 0 0 2 2 0 0 2 u d u u 0 2 0 0 0 0 0 2 u 0 0 d 0 0 u u 0 
2 2 u u 0 0 2 u d u 2 2 0 0 u 0 2 0 0 0 0 0 d 0 0 u 2 u 0 0 u 0 
2 2 u u 0 0 2 2 0 u 2 u d 0 u 0 2 0 0 0 0 0 2 0 0 0 d u 0 u u 0 
2 2 u u 0 0 2 u d 0 2 2 0 u u 0 2 0 0 0 0 0 d u 0 u 2 0 0 0 u 0 
2 2 u u 0 d 2 2 0 0 2 u 0 u u 0 2 u 0 u 0 0 2 0 0 0 d u 0 0 0 0 
2 2 u u 0 d 2 u 0 u 2 2 0 0 u 0 2 u 0 u 0 0 d u 0 0 2 0 0 0 0 0 
u 2 u u 0 0 d 2 0 0 2 2 0 u u 0 2 0 0 u 0 0 2 u d 0 2 0 0 0 u 0 
u 2 u u 0 0 2 2 0 u d 2 0 0 u 0 2 0 0 u 0 0 2 0 0 0 2 u d 0 u 0 
2 2 u d 0 0 2 2 0 0 2 2 0 u u 0 u 0 0 0 u 0 2 u 0 0 2 0 0 0 u 0 
2 2 u d 0 0 2 2 0 u 2 2 0 0 u 0 u 0 0 0 u 0 2 0 0 0 2 u 0 0 u 0 
d 2 u u 0 0 2 2 0 0 2 u 0 u u 0 2 0 u 0 0 0 2 u 0 0 2 0 d 0 u 0 
d 2 u u 0 0 2 u 0 u 2 2 0 0 u 0 2 0 u 0 0 0 2 0 d 0 2 u 0 0 u 0 
d 2 u u 0 0 2 2 0 u 2 u 0 0 u 0 2 0 u 0 0 0 2 0 0 0 2 u d 0 u 0 
d 2 u u 0 0 2 u 0 0 2 2 0 u u 0 2 0 u 0 0 0 2 u d 0 2 0 0 0 u 0 
2 0 u u 0 0 2 2 0 0 2 2 0 u u 0 2 0 d 0 0 u 2 u 0 0 2 0 0 0 u 0 
2 0 u u 0 0 2 2 0 u 2 2 0 0 u 0 2 0 d 0 0 u 2 0 0 0 2 u 0 0 u 0 
2 2 u u 0 0 2 2 0 u 2 u 0 u 0 d 2 u 0 0 0 0 2 u 0 0 2 0 0 0 0 0 
2 2 u u 0 0 2 u 0 u 2 2 0 u 0 d 2 u 0 0 0 0 2 0 0 0 2 u 0 0 0 0 
2 2 0 0 0 0 2 d 0 u 2 d 0 0 u 0 2 0 u u 0 0 2 0 u 0 2 u u 0 u 0 
2 2 0 0 0 0 2 d 0 0 2 d 0 u u 0 2 0 u u 0 0 2 u u 0 2 0 u 0 u 0 
2 u u u d 0 2 d u 0 2 2 0 u u 0 2 0 0 0 0 0 2 u 0 0 2 0 0 0 u 0 
2 u u u d 0 2 2 0 u 2 d u 0 u 0 2 0 0 0 0 0 2 0 0 0 2 u 0 0 u 0 
2 d u 0 0 0 2 0 0 u 2 2 0 0 u 0 2 u 0 0 u 0 2 0 2 0 2 u 0 0 u 0 
2 d u 0 0 0 2 2 0 0 2 0 0 u u 0 2 u 0 0 u 0 2 u 0 0 2 0 2 0 u 0 
2 d u 0 0 0 2 0 0 0 2 2 0 u u 0 2 u 0 0 u 0 2 u 2 0 2 0 0 0 u 0 
2 d u 0 0 0 2 2 0 u 2 0 0 0 u 0 2 u 0 0 u 0 2 0 0 0 2 u 2 0 u 0 
2 2 u u 0 u 2 2 0 0 2 d 0 u u 0 2 0 0 0 0 d 2 u 0 0 u 0 0 0 u 0 
2 2 u u 0 u 2 d 0 u 2 2 0 0 u 0 2 0 0 0 0 d u 0 0 0 2 u 0 0 u 0 
0 2 u u 0 0 2 2 0 0 2 2 0 u u 0 2 u 2 0 0 0 2 0 0 0 2 u 0 0 0 0 
0 2 u u 0 0 2 2 0 u 2 2 0 0 u 0 2 u 2 0 0 0 2 u 0 0 2 0 0 0 0 0 
2 2 u u 0 0 2 u d 0 2 2 0 u u 0 d u 0 0 u 0 2 0 0 0 2 u 0 0 0 0 
2 2 u u 0 0 2 2 0 u 2 u d 0 u 0 d u 0 0 u 0 2 u 0 0 2 0 0 0 0 0 
2 2 u u 0 0 2 2 0 0 2 u d u u 0 d u 0 0 u 0 2 0 0 0 2 u 0 0 0 0 
2 2 u u 0 0 2 u d u 2 2 0 0 u 0 d u 0 0 u 0 2 u 0 0 2 0 0 0 0 0 
2 2 u u 0 u 2 2 0 u 2 d 0 0 u 0 2 0 0 0 0 d 2 0 0 0 u u 0 0 u 0 
2 2 u u 0 u 2 d 0 0 2 2 0 u u 0 2 0 0 0 0 d u u 0 0 2 0 0 0 u 0 
2 u u u d 0 2 d u u 2 2 0 0 u 0 2 0 0 0 0 0 2 0 0 0 2 u 0 0 u 0 
2 u u u d 0 2 2 0 0 2 d u u u 0 2 0 0 0 0 0 2 u 0 0 2 0 0 0 u 0 
2 2 u 0 0 0 2 d 0 u 2 d 0 0 u u 2 u 0 0 0 0 2 0 u 0 2 u u 0 0 0 
2 2 u 0 0 0 2 d 0 0 2 d 0 u u u 2 u 0 0 0 0 2 u u 0 2 0 u 0 0 0 
2 2 u 0 0 0 2 2 0 0 2 d 0 u u 0 2 0 0 u 0 0 2 u 0 0 2 u 0 0 u 0 
2 2 u 0 0 0 2 d 0 u 2 2 0 0 u 0 2 0 0 u 0 0 2 u 0 0 2 u 0 0 u 0 
2 2 u u 0 d 2 u 0 0 2 2 0 u u 0 2 u 0 u 0 0 d 0 0 0 2 u 0 0 0 0 
2 2 u u 0 d 2 2 0 u 2 u 0 0 u 0 2 u 0 u 0 0 2 u 0 0 d 0 0 0 0 0 
2 2 u u 0 d 2 2 0 0 2 u 0 u u 0 u 0 0 0 0 0 2 u 0 0 2 0 0 d u 0 
2 2 u u 0 d 2 u 0 u 2 2 0 0 u 0 u 0 0 0 0 0 2 0 0 d 2 u 0 0 u 0 
2 2 u u 0 0 2 2 0 u 2 0 0 0 u 0 2 d 0 0 0 u 2 0 0 0 2 u 0 0 u 0 
2 2 u u 0 0 2 0 0 0 2 2 0 u u 0 2 d 0 0 0 u 2 u 0 0 2 0 0 0 u 0 
2 2 u u 0 0 2 d 0 0 u 2 0 u u 0 2 0 0 0 0 0 2 u 0 u 2 0 0 d u 0 
2 2 u u 0 0 u 2 0 u 2 d 0 0 u 0 2 0 0 0 0 0 2 0 0 d 2 u 0 u u 0 
2 2 u u 0 0 2 2 0 0 2 0 0 u u 0 2 d 0 0 0 u 2 u 0 0 2 0 0 0 u 0 
2 2 u u 0 0 2 0 0 u 2 2 0 0 u 0 2 d 0 0 0 u 2 0 0 0 2 u 0 0 u 0 
2 2 u u 0 d 2 2 0 u 2 u 0 0 u 0 u 0 0 0 0 0 2 0 0 0 2 u 0 d u 0 
2 2 u u 0 d 2 u 0 0 2 2 0 u u 0 u 0 0 0 0 0 2 u 0 d 2 0 0 0 u 0 
2 2 u u 0 0 2 d 0 u u 2 0 0 u 0 2 0 0 0 0 0 2 0 0 u 2 u 0 d u 0 
2 2 u u 0 0 u 2 0 0 2 d 0 u u 0 2 0 0 0 0 0 2 u 0 d 2 0 0 u u 0 
2 2 u u 0 0 u d 0 u 2 2 0 0 2 u 2 0 0 0 0 0 2 0 0 0 2 u 0 0 u 0 
2 2 u u 0 0 2 2 0 0 u d 0 u 2 u 2 0 0 0 0 0 2 u 0 0 2 0 0 0 u 0 
2 2 u u 0 0 2 2 0 0 2 2 0 0 u u 2 0 0 0 0 0 2 u 0 0 u 0 0 0 2 0 
2 2 u u 0 0 2 2 0 0 2 2 0 0 u u 2 0 0 0 0 0 u 0 0 0 2 u 0 0 2 0 
2 2 2 0 0 0 2 2 0 0 2 2 0 u u 0 2 0 0 0 0 0 2 u 0 0 u u 0 0 u 0 
2 2 2 0 0 0 2 2 0 u 2 2 0 0 u 0 2 0 0 0 0 0 u u 0 0 2 u 0 0 u 0 
2 u u u 0 u 2 2 0 0 2 2 0 u u 0 d 0 0 0 d 0 2 u 0 0 2 0 0 0 u 0 
2 u u u 0 u 2 2 0 u 2 2 0 0 u 0 d 0 0 0 d 0 2 0 0 0 2 u 0 0 u 0 
2 u u u 0 0 2 d 0 u 2 2 u 0 u d 2 0 0 0 0 0 2 0 0 0 2 u 0 0 u 0 
2 u u u 0 0 2 2 u 0 2 d 0 u u d 2 0 0 0 0 0 2 u 0 0 2 0 0 0 u 0 
2 2 u u 0 0 2 2 0 0 2 2 0 u u 0 u u 0 0 0 d 2 0 0 0 2 u 0 0 0 0 
2 2 u u 0 0 2 2 0 u 2 2 0 0 u 0 u u 0 0 0 d 2 u 0 0 2 0 0 0 0 0 
u 2 u u 0 d 2 2 0 0 2 2 0 u u 0 d 0 0 0 0 u 2 u 0 0 2 0 0 0 u 0 
u 2 u u 0 d 2 2 0 u 2 2 0 0 u 0 d 0 0 0 0 u 2 0 0 0 2 u 0 0 u 0 
2 2 u u 0 0 u 2 0 0 2 2 0 u 0 0 2 u 0 0 0 0 2 0 u 0 2 u 0 0 0 d 
2 2 u u 0 0 2 2 0 u u 2 0 0 0 0 2 u 0 0 0 0 2 u 0 0 2 0 u 0 0 d 
2 u u u 0 0 2 d 0 0 2 2 u u u d 2 0 0 0 0 0 2 u 0 0 2 0 0 0 u 0 
2 u u u 0 0 2 2 u u 2 d 0 0 u d 2 0 0 0 0 0 2 0 0 0 2 u 0 0 u 0 
2 2 u 0 0 0 2 u 0 0 2 u d u u 0 2 0 0 u 0 0 2 u d 0 2 0 0 0 u 0 
2 2 u 0 0 0 2 u d u 2 u 0 0 u 0 2 0 0 u 0 0 2 0 0 0 2 u d 0 u 0 
2 2 u 0 u 0 2 u 0 0 2 2 0 u 0 0 2 u 0 0 0 0 2 0 d 0 2 u 0 0 0 u 
2 2 u 0 u 0 2 2 0 u 2 u 0 0 0 0 2 u 0 0 0 0 2 u 0 0 2 0 d 0 0 u 
2 2 u 0 0 0 2 2 0 u 2 u 0 0 u 0 2 0 0 0 d 0 2 0 0 0 2 u u 0 u 0 
2 2 u 0 0 0 2 u 0 0 2 2 0 u u 0 2 0 0 0 d 0 2 u u 0 2 0 0 0 u 0 
u 2 2 u 0 0 2 2 0 0 2 2 0 u u 0 d 0 0 0 u 0 2 u 0 0 2 0 0 0 u 0 
u 2 2 u 0 0 2 2 0 u 2 2 0 0 u 0 d 0 0 0 u 0 2 0 0 0 2 u 0 0 u 0 
2 2 u 0 0 0 2 2 0 0 2 u 0 u u 0 2 0 0 0 d 0 2 u 0 0 2 0 u 0 u 0 
2 2 u 0 0 0 2 u 0 u 2 2 0 0 u 0 2 0 0 0 d 0 2 0 u 0 2 u 0 0 u 0 
2 2 u 0 0 0 2 u 0 u 2 u d 0 u 0 2 0 0 u 0 0 2 0 d 0 2 u 0 0 u 0 
2 2 u 0 0 0 2 u d 0 2 u 0 u u 0 2 0 0 u 0 0 2 u 0 0 2 0 d 0 u 0 
2 2 0 u 0 0 2 2 0 0 2 2 0 2 u 0 2 0 0 u 0 0 2 u 0 0 u 0 0 0 u 0 
2 2 0 u 0 0 2 2 0 2 2 2 0 0 u 0 2 0 0 u 0 0 u 0 0 0 2 u 0 0 u 0 
2 2 u u 0 0 2 2 0 u 2 2 0 0 u 0 2 0 0 u 0 0 u u d 0 2 0 0 0 0 0 
2 2 u u 0 0 2 2 0 0 2 2 0 u u 0 2 0 0 u 0 0 2 0 0 0 u u d 0 0 0 
2 2 u u 0 0 2 2 0 0 2 2 0 0 u u 2 d 0 0 0 0 u u 0 0 2 0 0 0 u 0 
2 2 u u 0 0 2 2 0 0 2 2 0 0 u u 2 d 0 0 0 0 2 0 0 0 u u 0 0 u 0 
2 2 u 0 0 0 2 2 0 u 2 2 d 0 u 0 u 0 0 0 0 0 2 0 0 0 2 u u 0 u 0 
2 2 u 0 0 0 2 2 d 0 2 2 0 u u 0 u 0 0 0 0 0 2 u u 0 2 0 0 0 u 0 
2 2 u 0 u 0 2 u 0 u 2 2 0 0 0 0 2 u 0 0 0 0 2 u d 0 2 0 0 0 0 u 
2 2 u 0 u 0 2 2 0 0 2 u 0 u 0 0 2 u 0 0 0 0 2 0 0 0 2 u d 0 0 u 
2 2 u 0 0 0 2 2 0 u 2 0 u 0 u 0 2 0 0 u 0 0 2 0 0 0 2 u d 0 u 0 
2 2 u 0 0 0 2 0 u 0 2 2 0 u u 0 2 0 0 u 0 0 2 u d 0 2 0 0 0 u 0 
2 2 0 u 0 0 2 u 0 0 2 d 0 u u u 2 0 u 0 0 0 2 u d 0 2 0 u 0 0 0 
2 2 0 u 0 0 2 d 0 u 2 u 0 0 u u 2 0 u 0 0 0 2 0 u 0 2 u d 0 0 0 
2 2 u 0 0 0 2 2 0 0 2 0 u u u 0 2 0 0 u 0 0 2 u 0 0 2 0 d 0 u 0 
2 2 u 0 0 0 2 0 u u 2 2 0 0 u 0 2 0 0 u 0 0 2 0 d 0 2 u 0 0 u 0 
2 2 0 u 0 0 2 u 0 u 2 d 0 0 u u 2 0 u 0 0 0 2 0 d 0 2 u u 0 0 0 
2 2 0 u 0 0 2 d 0 0 2 u 0 u u u 2 0 u 0 0 0 2 u u 0 2 0 d 0 0 0 
2 d 0 u u 0 2 2 0 0 2 2 0 u 0 0 2 0 u 0 u 0 2 0 0 0 2 u 0 0 u 0 
2 d 0 u u 0 2 2 0 u 2 2 0 0 0 0 2 0 u 0 u 0 2 u 0 0 2 0 0 0 u 0 
2 2 u 0 0 0 2 2 0 0 2 2 d u u 0 u 0 0 0 0 0 2 u 0 0 2 0 u 0 u 0 
2 2 u 0 0 0 2 2 d u 2 2 0 0 u 0 u 0 0 0 0 0 2 0 u 0 2 u 0 0 u 0 
u 2 2 u 0 0 u 2 d u 2 2 0 0 u 0 2 0 0 0 0 0 2 0 0 0 2 u 0 0 u 0 
u 2 2 u 0 0 2 2 0 0 u 2 d u u 0 2 0 0 0 0 0 2 u 0 0 2 0 0 0 u 0 
2 2 u u 0 d 2 2 0 0 2 2 0 u 0 0 u 0 0 0 0 0 2 u 0 0 2 0 0 0 u u 
2 2 u u 0 d 2 2 0 u 2 2 0 0 0 0 u 0 0 0 0 0 2 0 0 0 2 u 0 0 u u 
2 2 0 u 0 0 2 2 0 d 2 2 0 u u 0 2 0 0 u 0 0 u u 0 0 2 0 0 0 u 0 
2 2 0 u 0 0 2 2 0 u 2 2 0 d u 0 2 0 0 u 0 0 2 0 0 0 u u 0 0 u 0 
u 2 2 u 0 0 u 2 d 0 2 2 0 u u 0 2 0 0 0 0 0 2 u 0 0 2 0 0 0 u 0 
u 2 2 u 0 0 2 2 0 u u 2 d 0 u 0 2 0 0 0 0 0 2 0 0 0 2 u 0 0 u 0 
2 u 2 0 0 0 2 2 0 u 2 2 0 0 u u 2 0 0 u 0 0 2 0 0 0 2 u 0 0 0 0 
2 u 2 0 0 0 2 2 0 0 2 2 0 u u u 2 0 0 u 0 0 2 u 0 0 2 0 0 0 0 0 
2 2 u u 0 0 u 2 0 u 2 2 0 0 0 0 2 u 0 0 0 0 2 u u 0 2 0 0 0 0 d 
2 2 u u 0 0 2 2 0 0 u 2 0 u 0 0 2 u 0 0 0 0 2 0 0 0 2 u u 0 0 d 
2 2 u u 0 0 2 2 0 0 2 2 0 u u 0 2 0 0 u 0 0 u 0 d 0 2 u 0 0 0 0 
2 2 u u 0 0 2 2 0 u 2 2 0 0 u 0 2 0 0 u 0 0 2 u 0 0 u 0 d 0 0 0 
2 2 u u 0 0 u d 0 0 2 2 0 u 2 u 2 0 0 0 0 0 2 u 0 0 2 0 0 0 u 0 
2 2 u u 0 0 2 2 0 u u d 0 0 2 u 2 0 0 0 0 0 2 0 0 0 2 u 0 0 u 0 
2 2 0 0 0 0 2 2 0 u 2 u 0 0 0 0 2 0 u u 0 0 2 0 0 0 2 u d 0 u u 
2 2 0 0 0 0 2 u 0 0 2 2 0 u 0 0 2 0 u u 0 0 2 u d 0 2 0 0 0 u u 
2 2 0 0 0 0 2 2 0 0 2 u 0 u 0 0 2 0 u u 0 0 2 u 0 0 2 0 d 0 u u 
2 2 0 0 0 0 2 u 0 u 2 2 0 0 0 0 2 0 u u 0 0 2 0 d 0 2 u 0 0 u u 
2 u u u 0 0 2 2 0 0 2 u 0 u 0 u 2 0 0 0 d 0 2 u 0 0 2 0 d 0 u 0 
2 u u u 0 0 2 u 0 u 2 2 0 0 0 u 2 0 0 0 d 0 2 0 d 0 2 u 0 0 u 0 
2 u u 0 0 d 2 u d u 2 2 0 0 0 0 2 u 0 0 0 0 2 0 0 0 2 u 0 0 u u 
2 u u 0 0 d 2 2 0 0 2 u d u 0 0 2 u 0 0 0 0 2 u 0 0 2 0 0 0 u u 
2 d u u u 0 2 2 0 u 2 2 0 0 u 0 2 0 0 0 0 0 2 0 0 0 2 0 0 u u 0 
2 d u u u 0 2 2 0 0 2 2 0 u u 0 2 0 0 0 0 0 2 0 0 u 2 0 0 0 u 0 
2 u u u 0 0 2 u 0 u 2 2 0 0 u 0 2 u 0 0 d 0 2 u d 0 2 0 0 0 0 0 
2 u u u 0 0 2 2 0 0 2 u 0 u u 0 2 u 0 0 d 0 2 0 0 0 2 u d 0 0 0 
2 2 u u 0 0 2 d 0 0 2 d 0 u u 0 2 0 0 u 0 0 2 u 0 0 2 0 0 0 u u 
2 2 u u 0 0 2 d 0 u 2 d 0 0 u 0 2 0 0 u 0 0 2 0 0 0 2 u 0 0 u u 
2 u u u 0 0 2 2 0 u 2 u 0 0 0 u 2 0 0 0 d 0 2 0 0 0 2 u d 0 u 0 
2 u u u 0 0 2 u 0 0 2 2 0 u 0 u 2 0 0 0 d 0 2 u d 0 2 0 0 0 u 0 
2 u u u 0 0 2 u 0 0 2 2 0 u u 0 2 u 0 0 d 0 2 0 d 0 2 u 0 0 0 0 
2 u u u 0 0 2 2 0 u 2 u 0 0 u 0 2 u 0 0 d 0 2 u 0 0 2 0 d 0 0 0 
2 2 u 0 0 0 2 2 0 u 2 2 0 u u 0 u 0 0 0 0 0 2 0 0 0 2 u d 0 u 0 
2 2 u 0 0 0 2 2 0 u 2 2 0 u u 0 u 0 0 0 0 0 2 u d 0 2 0 0 0 u 0 
2 2 0 u 0 0 2 2 0 u 2 2 0 0 0 0 2 0 0 0 0 u 2 0 0 0 2 u 0 0 u u 
2 2 0 u 0 0 2 2 0 0 2 2 0 u 0 0 2 0 0 0 0 u 2 u 0 0 2 0 0 0 u u 
2 2 2 u 0 0 2 2 0 u u 2 0 u 0 0 2 0 0 0 0 0 2 u 0 0 2 0 0 0 u 0 
2 2 2 u 0 0 u 2 0 u 2 2 0 u 0 0 2 0 0 0 0 0 2 0 0 0 2 u 0 0 u 0 
2 2 u u 0 0 2 2 0 u 2 2 0 u 0 0 u 0 0 0 0 0 2 u 0 0 2 0 d 0 u 0 
2 2 u u 0 0 2 2 0 u 2 2 0 u 0 0 u 0 0 0 0 0 2 0 d 0 2 u 0 0 u 0 
2 d u u 0 0 2 2 u u 2 2 0 0 u 0 2 0 0 u 0 0 d 0 0 0 2 u 0 0 u 0 
2 d u u 0 0 2 2 0 0 2 2 u u u 0 2 0 0 u 0 0 2 u 0 0 d 0 0 0 u 0 
2 d u u 0 0 2 2 u 0 2 2 0 u u 0 2 0 0 u 0 0 d u 0 0 2 0 0 0 u 0 
2 d u u 0 0 2 2 0 u 2 2 u 0 u 0 2 0 0 u 0 0 2 0 0 0 d u 0 0 u 0 
2 u u 0 0 d 2 u d 0 2 2 0 u 0 0 2 u 0 0 0 0 2 u 0 0 2 0 0 0 u u 
2 u u 0 0 d 2 2 0 u 2 u d 0 0 0 2 u 0 0 0 0 2 0 0 0 2 u 0 0 u u 
2 d u 0 0 u 2 d u u 2 2 0 0 0 0 2 u 0 0 0 0 2 0 0 0 2 u 0 0 u u 
2 d u 0 0 u 2 2 0 0 2 d u u 0 0 2 u 0 0 0 0 2 u 0 0 2 0 0 0 u u 
2 d u 0 0 u 2 d u 0 2 2 0 u 0 0 2 u 0 0 0 0 2 u 0 0 2 0 0 0 u u 
2 d u 0 0 u 2 2 0 u 2 d u 0 0 0 2 u 0 0 0 0 2 0 0 0 2 u 0 0 u u 
2 2 u u 0 0 2 2 0 0 2 2 0 0 u u 2 u 0 d 0 0 u 0 0 0 2 u 0 0 0 0 
2 2 u u 0 0 2 2 0 0 2 2 0 0 u u 2 u 0 d 0 0 2 u 0 0 u 0 0 0 0 0 
2 2 u u u 0 2 2 0 0 2 2 0 u u d 2 0 0 0 0 0 d u 0 0 u 0 0 0 u 0 
2 2 u u u 0 2 2 0 u 2 2 0 0 u d 2 0 0 0 0 0 u 0 0 0 d u 0 0 u 0 
2 d u u 0 0 2 2 u u 2 2 0 0 u 0 d 0 0 0 0 0 2 0 u 0 2 u 0 0 u 0 
2 d u u 0 0 2 2 0 0 2 2 u u u 0 d 0 0 0 0 0 2 u 0 0 2 0 u 0 u 0 
2 d u u 0 0 2 2 u 0 2 2 0 u u 0 d 0 0 0 0 0 2 u u 0 2 0 0 0 u 0 
2 d u u 0 0 2 2 0 u 2 2 u 0 u 0 d 0 0 0 0 0 2 0 0 0 2 u u 0 u 0 
2 d u u 0 0 2 2 0 0 2 2 0 u 0 0 2 0 0 0 0 u 2 u 0 0 2 0 0 0 u u 
2 d u u 0 0 2 2 0 u 2 2 0 0 0 0 2 0 0 0 0 u 2 0 0 0 2 u 0 0 u u 
2 u 2 u 0 0 2 2 0 u 2 2 0 0 0 u 2 0 0 0 0 0 2 0 0 0 2 u 0 0 0 u 
2 u 2 u 0 0 2 2 0 0 2 2 0 u 0 u 2 0 0 0 0 0 2 u 0 0 2 0 0 0 0 u 
d 2 u 2 0 0 2 2 0 0 2 2 0 u u 0 u u 0 0 0 0 2 u 0 0 2 0 0 0 u 0 
d 2 u 2 0 0 2 2 0 u 2 2 0 0 u 0 u u 0 0 0 0 2 0 0 0 2 u 0 0 u 0 
2 2 u 2 0 0 2 2 0 u 2 u 0 0 u 0 2 0 0 0 0 0 d 0 0 0 2 u 0 0 u u 
2 2 u 2 0 0 2 u 0 0 2 2 0 u u 0 2 0 0 0 0 0 2 u 0 0 d 0 0 0 u u 
2 0 u u 0 0 2 u 0 u 2 2 0 0 u u 2 0 0 0 2 0 2 0 d 0 2 u 0 0 0 0 
2 0 u u 0 0 2 2 0 0 2 u 0 u u u 2 0 0 0 2 0 2 u 0 0 2 0 d 0 0 0 
2 2 u u 0 0 2 u 0 u 2 d 0 0 u 0 2 0 0 0 0 u 2 0 0 0 2 u 0 0 2 0 
2 2 u u 0 0 2 d 0 0 2 u 0 u u 0 2 0 0 0 0 u 2 u 0 0 2 0 0 0 2 0 
2 0 u u 0 0 2 u 0 0 2 2 0 u u u 2 0 0 0 2 0 2 u d 0 2 0 0 0 0 0 
2 0 u u 0 0 2 2 0 u 2 u 0 0 u u 2 0 0 0 2 0 2 0 0 0 2 u d 0 0 0 
d 2 u u 0 0 2 2 0 0 2 2 0 u 0 0 2 u u 0 0 0 2 0 0 0 2 u 0 0 u 0 
d 2 u u 0 0 2 2 0 u 2 2 0 0 0 0 2 u u 0 0 0 2 u 0 0 2 0 0 0 u 0 
d 2 u 0 0 0 2 2 0 0 2 2 0 u u 0 2 u 0 0 0 u 2 u 0 0 2 0 0 0 u 0 
d 2 u 0 0 0 2 2 0 u 2 2 0 0 u 0 2 u 0 0 0 u 2 0 0 0 2 u 0 0 u 0 
2 2 u u 0 0 2 u 0 0 2 d 0 u u 0 2 0 0 0 0 u 2 u 0 0 2 0 0 0 2 0 
2 2 u u 0 0 2 d 0 u 2 u 0 0 u 0 2 0 0 0 0 u 2 0 0 0 2 u 0 0 2 0 
2 d u u 0 0 2 2 0 0 2 2 0 u 0 0 2 0 u 0 0 0 2 u 0 0 2 0 0 0 u u 
2 d u u 0 0 2 2 0 u 2 2 0 0 0 0 2 0 u 0 0 0 2 0 0 0 2 u 0 0 u u 
2 u u u 0 0 2 d 0 u 2 2 d 0 u u 2 u 0 0 0 0 2 u 0 0 2 0 0 0 0 0 
2 u u u 0 0 2 2 d 0 2 d 0 u u u 2 u 0 0 0 0 2 0 0 0 2 u 0 0 0 0 
2 u u u 0 0 2 2 0 u 2 d 0 0 u 0 2 0 0 0 0 u 2 0 0 0 2 u 0 d u 0 
2 u u u 0 0 2 d 0 0 2 2 0 u u 0 2 0 0 0 0 u 2 u 0 d 2 0 0 0 u 0 
2 2 u u 0 0 2 2 0 0 2 2 0 u u 0 2 u 0 0 0 0 0 2 0 0 2 u 0 0 0 0 
2 2 u u 0 0 2 2 0 u 2 2 0 0 u 0 2 u 0 0 0 0 2 u 0 0 0 2 0 0 0 0 
2 d u u 0 0 2 2 u u 2 2 0 0 u 0 2 0 0 0 0 d u 0 0 0 2 u 0 0 u 0 
2 d u u 0 0 2 2 0 0 2 2 u u u 0 2 0 0 0 0 d 2 u 0 0 u 0 0 0 u 0 
2 u u u 0 0 2 2 0 0 2 d 0 u u 0 2 0 0 0 0 u 2 u 0 0 2 0 0 d u 0 
2 u u u 0 0 2 d 0 u 2 2 0 0 u 0 2 0 0 0 0 u 2 0 0 d 2 u 0 0 u 0 
2 2 u u 0 0 2 2 0 0 2 2 0 u u 2 2 u 0 0 0 0 2 0 0 0 u 0 0 0 0 0 
2 2 u u 0 0 2 2 0 u 2 2 0 0 u 2 2 u 0 0 0 0 u 0 0 0 2 0 0 0 0 0 
2 d u u 0 0 2 2 u 0 2 2 0 u u 0 2 0 0 0 0 d u u 0 0 2 0 0 0 u 0 
2 d u u 0 0 2 2 0 u 2 2 u 0 u 0 2 0 0 0 0 d 2 0 0 0 u u 0 0 u 0 
2 2 0 0 0 2 2 2 0 0 2 0 0 u u 0 2 u u 0 0 0 2 u 0 0 2 0 0 0 u 0 
2 2 0 0 0 2 2 0 0 u 2 2 0 0 u 0 2 u u 0 0 0 2 0 0 0 2 u 0 0 u 0 
2 2 u 0 0 0 2 2 0 0 u 2 0 u u 0 2 0 0 d 0 0 2 u 0 0 2 0 0 u u 0 
2 2 u 0 0 0 u 2 0 u 2 2 0 0 u 0 2 0 0 d 0 0 2 0 0 u 2 u 0 0 u 0 
2 2 u u d 0 2 2 0 0 2 2 0 u u u 2 u 0 0 0 0 u 0 0 0 2 0 0 0 0 0 
2 2 u u d 0 2 2 0 u 2 2 0 0 u u 2 u 0 0 0 0 2 0 0 0 u 0 0 0 0 0 
2 2 0 0 0 d 2 2 0 u 2 2 0 0 0 0 u u u 0 0 0 2 0 0 0 2 u 0 0 u u 
2 2 0 0 0 d 2 2 0 0 2 2 0 u 0 0 u u u 0 0 0 2 u 0 0 2 0 0 0 u u 
2 2 u u 2 0 2 2 0 0 2 2 0 u u 0 2 u 0 0 0 0 2 0 0 0 u 0 0 0 0 0 
2 2 u u 2 0 2 2 0 u 2 2 0 0 u 0 2 u 0 0 0 0 u 0 0 0 2 0 0 0 0 0 
2 2 2 u 0 0 2 2 0 0 2 2 0 u 0 0 2 0 0 0 0 0 u u 0 0 2 u 0 0 u 0 
2 2 2 u 0 0 2 2 0 u 2 2 0 0 0 0 2 0 0 0 0 0 2 u 0 0 u u 0 0 u 0 
2 d u u 0 0 2 2 u 0 2 2 0 u u 0 2 0 0 0 0 0 2 u 0 0 d 0 0 0 u u 
2 d u u 0 0 2 2 0 u 2 2 u 0 u 0 2 0 0 0 0 0 d 0 0 0 2 u 0 0 u u 
2 2 0 0 0 2 2 2 0 u 2 0 0 0 u 0 2 u u 0 0 0 2 0 0 0 2 u 0 0 u 0 
2 2 0 0 0 2 2 0 0 0 2 2 0 u u 0 2 u u 0 0 0 2 u 0 0 2 0 0 0 u 0 
2 2 u u 0 0 2 d 0 0 2 u 0 u u 0 2 0 0 0 u 0 2 u 0 0 2 0 0 0 u d 
2 2 u u 0 0 2 u 0 u 2 d 0 0 u 0 2 0 0 0 u 0 2 0 0 0 2 u 0 0 u d 
2 2 u u 0 0 2 2 0 0 2 2 0 u u 0 2 u 0 0 0 0 2 2 0 0 0 u 0 0 0 0 
2 2 u u 0 0 2 2 0 u 2 2 0 0 u 0 2 u 0 0 0 0 0 u 0 0 2 2 0 0 0 0 
2 2 u u u 0 2 2 0 u 2 d 0 0 u 0 2 0 0 0 0 u 2 0 0 0 2 0 0 0 u 0 
2 2 u u u 0 2 d 0 0 2 2 0 u u 0 2 0 0 0 0 u 2 0 0 0 2 0 0 0 u 0 
2 2 u 0 0 d 2 u 0 u 2 2 0 0 0 0 u u 0 0 0 0 2 0 d 0 2 u 0 0 u u 
2 2 u 0 0 d 2 2 0 0 2 u 0 u 0 0 u u 0 0 0 0 2 u 0 0 2 0 d 0 u u 
2 u u 0 u d 2 2 0 0 2 2 0 u u 0 2 u 0 0 0 0 2 0 0 0 2 u 0 0 0 0 
2 u u 0 u d 2 2 0 u 2 2 0 0 u 0 2 u 0 0 0 0 2 u 0 0 2 0 0 0 0 0 
2 2 u u u 0 u 2 0 0 2 2 0 u u 0 2 0 0 0 0 d d u 0 0 2 0 0 0 u 0 
2 2 u u u 0 2 2 0 u u 2 0 0 u 0 2 0 0 0 0 d 2 0 0 0 d u 0 0 u 0 
2 u u u u 0 2 d d 0 2 2 0 u u 0 2 u 0 0 0 0 2 0 0 0 2 u 0 0 0 0 
2 u u u u 0 2 2 0 u 2 d d 0 u 0 2 u 0 0 0 0 2 u 0 0 2 0 0 0 0 0 
2 2 u u u 0 2 2 0 0 2 2 0 0 u 0 2 u 0 d 0 0 2 0 0 0 u u 0 0 0 0 
2 2 u u u 0 2 2 0 0 2 2 0 0 u 0 2 u 0 d 0 0 u u 0 0 2 0 0 0 0 0 
2 2 u u 0 0 2 2 0 0 2 u 0 u 2 0 2 0 0 u 0 0 d u 0 0 2 0 0 0 u 0 
2 2 u u 0 0 2 u 0 u 2 2 0 0 2 0 2 0 0 u 0 0 2 0 0 0 d u 0 0 u 0 
2 u u u 0 0 2 d 0 0 2 2 d u u u 2 u 0 0 0 0 2 0 0 0 2 u 0 0 0 0 
2 u u u 0 0 2 2 d u 2 d 0 0 u u 2 u 0 0 0 0 2 u 0 0 2 0 0 0 0 0 
2 2 u u 0 0 2 2 0 0 2 2 0 0 u u 2 u 0 0 0 0 2 0 0 0 u u 0 0 0 d 
2 2 u u 0 0 2 2 0 0 2 2 0 0 u u 2 u 0 0 0 0 u u 0 0 2 0 0 0 0 d 
2 2 0 0 0 0 2 2 0 0 2 2 0 u 0 u 2 u 0 0 0 u 2 u 0 0 2 0 0 0 0 u 
2 2 0 0 0 0 2 2 0 u 2 2 0 0 0 u 2 u 0 0 0 u 2 0 0 0 2 u 0 0 0 u 
2 2 u u 0 0 2 u 0 0 2 d 0 u u 0 2 0 0 0 u 0 2 u 0 0 2 0 0 0 u d 
2 2 u u 0 0 2 d 0 u 2 u 0 0 u 0 2 0 0 0 u 0 2 0 0 0 2 u 0 0 u d 
2 d 0 0 0 0 2 2 0 u 2 2 0 0 0 0 2 u u 0 0 u 2 0 0 0 2 u 0 0 u u 
2 d 0 0 0 0 2 2 0 0 2 2 0 u 0 0 2 u u 0 0 u 2 u 0 0 2 0 0 0 u u 
2 2 u u u 0 2 2 0 0 2 2 0 u u d 2 0 0 0 0 0 u u 0 0 d 0 0 0 u 0 
2 2 u u u 0 2 2 0 u 2 2 0 0 u d 2 0 0 0 0 0 d 0 0 0 u u 0 0 u 0 
2 2 u u 0 0 2 d u u 2 2 0 0 u 0 d 0 u 0 0 0 2 0 0 0 2 u 0 0 u 0 
2 2 u u 0 0 2 2 0 0 2 d u u u 0 d 0 u 0 0 0 2 u 0 0 2 0 0 0 u 0 
2 2 u u u 0 2 2 0 0 2 2 0 u u d 2 u 0 0 0 0 u 0 0 0 2 0 0 0 0 0 
2 2 u u u 0 2 2 0 u 2 2 0 0 u d 2 u 0 0 0 0 2 0 0 0 u 0 0 0 0 0 
2 2 0 u d 0 2 2 0 u 2 2 0 0 u 0 2 u 0 0 0 0 2 u 0 0 u 0 0 u 0 0 
2 2 0 u d 0 2 2 0 0 2 2 0 u u 0 2 u 0 0 0 0 u 0 0 u 2 u 0 0 0 0 
2 2 u u 0 0 2 2 0 u 2 0 0 0 u 0 2 0 0 d u 0 2 0 0 0 2 u 0 0 u 0 
2 2 u u 0 0 2 0 0 0 2 2 0 u u 0 2 0 0 d u 0 2 u 0 0 2 0 0 0 u 0 
2 2 0 u 0 0 2 2 0 u 2 2 0 0 u d 2 u 0 0 0 0 u u 0 0 2 0 0 u 0 0 
2 2 0 u 0 0 2 2 0 0 2 2 0 u u d 2 u 0 0 0 0 2 0 0 u u u 0 0 0 0 
2 2 0 u 0 0 d 2 0 0 2 2 u u u u 2 0 0 0 0 0 2 u 0 0 2 0 0 0 u 0 
2 2 0 u 0 0 2 2 u u d 2 0 0 u u 2 0 0 0 0 0 2 0 0 0 2 u 0 0 u 0 
2 2 u u 0 0 2 d u 0 2 2 0 u u 0 d 0 u 0 0 0 2 u 0 0 2 0 0 0 u 0 
2 2 u u 0 0 2 2 0 u 2 d u 0 u 0 d 0 u 0 0 0 2 0 0 0 2 u 0 0 u 0 
2 d u u 0 0 2 2 u u 2 2 0 0 u 0 2 0 0 0 0 0 2 0 0 0 d u 0 0 u u 
2 d u u 0 0 2 2 0 0 2 2 u u u 0 2 0 0 0 0 0 d u 0 0 2 0 0 0 u u 
2 2 u u u 0 2 2 0 0 u 2 0 u u 0 2 0 0 0 0 d 2 u 0 0 d 0 0 0 u 0 
2 2 u u u 0 u 2 0 u 2 2 0 0 u 0 2 0 0 0 0 d d 0 0 0 2 u 0 0 u 0 
2 d u 0 u 0 2 2 0 0 2 2 0 u 0 0 2 u 0 0 u 0 2 0 0 0 2 u 0 0 u 0 
2 d u 0 u 0 2 2 0 u 2 2 0 0 0 0 2 u 0 0 u 0 2 u 0 0 2 0 0 0 u 0 
2 2 u 0 0 0 2 2 0 u u 2 0 0 u 0 2 0 0 d 0 0 2 0 0 0 2 u 0 u u 0 
2 2 u 0 0 0 u 2 0 0 2 2 0 u u 0 2 0 0 d 0 0 2 u 0 u 2 0 0 0 u 0 
2 2 u u 0 0 2 2 0 0 2 0 0 u u 0 2 0 0 d u 0 2 u 0 0 2 0 0 0 u 0 
2 2 u u 0 0 2 0 0 u 2 2 0 0 u 0 2 0 0 d u 0 2 0 0 0 2 u 0 0 u 0 
2 u u u u 0 2 d d u 2 2 0 0 u 0 2 u 0 0 0 0 2 u 0 0 2 0 0 0 0 0 
2 u u u u 0 2 2 0 0 2 d d u u 0 2 u 0 0 0 0 2 0 0 0 2 u 0 0 0 0 
2 2 u 0 0 0 2 2 0 u 2 2 0 0 u u 2 0 0 0 0 0 2 0 u 0 2 0 0 0 u 0 
2 2 u 0 0 0 2 2 0 0 2 2 0 u u u 2 0 0 0 0 0 2 0 0 0 2 0 u 0 u 0 
2 2 0 u 0 0 d 2 0 u 2 2 u 0 u u 2 0 0 0 0 0 2 0 0 0 2 u 0 0 u 0 
2 2 0 u 0 0 2 2 u 0 d 2 0 u u u 2 0 0 0 0 0 2 u 0 0 2 0 0 0 u 0 
2 2 u u 0 0 2 d 0 0 2 u 0 u u 0 2 0 0 0 0 u 2 u 0 0 2 0 0 0 u d 
2 2 u u 0 0 2 u 0 u 2 d 0 0 u 0 2 0 0 0 0 u 2 0 0 0 2 u 0 0 u d 
2 2 u 0 0 d 2 u 0 0 2 2 0 u 0 0 u u 0 0 0 0 2 u d 0 2 0 0 0 u u 
2 2 u 0 0 d 2 2 0 u 2 u 0 0 0 0 u u 0 0 0 0 2 0 0 0 2 u d 0 u u 
2 2 0 u 0 0 2 2 0 0 2 2 0 u u d 2 u 0 0 0 0 u 0 0 0 2 u 0 u 0 0 
2 2 0 u 0 0 2 2 0 u 2 2 0 0 u d 2 u 0 0 0 0 2 u 0 u u 0 0 0 0 0 
2 2 0 0 0 0 2 2 0 u 2 0 0 0 u 0 2 u u 0 0 0 2 0 0 0 2 u u d u 0 
2 2 0 0 0 0 2 0 0 0 2 2 0 u u 0 2 u u 0 0 0 2 u u d 2 0 0 0 u 0 
2 2 u u 0 0 2 2 0 0 2 u 0 2 u 0 2 u 0 0 0 0 2 0 0 0 2 0 u 0 0 0 
2 2 u u 0 0 2 u 0 2 2 2 0 0 u 0 2 u 0 0 0 0 2 0 u 0 2 0 0 0 0 0 
2 2 0 0 0 0 2 2 0 0 2 0 0 u u 0 2 u u 0 0 0 2 u 0 0 2 0 u d u 0 
2 2 0 0 0 0 2 0 0 u 2 2 0 0 u 0 2 u u 0 0 0 2 0 u d 2 u 0 0 u 0 
2 0 0 0 0 0 2 2 0 u 2 2 0 0 u 0 2 u u 0 d u 2 0 0 0 2 u 0 0 u 0 
2 0 0 0 0 0 2 2 0 0 2 2 0 u u 0 2 u u 0 d u 2 u 0 0 2 0 0 0 u 0 
d 2 u 0 0 0 2 2 0 0 2 2 0 u u 0 2 0 u u 0 0 2 u 0 0 2 0 0 0 u 0 
d 2 u 0 0 0 2 2 0 u 2 2 0 0 u 0 2 0 u u 0 0 2 0 0 0 2 u 0 0 u 0 
2 2 u u 0 0 2 2 0 2 2 2 0 u u 0 2 u 0 0 0 0 2 0 0 0 0 u 0 0 0 0 
2 2 u u 0 0 2 2 0 u 2 2 0 2 u 0 2 u 0 0 0 0 0 u 0 0 2 0 0 0 0 0 
2 2 u u 0 0 2 d 0 u 2 u 0 0 u 0 2 0 0 0 0 u 2 0 0 0 2 u 0 0 u d 
2 2 u u 0 0 2 u 0 0 2 d 0 u u 0 2 0 0 0 0 u 2 u 0 0 2 0 0 0 u d 
2 2 u u u 0 2 2 0 0 2 2 0 0 u 0 2 u 0 0 0 0 u 0 0 0 2 u 0 0 0 d 
2 2 u u u 0 2 2 0 0 2 2 0 0 u 0 2 u 0 0 0 0 2 u 0 0 u 0 0 0 0 d 
2 2 0 u d 0 2 2 0 0 2 2 0 u u 0 2 u 0 0 0 0 2 0 0 0 u u 0 u 0 0 
2 2 0 u d 0 2 2 0 u 2 2 0 0 u 0 2 u 0 0 0 0 u u 0 u 2 0 0 0 0 0 
2 2 u u 0 0 2 2 0 0 2 2 0 u u 0 2 0 0 0 0 0 d u 0 u u 0 0 d u 0 
2 2 u u 0 0 2 2 0 u 2 2 0 0 u 0 2 0 0 0 0 0 u 0 0 d d u 0 u u 0 
2 0 u u 0 0 2 2 0 0 2 2 0 u u 0 2 0 0 0 0 0 2 u 0 0 2 0 0 0 u 2 
2 0 u u 0 0 2 2 0 u 2 2 0 0 u 0 2 0 0 0 0 0 2 0 0 0 2 u 0 0 u 2 
2 2 2 u 0 0 2 2 0 0 u 2 0 u u 0 2 0 0 0 0 0 2 0 0 0 2 0 0 0 u u 
2 2 2 u 0 0 u 2 0 u 2 2 0 0 u 0 2 0 0 0 0 0 2 0 0 0 2 0 0 0 u u 
2 0 u 2 u 0 2 2 0 0 2 2 0 u u 0 2 u 0 0 0 0 2 0 0 0 2 u 0 0 0 0 
2 0 u 2 u 0 2 2 0 u 2 2 0 0 u 0 2 u 0 0 0 0 2 u 0 0 2 0 0 0 0 0 
2 2 u u 0 0 2 2 0 0 2 2 0 u u 0 2 0 0 0 0 0 u u 0 d d 0 0 u u 0 
2 2 u u 0 0 2 2 0 u 2 2 0 0 u 0 2 0 0 0 0 0 d 0 0 u u u 0 d u 0 
u 2 u u 0 0 2 2 0 0 2 2 0 u 0 0 2 u 0 0 0 0 2 0 u 0 2 u d 0 0 0 
u 2 u u 0 0 2 2 0 u 2 2 0 0 0 0 2 u 0 0 0 0 2 u d 0 2 0 u 0 0 0 
2 d u u 0 u 2 2 0 0 2 2 0 u u 0 u 0 0 0 d 0 2 u 0 0 2 0 0 0 u 0 
2 d u u 0 u 2 2 0 u 2 2 0 0 u 0 u 0 0 0 d 0 2 0 0 0 2 u 0 0 u 0 
2 2 u u 0 0 2 2 0 u 2 0 0 0 u 0 2 0 0 d 0 u 2 0 0 0 2 u 0 0 u 0 
2 2 u u 0 0 2 0 0 0 2 2 0 u u 0 2 0 0 d 0 u 2 u 0 0 2 0 0 0 u 0 
2 2 u u 0 0 2 2 0 2 2 u 0 0 u 0 2 u 0 0 0 0 2 0 0 0 2 0 u 0 0 0 
2 2 u u 0 0 2 u 0 0 2 2 0 2 u 0 2 u 0 0 0 0 2 0 u 0 2 0 0 0 0 0 
2 2 u u 0 0 2 2 0 2 2 2 0 u u 0 2 u 0 0 0 0 0 0 0 0 2 u 0 0 0 0 
2 2 u u 0 0 2 2 0 u 2 2 0 2 u 0 2 u 0 0 0 0 2 u 0 0 0 0 0 0 0 0 
2 2 u 2 u 0 u d 0 0 2 2 0 u u 0 2 0 0 0 0 0 2 u 0 0 2 0 0 0 u 0 
2 2 u 2 u 0 2 2 0 u u d 0 0 u 0 2 0 0 0 0 0 2 0 0 0 2 u 0 0 u 0 
2 2 u u 0 0 2 u d 0 2 u d u u 0 2 0 0 0 0 0 2 u 0 0 2 0 0 0 0 u 
2 2 u u 0 0 2 u d u 2 u d 0 u 0 2 0 0 0 0 0 2 0 0 0 2 u 0 0 0 u 
2 2 u u 0 0 2 2 0 0 2 0 0 u u 0 2 0 0 d 0 u 2 u 0 0 2 0 0 0 u 0 
2 2 u u 0 0 2 0 0 u 2 2 0 0 u 0 2 0 0 d 0 u 2 0 0 0 2 u 0 0 u 0 
2 2 u u 0 0 2 0 0 u 2 2 0 0 2 u 2 u 0 0 0 0 2 u 0 0 2 0 0 0 0 0 
2 2 u u 0 0 2 2 0 0 2 0 0 u 2 u 2 u 0 0 0 0 2 0 0 0 2 u 0 0 0 0 
2 2 u u 0 0 2 2 0 u 2 2 0 0 0 d 2 0 0 0 0 0 u 0 u 0 2 u 0 0 u 0 
2 2 u u 0 0 2 2 0 0 2 2 0 u 0 d 2 0 0 0 0 0 2 u 0 0 u 0 u 0 u 0 
2 2 u 0 0 u 2 d 0 u 2 2 0 0 0 0 d u 0 0 0 0 2 0 u 0 2 u 0 0 u u 
2 2 u 0 0 u 2 2 0 0 2 d 0 u 0 0 d u 0 0 0 0 2 u 0 0 2 0 u 0 u u 
2 2 0 u 0 0 2 0 0 u 2 2 0 0 0 0 2 u u 0 0 0 2 u 2 0 2 0 0 0 0 u 
2 2 0 u 0 0 2 2 0 0 2 0 0 u 0 0 2 u u 0 0 0 2 0 0 0 2 u 2 0 0 u 
u 2 u u 0 0 2 2 0 u 2 2 0 0 0 0 2 u 0 0 0 0 2 u u 0 2 0 d 0 0 0 
u 2 u u 0 0 2 2 0 0 2 2 0 u 0 0 2 u 0 0 0 0 2 0 d 0 2 u u 0 0 0 
2 2 u u 0 0 2 2 0 u 2 2 0 0 0 u 2 u 0 0 0 0 u u d 0 2 0 0 0 0 0 
2 2 u u 0 0 2 2 0 0 2 2 0 u 0 u 2 u 0 0 0 0 2 0 0 0 u u d 0 0 0 
2 2 u u 0 0 2 2 0 0 2 2 0 u 0 d 2 0 0 0 0 0 u u u 0 2 0 0 0 u 0 
2 2 u u 0 0 2 2 0 u 2 2 0 0 0 d 2 0 0 0 0 0 2 0 0 0 u u u 0 u 0 
2 u u u 0 0 d 2 0 0 2 2 0 u u 0 2 0 0 0 d 0 2 u u 0 2 0 0 0 u 0 
2 u u u 0 0 2 2 0 u d 2 0 0 u 0 2 0 0 0 d 0 2 0 0 0 2 u u 0 u 0 
2 u u u 0 0 d 2 0 u 2 2 0 0 u 0 2 0 0 0 d 0 2 0 u 0 2 u 0 0 u 0 
2 u u u 0 0 2 2 0 0 d 2 0 u u 0 2 0 0 0 d 0 2 u 0 0 2 0 u 0 u 0 
2 2 0 u 0 0 2 0 0 0 2 2 0 u 0 0 2 u u 0 0 0 2 0 2 0 2 u 0 0 0 u 
2 2 0 u 0 0 2 2 0 u 2 0 0 0 0 0 2 u u 0 0 0 2 u 0 0 2 0 2 0 0 u 
2 2 u u 0 u 2 d 0 0 2 2 0 u u 0 2 u 0 0 0 0 2 0 0 0 u u 0 0 0 d 
2 2 u u 0 u 2 2 0 u 2 d 0 0 u 0 2 u 0 0 0 0 u u 0 0 2 0 0 0 0 d 
2 2 u u 0 u 2 2 0 0 2 d 0 u u 0 2 u 0 0 0 0 u 0 0 0 2 u 0 0 0 d 
2 2 u u 0 u 2 d 0 u 2 2 0 0 u 0 2 u 0 0 0 0 2 u 0 0 u 0 0 0 0 d 
2 2 0 u 0 0 2 2 0 0 2 d 0 u u 0 2 0 u 0 0 0 2 u 0 0 2 0 u 0 0 u 
2 2 0 u 0 0 2 d 0 u 2 2 0 0 u 0 2 0 u 0 0 0 2 0 u 0 2 u 0 0 0 u 
2 2 u u 0 0 2 2 0 0 2 2 0 0 0 0 2 0 u 0 0 0 2 0 0 0 2 u u 0 u 0 
2 2 u u 0 0 2 2 0 0 2 2 0 0 0 0 2 0 u 0 0 0 2 u u 0 2 0 0 0 u 0 
2 2 u u 0 0 2 2 0 0 2 2 0 u d 0 u 0 u 0 0 0 2 u 0 0 2 0 0 0 u 0 
2 2 u u 0 0 2 2 0 u 2 2 0 0 d 0 u 0 u 0 0 0 2 0 0 0 2 u 0 0 u 0 
2 2 u u 0 0 2 2 0 u 2 2 0 u 0 0 2 0 0 0 0 0 u u 0 0 2 0 0 0 2 0 
2 2 u u 0 0 2 2 0 u 2 2 0 u 0 0 2 0 0 0 0 0 2 0 0 0 u u 0 0 2 0 
2 2 u 0 0 u 2 d 0 0 2 2 0 u 0 0 d u 0 0 0 0 2 u u 0 2 0 0 0 u u 
2 2 u 0 0 u 2 2 0 u 2 d 0 0 0 0 d u 0 0 0 0 2 0 0 0 2 u u 0 u u 
2 2 u u 0 0 d 2 0 u 2 2 0 u u 0 2 u 0 0 0 0 u d 0 0 2 u 0 0 0 0 
2 2 u u 0 0 2 2 0 u d 2 0 u u 0 2 u 0 0 0 0 2 u 0 0 u d 0 0 0 0 
2 2 u u 0 0 2 u d u 2 2 0 0 u 0 2 0 0 0 0 0 u 0 d 0 2 u 0 0 u 0 
2 2 u u 0 0 2 2 0 0 2 u d u u 0 2 0 0 0 0 0 2 u 0 0 u 0 d 0 u 0 
2 2 u 2 0 0 2 2 0 0 2 u 0 u u 0 2 0 0 0 0 0 d u 0 0 2 0 0 0 u u 
2 2 u 2 0 0 2 u 0 u 2 2 0 0 u 0 2 0 0 0 0 0 2 0 0 0 d u 0 0 u u 
2 2 0 u 0 0 2 2 0 u 2 d 0 0 u 0 2 0 u 0 0 0 2 0 0 0 2 u u 0 0 u 
2 2 0 u 0 0 2 d 0 0 2 2 0 u u 0 2 0 u 0 0 0 2 u u 0 2 0 0 0 0 u 
2 2 u u 0 0 2 u d 0 2 2 0 u u 0 2 0 0 0 0 0 u u d 0 2 0 0 0 u 0 
2 2 u u 0 0 2 2 0 u 2 u d 0 u 0 2 0 0 0 0 0 2 0 0 0 u u d 0 u 0 
2 2 u u 0 0 2 2 0 u u d 0 0 u 0 2 d 0 u 0 0 2 0 0 0 2 u 0 0 u 0 
2 2 u u 0 0 u d 0 0 2 2 0 u u 0 2 d 0 u 0 0 2 u 0 0 2 0 0 0 u 0 
2 2 u u 0 0 2 2 0 0 2 2 0 u 0 d 2 0 0 0 0 0 2 u 0 0 u 0 0 u u 0 
2 2 u u 0 0 2 2 0 u 2 2 0 0 0 d 2 0 0 0 0 0 u 0 0 u 2 u 0 0 u 0 
2 2 u u 0 0 2 2 0 u 2 2 0 0 u 0 d 0 u 0 0 0 2 0 0 0 u u d 0 u 0 
2 2 u u 0 0 2 2 0 0 2 2 0 u u 0 d 0 u 0 0 0 u u d 0 2 0 0 0 u 0 
2 2 u u 0 0 2 2 0 0 2 2 0 u u 0 d 0 u 0 0 0 2 u 0 0 u 0 d 0 u 0 
2 2 u u 0 0 2 2 0 u 2 2 0 0 u 0 d 0 u 0 0 0 u 0 d 0 2 u 0 0 u 0 
2 2 u 2 0 0 2 u 0 u d 2 0 0 u u 2 0 0 0 0 0 2 0 0 0 2 u 0 0 u 0 
2 2 u 2 0 0 d 2 0 0 2 u 0 u u u 2 0 0 0 0 0 2 u 0 0 2 0 0 0 u 0 
2 2 u u 0 0 2 2 0 0 2 2 0 u 0 u 2 u 0 0 0 0 u 0 d 0 2 u 0 0 0 0 
2 2 u u 0 0 2 2 0 u 2 2 0 0 0 u 2 u 0 0 0 0 2 u 0 0 u 0 d 0 0 0 
2 2 u u 0 0 u 2 0 d 2 2 0 u u 0 2 u 0 0 0 0 d u 0 0 2 u 0 0 0 0 
2 2 u u 0 0 2 2 0 u u 2 0 d u 0 2 u 0 0 0 0 2 u 0 0 d u 0 0 0 0 
2 2 0 u 0 0 u 2 0 0 2 2 0 u u 0 2 0 0 u 0 0 2 2 0 0 2 0 0 0 u 0 
2 2 0 u 0 0 2 2 0 u u 2 0 0 u 0 2 0 0 u 0 0 2 0 0 0 2 2 0 0 u 0 
2 2 u u 0 0 2 2 0 d u 2 0 u u 0 2 u 0 0 0 0 2 u 0 0 d u 0 0 0 0 
2 2 u u 0 0 u 2 0 u 2 2 0 d u 0 2 u 0 0 0 0 d u 0 0 2 u 0 0 0 0 
2 0 u u 0 0 2 d 0 u 2 2 0 0 u u 2 0 0 0 2 0 2 0 u 0 2 u 0 0 0 0 
2 0 u u 0 0 2 2 0 0 2 d 0 u u u 2 0 0 0 2 0 2 u 0 0 2 0 u 0 0 0 
2 2 u u 0 0 2 2 0 u d 2 0 u u 0 2 u 0 0 0 0 2 d 0 0 u u 0 0 0 0 
2 2 u u 0 0 d 2 0 u 2 2 0 u u 0 2 u 0 0 0 0 u u 0 0 2 d 0 0 0 0 
2 0 u u 0 0 2 d 0 0 2 2 0 u u u 2 0 0 0 2 0 2 u u 0 2 0 0 0 0 0 
2 0 u u 0 0 2 2 0 u 2 d 0 0 u u 2 0 0 0 2 0 2 0 0 0 2 u u 0 0 0 
2 2 u 2 u 0 u d 0 u 2 2 0 0 u 0 2 0 0 0 0 0 2 0 0 0 2 u 0 0 u 0 
2 2 u 2 u 0 2 2 0 0 u d 0 u u 0 2 0 0 0 0 0 2 u 0 0 2 0 0 0 u 0 
2 0 0 0 0 0 2 2 0 u 2 2 0 0 u 0 2 0 u u 2 0 2 0 0 0 2 u 0 0 u 0 
2 0 0 0 0 0 2 2 0 0 2 2 0 u u 0 2 0 u u 2 0 2 u 0 0 2 0 0 0 u 0 
2 d 0 0 0 0 2 d 0 u 2 2 0 0 u 0 2 u u 0 0 u 2 0 u 0 2 u 0 0 u 0 
2 d 0 0 0 0 2 2 0 0 2 d 0 u u 0 2 u u 0 0 u 2 u 0 0 2 0 u 0 u 0 
2 d 0 0 0 0 2 d 0 0 2 2 0 u u 0 2 u u 0 0 u 2 u u 0 2 0 0 0 u 0 
2 d 0 0 0 0 2 2 0 u 2 d 0 0 u 0 2 u u 0 0 u 2 0 0 0 2 u u 0 u 0 
2 2 u u 0 0 d 2 0 0 u 2 0 u u 0 2 0 0 u 0 0 2 u 0 0 2 0 0 0 u d 
2 2 u u 0 0 u 2 0 u d 2 0 0 u 0 2 0 0 u 0 0 2 0 0 0 2 u 0 0 u d 
2 2 0 0 0 0 2 2 0 0 2 d u u u 0 2 u u 0 0 0 2 u 0 0 2 0 0 0 0 u 
2 2 0 0 0 0 2 d u u 2 2 0 0 u 0 2 u u 0 0 0 2 0 0 0 2 u 0 0 0 u 
2 2 0 u 0 0 2 2 0 u 2 0 u 0 u 0 2 0 u 0 0 0 2 0 0 0 2 u d 0 u 0 
2 2 0 u 0 0 2 0 u 0 2 2 0 u u 0 2 0 u 0 0 0 2 u d 0 2 0 0 0 u 0 
2 2 u u d 0 2 2 0 0 2 2 0 u u u 2 0 0 0 0 0 u u 0 0 d 0 0 0 u 0 
2 2 u u d 0 2 2 0 u 2 2 0 0 u u 2 0 0 0 0 0 d 0 0 0 u u 0 0 u 0 
2 2 0 u 0 0 2 2 0 0 2 0 u u u 0 2 0 u 0 0 0 2 u 0 0 2 0 d 0 u 0 
2 2 0 u 0 0 2 0 u u 2 2 0 0 u 0 2 0 u 0 0 0 2 0 d 0 2 u 0 0 u 0 
d 2 u u 0 0 2 u 0 0 2 2 0 u u 0 2 d 0 0 0 0 2 u u 0 2 0 0 0 u 0 
d 2 u u 0 0 2 2 0 u 2 u 0 0 u 0 2 d 0 0 0 0 2 0 0 0 2 u u 0 u 0 
2 2 0 0 0 0 2 2 0 u 2 d u 0 u 0 2 u u 0 0 0 2 0 0 0 2 u 0 0 0 u 
2 2 0 0 0 0 2 d u 0 2 2 0 u u 0 2 u u 0 0 0 2 u 0 0 2 0 0 0 0 u 
d 2 u u 0 0 2 u 0 u 2 2 0 0 u 0 2 d 0 0 0 0 2 0 u 0 2 u 0 0 u 0 
d 2 u u 0 0 2 2 0 0 2 u 0 u u 0 2 d 0 0 0 0 2 u 0 0 2 0 u 0 u 0 
2 2 u u 0 0 2 2 0 u 2 2 0 0 0 d 2 0 0 0 0 0 2 0 0 0 u u 0 u u 0 
2 2 u u 0 0 2 2 0 0 2 2 0 u 0 d 2 0 0 0 0 0 u u 0 u 2 0 0 0 u 0 
2 2 u u 0 0 2 2 0 0 u d 0 u u 0 2 d 0 u 0 0 2 u 0 0 2 0 0 0 u 0 
2 2 u u 0 0 u d 0 u 2 2 0 0 u 0 2 d 0 u 0 0 2 0 0 0 2 u 0 0 u 0 
2 2 u 0 u 0 2 0 0 u 2 2 0 0 u 0 2 0 0 0 0 0 2 0 2 0 2 u 0 0 u 0 
2 2 u 0 u 0 2 2 0 0 2 0 0 u u 0 2 0 0 0 0 0 2 u 0 0 2 0 2 0 u 0 
u 2 u u 0 0 2 2 0 0 2 2 0 u 0 0 2 u 0 0 d 0 2 0 0 0 2 u 0 0 0 u 
u 2 u u 0 0 2 2 0 u 2 2 0 0 0 0 2 u 0 0 d 0 2 u 0 0 2 0 0 0 0 u 
u 2 0 u 0 0 2 2 0 u 2 2 0 0 u 0 2 0 0 0 0 0 2 0 0 0 2 u 0 2 u 0 
u 2 0 u 0 0 2 2 0 0 2 2 0 u u 0 2 0 0 0 0 0 2 u 0 2 2 0 0 0 u 0 
2 2 u u 0 0 2 u 0 0 2 2 0 u 2 0 2 0 0 u 0 0 2 u 0 0 d 0 0 0 u 0 
2 2 u u 0 0 2 2 0 u 2 u 0 0 2 0 2 0 0 u 0 0 d 0 0 0 2 u 0 0 u 0 
2 2 u u 0 0 2 0 0 0 2 2 0 u 2 u 2 u 0 0 0 0 2 0 0 0 2 u 0 0 0 0 
2 2 u u 0 0 2 2 0 u 2 0 0 0 2 u 2 u 0 0 0 0 2 u 0 0 2 0 0 0 0 0 
2 2 u u 0 0 u d 0 u 2 2 0 0 u 0 2 2 0 0 0 0 2 0 0 0 2 u 0 0 u 0 
2 2 u u 0 0 2 2 0 0 u d 0 u u 0 2 2 0 0 0 0 2 u 0 0 2 0 0 0 u 0 
2 2 u u 0 0 2 2 0 0 2 u 0 0 u 0 2 u 0 0 0 0 2 0 0 0 2 2 u 0 0 0 
2 2 u u 0 0 2 u 0 0 2 2 0 0 u 0 2 u 0 0 0 0 2 2 u 0 2 0 0 0 0 0 
2 2 u u 0 d 2 2 0 u 2 u 0 u 0 0 2 u 0 0 0 0 2 0 0 0 2 u 0 0 0 0 
2 2 u u 0 d 2 u 0 u 2 2 0 u 0 0 2 u 0 0 0 0 2 u 0 0 2 0 0 0 0 0 
2 2 u u 0 0 u 2 0 0 d 2 0 u u 0 2 0 0 u 0 0 2 u 0 0 2 0 0 0 u d 
2 2 u u 0 0 d 2 0 u u 2 0 0 u 0 2 0 0 u 0 0 2 0 0 0 2 u 0 0 u d 
2 2 u u 0 0 u d 0 0 2 2 0 u u 0 2 2 0 0 0 0 2 u 0 0 2 0 0 0 u 0 
2 2 u u 0 0 2 2 0 u u d 0 0 u 0 2 2 0 0 0 0 2 0 0 0 2 u 0 0 u 0 
2 2 u u 0 0 2 2 0 u 2 2 0 0 u 0 2 u 0 0 0 0 2 u 0 0 0 0 0 2 0 0 
2 2 u u 0 0 2 2 0 0 2 2 0 u u 0 2 u 0 0 0 0 0 0 0 2 2 u 0 0 0 0 
2 2 0 u 0 0 2 2 0 0 u 2 0 u u 0 2 0 0 u 0 0 2 u 0 0 2 d 0 0 u 0 
2 2 0 u 0 0 u 2 0 u 2 2 0 0 u 0 2 0 0 u 0 0 2 d 0 0 2 u 0 0 u 0 
2 2 u u 0 0 2 2 0 0 2 2 0 u u 0 2 0 0 0 0 0 d u u 0 d 0 u 0 u 0 
2 2 u u 0 0 2 2 0 u 2 2 0 0 u 0 2 0 0 0 0 0 d 0 u 0 d u u 0 u 0 
2 2 u u 0 0 2 2 0 0 2 2 0 u u 0 2 u 0 0 0 0 2 0 0 0 0 u 0 2 0 0 
2 2 u u 0 0 2 2 0 u 2 2 0 0 u 0 2 u 0 0 0 0 0 u 0 2 2 0 0 0 0 0 
2 2 u u 0 0 2 2 0 u 2 2 0 u 0 0 2 d 0 0 0 0 2 u 0 0 u 0 0 0 u 0 
2 2 u u 0 0 2 2 0 u 2 2 0 u 0 0 2 d 0 0 0 0 u 0 0 0 2 u 0 0 u 0 
2 2 u 0 u 0 2 0 0 0 2 2 0 u u 0 2 0 0 0 0 0 2 u 2 0 2 0 0 0 u 0 
2 2 u 0 u 0 2 2 0 u 2 0 0 0 u 0 2 0 0 0 0 0 2 0 0 0 2 u 2 0 u 0 
2 2 u u 0 0 2 2 0 0 2 2 0 u u 0 2 0 0 0 0 2 2 u 0 0 0 0 0 0 u 0 
2 2 u u 0 0 2 2 0 u 2 2 0 0 u 0 2 0 0 0 0 2 0 0 0 0 2 u 0 0 u 0 
u 2 0 u 0 0 2 2 0 0 2 2 0 u u 0 2 0 0 0 0 0 2 u 0 0 2 0 0 2 u 0 
u 2 0 u 0 0 2 2 0 u 2 2 0 0 u 0 2 0 0 0 0 0 2 0 0 2 2 u 0 0 u 0 
2 2 u u 0 0 u d 0 0 2 2 0 u u 0 2 u 0 0 0 0 2 0 0 0 2 u 0 0 u d 
2 2 u u 0 0 2 2 0 u u d 0 0 u 0 2 u 0 0 0 0 2 u 0 0 2 0 0 0 u d 
2 2 u u 0 0 2 2 0 0 2 2 0 u u 0 2 0 0 0 0 2 0 u 0 0 2 0 0 0 u 0 
2 2 u u 0 0 2 2 0 u 2 2 0 0 u 0 2 0 0 0 0 2 2 0 0 0 0 u 0 0 u 0 
2 2 u 0 0 0 2 2 0 0 2 d 0 u u 0 2 0 0 0 0 0 2 u u 0 2 0 0 0 u u 
2 2 u 0 0 0 2 d 0 u 2 2 0 0 u 0 2 0 0 0 0 0 2 0 0 0 2 u u 0 u u 
2 2 u u 0 u 2 2 0 0 2 d 0 u u 0 2 u 0 d 0 0 2 0 0 0 u u 0 0 0 0 
2 2 u u 0 u 2 d 0 u 2 2 0 0 u 0 2 u 0 d 0 0 u u 0 0 2 0 0 0 0 0 
2 2 u u 0 0 2 2 0 0 2 u 0 0 u 0 2 u 0 0 0 0 2 2 0 0 2 0 u 0 0 0 
2 2 u u 0 0 2 u 0 0 2 2 0 0 u 0 2 u 0 0 0 0 2 0 u 0 2 2 0 0 0 0 
2 2 u u 0 0 2 2 0 0 u d 0 u u 0 2 u 0 0 0 0 2 0 0 0 2 u 0 0 u d 
2 2 u u 0 0 u d 0 u 2 2 0 0 u 0 2 u 0 0 0 0 2 u 0 0 2 0 0 0 u d 
2 2 u u 0 u 2 d 0 0 2 2 0 u u 0 2 u 0 d 0 0 u 0 0 0 2 u 0 0 0 0 
2 2 u u 0 u 2 2 0 u 2 d 0 0 u 0 2 u 0 d 0 0 2 u 0 0 u 0 0 0 0 0 
2 d u u u 0 2 2 0 0 2 2 0 u u 0 2 0 u 0 0 0 2 0 0 0 2 u 0 0 0 0 
2 d u u u 0 2 2 0 u 2 2 0 0 u 0 2 0 u 0 0 0 2 u 0 0 2 0 0 0 0 0 
2 2 u u u 0 2 d 0 0 2 u 0 u u d 2 u 0 0 0 0 2 0 0 0 2 u 0 0 0 0 
2 2 u u u 0 2 u 0 u 2 d 0 0 u d 2 u 0 0 0 0 2 u 0 0 2 0 0 0 0 0 
2 2 u u 0 u 2 u 0 u 2 2 0 0 u 0 d u 0 0 0 0 2 u d 0 2 0 0 0 0 0 
2 2 u u 0 u 2 2 0 0 2 u 0 u u 0 d u 0 0 0 0 2 0 0 0 2 u d 0 0 0 
2 2 u u 0 0 d 2 0 0 u 2 0 u u 0 2 0 0 0 0 0 2 u u 0 2 0 d 0 u 0 
2 2 u u 0 0 u 2 0 u d 2 0 0 u 0 2 0 0 0 0 0 2 0 d 0 2 u u 0 u 0 
2 2 2 u 0 0 2 2 0 u u 2 0 0 u 0 2 0 0 u 0 0 2 0 0 0 2 0 0 0 u 0 
2 2 2 u 0 0 u 2 0 0 2 2 0 u u 0 2 0 0 u 0 0 2 0 0 0 2 0 0 0 u 0 
2 2 u u u d 2 2 0 0 d u 0 u u 0 2 u 0 0 0 0 2 0 0 0 2 u 0 0 0 0 
2 2 u u u d d u 0 u 2 2 0 0 u 0 2 u 0 0 0 0 2 u 0 0 2 0 0 0 0 0 
2 u u 0 0 0 2 2 0 0 2 2 0 u u 0 2 u d u 0 0 2 0 0 0 2 u 0 0 0 0 
2 u u 0 0 0 2 2 0 u 2 2 0 0 u 0 2 u d u 0 0 2 u 0 0 2 0 0 0 0 0 
2 2 u u 0 u 2 u 0 0 2 2 0 u u 0 d u 0 0 0 0 2 0 d 0 2 u 0 0 0 0 
2 2 u u 0 u 2 2 0 u 2 u 0 0 u 0 d u 0 0 0 0 2 u 0 0 2 0 d 0 0 0 
2 2 u u 0 0 d 2 0 u u 2 0 0 u 0 2 0 0 0 0 0 2 0 u 0 2 u d 0 u 0 
2 2 u u 0 0 u 2 0 0 d 2 0 u u 0 2 0 0 0 0 0 2 u d 0 2 0 u 0 u 0 
2 2 u u 0 0 d u 0 0 2 2 0 u u 0 2 0 0 0 0 0 2 u u d 2 0 0 0 u 0 
2 2 u u 0 0 2 2 0 u d u 0 0 u 0 2 0 0 0 0 0 2 0 0 0 2 u u d u 0 
2 2 u u 0 0 d u 0 u 2 2 0 0 u 0 2 0 0 0 0 0 2 0 u d 2 u 0 0 u 0 
2 2 u u 0 0 2 2 0 0 d u 0 u u 0 2 0 0 0 0 0 2 u 0 0 2 0 u d u 0 
2 2 u 0 0 0 2 d 0 0 2 2 0 u u 0 2 0 0 0 0 0 2 u 0 0 2 0 u 0 u u 
2 2 u 0 0 0 2 2 0 u 2 d 0 0 u 0 2 0 0 0 0 0 2 0 u 0 2 u 0 0 u u 
2 2 u u 0 u 2 2 0 0 2 2 0 u 0 0 d u 0 0 0 0 2 0 0 0 2 u 0 0 0 u 
2 2 u u 0 u 2 2 0 u 2 2 0 0 0 0 d u 0 0 0 0 2 u 0 0 2 0 0 0 0 u 
2 u u u 0 d 2 2 0 0 2 2 0 u u 0 d 0 0 0 u 0 2 u 0 0 2 0 0 0 u 0 
2 u u u 0 d 2 2 0 u 2 2 0 0 u 0 d 0 0 0 u 0 2 0 0 0 2 u 0 0 u 0 
2 2 u u 0 0 2 2 0 0 d u 0 u u 0 2 u 0 0 0 0 2 0 0 0 2 u 0 2 0 0 
2 2 u u 0 0 d u 0 u 2 2 0 0 u 0 2 u 0 0 0 0 2 u 0 2 2 0 0 0 0 0 
2 2 u u 0 0 2 2 0 u d u 0 0 u 0 2 u 0 0 0 0 2 u 0 0 2 0 0 2 0 0 
2 2 u u 0 0 d u 0 0 2 2 0 u u 0 2 u 0 0 0 0 2 0 0 2 2 u 0 0 0 0 
2 2 u u d 0 2 2 0 0 2 2 0 u u u 2 0 0 0 0 0 d u 0 0 u 0 0 0 u 0 
2 2 u u d 0 2 2 0 u 2 2 0 0 u u 2 0 0 0 0 0 u 0 0 0 d u 0 0 u 0 
2 d u u 0 0 2 2 0 0 2 2 0 u 0 0 2 u 0 0 0 u 2 0 0 0 2 u 0 0 0 u 
2 d u u 0 0 2 2 0 u 2 2 0 0 0 0 2 u 0 0 0 u 2 u 0 0 2 0 0 0 0 u 
2 2 u u 0 0 u d 0 0 2 2 0 u u 0 2 0 0 0 0 0 2 u d u 2 0 0 0 u 0 
2 2 u u 0 0 2 2 0 u u d 0 0 u 0 2 0 0 0 0 0 2 0 0 0 2 u d u u 0 
2 2 u u u 0 2 d 0 u 2 u 0 0 u d 2 u 0 0 0 0 2 u 0 0 2 0 0 0 0 0 
2 2 u u u 0 2 u 0 0 2 d 0 u u d 2 u 0 0 0 0 2 0 0 0 2 u 0 0 0 0 
2 2 u u d 0 u 2 0 0 2 2 0 u u 0 u 0 0 0 0 0 2 u d 0 2 0 0 0 u 0 
2 2 u u d 0 2 2 0 u u 2 0 0 u 0 u 0 0 0 0 0 2 0 0 0 2 u d 0 u 0 
2 2 u u d 0 u 2 0 u 2 2 0 0 u 0 u 0 0 0 0 0 2 0 d 0 2 u 0 0 u 0 
2 2 u u d 0 2 2 0 0 u 2 0 u u 0 u 0 0 0 0 0 2 u 0 0 2 0 d 0 u 0 
2 2 0 u 0 0 2 2 0 u u 2 0 0 u 0 2 u 0 0 u 0 2 u 0 0 2 0 0 d 0 0 
2 2 0 u 0 0 u 2 0 0 2 2 0 u u 0 2 u 0 0 u 0 2 0 0 d 2 u 0 0 0 0 
2 2 0 u 0 0 2 2 0 0 u 2 0 u u 0 2 u 0 0 u 0 2 0 0 0 2 u 0 d 0 0 
2 2 0 u 0 0 u 2 0 u 2 2 0 0 u 0 2 u 0 0 u 0 2 u 0 d 2 0 0 0 0 0 
2 2 u u 0 0 u d 0 u 2 2 0 0 u 0 2 0 0 0 0 0 2 0 d u 2 u 0 0 u 0 
2 2 u u 0 0 2 2 0 0 u d 0 u u 0 2 0 0 0 0 0 2 u 0 0 2 0 d u u 0 
2 2 u 0 u 0 2 2 0 0 2 2 u 0 u 0 2 u 0 0 0 0 2 0 0 0 2 u 0 0 0 0 
2 2 u 0 u 0 2 2 u 0 2 2 0 0 u 0 2 u 0 0 0 0 2 u 0 0 2 0 0 0 0 0 
2 d u u 0 0 2 2 0 0 2 u 0 u u 0 2 u u 0 0 0 2 0 0 0 2 u d 0 0 0 
2 d u u 0 0 2 u 0 u 2 2 0 0 u 0 2 u u 0 0 0 2 u d 0 2 0 0 0 0 0 
2 2 u u u 0 2 2 0 0 2 2 0 0 u 0 u 0 0 0 0 0 2 0 d 0 2 u 0 0 u 0 
2 2 u u u 0 2 2 0 0 2 2 0 0 u 0 u 0 0 0 0 0 2 u 0 0 2 0 d 0 u 0 
2 d u 0 0 0 2 d 0 u 2 2 0 0 u u 2 u 0 0 u 0 2 0 u 0 2 u 0 0 0 0 
2 d u 0 0 0 2 2 0 0 2 d 0 u u u 2 u 0 0 u 0 2 u 0 0 2 0 u 0 0 0 
2 d u 0 0 0 2 d 0 0 2 2 0 u u u 2 u 0 0 u 0 2 u u 0 2 0 0 0 0 0 
2 d u 0 0 0 2 2 0 u 2 d 0 0 u u 2 u 0 0 u 0 2 0 0 0 2 u u 0 0 0 
2 d u u 0 0 2 u 0 0 2 2 0 u u 0 2 u u 0 0 0 2 0 d 0 2 u 0 0 0 0 
2 d u u 0 0 2 2 0 u 2 u 0 0 u 0 2 u u 0 0 0 2 u 0 0 2 0 d 0 0 0 
2 2 u u u d d u 0 0 2 2 0 u u 0 2 u 0 0 0 0 2 0 0 0 2 u 0 0 0 0 
2 2 u u u d 2 2 0 u d u 0 0 u 0 2 u 0 0 0 0 2 u 0 0 2 0 0 0 0 0 
2 2 u u 0 0 2 2 0 0 2 2 0 u u 0 2 0 0 0 0 0 u u d 0 u 0 d 0 u 0 
2 2 u u 0 0 2 2 0 u 2 2 0 0 u 0 2 0 0 0 0 0 u 0 d 0 u u d 0 u 0 
2 2 0 0 0 0 2 2 0 0 2 2 0 u u 0 2 0 0 u u 0 2 u 0 0 2 0 0 0 u 0 
2 2 0 0 0 0 2 2 0 u 2 2 0 0 u 0 2 0 0 u u 0 2 0 0 0 2 u 0 0 u 0 
d 2 0 u 0 0 2 2 0 0 2 2 0 u u 0 2 u u 0 u 0 2 0 0 0 2 u 0 0 0 0 
d 2 0 u 0 0 2 2 0 u 2 2 0 0 u 0 2 u u 0 u 0 2 u 0 0 2 0 0 0 0 0 
u 2 u 0 0 0 2 2 2 u 2 2 0 0 u 0 2 0 0 0 0 0 2 0 0 0 2 u 0 0 u 0 
u 2 u 0 0 0 2 2 0 0 2 2 2 u u 0 2 0 0 0 0 0 2 u 0 0 2 0 0 0 u 0 
2 2 u u 0 0 0 2 0 u 2 2 0 0 u 0 2 u 0 0 0 0 2 u 2 0 2 0 0 0 0 0 
2 2 u u 0 0 2 2 0 0 0 2 0 u u 0 2 u 0 0 0 0 2 0 0 0 2 u 2 0 0 0 
2 2 0 0 0 0 2 2 0 u 2 d 0 0 0 0 2 0 u u 0 0 2 0 0 0 2 u u 0 u u 
2 2 0 0 0 0 2 d 0 0 2 2 0 u 0 0 2 0 u u 0 0 2 u u 0 2 0 0 0 u u 
u 2 2 u 0 0 2 2 0 0 2 2 0 u u 0 2 0 0 u 0 0 2 0 0 0 2 u 0 0 0 0 
u 2 2 u 0 0 2 2 0 u 2 2 0 0 u 0 2 0 0 u 0 0 2 u 0 0 2 0 0 0 0 0 
u 2 u u 0 0 2 d 0 0 2 2 0 u u 0 2 u 0 0 0 0 2 u d 0 2 0 0 0 u 0 
u 2 u u 0 0 2 2 0 u 2 d 0 0 u 0 2 u 0 0 0 0 2 0 0 0 2 u d 0 u 0 
u 2 2 u 0 0 2 2 0 0 2 2 0 u u 0 2 u 0 0 0 0 d 0 u 0 2 u 0 0 0 0 
u 2 2 u 0 0 2 2 0 u 2 2 0 0 u 0 2 u 0 0 0 0 2 u 0 0 d 0 u 0 0 0 
u 2 u u 0 0 2 d 0 u 2 2 0 0 u 0 2 u 0 0 0 0 2 0 d 0 2 u 0 0 u 0 
u 2 u u 0 0 2 2 0 0 2 d 0 u u 0 2 u 0 0 0 0 2 u 0 0 2 0 d 0 u 0 
2 2 0 0 0 0 2 2 0 0 2 d 0 u 0 0 2 0 u u 0 0 2 u 0 0 2 0 u 0 u u 
2 2 0 0 0 0 2 d 0 u 2 2 0 0 0 0 2 0 u u 0 0 2 0 u 0 2 u 0 0 u u 
u 2 2 u 0 0 2 2 0 u 2 2 0 0 u 0 2 u 0 0 0 0 d u u 0 2 0 0 0 0 0 
u 2 2 u 0 0 2 2 0 0 2 2 0 u u 0 2 u 0 0 0 0 2 0 0 0 d u u 0 0 0 
2 2 u u 0 0 0 2 0 0 2 2 0 u u 0 2 u 0 0 0 0 2 0 2 0 2 u 0 0 0 0 
2 2 u u 0 0 2 2 0 u 0 2 0 0 u 0 2 u 0 0 0 0 2 u 0 0 2 0 2 0 0 0 
2 2 u u 0 d 2 2 0 0 2 u 0 u u 0 2 u 0 0 0 0 u 0 0 0 2 u 0 0 0 d 
2 2 u u 0 d 2 u 0 u 2 2 0 0 u 0 2 u 0 0 0 0 2 u 0 0 u 0 0 0 0 d 
2 0 u 0 0 0 2 2 0 u 2 2 0 0 u u 2 u 0 0 u d 2 0 0 0 2 u 0 0 0 0 
2 0 u 0 0 0 2 2 0 0 2 2 0 u u u 2 u 0 0 u d 2 u 0 0 2 0 0 0 0 0 
2 2 u u 0 0 2 2 0 u 2 2 0 0 u 0 d u 0 0 0 0 2 u u 0 u 0 0 0 0 d 
2 2 u u 0 0 2 2 0 0 2 2 0 u u 0 d u 0 0 0 0 u 0 0 0 2 u u 0 0 d 
2 u 0 0 0 0 2 u 0 u 2 2 0 0 u 0 2 u u 0 d 0 2 0 d 0 2 u 0 0 u 0 
2 u 0 0 0 0 2 2 0 0 2 u 0 u u 0 2 u u 0 d 0 2 u 0 0 2 0 d 0 u 0 
2 u 0 0 0 0 2 u 0 0 2 2 0 u u 0 2 u u 0 d 0 2 u d 0 2 0 0 0 u 0 
2 u 0 0 0 0 2 2 0 u 2 u 0 0 u 0 2 u u 0 d 0 2 0 0 0 2 u d 0 u 0 
2 2 0 u u 0 2 2 0 0 d 2 u u u 0 2 0 0 0 0 0 2 u 0 0 2 0 0 0 u 0 
2 2 0 u u 0 d 2 u u 2 2 0 0 u 0 2 0 0 0 0 0 2 0 0 0 2 u 0 0 u 0 
2 d u u 0 0 u 2 0 u 2 2 0 0 u 0 2 0 0 0 u 0 2 0 d 0 2 u 0 0 u 0 
2 d u u 0 0 2 2 0 0 u 2 0 u u 0 2 0 0 0 u 0 2 u 0 0 2 0 d 0 u 0 
2 d u u 0 0 u 2 0 0 2 2 0 u u 0 2 0 0 0 u 0 2 u d 0 2 0 0 0 u 0 
2 d u u 0 0 2 2 0 u u 2 0 0 u 0 2 0 0 0 u 0 2 0 0 0 2 u d 0 u 0 
2 2 u u 0 0 2 2 0 0 2 2 0 u u 0 d u 0 0 0 0 2 0 u 0 u u 0 0 0 d 
2 2 u u 0 0 2 2 0 u 2 2 0 0 u 0 d u 0 0 0 0 u u 0 0 2 0 u 0 0 d 
2 2 u u 0 d 2 u 0 0 2 2 0 u u 0 2 u 0 0 0 0 2 0 0 0 u u 0 0 0 d 
2 2 u u 0 d 2 2 0 u 2 u 0 0 u 0 2 u 0 0 0 0 u u 0 0 2 0 0 0 0 d 
2 2 u 0 0 0 2 2 0 0 2 2 0 0 u 0 2 u u 0 0 0 2 u 0 u 2 0 0 0 0 0 
2 2 u 0 0 0 2 2 0 0 2 2 0 0 u 0 2 u u 0 0 0 2 0 0 0 2 u 0 u 0 0 
2 2 2 u 0 0 2 2 0 0 2 2 0 0 u 0 2 0 0 0 0 0 u u 0 0 2 0 0 0 u u 
2 2 2 u 0 0 2 2 0 0 2 2 0 0 u 0 2 0 0 0 0 0 2 0 0 0 u u 0 0 u u 
2 2 u u 0 0 2 2 0 u u 2 0 u u 0 2 u 0 0 0 0 2 d 0 0 d u 0 0 0 0 
2 2 u u 0 0 u 2 0 u 2 2 0 u u 0 2 u 0 0 0 0 d u 0 0 2 d 0 0 0 0 
2 2 u u 0 0 2 u 0 0 2 u 0 u u 0 2 d 0 0 0 0 2 u 0 0 2 0 0 0 2 0 
2 2 u u 0 0 2 u 0 u 2 u 0 0 u 0 2 d 0 0 0 0 2 0 0 0 2 u 0 0 2 0 
2 2 u u 0 0 2 2 0 0 2 2 0 u u 0 2 0 0 0 0 0 2 u 0 0 u 0 0 u d 0 
2 2 u u 0 0 2 2 0 u 2 2 0 0 u 0 2 0 0 0 0 0 u 0 0 u 2 u 0 0 d 0 
2 2 u u 0 0 u 2 0 u 2 2 0 u u 0 2 u 0 0 0 0 d d 0 0 2 u 0 0 0 0 
2 2 u u 0 0 2 2 0 u u 2 0 u u 0 2 u 0 0 0 0 2 u 0 0 d d 0 0 0 0 
2 d 0 u 0 0 2 2 0 u 2 u 0 0 0 0 2 u u 0 u 0 2 u 0 0 2 0 0 d u 0 
2 d 0 u 0 0 2 u 0 0 2 2 0 u 0 0 2 u u 0 u 0 2 0 0 d 2 u 0 0 u 0 
2 d 0 u 0 0 2 2 0 0 2 u 0 u 0 0 2 u u 0 u 0 2 0 0 0 2 u 0 d u 0 
2 d 0 u 0 0 2 u 0 u 2 2 0 0 0 0 2 u u 0 u 0 2 u 0 d 2 0 0 0 u 0 
2 2 0 u 0 0 2 2 0 0 2 2 0 u 0 0 2 0 0 0 u 0 2 u 0 0 2 0 0 0 u u 
2 2 0 u 0 0 2 2 0 u 2 2 0 0 0 0 2 0 0 0 u 0 2 0 0 0 2 u 0 0 u u 
2 2 u 2 0 0 2 2 0 0 d 2 0 u u 0 2 u 0 0 0 0 2 u 0 0 u 0 0 0 u 0 
2 2 u 2 0 0 d 2 0 u 2 2 0 0 u 0 2 u 0 0 0 0 u 0 0 0 2 u 0 0 u 0 
2 2 u 2 0 0 d 2 0 0 2 2 0 u u 0 2 u 0 0 0 0 u u 0 0 2 0 0 0 u 0 
2 2 u 2 0 0 2 2 0 u d 2 0 0 u 0 2 u 0 0 0 0 2 0 0 0 u u 0 0 u 0 
2 2 u u 0 0 2 2 0 u 2 2 0 0 u 0 2 0 0 0 0 0 2 0 0 0 u u 0 u d 0 
2 2 u u 0 0 2 2 0 0 2 2 0 u u 0 2 0 0 0 0 0 u u 0 u 2 0 0 0 d 0 
2 2 u 0 0 0 2 2 u u 2 2 0 0 u 0 2 d 0 0 0 0 u 0 0 0 2 u 0 0 u 0 
2 2 u 0 0 0 2 2 0 0 2 2 u u u 0 2 d 0 0 0 0 2 u 0 0 u 0 0 0 u 0 
u 2 u 0 0 0 2 2 2 0 2 2 0 u u 0 2 0 0 0 0 0 2 u 0 0 2 0 0 0 u 0 
u 2 u 0 0 0 2 2 0 u 2 2 2 0 u 0 2 0 0 0 0 0 2 0 0 0 2 u 0 0 u 0 
2 2 u u 0 0 2 2 0 u 2 2 0 0 u 0 u u 0 u 0 0 d u d 0 2 0 0 0 0 0 
2 2 u u 0 0 2 2 0 0 2 2 0 u u 0 u u 0 u 0 0 2 0 0 0 d u d 0 0 0 
2 u u u 0 0 2 2 d u 2 2 0 0 u 0 d 0 0 0 0 0 2 0 u 0 2 u 0 0 u 0 
2 u u u 0 0 2 2 0 0 2 2 d u u 0 d 0 0 0 0 0 2 u 0 0 2 0 u 0 u 0 
2 2 u u d 0 2 2 0 0 d 2 0 u u 0 2 0 0 0 0 u 2 u 0 0 u 0 0 0 u 0 
2 2 u u d 0 d 2 0 u 2 2 0 0 u 0 2 0 0 0 0 u u 0 0 0 2 u 0 0 u 0 
2 2 0 u u 0 2 2 0 u d 2 u 0 u 0 2 0 0 0 0 0 2 0 0 0 2 u 0 0 u 0 
2 2 0 u u 0 d 2 u 0 2 2 0 u u 0 2 0 0 0 0 0 2 u 0 0 2 0 0 0 u 0 
2 2 u u 0 0 2 2 0 d d 2 0 u u 0 2 u 0 0 0 0 2 u 0 0 u u 0 0 0 0 
2 2 u u 0 0 d 2 0 u 2 2 0 d u 0 2 u 0 0 0 0 u u 0 0 2 u 0 0 0 0 
2 2 u u d 0 d 2 0 0 2 2 0 u u 0 2 0 0 0 0 u u u 0 0 2 0 0 0 u 0 
2 2 u u d 0 2 2 0 u d 2 0 0 u 0 2 0 0 0 0 u 2 0 0 0 u u 0 0 u 0 
2 u u u 0 0 2 2 d 0 2 2 0 u u 0 d 0 0 0 0 0 2 u u 0 2 0 0 0 u 0 
2 u u u 0 0 2 2 0 u 2 2 d 0 u 0 d 0 0 0 0 0 2 0 0 0 2 u u 0 u 0 
2 2 u u 0 0 2 u d u 2 2 0 0 u 0 u 0 0 0 d 0 2 0 0 0 2 u 0 0 u 0 
2 2 u u 0 0 2 2 0 0 2 u d u u 0 u 0 0 0 d 0 2 u 0 0 2 0 0 0 u 0 
2 2 u u 0 0 2 u d 0 2 2 0 u u 0 u 0 0 0 d 0 2 u 0 0 2 0 0 0 u 0 
2 2 u u 0 0 2 2 0 u 2 u d 0 u 0 u 0 0 0 d 0 2 0 0 0 2 u 0 0 u 0 
2 2 u u 0 0 2 2 0 0 u d 0 u u 0 2 u 0 0 0 0 2 0 0 0 2 u 0 2 0 0 
2 2 u u 0 0 u d 0 u 2 2 0 0 u 0 2 u 0 0 0 0 2 u 0 2 2 0 0 0 0 0 
2 2 u u 0 0 2 2 0 u u d 0 0 u 0 2 u 0 0 0 0 2 u 0 0 2 0 0 2 0 0 
2 2 u u 0 0 u d 0 0 2 2 0 u u 0 2 u 0 0 0 0 2 0 0 2 2 u 0 0 0 0 
2 2 u u 0 0 2 2 0 u 2 2 0 0 u 0 u u 0 0 0 0 2 u d 0 d 0 0 0 0 u 
2 2 u u 0 0 2 2 0 0 2 2 0 u u 0 u u 0 0 0 0 d 0 0 0 2 u d 0 0 u 
2 2 u u 0 0 2 2 0 0 2 2 0 u u 0 u u 0 u 0 0 d 0 d 0 2 u 0 0 0 0 
2 2 u u 0 0 2 2 0 u 2 2 0 0 u 0 u u 0 u 0 0 2 u 0 0 d 0 d 0 0 0 
2 2 u u 0 0 d 2 0 d 2 2 0 u u 0 2 u 0 0 0 0 u u 0 0 2 u 0 0 0 0 
2 2 u u 0 0 2 2 0 u d 2 0 d u 0 2 u 0 0 0 0 2 u 0 0 u u 0 0 0 0 
2 d 2 u 0 0 2 2 0 0 2 2 0 u u 0 u 0 0 0 0 u 2 u 0 0 2 0 0 0 u 0 
2 d 2 u 0 0 2 2 0 u 2 2 0 0 u 0 u 0 0 0 0 u 2 0 0 0 2 u 0 0 u 0 
2 2 u u 0 0 2 2 0 u u 2 0 0 u d u 0 0 0 0 0 2 0 d 0 2 u 0 0 u 0 
2 2 u u 0 0 u 2 0 0 2 2 0 u u d u 0 0 0 0 0 2 u 0 0 2 0 d 0 u 0 
2 2 u u 0 0 2 2 0 0 u 2 0 u u d u 0 0 0 0 0 2 u d 0 2 0 0 0 u 0 
2 2 u u 0 0 u 2 0 u 2 2 0 0 u d u 0 0 0 0 0 2 0 0 0 2 u d 0 u 0 
2 2 u 2 0 0 2 2 0 u 2 u 0 u 0 0 2 0 0 0 0 0 2 u 0 0 2 0 0 0 u 0 
2 2 u 2 0 0 2 u 0 u 2 2 0 u 0 0 2 0 0 0 0 0 2 0 0 0 2 u 0 0 u 0 
2 u u u 0 0 2 2 d u 2 2 0 0 u 0 u 0 0 0 0 0 2 0 d 0 2 u 0 0 u 0 
2 u u u 0 0 2 2 0 0 2 2 d u u 0 u 0 0 0 0 0 2 u 0 0 2 0 d 0 u 0 
2 2 u u 0 0 2 2 0 u 2 u 0 u d 0 2 0 0 0 0 0 2 0 0 0 2 u 0 0 u 0 
2 2 u u 0 0 2 u 0 u 2 2 0 u d 0 2 0 0 0 0 0 2 u 0 0 2 0 0 0 u 0 
2 d u 0 u 0 2 2 0 0 2 2 0 u 0 0 2 0 0 u u 0 2 0 0 0 2 u 0 0 u 0 
2 d u 0 u 0 2 2 0 u 2 2 0 0 0 0 2 0 0 u u 0 2 u 0 0 2 0 0 0 u 0 
2 2 u u 0 0 2 u 0 0 2 d 0 u u 0 2 u 0 0 0 0 2 0 u 0 2 u d 0 0 0 
2 2 u u 0 0 2 d 0 u 2 u 0 0 u 0 2 u 0 0 0 0 2 u d 0 2 0 u 0 0 0 
2 2 u u 0 0 2 2 0 0 2 u 0 u u u 2 u 0 0 0 0 2 0 0 0 d u 0 0 d 0 
2 2 u u 0 0 2 u 0 u 2 2 0 0 u u 2 u 0 0 0 0 d u 0 0 2 0 0 0 d 0 
2 2 u u 0 0 2 d 0 0 2 u 0 u u 0 2 u 0 0 0 0 2 0 d 0 2 u u 0 0 0 
2 2 u u 0 0 2 u 0 u 2 d 0 0 u 0 2 u 0 0 0 0 2 u u 0 2 0 d 0 0 0 
u d 2 u 0 u 2 2 0 0 2 2 0 u u 0 2 0 0 0 0 0 2 u 0 0 2 0 0 0 u 0 
u d 2 u 0 u 2 2 0 u 2 2 0 0 u 0 2 0 0 0 0 0 2 0 0 0 2 u 0 0 u 0 
2 u u u 0 0 2 2 d 0 2 2 0 u u 0 u 0 0 0 0 0 2 u d 0 2 0 0 0 u 0 
2 u u u 0 0 2 2 0 u 2 2 d 0 u 0 u 0 0 0 0 0 2 0 0 0 2 u d 0 u 0 
2 2 0 u 0 0 2 2 0 u d 2 0 0 u 0 2 0 0 0 u 0 2 0 0 0 2 u 0 u u 0 
2 2 0 u 0 0 d 2 0 0 2 2 0 u u 0 2 0 0 0 u 0 2 u 0 u 2 0 0 0 u 0 
2 2 0 u 0 0 2 2 0 0 d 2 0 u u 0 2 0 0 0 u 0 2 u 0 0 2 0 0 u u 0 
2 2 0 u 0 0 d 2 0 u 2 2 0 0 u 0 2 0 0 0 u 0 2 0 0 u 2 u 0 0 u 0 
2 2 u 2 0 0 2 u 0 0 d 2 0 u u u 2 0 0 0 0 0 2 u 0 0 2 0 0 0 u 0 
2 2 u 2 0 0 d 2 0 u 2 u 0 0 u u 2 0 0 0 0 0 2 0 0 0 2 u 0 0 u 0 
2 2 u u 0 0 2 2 0 0 2 2 0 u u 0 u u 0 0 0 0 2 0 d 0 d u 0 0 0 u 
2 2 u u 0 0 2 2 0 u 2 2 0 0 u 0 u u 0 0 0 0 d u 0 0 2 0 d 0 0 u 
2 2 u u 0 0 2 2 0 0 2 2 0 0 u u u 0 0 0 0 0 2 u d 0 2 0 0 0 u 0 
2 2 u u 0 0 2 2 0 0 2 2 0 0 u u u 0 0 0 0 0 2 0 0 0 2 u d 0 u 0 
d 2 u u 0 0 2 2 0 0 2 u 0 u u 0 2 0 0 0 0 0 2 u u 0 2 0 0 0 2 0 
d 2 u u 0 0 2 u 0 u 2 2 0 0 u 0 2 0 0 0 0 0 2 0 0 0 2 u u 0 2 0 
2 2 u u 0 0 2 2 0 u 2 2 0 0 u 0 d u 0 d 0 0 u u u 0 2 0 0 0 0 0 
2 2 u u 0 0 2 2 0 0 2 2 0 u u 0 d u 0 d 0 0 2 0 0 0 u u u 0 0 0 
d u u u 0 2 2 2 0 0 2 2 0 u u 0 2 0 0 0 0 0 2 u 0 0 2 0 0 0 u 0 
d u u u 0 2 2 2 0 u 2 2 0 0 u 0 2 0 0 0 0 0 2 0 0 0 2 u 0 0 u 0 
2 2 u u 0 0 2 2 0 0 2 2 0 u u 0 d u 0 d 0 0 u 0 u 0 2 u 0 0 0 0 
2 2 u u 0 0 2 2 0 u 2 2 0 0 u 0 d u 0 d 0 0 2 u 0 0 u 0 u 0 0 0 
2 2 u u u 0 d 2 0 u 2 2 0 0 u 0 d 0 0 0 0 0 2 0 u 0 2 u 0 0 u 0 
2 2 u u u 0 2 2 0 0 d 2 0 u u 0 d 0 0 0 0 0 2 u 0 0 2 0 u 0 u 0 
2 2 u 0 0 0 2 u 0 0 2 2 0 u u 0 2 u 0 0 0 0 2 u d 0 2 0 0 0 0 u 
2 2 u 0 0 0 2 2 0 u 2 u 0 0 u 0 2 u 0 0 0 0 2 0 0 0 2 u d 0 0 u 
d 2 u u 0 0 2 2 0 u 2 u 0 0 u 0 2 0 0 0 0 0 2 0 u 0 2 u 0 0 2 0 
d 2 u u 0 0 2 u 0 0 2 2 0 u u 0 2 0 0 0 0 0 2 u 0 0 2 0 u 0 2 0 
2 u 0 0 0 0 2 d 0 u 2 2 0 0 u 0 2 u 0 0 2 0 2 0 u 0 2 u 0 0 u 0 
2 u 0 0 0 0 2 2 0 0 2 d 0 u u 0 2 u 0 0 2 0 2 u 0 0 2 0 u 0 u 0 
2 d u u 0 0 2 d 0 u 2 2 0 0 u 0 2 u u 0 0 0 2 u u 0 2 0 0 0 0 0 
2 d u u 0 0 2 2 0 0 2 d 0 u u 0 2 u u 0 0 0 2 0 0 0 2 u u 0 0 0 
2 u 0 0 0 0 2 d 0 0 2 2 0 u u 0 2 u 0 0 2 0 2 u u 0 2 0 0 0 u 0 
2 u 0 0 0 0 2 2 0 u 2 d 0 0 u 0 2 u 0 0 2 0 2 0 0 0 2 u u 0 u 0 
2 2 u 2 0 0 u 2 0 0 u 2 0 u 2 0 2 0 0 0 0 0 2 u 0 0 2 0 0 0 u 0 
2 2 u 2 0 0 u 2 0 u u 2 0 0 2 0 2 0 0 0 0 0 2 0 0 0 2 u 0 0 u 0 
2 d u u 0 0 2 d 0 0 2 2 0 u u 0 2 u u 0 0 0 2 0 u 0 2 u 0 0 0 0 
2 d u u 0 0 2 2 0 u 2 d 0 0 u 0 2 u u 0 0 0 2 u 0 0 2 0 u 0 0 0 
2 2 0 u 0 0 2 2 0 u u 2 0 0 u 0 2 0 0 0 0 d 2 0 0 0 2 u 0 u u 0 
2 2 0 u 0 0 u 2 0 0 2 2 0 u u 0 2 0 0 0 0 d 2 u 0 u 2 0 0 0 u 0 
2 2 u u 0 0 2 2 0 0 u 2 0 0 u 0 2 u 0 2 0 0 2 0 0 0 2 u 0 0 0 0 
2 2 u u 0 0 u 2 0 0 2 2 0 0 u 0 2 u 0 2 0 0 2 u 0 0 2 0 0 0 0 0 
2 2 u u 0 0 2 2 0 0 u 2 0 u 0 0 2 u 0 0 0 0 2 0 0 0 2 u 0 d 0 u 
2 2 u u 0 0 u 2 0 u 2 2 0 0 0 0 2 u 0 0 0 0 2 u 0 d 2 0 0 0 0 u 
2 2 u u u 0 d 2 0 0 2 2 0 u u 0 d 0 0 0 0 0 2 u u 0 2 0 0 0 u 0 
2 2 u u u 0 2 2 0 u d 2 0 0 u 0 d 0 0 0 0 0 2 0 0 0 2 u u 0 u 0 
u 2 2 u 0 0 2 2 0 0 2 2 0 u u 0 u 0 0 0 d 0 2 u 0 0 2 0 0 0 u 0 
u 2 2 u 0 0 2 2 0 u 2 2 0 0 u 0 u 0 0 0 d 0 2 0 0 0 2 u 0 0 u 0 
2 2 u 0 0 0 2 2 u 0 2 2 0 u u 0 2 d 0 0 0 0 u u 0 0 2 0 0 0 u 0 
2 2 u 0 0 0 2 2 0 u 2 2 u 0 u 0 2 d 0 0 0 0 2 0 0 0 u u 0 0 u 0 
2 d u u 0 u 2 2 0 u 2 2 0 0 u 0 2 0 0 0 0 0 d 0 u 0 2 u 0 0 u 0 
2 d u u 0 u 2 2 0 0 2 2 0 u u 0 2 0 0 0 0 0 2 u 0 0 d 0 u 0 u 0 
2 2 u u u 0 2 u 0 0 2 2 0 u u 0 2 2 0 0 0 0 d 0 0 0 2 u 0 0 0 0 
2 2 u u u 0 2 2 0 u 2 u 0 0 u 0 2 2 0 0 0 0 2 u 0 0 d 0 0 0 0 0 
2 d u u 0 u 2 2 0 0 2 2 0 u u 0 2 0 0 0 0 0 d u u 0 2 0 0 0 u 0 
2 d u u 0 u 2 2 0 u 2 2 0 0 u 0 2 0 0 0 0 0 2 0 0 0 d u u 0 u 0 
2 2 u 2 0 0 u 2 0 0 2 2 0 u u 0 2 u 0 0 0 0 d u 0 0 2 0 0 0 u 0 
2 2 u 2 0 0 2 2 0 u u 2 0 0 u 0 2 u 0 0 0 0 2 0 0 0 d u 0 0 u 0 
2 2 2 u 0 0 2 2 0 u u 2 0 0 u 0 2 0 0 0 0 0 d 0 0 0 2 u 0 0 u u 
2 2 2 u 0 0 u 2 0 0 2 2 0 u u 0 2 0 0 0 0 0 2 u 0 0 d 0 0 0 u u 
2 2 u 0 u 0 2 2 0 u 2 2 0 0 u 0 2 0 0 0 0 0 2 0 0 0 u u 0 d u 0 
2 2 u 0 u 0 2 2 0 0 2 2 0 u u 0 2 0 0 0 0 0 u u 0 d 2 0 0 0 u 0 
2 2 u u 0 0 2 u 0 0 2 2 0 u u u 2 u 0 0 0 0 d 0 0 0 2 u 0 0 d 0 
2 2 u u 0 0 2 2 0 u 2 u 0 0 u u 2 u 0 0 0 0 2 u 0 0 d 0 0 0 d 0 
2 u u u 0 0 2 2 d u 2 2 0 0 u 0 2 0 0 0 0 u d 0 0 0 2 u 0 0 u 0 
2 u u u 0 0 2 2 0 0 2 2 d u u 0 2 0 0 0 0 u 2 u 0 0 d 0 0 0 u 0 
2 2 u 2 0 0 2 2 0 0 u 2 0 u u 0 2 u 0 0 0 0 2 u 0 0 d 0 0 0 u 0 
2 2 u 2 0 0 u 2 0 u 2 2 0 0 u 0 2 u 0 0 0 0 d 0 0 0 2 u 0 0 u 0 
2 2 u u 0 d 2 u 0 0 2 2 0 u u 0 2 u 0 d 0 0 u 0 0 0 2 u 0 0 0 0 
2 2 u u 0 d 2 2 0 u 2 u 0 0 u 0 2 u 0 d 0 0 2 u 0 0 u 0 0 0 0 0 
2 2 u 0 0 0 2 2 0 u 2 2 0 u u 0 2 0 0 0 0 0 2 u 0 0 u 0 0 0 2 0 
2 2 u 0 0 0 2 2 0 u 2 2 0 u u 0 2 0 0 0 0 0 u 0 0 0 2 u 0 0 2 0 
2 2 u u 0 d 2 2 0 0 2 u 0 u u 0 2 u 0 d 0 0 2 0 0 0 u u 0 0 0 0 
2 2 u u 0 d 2 u 0 u 2 2 0 0 u 0 2 u 0 d 0 0 u u 0 0 2 0 0 0 0 0 
2 u u u 0 0 2 2 d 0 2 2 0 u u 0 2 0 0 0 0 u d u 0 0 2 0 0 0 u 0 
2 u u u 0 0 2 2 0 u 2 2 d 0 u 0 2 0 0 0 0 u 2 0 0 0 d u 0 0 u 0 
2 2 u u 0 0 2 2 0 2 0 2 0 u u 0 2 u 0 0 0 0 2 0 0 0 2 u 0 0 0 0 
2 2 u u 0 0 0 2 0 u 2 2 0 2 u 0 2 u 0 0 0 0 2 u 0 0 2 0 0 0 0 0 
2 d u u 0 0 2 2 0 0 d 2 0 u u 0 2 0 0 0 u 0 2 u 0 0 2 0 0 u u 0 
2 d u u 0 0 d 2 0 u 2 2 0 0 u 0 2 0 0 0 u 0 2 0 0 u 2 u 0 0 u 0 
2 d u u 0 0 2 2 0 u d 2 0 0 u 0 2 0 0 0 u 0 2 0 0 0 2 u 0 u u 0 
2 d u u 0 0 d 2 0 0 2 2 0 u u 0 2 0 0 0 u 0 2 u 0 u 2 0 0 0 u 0 
2 2 u u 0 0 0 2 0 2 2 2 0 u u 0 2 u 0 0 0 0 2 0 0 0 2 u 0 0 0 0 
2 2 u u 0 0 2 2 0 u 0 2 0 2 u 0 2 u 0 0 0 0 2 u 0 0 2 0 0 0 0 0 
2 2 u u 0 0 2 2 0 u u 2 0 0 0 0 2 u 0 0 0 0 2 u 0 0 2 0 0 d 0 u 
2 2 u u 0 0 u 2 0 0 2 2 0 u 0 0 2 u 0 0 0 0 2 0 0 d 2 u 0 0 0 u 
2 2 2 u 0 0 2 2 0 0 u 2 0 u u 0 2 0 0 0 0 0 d u 0 0 2 0 0 0 u u 
2 2 2 u 0 0 u 2 0 u 2 2 0 0 u 0 2 0 0 0 0 0 2 0 0 0 d u 0 0 u u 
2 0 u u 0 0 2 2 0 0 2 2 0 u u 0 2 0 0 0 2 0 2 u 0 0 2 0 0 0 0 u 
2 0 u u 0 0 2 2 0 u 2 2 0 0 u 0 2 0 0 0 2 0 2 0 0 0 2 u 0 0 0 u 
2 2 0 u 0 0 2 2 0 0 u 2 0 u u 0 2 0 0 0 0 d 2 u 0 0 2 0 0 u u 0 
2 2 0 u 0 0 u 2 0 u 2 2 0 0 u 0 2 0 0 0 0 d 2 0 0 u 2 u 0 0 u 0 
2 u u u 0 0 2 2 d u 2 2 0 0 u 0 2 0 0 d 0 0 u 0 0 0 2 u 0 0 u 0 
2 u u u 0 0 2 2 0 0 2 2 d u u 0 2 0 0 d 0 0 2 u 0 0 u 0 0 0 u 0 
2 2 u u 0 0 u 2 0 0 2 2 0 u u u 2 0 0 0 0 d 2 u 0 0 d 0 0 0 u 0 
2 2 u u 0 0 2 2 0 u u 2 0 0 u u 2 0 0 0 0 d d 0 0 0 2 u 0 0 u 0 
2 2 u 0 0 0 2 u 0 u 2 2 0 0 u 0 2 u 0 0 0 0 2 0 d 0 2 u 0 0 0 u 
2 2 u 0 0 0 2 2 0 0 2 u 0 u u 0 2 u 0 0 0 0 2 u 0 0 2 0 d 0 0 u 
2 2 u u d 0 2 2 0 0 u 2 0 u u 0 2 u 0 u 0 0 2 0 0 0 2 0 0 0 0 0 
2 2 u u d 0 u 2 0 u 2 2 0 0 u 0 2 u 0 u 0 0 2 0 0 0 2 0 0 0 0 0 
2 2 u u 0 0 2 2 0 0 2 u 0 u 0 0 2 0 u 0 0 0 2 u d 0 2 0 0 0 u 0 
2 2 u u 0 0 2 u 0 u 2 2 0 0 0 0 2 0 u 0 0 0 2 0 0 0 2 u d 0 u 0 
2 2 u u 0 0 2 2 0 u 2 u 0 0 0 0 2 0 u 0 0 0 2 0 d 0 2 u 0 0 u 0 
2 2 u u 0 0 2 u 0 0 2 2 0 u 0 0 2 0 u 0 0 0 2 u 0 0 2 0 d 0 u 0 
2 u u u 0 0 2 2 d 0 2 2 0 u u 0 2 0 0 d 0 0 u u 0 0 2 0 0 0 u 0 
2 u u u 0 0 2 2 0 u 2 2 d 0 u 0 2 0 0 d 0 0 2 0 0 0 u u 0 0 u 0 
2 2 0 u 0 0 2 2 0 0 2 u 0 u u 0 2 0 0 u 0 0 2 u 0 0 2 0 d 0 u 0 
2 2 0 u 0 0 2 u 0 u 2 2 0 0 u 0 2 0 0 u 0 0 2 0 d 0 2 u 0 0 u 0 
2 2 u u u 0 2 2 0 0 2 u 0 u u 0 2 2 0 0 0 0 2 0 0 0 d u 0 0 0 0 
2 2 u u u 0 2 u 0 u 2 2 0 0 u 0 2 2 0 0 0 0 d u 0 0 2 0 0 0 0 0 
2 2 u u 0 0 2 2 0 0 2 2 0 u u 0 u u d 0 0 0 u 0 d 0 2 u 0 0 0 0 
2 2 u u 0 0 2 2 0 u 2 2 0 0 u 0 u u d 0 0 0 2 u 0 0 u 0 d 0 0 0 
2 2 u u 0 0 2 2 0 u 2 2 0 0 u 0 u u d 0 0 0 u u d 0 2 0 0 0 0 0 
2 2 u u 0 0 2 2 0 0 2 2 0 u u 0 u u d 0 0 0 2 0 0 0 u u d 0 0 0 
2 2 0 u 0 0 2 u 0 0 2 2 0 u u 0 2 0 0 u 0 0 2 u d 0 2 0 0 0 u 0 
2 2 0 u 0 0 2 2 0 u 2 u 0 0 u 0 2 0 0 u 0 0 2 0 0 0 2 u d 0 u 0 
2 2 u u 0 0 u 2 0 0 2 u 0 u u 0 2 d 0 0 0 0 2 u 0 0 2 0 0 0 u d 
2 2 u u 0 0 2 u 0 u u 2 0 0 u 0 2 d 0 0 0 0 2 0 0 0 2 u 0 0 u d 
2 2 u u 0 0 2 2 0 0 u 2 0 u u u 2 0 0 0 0 d d u 0 0 2 0 0 0 u 0 
2 2 u u 0 0 u 2 0 u 2 2 0 0 u u 2 0 0 0 0 d 2 0 0 0 d u 0 0 u 0 
2 2 u u 0 0 u 2 0 u 2 2 0 0 0 0 2 0 0 0 0 0 2 u 0 0 2 u 0 0 2 0 
2 2 u u 0 0 2 2 0 0 u 2 0 u 0 0 2 0 0 0 0 0 2 u 0 0 2 u 0 0 2 0 
2 2 u u 0 0 d 2 0 0 2 2 0 u u d 2 0 0 0 0 u 2 u 0 0 u 0 0 0 u 0 
2 2 u u 0 0 2 2 0 u d 2 0 0 u d 2 0 0 0 0 u u 0 0 0 2 u 0 0 u 0 
2 2 u u 0 0 2 2 0 0 d 2 0 u u u d 0 0 0 0 0 2 u u 0 2 0 0 0 u 0 
2 2 u u 0 0 d 2 0 u 2 2 0 0 u u d 0 0 0 0 0 2 0 0 0 2 u u 0 u 0 
2 2 u u 0 0 u 2 0 0 2 2 0 0 u 0 2 u 0 u 0 0 2 0 0 0 2 u 0 0 0 d 
2 2 u u 0 0 2 2 0 0 u 2 0 0 u 0 2 u 0 u 0 0 2 u 0 0 2 0 0 0 0 d 
2 2 u 2 0 0 2 2 0 0 2 u 0 u u 0 2 0 0 d 0 0 2 u 0 0 u 0 0 0 u 0 
2 2 u 2 0 0 2 u 0 u 2 2 0 0 u 0 2 0 0 d 0 0 u 0 0 0 2 u 0 0 u 0 
2 2 u u u 0 2 2 0 u 2 2 0 0 0 0 2 u 0 0 0 0 2 0 0 0 2 0 0 u 0 0 
2 2 u u u 0 2 2 0 0 2 2 0 u 0 0 2 u 0 0 0 0 2 0 0 u 2 0 0 0 0 0 
2 2 u u 0 0 2 2 0 u d 2 0 0 u u d 0 0 0 0 0 2 0 u 0 2 u 0 0 u 0 
2 2 u u 0 0 d 2 0 0 2 2 0 u u u d 0 0 0 0 0 2 u 0 0 2 0 u 0 u 0 
2 2 u u 0 0 u 2 0 u 2 u 0 0 u 0 2 0 0 d 0 0 2 0 0 0 2 u 0 0 2 0 
2 2 u u 0 0 2 u 0 0 u 2 0 u u 0 2 0 0 d 0 0 2 u 0 0 2 0 0 0 2 0 
2 2 u u 0 0 u 2 0 0 d 2 0 u u 0 2 0 0 d 0 0 2 u 0 0 2 0 0 0 u u 
2 2 u u 0 0 d 2 0 u u 2 0 0 u 0 2 0 0 d 0 0 2 0 0 0 2 u 0 0 u u 
2 2 u u 0 0 2 u 0 u 2 d 0 0 u 0 2 u 0 0 0 0 2 u d 0 2 0 0 u 0 0 
2 2 u u 0 0 2 d 0 0 2 u 0 u u 0 2 u 0 0 0 0 2 0 0 u 2 u d 0 0 0 
2 2 u u 0 0 2 2 0 0 d 2 0 u u d 2 0 0 0 0 u u u 0 0 2 0 0 0 u 0 
2 2 u u 0 0 d 2 0 u 2 2 0 0 u d 2 0 0 0 0 u 2 0 0 0 u u 0 0 u 0 
2 2 u u 0 0 2 d 0 0 2 u 0 u u 0 2 u 0 0 0 0 2 u 0 0 2 0 0 0 2 0 
2 2 u u 0 0 2 u 0 u 2 d 0 0 u 0 2 u 0 0 0 0 2 0 0 0 2 u 0 0 2 0 
2 2 u u 0 0 2 u 0 0 2 d 0 u u 0 2 u 0 0 0 0 2 0 d 0 2 u 0 u 0 0 
2 2 u u 0 0 2 d 0 u 2 u 0 0 u 0 2 u 0 0 0 0 2 u 0 u 2 0 d 0 0 0 
2 2 u d 0 0 2 2 0 0 2 2 0 u u 0 2 0 0 0 0 0 u u u 0 2 0 0 0 u 0 
2 2 u d 0 0 2 2 0 u 2 2 0 0 u 0 2 0 0 0 0 0 2 0 0 0 u u u 0 u 0 
2 2 u u 0 d d 2 0 0 2 u 0 u u u 2 u 0 0 0 0 2 0 0 0 2 u 0 0 0 0 
2 2 u u 0 d 2 u 0 u d 2 0 0 u u 2 u 0 0 0 0 2 u 0 0 2 0 0 0 0 0 
2 2 u 0 0 0 2 2 0 u 2 2 0 u u 0 2 d 0 0 0 0 2 0 0 0 u u 0 0 u 0 
2 2 u 0 0 0 2 2 0 u 2 2 0 u u 0 2 d 0 0 0 0 u u 0 0 2 0 0 0 u 0 
2 2 u u 0 0 u 2 0 u 2 u 0 0 u 0 2 d 0 0 0 0 2 0 0 0 2 u 0 0 u d 
2 2 u u 0 0 2 u 0 0 u 2 0 u u 0 2 d 0 0 0 0 2 u 0 0 2 0 0 0 u d 
2 2 u u 0 0 2 d 0 u 2 u 0 0 u 0 2 u 0 0 0 0 2 0 0 0 2 u 0 0 2 0 
2 2 u u 0 0 2 u 0 0 2 d 0 u u 0 2 u 0 0 0 0 2 u 0 0 2 0 0 0 2 0 
2 2 d u 0 0 2 2 0 0 2 2 0 u u 0 u u 0 0 u 0 2 0 0 0 2 u 0 0 0 0 
2 2 d u 0 0 2 2 0 u 2 2 0 0 u 0 u u 0 0 u 0 2 u 0 0 2 0 0 0 0 0 
2 2 u u 0 0 2 2 0 u 2 2 0 0 u 0 0 u 0 0 0 0 2 u 0 0 2 0 0 2 0 0 
2 2 u u 0 0 2 2 0 0 2 2 0 u u 0 0 u 0 0 0 0 2 0 0 2 2 u 0 0 0 0 
2 2 u u 0 0 2 2 0 u u 2 0 0 0 0 2 d 0 0 0 0 2 u 0 0 2 u 0 0 u 0 
2 2 u u 0 0 u 2 0 0 2 2 0 u 0 0 2 d 0 0 0 0 2 u 0 0 2 u 0 0 u 0 
2 2 u u 0 0 d 2 0 0 u 2 0 u u 0 2 0 0 d 0 0 2 u 0 0 2 0 0 0 u u 
2 2 u u 0 0 u 2 0 u d 2 0 0 u 0 2 0 0 d 0 0 2 0 0 0 2 u 0 0 u u 
2 2 u u 0 0 u 2 0 0 2 u 0 u u 0 2 0 0 d 0 0 2 u 0 0 2 0 0 0 2 0 
2 2 u u 0 0 2 u 0 u u 2 0 0 u 0 2 0 0 d 0 0 2 0 0 0 2 u 0 0 2 0 
2 2 0 u 0 0 2 2 0 u u 2 0 0 u 0 2 u 0 d 0 0 2 u 0 0 2 0 0 u 0 0 
2 2 0 u 0 0 u 2 0 0 2 2 0 u u 0 2 u 0 d 0 0 2 0 0 u 2 u 0 0 0 0 
2 2 u u 0 0 2 2 0 0 2 u 0 u 0 0 2 0 0 0 u 0 2 u d 0 2 0 0 0 u 0 
2 2 u u 0 0 2 u 0 u 2 2 0 0 0 0 2 0 0 0 u 0 2 0 0 0 2 u d 0 u 0 
2 2 u u 0 0 2 2 0 u 2 u 0 0 0 0 2 0 0 0 u 0 2 0 d 0 2 u 0 0 u 0 
2 2 u u 0 0 2 u 0 0 2 2 0 u 0 0 2 0 0 0 u 0 2 u 0 0 2 0 d 0 u 0 
2 u u u 0 0 2 2 d u 2 2 0 0 u 0 2 0 0 0 0 0 2 0 0 0 u u 0 0 u d 
2 u u u 0 0 2 2 0 0 2 2 d u u 0 2 0 0 0 0 0 u u 0 0 2 0 0 0 u d 
2 2 u 2 0 0 2 u 0 0 2 2 0 u u 0 2 0 0 d 0 0 u u 0 0 2 0 0 0 u 0 
2 2 u 2 0 0 2 2 0 u 2 u 0 0 u 0 2 0 0 d 0 0 2 0 0 0 u u 0 0 u 0 
2 2 2 u 0 0 2 2 0 0 2 2 0 0 u 0 2 0 0 u 0 0 2 u 0 0 u 0 0 0 u 0 
2 2 2 u 0 0 2 2 0 0 2 2 0 0 u 0 2 0 0 u 0 0 u 0 0 0 2 u 0 0 u 0 
2 2 u u 0 0 2 2 0 0 2 2 0 u u 0 0 u 0 0 0 0 2 0 0 0 2 u 0 2 0 0 
2 2 u u 0 0 2 2 0 u 2 2 0 0 u 0 0 u 0 0 0 0 2 u 0 2 2 0 0 0 0 0 
2 2 0 u 0 0 2 2 0 d 2 2 0 u u 0 2 u 0 0 0 0 u u 0 0 2 0 0 0 u 0 
2 2 0 u 0 0 2 2 0 u 2 2 0 d u 0 2 u 0 0 0 0 2 0 0 0 u u 0 0 u 0 
2 2 0 u 0 0 u 2 0 0 2 2 0 u u 0 2 u 0 0 0 0 2 0 0 0 2 u 0 u 0 d 
2 2 0 u 0 0 2 2 0 u u 2 0 0 u 0 2 u 0 0 0 0 2 u 0 u 2 0 0 0 0 d 
2 2 0 u 0 0 u 2 0 u 2 2 0 0 u 0 2 u 0 0 0 0 2 u 0 0 2 0 0 u 0 d 
2 2 0 u 0 0 2 2 0 0 u 2 0 u u 0 2 u 0 0 0 0 2 0 0 u 2 u 0 0 0 d 
2 2 0 u 0 0 2 2 0 u d 2 0 0 u 0 2 0 0 0 0 u 2 0 0 0 2 u 0 u u 0 
2 2 0 u 0 0 d 2 0 0 2 2 0 u u 0 2 0 0 0 0 u 2 u 0 u 2 0 0 0 u 0 
2 2 u u 0 d 2 u 0 0 d 2 0 u u u 2 u 0 0 0 0 2 0 0 0 2 u 0 0 0 0 
2 2 u u 0 d d 2 0 u 2 u 0 0 u u 2 u 0 0 0 0 2 u 0 0 2 0 0 0 0 0 
2 u u u 0 0 2 2 d 0 2 2 0 u u 0 2 0 0 0 0 0 2 u 0 0 u 0 0 0 u d 
2 u u u 0 0 2 2 0 u 2 2 d 0 u 0 2 0 0 0 0 0 u 0 0 0 2 u 0 0 u d 
2 2 u 0 u 0 2 2 0 0 2 2 0 u u 0 2 0 0 0 0 0 2 u 0 0 u 0 0 d u 0 
2 2 u 0 u 0 2 2 0 u 2 2 0 0 u 0 2 0 0 0 0 0 u 0 0 d 2 u 0 0 u 0 
2 2 u u 0 0 2 d 0 u 2 0 d 0 u 0 2 0 0 0 0 0 2 0 u 0 2 u u 0 u 0 
2 2 u u 0 0 2 0 d 0 2 d 0 u u 0 2 0 0 0 0 0 2 u u 0 2 0 u 0 u 0 
2 2 u u 0 0 2 d 0 0 2 0 d u u 0 2 0 0 0 0 0 2 u u 0 2 0 u 0 u 0 
2 2 u u 0 0 2 0 d u 2 d 0 0 u 0 2 0 0 0 0 0 2 0 u 0 2 u u 0 u 0 
u 2 u u 0 0 u 2 0 0 2 2 0 u u 0 2 0 d 0 0 0 2 u d 0 2 0 0 0 u 0 
u 2 u u 0 0 2 2 0 u u 2 0 0 u 0 2 0 d 0 0 0 2 0 0 0 2 u d 0 u 0 
u 2 u u 0 0 u 2 0 u 2 2 0 0 u 0 2 0 d 0 0 0 2 0 d 0 2 u 0 0 u 0 
u 2 u u 0 0 2 2 0 0 u 2 0 u u 0 2 0 d 0 0 0 2 u 0 0 2 0 d 0 u 0 
2 2 u u 0 0 2 2 0 u 2 d 0 0 0 0 2 u 0 0 0 0 2 u 0 0 2 u 0 0 0 u 
2 2 u u 0 0 2 d 0 0 2 2 0 u 0 0 2 u 0 0 0 0 2 u 0 0 2 u 0 0 0 u 
2 2 u u 0 0 2 u d 0 2 d u u u 0 2 0 0 0 0 0 2 u 0 0 2 0 0 0 0 u 
2 2 u u 0 0 2 d u u 2 u d 0 u 0 2 0 0 0 0 0 2 0 0 0 2 u 0 0 0 u 
2 2 0 u 0 0 2 2 0 0 d 2 0 u u 0 2 0 0 0 0 u 2 u 0 0 2 0 0 u u 0 
2 2 0 u 0 0 d 2 0 u 2 2 0 0 u 0 2 0 0 0 0 u 2 0 0 u 2 u 0 0 u 0 
2 2 u u 0 0 2 u d u 2 d u 0 u 0 2 0 0 0 0 0 2 0 0 0 2 u 0 0 0 u 
2 2 u u 0 0 2 d u 0 2 u d u u 0 2 0 0 0 0 0 2 u 0 0 2 0 0 0 0 u 
2 2 u d 0 0 2 2 0 u 2 2 0 0 u 0 2 0 0 0 0 0 u 0 u 0 2 u 0 0 u 0 
2 2 u d 0 0 2 2 0 0 2 2 0 u u 0 2 0 0 0 0 0 2 u 0 0 u 0 u 0 u 0 
2 2 0 u 0 0 2 2 0 0 2 2 0 2 u 0 2 u 0 0 0 0 2 u 0 0 u 0 0 0 u 0 
2 2 0 u 0 0 2 2 0 2 2 2 0 0 u 0 2 u 0 0 0 0 u 0 0 0 2 u 0 0 u 0 
2 d 0 u 0 0 2 u 0 0 2 2 0 u 0 0 2 u u 0 u 0 2 0 d 0 2 u 0 0 u 0 
2 d 0 u 0 0 2 2 0 u 2 u 0 0 0 0 2 u u 0 u 0 2 u 0 0 2 0 d 0 u 0 
2 2 u u 0 0 u 2 0 0 2 2 0 u u d 2 u 0 u 0 0 2 0 0 0 2 0 0 0 0 0 
2 2 u u 0 0 2 2 0 u u 2 0 0 u d 2 u 0 u 0 0 2 0 0 0 2 0 0 0 0 0 
2 d 0 u 0 0 2 u 0 u 2 2 0 0 0 0 2 u u 0 u 0 2 u d 0 2 0 0 0 u 0 
2 d 0 u 0 0 2 2 0 0 2 u 0 u 0 0 2 u u 0 u 0 2 0 0 0 2 u d 0 u 0 
2 2 u 2 0 u u d 0 u 2 2 0 0 u 0 2 0 0 0 0 0 2 0 0 0 2 u 0 0 u 0 
2 2 u 2 0 u 2 2 0 0 u d 0 u u 0 2 0 0 0 0 0 2 u 0 0 2 0 0 0 u 0 
2 2 u 2 0 u u d 0 0 2 2 0 u u 0 2 0 0 0 0 0 2 u 0 0 2 0 0 0 u 0 
2 2 u 2 0 u 2 2 0 u u d 0 0 u 0 2 0 0 0 0 0 2 0 0 0 2 u 0 0 u 0 
u 2 u u 0 0 2 2 0 0 2 2 0 0 u 0 2 0 0 0 0 0 2 u d 0 2 0 0 0 u u 
u 2 u u 0 0 2 2 0 0 2 2 0 0 u 0 2 0 0 0 0 0 2 0 0 0 2 u d 0 u u 
2 0 u 0 0 0 2 2 2 0 2 2 0 u 0 0 2 u 0 0 0 0 2 u 0 0 2 0 0 0 u u 
2 0 u 0 0 0 2 2 0 u 2 2 2 0 0 0 2 u 0 0 0 0 2 0 0 0 2 u 0 0 u u 
2 0 u 0 0 0 2 2 2 u 2 2 0 0 0 0 2 u 0 0 0 0 2 0 0 0 2 u 0 0 u u 
2 0 u 0 0 0 2 2 0 0 2 2 2 u 0 0 2 u 0 0 0 0 2 u 0 0 2 0 0 0 u u 
2 2 u 2 0 0 2 2 0 0 2 d 0 u u 0 2 0 0 u 0 0 2 u 0 0 u 0 0 0 u 0 
2 2 u 2 0 0 2 d 0 u 2 2 0 0 u 0 2 0 0 u 0 0 u 0 0 0 2 u 0 0 u 0 
2 0 0 0 0 0 2 2 0 u 2 2 0 0 u 0 2 u u 0 u d 2 0 0 0 2 u 0 0 u 0 
2 0 0 0 0 0 2 2 0 0 2 2 0 u u 0 2 u u 0 u d 2 u 0 0 2 0 0 0 u 0 
2 2 0 u 0 0 2 2 0 0 u 2 0 u u 0 2 u 0 d 0 0 2 0 0 0 2 u 0 u 0 0 
2 2 0 u 0 0 u 2 0 u 2 2 0 0 u 0 2 u 0 d 0 0 2 u 0 u 2 0 0 0 0 0 
2 2 u 0 0 0 2 2 0 0 2 u 0 u 0 u 2 0 0 u 0 0 2 u 0 0 2 0 0 d u 0 
2 2 u 0 0 0 2 u 0 u 2 2 0 0 0 u 2 0 0 u 0 0 2 0 0 d 2 u 0 0 u 0 
2 2 u 0 0 0 2 2 0 u 2 u 0 0 0 u 2 0 0 u 0 0 2 0 0 0 2 u 0 d u 0 
2 2 u 0 0 0 2 u 0 0 2 2 0 u 0 u 2 0 0 u 0 0 2 u 0 d 2 0 0 0 u 0 
2 2 u 0 0 0 2 2 0 0 2 u d u u u 2 u 0 0 0 0 2 u 0 0 2 0 0 0 0 0 
2 2 u 0 0 0 2 u d u 2 2 0 0 u u 2 u 0 0 0 0 2 0 0 0 2 u 0 0 0 0 
2 0 u u 0 0 2 2 0 0 2 2 0 u 2 u 2 u 0 0 0 0 2 0 0 0 2 u 0 0 0 0 
2 0 u u 0 0 2 2 0 u 2 2 0 0 2 u 2 u 0 0 0 0 2 u 0 0 2 0 0 0 0 0 
2 2 u u 0 0 2 2 0 0 2 2 0 u d 0 u 0 0 0 u 0 2 u 0 0 2 0 0 0 u 0 
2 2 u u 0 0 2 2 0 u 2 2 0 0 d 0 u 0 0 0 u 0 2 0 0 0 2 u 0 0 u 0 
2 2 0 u 0 0 2 2 0 0 2 2 0 u 2 0 u 0 0 0 0 0 2 u 0 0 2 0 0 0 u u 
2 2 0 u 0 0 2 2 0 u 2 2 0 0 2 0 u 0 0 0 0 0 2 0 0 0 2 u 0 0 u u 
2 2 u u u 0 u 2 0 0 2 2 0 u u 0 2 0 0 0 0 0 2 u 0 0 d 0 0 0 u d 
2 2 u u u 0 2 2 0 u u 2 0 0 u 0 2 0 0 0 0 0 d 0 0 0 2 u 0 0 u d 
2 2 u u u 0 2 2 0 0 u 2 0 u u 0 2 0 0 0 0 0 d u 0 0 2 0 0 0 u d 
2 2 u u u 0 u 2 0 u 2 2 0 0 u 0 2 0 0 0 0 0 2 0 0 0 d u 0 0 u d 
2 2 0 u 0 0 2 2 0 u d 2 0 0 u 0 2 0 0 u 0 0 2 0 0 0 2 u 0 u u 0 
2 2 0 u 0 0 d 2 0 0 2 2 0 u u 0 2 0 0 u 0 0 2 u 0 u 2 0 0 0 u 0 
2 2 u 0 0 0 2 2 0 0 2 u d u 0 0 2 0 0 u 0 0 2 u 0 0 2 0 0 0 u u 
2 2 u 0 0 0 2 u d u 2 2 0 0 0 0 2 0 0 u 0 0 2 0 0 0 2 u 0 0 u u 
2 2 u u 0 0 2 2 0 0 d 2 0 u u d 2 0 0 u 0 0 u u 0 0 2 0 0 0 u 0 
2 2 u u 0 0 d 2 0 u 2 2 0 0 u d 2 0 0 u 0 0 2 0 0 0 u u 0 0 u 0 
2 2 u u 0 0 u 2 0 0 2 2 0 u u u 2 0 0 d 0 0 2 u 0 0 d 0 0 0 u 0 
2 2 u u 0 0 2 2 0 u u 2 0 0 u u 2 0 0 d 0 0 d 0 0 0 2 u 0 0 u 0 
2 2 2 u 0 0 2 u 0 0 2 2 0 u u 0 u 0 0 0 0 0 2 u d 0 2 0 0 0 u 0 
2 2 2 u 0 0 2 2 0 u 2 u 0 0 u 0 u 0 0 0 0 0 2 0 0 0 2 u d 0 u 0 
2 2 u u 0 0 u 2 0 0 2 2 0 0 u 0 2 u 0 d 0 0 2 0 0 0 2 u 0 0 0 u 
2 2 u u 0 0 2 2 0 0 u 2 0 0 u 0 2 u 0 d 0 0 2 u 0 0 2 0 0 0 0 u 
2 2 2 u 0 0 2 u 0 u 2 2 0 0 u 0 u 0 0 0 0 0 2 0 d 0 2 u 0 0 u 0 
2 2 2 u 0 0 2 2 0 0 2 u 0 u u 0 u 0 0 0 0 0 2 u 0 0 2 0 d 0 u 0 
2 2 u 0 0 0 2 2 0 u 2 u d 0 0 0 2 0 0 u 0 0 2 0 0 0 2 u 0 0 u u 
2 2 u 0 0 0 2 u d 0 2 2 0 u 0 0 2 0 0 u 0 0 2 u 0 0 2 0 0 0 u u 
2 2 u 2 0 0 2 2 0 u 2 d 0 0 u 0 2 0 0 u 0 0 2 0 0 0 u u 0 0 u 0 
2 2 u 2 0 0 2 d 0 0 2 2 0 u u 0 2 0 0 u 0 0 u u 0 0 2 0 0 0 u 0 
2 2 u u 0 u 2 d 0 u u 2 0 0 2 0 2 0 0 0 0 0 2 0 0 0 2 u 0 0 u 0 
2 2 u u 0 u u 2 0 0 2 d 0 u 2 0 2 0 0 0 0 0 2 u 0 0 2 0 0 0 u 0 
2 2 u u 0 u 2 d 0 0 u 2 0 u 2 0 2 0 0 0 0 0 2 u 0 0 2 0 0 0 u 0 
2 2 u u 0 u u 2 0 u 2 d 0 0 2 0 2 0 0 0 0 0 2 0 0 0 2 u 0 0 u 0 
2 2 0 u 0 0 2 2 0 0 d 2 0 u u 0 2 0 0 u 0 0 2 u 0 0 2 0 0 u u 0 
2 2 0 u 0 0 d 2 0 u 2 2 0 0 u 0 2 0 0 u 0 0 2 0 0 u 2 u 0 0 u 0 
2 d u 0 0 0 2 u 0 0 2 2 0 u 0 0 2 u 0 0 u 0 2 u d 0 2 0 0 0 u u 
2 d u 0 0 0 2 2 0 u 2 u 0 0 0 0 2 u 0 0 u 0 2 0 0 0 2 u d 0 u u 
2 2 u 0 0 u 2 d 0 u 2 2 0 u u 0 2 0 0 0 0 0 2 u 0 0 2 0 0 0 u 0 
2 2 u 0 0 u 2 2 0 u 2 d 0 u u 0 2 0 0 0 0 0 2 0 0 0 2 u 0 0 u 0 
2 d u 0 0 0 2 u 0 u 2 2 0 0 0 0 2 u 0 0 u 0 2 0 d 0 2 u 0 0 u u 
2 d u 0 0 0 2 2 0 0 2 u 0 u 0 0 2 u 0 0 u 0 2 u 0 0 2 0 d 0 u u 
2 2 u u 0 0 2 2 0 0 u 2 0 u u u 2 0 0 d 0 0 d u 0 0 2 0 0 0 u 0 
2 2 u u 0 0 u 2 0 u 2 2 0 0 u u 2 0 0 d 0 0 2 0 0 0 d u 0 0 u 0 
2 2 0 0 0 0 2 2 0 u 2 u d 0 u 0 2 u 0 0 0 u 2 0 0 0 2 u 0 0 u 0 
2 2 0 0 0 0 2 u d 0 2 2 0 u u 0 2 u 0 0 0 u 2 u 0 0 2 0 0 0 u 0 
2 2 0 0 0 0 2 2 0 0 2 u d u u 0 2 u 0 0 0 u 2 u 0 0 2 0 0 0 u 0 
2 2 0 0 0 0 2 u d u 2 2 0 0 u 0 2 u 0 0 0 u 2 0 0 0 2 u 0 0 u 0 
2 2 u u 0 0 d 2 0 0 2 2 0 u u d 2 0 0 u 0 0 2 u 0 0 u 0 0 0 u 0 
2 2 u u 0 0 2 2 0 u d 2 0 0 u d 2 0 0 u 0 0 u 0 0 0 2 u 0 0 u 0 
2 d u u 0 0 2 2 u 0 d 2 0 u u u 2 0 0 0 0 0 2 u 0 0 2 0 0 0 u 0 
2 d u u 0 0 d 2 0 u 2 2 u 0 u u 2 0 0 0 0 0 2 0 0 0 2 u 0 0 u 0 
2 d u u 0 0 2 2 u u d 2 0 0 u u 2 0 0 0 0 0 2 0 0 0 2 u 0 0 u 0 
2 d u u 0 0 d 2 0 0 2 2 u u u u 2 0 0 0 0 0 2 u 0 0 2 0 0 0 u 0 
2 2 u u 0 0 2 2 0 u u 2 0 0 u d 2 0 0 0 0 0 2 0 0 0 2 u 0 u 0 0 
2 2 u u 0 0 u 2 0 0 2 2 0 u u d 2 0 0 0 0 0 2 u 0 u 2 0 0 0 0 0 
2 2 2 u 0 0 2 u 0 u d 2 0 0 u u 2 0 0 0 0 0 2 0 0 0 2 u 0 0 u 0 
2 2 2 u 0 0 d 2 0 0 2 u 0 u u u 2 0 0 0 0 0 2 u 0 0 2 0 0 0 u 0 
d 2 u u 0 d 2 2 0 0 2 2 0 u u 0 u 0 0 0 0 u 2 u 0 0 2 0 0 0 u 0 
d 2 u u 0 d 2 2 0 u 2 2 0 0 u 0 u 0 0 0 0 u 2 0 0 0 2 u 0 0 u 0 
2 2 u u 0 0 2 2 0 0 u 2 0 u u d 2 0 0 0 0 0 2 u 0 0 2 0 0 u 0 0 
2 2 u u 0 0 u 2 0 u 2 2 0 0 u d 2 0 0 0 0 0 2 0 0 u 2 u 0 0 0 0 
2 2 u u 0 0 0 2 0 0 2 2 0 u u 0 2 u 0 0 0 0 2 2 0 0 2 u 0 0 0 0 
2 2 u u 0 0 2 2 0 u 0 2 0 0 u 0 2 u 0 0 0 0 2 u 0 0 2 2 0 0 0 0 
2 2 u u 0 0 2 d u 0 2 2 0 u u 0 2 0 0 0 0 0 d u u 0 2 0 0 0 u 0 
2 2 u u 0 0 2 2 0 u 2 d u 0 u 0 2 0 0 0 0 0 2 0 0 0 d u u 0 u 0 
u 2 u u 0 0 2 2 0 0 2 2 0 0 u 0 2 0 0 u 0 0 2 0 d 0 2 u 0 0 u 0 
u 2 u u 0 0 2 2 0 0 2 2 0 0 u 0 2 0 0 u 0 0 2 u 0 0 2 0 d 0 u 0 
2 2 u u 0 0 2 2 0 0 0 2 0 u u 0 2 u 0 0 0 0 2 2 0 0 2 u 0 0 0 0 
2 2 u u 0 0 0 2 0 u 2 2 0 0 u 0 2 u 0 0 0 0 2 u 0 0 2 2 0 0 0 0 
2 u 0 u 0 0 2 2 0 u 2 u 0 0 u u 2 0 0 0 2 0 2 0 0 0 2 u 0 d 0 0 
2 u 0 u 0 0 2 u 0 0 2 2 0 u u u 2 0 0 0 2 0 2 u 0 d 2 0 0 0 0 0 
2 u 0 u 0 0 2 2 0 0 2 u 0 u u u 2 0 0 0 2 0 2 u 0 0 2 0 0 d 0 0 
2 u 0 u 0 0 2 u 0 u 2 2 0 0 u u 2 0 0 0 2 0 2 0 0 d 2 u 0 0 0 0 
2 2 u u 0 0 2 d u u 2 2 0 0 u 0 2 0 0 0 0 0 d 0 u 0 2 u 0 0 u 0 
2 2 u u 0 0 2 2 0 0 2 d u u u 0 2 0 0 0 0 0 2 u 0 0 d 0 u 0 u 0 
2 2 u 2 0 0 u 2 0 u 2 u 0 0 2 0 2 0 0 0 0 0 2 0 0 0 2 u 0 0 u 0 
2 2 u 2 0 0 2 u 0 0 u 2 0 u 2 0 2 0 0 0 0 0 2 u 0 0 2 0 0 0 u 0 
2 2 u 2 0 0 u 2 0 0 2 u 0 u 2 0 2 0 0 0 0 0 2 u 0 0 2 0 0 0 u 0 
2 2 u 2 0 0 2 u 0 u u 2 0 0 2 0 2 0 0 0 0 0 2 0 0 0 2 u 0 0 u 0 
2 2 u u 0 0 2 2 0 u 2 d 0 0 2 0 2 0 0 0 0 0 2 0 0 0 u u 0 0 u u 
2 2 u u 0 0 2 d 0 0 2 2 0 u 2 0 2 0 0 0 0 0 u u 0 0 2 0 0 0 u u 
2 2 u u 0 u 2 d 0 0 u 2 0 u u d 2 u 0 0 0 0 2 0 0 0 2 u 0 0 0 0 
2 2 u u 0 u u 2 0 u 2 d 0 0 u d 2 u 0 0 0 0 2 u 0 0 2 0 0 0 0 0 
2 2 2 u 0 0 2 u 0 0 d 2 0 u u u 2 0 0 0 0 0 2 u 0 0 2 0 0 0 u 0 
2 2 2 u 0 0 d 2 0 u 2 u 0 0 u u 2 0 0 0 0 0 2 0 0 0 2 u 0 0 u 0 
2 u 0 u 0 0 2 2 0 0 2 2 0 u u 0 2 0 d 0 u 0 2 u 0 0 2 0 0 0 u 0 
2 u 0 u 0 0 2 2 0 u 2 2 0 0 u 0 2 0 d 0 u 0 2 0 0 0 2 u 0 0 u 0 
2 2 u u 0 u u 2 0 0 2 d 0 u u d 2 u 0 0 0 0 2 0 0 0 2 u 0 0 0 0 
2 2 u u 0 u 2 d 0 u u 2 0 0 u d 2 u 0 0 0 0 2 u 0 0 2 0 0 0 0 0 
2 2 u u 0 u 2 2 0 0 2 d 0 u u 0 2 u 0 u 0 0 2 0 0 0 d u 0 0 0 0 
2 2 u u 0 u 2 d 0 u 2 2 0 0 u 0 2 u 0 u 0 0 d u 0 0 2 0 0 0 0 0 
2 2 u 0 0 0 2 2 0 u 2 u d 0 u u 2 u 0 0 0 0 2 0 0 0 2 u 0 0 0 0 
2 2 u 0 0 0 2 u d 0 2 2 0 u u u 2 u 0 0 0 0 2 u 0 0 2 0 0 0 0 0 
2 2 u u 0 0 d 2 0 u 2 d 0 0 u 0 2 u 0 0 0 0 2 0 0 0 2 u 0 0 u u 
2 2 u u 0 0 2 d 0 0 d 2 0 u u 0 2 u 0 0 0 0 2 u 0 0 2 0 0 0 u u 
u 2 0 u 0 0 2 2 0 0 2 2 0 u u 0 2 u u 0 d 0 2 0 0 0 2 u 0 0 0 0 
u 2 0 u 0 0 2 2 0 u 2 2 0 0 u 0 2 u u 0 d 0 2 u 0 0 2 0 0 0 0 0 
2 2 u u u 0 2 u 0 0 d 2 0 u 2 0 2 0 0 0 0 0 2 u 0 0 2 0 0 0 u 0 
2 2 u u u 0 d 2 0 u 2 u 0 0 2 0 2 0 0 0 0 0 2 0 0 0 2 u 0 0 u 0 
2 2 u u 0 0 2 2 0 u 2 2 0 0 0 u 2 0 0 0 0 0 u 0 d 0 2 u 0 0 u 0 
2 2 u u 0 0 2 2 0 0 2 2 0 u 0 u 2 0 0 0 0 0 2 u 0 0 u 0 d 0 u 0 
2 2 u u 0 u 2 d 0 0 2 2 0 u u 0 2 u 0 u 0 0 d 0 0 0 2 u 0 0 0 0 
2 2 u u 0 u 2 2 0 u 2 d 0 0 u 0 2 u 0 u 0 0 2 u 0 0 d 0 0 0 0 0 
u 2 u u 0 0 2 2 u 0 2 2 d u 0 0 2 0 0 0 0 0 2 u 0 0 2 0 0 0 u 0 
u 2 u u 0 0 2 2 d u 2 2 u 0 0 0 2 0 0 0 0 0 2 0 0 0 2 u 0 0 u 0 
2 2 u u 0 0 2 2 0 0 u 2 0 0 u 0 2 u 0 0 0 0 2 0 0 0 2 u 0 0 0 2 
2 2 u u 0 0 u 2 0 0 2 2 0 0 u 0 2 u 0 0 0 0 2 u 0 0 2 0 0 0 0 2 
2 2 2 u 0 0 2 2 0 u u 2 0 0 u 0 2 0 0 u 0 0 2 0 0 0 d u 0 0 u 0 
2 2 2 u 0 0 u 2 0 0 2 2 0 u u 0 2 0 0 u 0 0 d u 0 0 2 0 0 0 u 0 
2 u u u 0 u 2 2 0 0 2 2 0 u 0 d 2 u 0 0 0 0 2 0 0 0 2 u 0 0 0 0 
2 u u u 0 u 2 2 0 u 2 2 0 0 0 d 2 u 0 0 0 0 2 u 0 0 2 0 0 0 0 0 
2 2 u u d u 2 2 0 0 u d 0 u u 0 2 u 0 0 0 0 2 0 0 0 2 u 0 0 0 0 
2 2 u u d u u d 0 u 2 2 0 0 u 0 2 u 0 0 0 0 2 u 0 0 2 0 0 0 0 0 
2 2 u 0 0 0 2 d 0 0 2 2 0 u u 0 2 u 0 0 0 0 2 u u 0 2 0 0 0 0 u 
2 2 u 0 0 0 2 2 0 u 2 d 0 0 u 0 2 u 0 0 0 0 2 0 0 0 2 u u 0 0 u 
2 2 u u d u u d 0 0 2 2 0 u u 0 2 u 0 0 0 0 2 0 0 0 2 u 0 0 0 0 
2 2 u u d u 2 2 0 u u d 0 0 u 0 2 u 0 0 0 0 2 u 0 0 2 0 0 0 0 0 
2 2 u u 0 0 2 2 0 0 2 d 0 u 2 0 2 0 0 0 0 0 2 u 0 0 u 0 0 0 u u 
2 2 u u 0 0 2 d 0 u 2 2 0 0 2 0 2 0 0 0 0 0 u 0 0 0 2 u 0 0 u u 
2 2 u 0 0 0 2 0 0 0 2 2 0 u 0 0 2 0 0 u 0 0 2 u 2 0 2 0 0 0 u u 
2 2 u 0 0 0 2 2 0 u 2 0 0 0 0 0 2 0 0 u 0 0 2 0 0 0 2 u 2 0 u u 
2 2 u 0 0 0 2 2 0 u 2 0 d 0 u 0 2 u 0 0 0 0 2 0 0 0 2 u u 0 0 u 
2 2 u 0 0 0 2 0 d 0 2 2 0 u u 0 2 u 0 0 0 0 2 u u 0 2 0 0 0 0 u 
2 2 2 u 0 0 2 2 0 0 u 2 0 u u 0 2 0 0 u 0 0 2 u 0 0 d 0 0 0 u 0 
2 2 2 u 0 0 u 2 0 u 2 2 0 0 u 0 2 0 0 u 0 0 d 0 0 0 2 u 0 0 u 0 
2 2 u u 0 0 2 2 0 0 2 2 0 u u 0 d 0 0 d 0 0 2 u 0 0 u 0 0 u u 0 
2 2 u u 0 0 2 2 0 u 2 2 0 0 u 0 d 0 0 d 0 0 u 0 0 u 2 u 0 0 u 0 
2 2 u u 0 0 d 2 0 0 2 d 0 u u 0 2 u 0 0 0 0 2 u 0 0 2 0 0 0 u u 
2 2 u u 0 0 2 d 0 u d 2 0 0 u 0 2 u 0 0 0 0 2 0 0 0 2 u 0 0 u u 
d 2 u u 0 0 2 2 0 u 2 2 d 0 u 0 u 0 0 0 0 0 2 0 0 0 2 u u 0 u 0 
d 2 u u 0 0 2 2 d 0 2 2 0 u u 0 u 0 0 0 0 0 2 u u 0 2 0 0 0 u 0 
2 2 0 u u 0 2 2 0 0 2 2 0 u 0 u 2 0 u 0 0 0 2 0 0 0 2 u 0 0 0 0 
2 2 0 u u 0 2 2 0 u 2 2 0 0 0 u 2 0 u 0 0 0 2 u 0 0 2 0 0 0 0 0 
2 2 u 0 0 0 2 0 0 u 2 2 0 0 0 0 2 0 0 u 0 0 2 0 2 0 2 u 0 0 u u 
2 2 u 0 0 0 2 2 0 0 2 0 0 u 0 0 2 0 0 u 0 0 2 u 0 0 2 0 2 0 u u 
2 2 u 0 0 0 2 d 0 u 2 2 0 0 u 0 2 u 0 0 0 0 2 0 u 0 2 u 0 0 0 u 
2 2 u 0 0 0 2 2 0 0 2 d 0 u u 0 2 u 0 0 0 0 2 u 0 0 2 0 u 0 0 u 
d 2 u u 0 0 2 2 0 0 2 2 0 u 0 0 2 0 0 0 u 0 2 u 0 0 2 0 0 0 u u 
d 2 u u 0 0 2 2 0 u 2 2 0 0 0 0 2 0 0 0 u 0 2 0 0 0 2 u 0 0 u u 
d 2 u u 0 0 2 2 0 0 2 2 d u u 0 u 0 0 0 0 0 2 u 0 0 2 0 u 0 u 0 
d 2 u u 0 0 2 2 d u 2 2 0 0 u 0 u 0 0 0 0 0 2 0 u 0 2 u 0 0 u 0 
2 2 u u 0 0 2 2 0 0 2 2 0 u u 0 2 u 0 0 0 0 0 0 0 0 2 u 0 0 2 0 
2 2 u u 0 0 2 2 0 u 2 2 0 0 u 0 2 u 0 0 0 0 2 u 0 0 0 0 0 0 2 0 
2 2 u 0 0 0 2 2 0 0 2 0 d u u 0 2 u 0 0 0 0 2 u 0 0 2 0 u 0 0 u 
2 2 u 0 0 0 2 0 d u 2 2 0 0 u 0 2 u 0 0 0 0 2 0 u 0 2 u 0 0 0 u 
2 0 u 0 2 0 2 2 0 0 2 2 0 u 0 0 2 u 0 0 0 0 2 u 0 0 2 0 0 0 u u 
2 0 u 0 2 0 2 2 0 u 2 2 0 0 0 0 2 u 0 0 0 0 2 0 0 0 2 u 0 0 u u 
u 2 u u 0 0 2 2 u u 2 2 d 0 0 0 2 0 0 0 0 0 2 0 0 0 2 u 0 0 u 0 
u 2 u u 0 0 2 2 d 0 2 2 u u 0 0 2 0 0 0 0 0 2 u 0 0 2 0 0 0 u 0 
2 u u u 0 d 2 2 0 u 2 2 0 0 u 0 2 0 0 0 0 0 u 0 d 0 2 u 0 0 u 0 
2 u u u 0 d 2 2 0 0 2 2 0 u u 0 2 0 0 0 0 0 2 u 0 0 u 0 d 0 u 0 
2 u u u 0 d 2 2 0 0 2 2 0 u u 0 2 0 0 0 0 0 u u d 0 2 0 0 0 u 0 
2 u u u 0 d 2 2 0 u 2 2 0 0 u 0 2 0 0 0 0 0 2 0 0 0 u u d 0 u 0 
2 2 u u 0 0 2 2 0 u 2 2 0 0 u 0 d 0 0 d 0 0 2 0 0 0 u u 0 u u 0 
2 2 u u 0 0 2 2 0 0 2 2 0 u u 0 d 0 0 d 0 0 u u 0 u 2 0 0 0 u 0 
d 2 u 0 u u 2 2 0 0 2 2 0 u u 0 2 u 0 0 0 0 2 0 0 0 2 u 0 0 0 0 
d 2 u 0 u u 2 2 0 u 2 2 0 0 u 0 2 u 0 0 0 0 2 u 0 0 2 0 0 0 0 0 
2 u u u 0 0 2 2 d u 2 2 u 0 0 0 2 0 0 0 0 0 2 0 0 0 2 u 0 0 u 0 
2 u u u 0 0 2 2 u 0 2 2 d u 0 0 2 0 0 0 0 0 2 u 0 0 2 0 0 0 u 0 
2 2 u u 0 0 2 2 0 u 2 2 0 0 u 0 2 0 0 0 0 0 2 0 0 0 2 0 0 u u 0 
2 2 u u 0 0 2 2 0 0 2 2 0 u u 0 2 0 0 0 0 0 2 0 0 u 2 0 0 0 u 0 
2 u u u 0 0 2 2 d 0 2 2 u u 0 0 2 0 0 0 0 0 2 u 0 0 2 0 0 0 u 0 
2 u u u 0 0 2 2 u u 2 2 d 0 0 0 2 0 0 0 0 0 2 0 0 0 2 u 0 0 u 0 
2 2 u u 0 u 2 2 0 0 2 d 0 u u 0 2 u 0 0 0 0 d 0 0 0 2 u 0 0 0 u 
2 2 u u 0 u 2 d 0 u 2 2 0 0 u 0 2 u 0 0 0 0 2 u 0 0 d 0 0 0 0 u 
2 2 u u 0 0 2 2 0 0 u d 0 u u 0 2 0 0 0 0 0 2 u 0 0 2 0 0 0 2 u 
2 2 u u 0 0 u d 0 u 2 2 0 0 u 0 2 0 0 0 0 0 2 0 0 0 2 u 0 0 2 u 
2 2 2 0 0 0 2 2 0 u 2 2 0 0 u 0 u 0 0 u 0 0 2 0 0 0 2 u 0 0 u 0 
2 2 2 0 0 0 2 2 0 0 2 2 0 u u 0 u 0 0 u 0 0 2 u 0 0 2 0 0 0 u 0 
2 d u u u 0 d 2 u u 2 2 0 0 u 0 2 0 0 0 0 0 2 0 0 0 2 u 0 0 u 0 
2 d u u u 0 2 2 0 0 d 2 u u u 0 2 0 0 0 0 0 2 u 0 0 2 0 0 0 u 0 
0 2 u u 0 0 2 2 0 0 2 2 0 u u 0 2 u 0 0 0 0 2 0 2 0 2 u 0 0 0 0 
0 2 u u 0 0 2 2 0 u 2 2 0 0 u 0 2 u 0 0 0 0 2 u 0 0 2 0 2 0 0 0 
0 2 u u 0 0 2 2 0 u 2 2 0 0 u 0 2 u 0 0 0 0 2 u 2 0 2 0 0 0 0 0 
0 2 u u 0 0 2 2 0 0 2 2 0 u u 0 2 u 0 0 0 0 2 0 0 0 2 u 2 0 0 0 
2 d u 0 u 0 2 2 0 0 2 2 0 u u u 2 0 0 0 u 0 2 u 0 0 2 0 0 0 0 0 
2 d u 0 u 0 2 2 0 u 2 2 0 0 u u 2 0 0 0 u 0 2 0 0 0 2 u 0 0 0 0 
2 2 u u 0 0 2 2 0 0 2 2 0 u 0 u 2 0 0 0 0 0 u u d 0 2 0 0 0 u 0 
2 2 u u 0 0 2 2 0 u 2 2 0 0 0 u 2 0 0 0 0 0 2 0 0 0 u u d 0 u 0 
2 2 u u 0 0 2 2 0 u 2 d u 0 u 0 2 0 0 0 0 0 2 0 0 0 d u 0 u u 0 
2 2 u u 0 0 2 d u 0 2 2 0 u u 0 2 0 0 0 0 0 d u 0 u 2 0 0 0 u 0 
2 2 u u 0 0 2 2 0 0 2 2 0 u d 0 2 0 0 0 0 0 2 u 0 0 u 0 u 0 u 0 
2 2 u u 0 0 2 2 0 u 2 2 0 0 d 0 2 0 0 0 0 0 u 0 u 0 2 u 0 0 u 0 
2 2 u u 0 0 2 2 0 0 2 d u u u 0 2 0 0 0 0 0 2 u 0 0 d 0 0 u u 0 
2 2 u u 0 0 2 d u u 2 2 0 0 u 0 2 0 0 0 0 0 d 0 0 u 2 u 0 0 u 0 
2 2 u u 0 0 2 2 0 0 2 2 0 u u 0 d 0 0 0 0 0 u u 0 0 2 0 0 u u d 
2 2 u u 0 0 2 2 0 u 2 2 0 0 u 0 d 0 0 0 0 0 2 0 0 u u u 0 0 u d 
2 u 0 0 0 0 2 d 0 u 2 2 0 0 u 0 2 u u 0 0 d 2 0 u 0 2 u 0 0 u 0 
2 u 0 0 0 0 2 2 0 0 2 d 0 u u 0 2 u u 0 0 d 2 u 0 0 2 0 u 0 u 0 
2 u 0 0 0 0 2 d 0 0 2 2 0 u u 0 2 u u 0 0 d 2 u u 0 2 0 0 0 u 0 
2 u 0 0 0 0 2 2 0 u 2 d 0 0 u 0 2 u u 0 0 d 2 0 0 0 2 u u 0 u 0 
2 2 u u 0 0 2 2 0 u 2 2 0 0 u 0 d 0 0 0 0 0 u 0 0 0 2 u 0 u u d 
2 2 u u 0 0 2 2 0 0 2 2 0 u u 0 d 0 0 0 0 0 2 u 0 u u 0 0 0 u d 
2 u 0 0 0 0 2 2 0 0 2 d 0 u u 0 2 u u 0 d 0 2 u 0 0 2 0 0 u u 0 
2 u 0 0 0 0 2 d 0 u 2 2 0 0 u 0 2 u u 0 d 0 2 0 0 u 2 u 0 0 u 0 
2 d u u u 0 d 2 u 0 2 2 0 u u 0 2 0 0 0 0 0 2 u 0 0 2 0 0 0 u 0 
2 d u u u 0 2 2 0 u d 2 u 0 u 0 2 0 0 0 0 0 2 0 0 0 2 u 0 0 u 0 
2 u 0 0 0 0 2 2 0 u 2 d 0 0 u 0 2 u u 0 d 0 2 0 0 0 2 u 0 u u 0 
2 u 0 0 0 0 2 d 0 0 2 2 0 u u 0 2 u u 0 d 0 2 u 0 u 2 0 0 0 u 0 
2 u u 0 0 0 2 2 0 0 2 2 0 u u 0 2 u 0 u 0 d 2 0 0 0 2 u 0 0 0 0 
2 u u 0 0 0 2 2 0 u 2 2 0 0 u 0 2 u 0 u 0 d 2 u 0 0 2 0 0 0 0 0 
2 2 0 u 0 0 2 2 0 0 2 2 u u u 0 2 0 0 0 0 d 2 u 0 0 u 0 0 0 u 0 
2 2 0 u 0 0 2 2 u u 2 2 0 0 u 0 2 0 0 0 0 d u 0 0 0 2 u 0 0 u 0 
2 2 u u 0 0 2 2 0 u u d 0 0 u 0 2 0 0 0 0 0 2 0 0 0 2 u 0 0 2 u 
2 2 u u 0 0 u d 0 0 2 2 0 u u 0 2 0 0 0 0 0 2 u 0 0 2 0 0 0 2 u 
2 2 u u 0 u 2 d 0 0 2 2 0 u u 0 2 u 0 0 0 0 2 0 0 0 d u 0 0 0 u 
2 2 u u 0 u 2 2 0 u 2 d 0 0 u 0 2 u 0 0 0 0 d u 0 0 2 0 0 0 0 u 
2 2 u 0 0 0 u 2 0 0 2 2 0 u u 0 2 0 0 0 0 0 2 u 0 0 2 u 0 0 2 0 
2 2 u 0 0 0 2 2 0 u u 2 0 0 u 0 2 0 0 0 0 0 2 u 0 0 2 u 0 0 2 0 
2 2 u u 0 0 2 0 0 0 2 d 0 u 0 0 2 u 0 0 0 0 2 0 2 0 2 u u 0 u 0 
2 2 u u 0 0 2 d 0 u 2 0 0 0 0 0 2 u 0 0 0 0 2 u u 0 2 0 2 0 u 0 
2 2 u 2 0 0 2 2 0 0 2 u 0 u u 0 d 0 0 0 0 0 2 u 0 0 2 0 0 u u 0 
2 2 u 2 0 0 2 u 0 u 2 2 0 0 u 0 d 0 0 0 0 0 2 0 0 u 2 u 0 0 u 0 
2 2 u u 0 0 2 0 0 u 2 d 0 0 0 0 2 u 0 0 0 0 2 u 2 0 2 0 u 0 u 0 
2 2 u u 0 0 2 d 0 0 2 0 0 u 0 0 2 u 0 0 0 0 2 0 u 0 2 u 2 0 u 0 
2 2 0 u 0 0 2 2 0 u 2 2 u 0 u 0 2 0 0 0 0 d 2 0 0 0 u u 0 0 u 0 
2 2 0 u 0 0 2 2 u 0 2 2 0 u u 0 2 0 0 0 0 d u u 0 0 2 0 0 0 u 0 
2 2 u 2 0 0 2 2 0 u 2 u 0 0 u 0 d 0 0 0 0 0 2 0 0 0 2 u 0 u u 0 
2 2 u 2 0 0 2 u 0 0 2 2 0 u u 0 d 0 0 0 0 0 2 u 0 u 2 0 0 0 u 0 
2 2 2 u u 0 d u 0 u 2 2 0 0 u 0 2 0 0 0 0 0 2 0 0 0 2 u 0 0 u 0 
2 2 2 u u 0 2 2 0 0 d u 0 u u 0 2 0 0 0 0 0 2 u 0 0 2 0 0 0 u 0 
2 d u 0 0 0 2 u 0 u 2 d 0 0 u 0 2 u 0 0 u 0 2 0 d 0 2 u u 0 u 0 
2 d u 0 0 0 2 d 0 0 2 u 0 u u 0 2 u 0 0 u 0 2 u u 0 2 0 d 0 u 0 
2 d u 0 0 0 2 u 0 0 2 d 0 u u 0 2 u 0 0 u 0 2 u d 0 2 0 u 0 u 0 
2 d u 0 0 0 2 d 0 u 2 u 0 0 u 0 2 u 0 0 u 0 2 0 u 0 2 u d 0 u 0 
2 2 u 0 0 0 2 2 0 0 u 2 0 u u 0 2 d 0 0 0 0 2 u 0 0 2 u 0 0 u 0 
2 2 u 0 0 0 u 2 0 u 2 2 0 0 u 0 2 d 0 0 0 0 2 u 0 0 2 u 0 0 u 0 
2 2 u 0 0 0 2 u 0 0 2 2 0 u 0 u 2 0 0 u 0 0 2 u d 0 2 0 0 0 0 u 
2 2 u 0 0 0 2 2 0 u 2 u 0 0 0 u 2 0 0 u 0 0 2 0 0 0 2 u d 0 0 u 
2 2 u u 0 0 2 2 0 0 2 2 0 u u 0 2 0 0 d 0 u 0 u 0 0 2 0 0 0 u 0 
2 2 u u 0 0 2 2 0 u 2 2 0 0 u 0 2 0 0 d 0 u 2 0 0 0 0 u 0 0 u 0 
2 2 u 0 0 0 2 u 0 u 2 2 0 0 0 u 2 0 0 u 0 0 2 0 d 0 2 u 0 0 0 u 
2 2 u 0 0 0 2 2 0 0 2 u 0 u 0 u 2 0 0 u 0 0 2 u 0 0 2 0 d 0 0 u 
2 2 0 u 0 0 2 d 0 u 2 d 0 0 u u 2 0 u 0 0 0 2 0 u 0 2 u u 0 0 0 
2 2 0 u 0 0 2 d 0 0 2 d 0 u u u 2 0 u 0 0 0 2 u u 0 2 0 u 0 0 0 
2 2 u 0 u 0 2 u 0 u 2 d 0 0 0 u 2 0 0 0 0 0 2 0 d 0 2 u u 0 u 0 
2 2 u 0 u 0 2 d 0 0 2 u 0 u 0 u 2 0 0 0 0 0 2 u u 0 2 0 d 0 u 0 
2 2 0 u 0 0 2 u 0 u 2 u d 0 u 0 2 0 u 0 0 0 2 0 d 0 2 u 0 0 u 0 
2 2 0 u 0 0 2 u d 0 2 u 0 u u 0 2 0 u 0 0 0 2 u 0 0 2 0 d 0 u 0 
2 2 u u 0 0 2 2 0 0 2 2 0 u u 0 d u 0 0 0 0 u 2 0 0 2 0 0 0 u 0 
2 2 u u 0 0 2 2 0 u 2 2 0 0 u 0 d u 0 0 0 0 2 0 0 0 u 2 0 0 u 0 
2 2 u u 0 0 2 2 0 0 2 2 0 u u 0 2 0 0 d 0 u 2 u 0 0 0 0 0 0 u 0 
2 2 u u 0 0 2 2 0 u 2 2 0 0 u 0 2 0 0 d 0 u 0 0 0 0 2 u 0 0 u 0 
2 2 0 u 0 0 2 u 0 0 2 u d u u 0 2 0 u 0 0 0 2 u d 0 2 0 0 0 u 0 
2 2 0 u 0 0 2 u d u 2 u 0 0 u 0 2 0 u 0 0 0 2 0 0 0 2 u d 0 u 0 
2 2 2 u 0 u 2 2 0 0 2 2 0 u u 0 0 0 0 0 0 0 2 u 0 0 2 0 0 0 u 0 
2 2 2 u 0 u 2 2 0 u 2 2 0 0 u 0 0 0 0 0 0 0 2 0 0 0 2 u 0 0 u 0 
2 2 u 0 u 0 2 u 0 0 2 d 0 u 0 u 2 0 0 0 0 0 2 u d 0 2 0 u 0 u 0 
2 2 u 0 u 0 2 d 0 u 2 u 0 0 0 u 2 0 0 0 0 0 2 0 u 0 2 u d 0 u 0 
2 2 u u 0 0 2 2 0 u 2 2 0 0 d 0 2 0 0 0 0 0 2 0 0 0 u u u 0 u 0 
2 2 u u 0 0 2 2 0 0 2 2 0 u d 0 2 0 0 0 0 0 u u u 0 2 0 0 0 u 0 
2 2 u u 0 0 2 2 0 0 2 2 0 u u 0 d u 0 0 0 0 2 u 0 0 u d 0 0 u 0 
2 2 u u 0 0 2 2 0 u 2 2 0 0 u 0 d u 0 0 0 0 u d 0 0 2 u 0 0 u 0 
2 2 u u 0 0 2 2 0 u 2 2 0 0 u 0 u 0 0 u 0 0 2 0 0 0 d u 0 d u 0 
2 2 u u 0 0 2 2 0 0 2 2 0 u u 0 u 0 0 u 0 0 d u 0 d 2 0 0 0 u 0 
2 2 u u 0 0 2 2 0 u 2 u u 0 u 0 2 0 0 0 0 0 2 0 0 0 2 u 0 0 0 d 
2 2 u u 0 0 2 u u 0 2 2 0 u u 0 2 0 0 0 0 0 2 u 0 0 2 0 0 0 0 d 
2 2 u u 0 0 2 2 0 0 2 2 0 u u 0 u 0 0 u 0 0 2 u 0 0 d 0 0 d u 0 
2 2 u u 0 0 2 2 0 u 2 2 0 0 u 0 u 0 0 u 0 0 d 0 0 d 2 u 0 0 u 0 
2 d u 0 0 0 2 u 0 u 2 u 0 0 u 0 2 u 0 0 u 0 2 0 d 0 2 u d 0 u 0 
2 d u 0 0 0 2 u 0 0 2 u 0 u u 0 2 u 0 0 u 0 2 u d 0 2 0 d 0 u 0 
2 2 u u 0 0 2 2 0 u 2 2 u 0 0 0 2 0 0 0 0 0 2 0 0 0 u u 0 0 2 0 
2 2 u u 0 0 2 2 u 0 2 2 0 u 0 0 2 0 0 0 0 0 u u 0 0 2 0 0 0 2 0 
2 2 u u 0 0 2 2 0 0 2 u u u u 0 2 0 0 0 0 0 2 u 0 0 2 0 0 0 0 d 
2 2 u u 0 0 2 u u u 2 2 0 0 u 0 2 0 0 0 0 0 2 0 0 0 2 u 0 0 0 d 
2 u 0 u u 0 2 2 0 0 2 2 0 u 0 0 2 0 0 0 2 0 2 0 0 0 2 u 0 0 u 0 
2 u 0 u u 0 2 2 0 u 2 2 0 0 0 0 2 0 0 0 2 0 2 u 0 0 2 0 0 0 u 0 
2 2 u u 0 0 2 2 0 u 0 2 0 0 u 0 2 u 0 0 0 0 2 u 0 0 2 0 0 2 0 0 
2 2 u u 0 0 0 2 0 0 2 2 0 u u 0 2 u 0 0 0 0 2 0 0 2 2 u 0 0 0 0 
2 2 u u 0 0 2 2 0 0 0 2 0 u u 0 2 u 0 0 0 0 2 0 0 0 2 u 0 2 0 0 
2 2 u u 0 0 0 2 0 u 2 2 0 0 u 0 2 u 0 0 0 0 2 u 0 2 2 0 0 0 0 0 
2 2 u u 0 0 2 2 0 0 2 2 0 u u 0 2 u 0 0 0 0 2 0 0 0 0 u 0 0 2 0 
2 2 u u 0 0 2 2 0 u 2 2 0 0 u 0 2 u 0 0 0 0 0 u 0 0 2 0 0 0 2 0 
2 2 u u d 0 u 2 0 0 2 2 0 u u 0 2 u 0 0 0 0 2 0 0 0 2 0 0 0 0 u 
2 2 u u d 0 2 2 0 u u 2 0 0 u 0 2 u 0 0 0 0 2 0 0 0 2 0 0 0 0 u 
2 2 2 u u 0 d u 0 0 2 2 0 u u 0 2 0 0 0 0 0 2 u 0 0 2 0 0 0 u 0 
2 2 2 u u 0 2 2 0 u d u 0 0 u 0 2 0 0 0 0 0 2 0 0 0 2 u 0 0 u 0 
d 2 u u 0 0 2 2 0 u 2 2 0 0 u u 2 0 0 0 u 0 2 0 0 0 2 u 0 0 0 0 
d 2 u u 0 0 2 2 0 0 2 2 0 u u u 2 0 0 0 u 0 2 u 0 0 2 0 0 0 0 0 
2 2 u u 0 0 2 u 0 0 2 2 0 u 2 0 2 0 0 0 0 0 u u 0 0 2 0 0 0 u d 
2 2 u u 0 0 2 2 0 u 2 u 0 0 2 0 2 0 0 0 0 0 2 0 0 0 u u 0 0 u d 
2 2 u 0 0 0 2 2 d u 2 2 0 0 u 0 u 0 0 0 0 0 2 u 0 0 2 u 0 0 u 0 
2 2 u 0 0 0 2 2 0 0 2 2 d u u 0 u 0 0 0 0 0 2 u 0 0 2 u 0 0 u 0 
2 0 u 0 u 0 2 2 0 0 2 2 0 u u 0 2 0 0 0 u d 2 u 0 0 2 0 0 0 u 0 
2 0 u 0 u 0 2 2 0 u 2 2 0 0 u 0 2 0 0 0 u d 2 0 0 0 2 u 0 0 u 0 
2 2 u u 0 0 2 2 0 u 2 2 0 0 u 0 2 0 0 u 0 d 2 0 0 0 0 u 0 0 u 0 
2 2 u u 0 0 2 2 0 0 2 2 0 u u 0 2 0 0 u 0 d 0 u 0 0 2 0 0 0 u 0 
2 2 0 u 0 0 2 2 0 u 2 2 0 0 0 0 2 0 0 0 0 0 2 0 u 0 2 u 0 u u 0 
2 2 0 u 0 0 2 2 0 0 2 2 0 u 0 0 2 0 0 0 0 0 2 u 0 u 2 0 u 0 u 0 
2 u u u 0 0 2 2 0 0 2 2 0 u 0 0 2 u d 0 0 0 2 0 0 0 2 u 0 0 0 u 
2 u u u 0 0 2 2 0 u 2 2 0 0 0 0 2 u d 0 0 0 2 u 0 0 2 0 0 0 0 u 
2 2 0 u 0 0 2 2 0 0 2 0 d u u 0 2 u u 0 0 0 2 0 0 0 2 u u 0 0 0 
2 2 0 u 0 0 2 0 d u 2 2 0 0 u 0 2 u u 0 0 0 2 u u 0 2 0 0 0 0 0 
2 2 u u 0 0 u 2 0 0 2 2 0 u u u 2 u 0 d 0 0 2 0 0 0 2 0 0 0 0 0 
2 2 u u 0 0 2 2 0 u u 2 0 0 u u 2 u 0 d 0 0 2 0 0 0 2 0 0 0 0 0 
2 2 0 u 0 0 2 2 0 u 2 0 d 0 u 0 2 u u 0 0 0 2 u 0 0 2 0 u 0 0 0 
2 2 0 u 0 0 2 0 d 0 2 2 0 u u 0 2 u u 0 0 0 2 0 u 0 2 u 0 0 0 0 
2 2 u u 0 0 2 2 0 0 2 2 0 u u 0 2 0 0 u 0 d 2 u 0 0 0 0 0 0 u 0 
2 2 u u 0 0 2 2 0 u 2 2 0 0 u 0 2 0 0 u 0 d 0 0 0 0 2 u 0 0 u 0 
2 2 u 0 d 0 2 u 0 u 2 2 0 u u 0 2 u 0 0 0 0 2 0 0 0 2 u 0 0 0 0 
2 2 u 0 d 0 2 2 0 u 2 u 0 u u 0 2 u 0 0 0 0 2 u 0 0 2 0 0 0 0 0 
2 2 u u u 0 2 u 0 u d 2 0 0 2 0 2 0 0 0 0 0 2 0 0 0 2 u 0 0 u 0 
2 2 u u u 0 d 2 0 0 2 u 0 u 2 0 2 0 0 0 0 0 2 u 0 0 2 0 0 0 u 0 
2 2 u u 0 0 2 2 d 0 2 2 0 u 0 0 u 0 0 0 0 0 2 u 0 0 2 0 u 0 u 0 
2 2 u u 0 0 2 2 0 u 2 2 d 0 0 0 u 0 0 0 0 0 2 0 u 0 2 u 0 0 u 0 
2 2 u u 0 0 2 2 0 u 2 2 0 0 u 0 2 0 0 u 0 d 2 0 0 0 u 0 0 0 u 0 
2 2 u u 0 0 2 2 0 0 2 2 0 u u 0 2 0 0 u 0 d u 0 0 0 2 0 0 0 u 0 
0 2 2 u 0 u 2 2 0 0 2 2 0 u u 0 2 u 0 0 0 0 2 0 0 0 2 u 0 0 0 0 
0 2 2 u 0 u 2 2 0 u 2 2 0 0 u 0 2 u 0 0 0 0 2 u 0 0 2 0 0 0 0 0 
2 2 u u 0 0 2 2 d u 2 2 0 0 0 0 u 0 0 0 0 0 2 0 0 0 2 u u 0 u 0 
2 2 u u 0 0 2 2 0 0 2 2 d u 0 0 u 0 0 0 0 0 2 u u 0 2 0 0 0 u 0 
2 2 u u 0 0 2 2 d 0 2 2 0 u 0 0 u 0 0 0 0 0 2 u 0 0 2 u 0 0 u 0 
2 2 u u 0 0 2 2 0 u 2 2 d 0 0 0 u 0 0 0 0 0 2 u 0 0 2 u 0 0 u 0 
2 2 u u 0 0 2 2 0 0 2 2 0 u u 0 2 0 0 0 0 u u u 0 0 d 0 0 0 u d 
2 2 u u 0 0 2 2 0 u 2 2 0 0 u 0 2 0 0 0 0 u d 0 0 0 u u 0 0 u d 
2 2 u u 0 0 2 2 0 0 2 u d u u 0 u u d 0 0 0 2 0 0 0 2 u 0 0 0 0 
2 2 u u 0 0 2 u d u 2 2 0 0 u 0 u u d 0 0 0 2 u 0 0 2 0 0 0 0 0 
2 2 0 u 0 u 2 2 0 0 2 2 0 u u 0 2 0 0 u 0 0 2 0 0 0 2 u 0 0 0 0 
2 2 0 u 0 u 2 2 0 u 2 2 0 0 u 0 2 0 0 u 0 0 2 u 0 0 2 0 0 0 0 0 
2 2 u 2 0 0 2 2 0 u 2 2 0 u u 0 u 0 0 0 0 0 d u 0 0 2 0 0 0 u 0 
2 2 u 2 0 0 2 2 0 u 2 2 0 u u 0 u 0 0 0 0 0 2 0 0 0 d u 0 0 u 0 
2 2 0 u 0 0 2 2 0 0 u 2 0 u u 0 2 u 0 0 0 0 2 u 0 0 2 d 0 0 u 0 
2 2 0 u 0 0 u 2 0 u 2 2 0 0 u 0 2 u 0 0 0 0 2 d 0 0 2 u 0 0 u 0 
2 2 u u 0 0 2 2 0 0 2 2 u u 0 0 2 0 0 0 0 0 2 u 0 0 u 0 0 0 2 0 
2 2 u u 0 0 2 2 u u 2 2 0 0 0 0 2 0 0 0 0 0 u 0 0 0 2 u 0 0 2 0 
2 2 u u 0 0 2 2 0 0 2 2 0 u u 0 2 0 0 0 0 u d u 0 0 u 0 0 0 u d 
2 2 u u 0 0 2 2 0 u 2 2 0 0 u 0 2 0 0 0 0 u u 0 0 0 d u 0 0 u d 
2 2 u u 0 0 2 2 0 0 2 2 0 u u 0 2 u 0 0 0 0 2 0 0 0 2 0 0 u 0 0 
2 2 u u 0 0 2 2 0 u 2 2 0 0 u 0 2 u 0 0 0 0 2 0 0 u 2 0 0 0 0 0 
2 2 0 u 0 0 u 2 0 0 2 2 0 u u 0 2 u 0 0 0 0 2 2 0 0 2 0 0 0 u 0 
2 2 0 u 0 0 2 2 0 u u 2 0 0 u 0 2 u 0 0 0 0 2 0 0 0 2 2 0 0 u 0 
2 2 u 0 0 0 2 2 0 u 2 u 0 0 u 0 2 u 0 d 0 0 2 u 0 0 2 0 u 0 0 0 
2 2 u 0 0 0 2 u 0 0 2 2 0 u u 0 2 u 0 d 0 0 2 0 u 0 2 u 0 0 0 0 
2 2 0 u 0 0 2 2 0 0 2 2 0 u 0 0 2 0 0 0 0 0 2 u u 0 2 0 0 u u 0 
2 2 0 u 0 0 2 2 0 u 2 2 0 0 0 0 2 0 0 0 0 0 2 0 0 u 2 u u 0 u 0 
2 2 u u 0 0 2 u d 0 2 2 0 u u 0 u u d 0 0 0 2 0 0 0 2 u 0 0 0 0 
2 2 u u 0 0 2 2 0 u 2 u d 0 u 0 u u d 0 0 0 2 u 0 0 2 0 0 0 0 0 
2 2 0 0 0 0 2 2 0 u 2 d u 0 u 0 2 0 u u 0 0 2 0 0 0 2 u 0 0 u 0 
2 2 0 0 0 0 2 d u 0 2 2 0 u u 0 2 0 u u 0 0 2 u 0 0 2 0 0 0 u 0 
2 2 u u 0 0 2 2 0 u 2 2 0 u 2 0 u 0 0 0 0 0 2 u 0 0 d 0 0 0 u 0 
2 2 u u 0 0 2 2 0 u 2 2 0 u 2 0 u 0 0 0 0 0 d 0 0 0 2 u 0 0 u 0 
2 2 u u 0 0 2 u 0 u 2 2 0 0 2 0 2 0 0 0 0 0 u 0 0 0 2 u 0 0 u d 
2 2 u u 0 0 2 2 0 0 2 u 0 u 2 0 2 0 0 0 0 0 2 u 0 0 u 0 0 0 u d 
2 2 u u 0 0 u 2 0 0 2 2 0 u 0 0 2 0 0 0 0 0 2 u d 0 2 0 0 0 u u 
2 2 u u 0 0 2 2 0 u u 2 0 0 0 0 2 0 0 0 0 0 2 0 0 0 2 u d 0 u u 
2 2 u u 0 0 d u 0 0 2 2 0 u u 0 2 2 0 0 0 0 2 u 0 0 2 0 0 0 u 0 
2 2 u u 0 0 2 2 0 u d u 0 0 u 0 2 2 0 0 0 0 2 0 0 0 2 u 0 0 u 0 
2 u u 0 u 0 2 2 0 0 2 2 0 u u u 2 0 d 0 0 0 2 u 0 0 2 0 0 0 0 0 
2 u u 0 u 0 2 2 0 u 2 2 0 0 u u 2 0 d 0 0 0 2 0 0 0 2 u 0 0 0 0 
2 2 u u 0 0 d u 0 u 2 2 0 0 u 0 2 2 0 0 0 0 2 0 0 0 2 u 0 0 u 0 
2 2 u u 0 0 2 2 0 0 d u 0 u u 0 2 2 0 0 0 0 2 u 0 0 2 0 0 0 u 0 
2 2 u u 0 0 2 2 0 u 2 2 0 0 u 0 u u 0 0 0 0 2 0 0 0 d u 0 d u 0 
2 2 u u 0 0 2 2 0 0 2 2 0 u u 0 u u 0 0 0 0 d u 0 d 2 0 0 0 u 0 
2 2 u u 0 0 2 2 0 0 2 2 0 u u 0 u u 0 0 0 0 2 u 0 0 d 0 0 d u 0 
2 2 u u 0 0 2 2 0 u 2 2 0 0 u 0 u u 0 0 0 0 d 0 0 d 2 u 0 0 u 0 
2 2 u u 0 u 2 d 0 u 2 2 0 u 0 0 2 0 0 0 0 0 2 0 0 0 2 u 0 0 u 0 
2 2 u u 0 u 2 2 0 u 2 d 0 u 0 0 2 0 0 0 0 0 2 u 0 0 2 0 0 0 u 0 
2 2 u u 0 0 2 2 0 0 2 2 0 u u 0 2 0 0 0 0 0 2 u 0 0 u 0 0 d 0 u 
2 2 u u 0 0 2 2 0 u 2 2 0 0 u 0 2 0 0 0 0 0 u 0 0 d 2 u 0 0 0 u 
2 u u d 0 u 2 2 0 0 2 2 0 u u 0 2 0 0 0 0 0 2 u 0 0 2 0 0 0 u 0 
2 u u d 0 u 2 2 0 u 2 2 0 0 u 0 2 0 0 0 0 0 2 0 0 0 2 u 0 0 u 0 
2 u u u 0 d 2 2 0 0 2 2 0 u u 0 2 0 0 0 0 0 2 u 0 0 d 0 0 u u 0 
2 u u u 0 d 2 2 0 u 2 2 0 0 u 0 2 0 0 0 0 0 d 0 0 u 2 u 0 0 u 0 
2 u u u 0 d 2 2 0 u 2 2 0 0 u 0 2 0 0 0 0 0 2 0 0 0 d u 0 u u 0 
2 u u u 0 d 2 2 0 0 2 2 0 u u 0 2 0 0 0 0 0 d u 0 u 2 0 0 0 u 0 
2 2 u u 0 0 2 2 0 u 2 2 0 0 u 0 2 0 0 0 0 0 2 0 0 0 u u 0 d 0 u 
2 2 u u 0 0 2 2 0 0 2 2 0 u u 0 2 0 0 0 0 0 u u 0 d 2 0 0 0 0 u 
2 2 u u d 0 2 2 0 u 2 d 0 0 u 0 2 0 0 0 0 u 2 0 0 0 u u 0 0 u 0 
2 2 u u d 0 2 d 0 0 2 2 0 u u 0 2 0 0 0 0 u u u 0 0 2 0 0 0 u 0 
2 2 u u d 0 2 2 0 0 2 d 0 u u 0 2 0 0 0 0 u 2 u 0 0 u 0 0 0 u 0 
2 2 u u d 0 2 d 0 u 2 2 0 0 u 0 2 0 0 0 0 u u 0 0 0 2 u 0 0 u 0 
2 d u u 0 0 2 2 u 0 2 2 0 u u 0 2 u 0 0 0 0 2 0 0 0 2 0 0 0 0 u 
2 d u u 0 0 2 2 0 u 2 2 u 0 u 0 2 u 0 0 0 0 2 0 0 0 2 0 0 0 0 u 
2 2 u u 0 0 2 2 0 0 u 2 0 u u u 2 u 0 0 0 0 2 0 0 0 2 0 0 0 0 d 
2 2 u u 0 0 u 2 0 u 2 2 0 0 u u 2 u 0 0 0 0 2 0 0 0 2 0 0 0 0 d 
2 2 u 0 0 0 2 2 0 u 2 u 0 u u d 2 u 0 0 0 0 2 0 0 0 2 u 0 0 0 0 
2 2 u 0 0 0 2 u 0 u 2 2 0 u u d 2 u 0 0 0 0 2 u 0 0 2 0 0 0 0 0 
2 2 u u 0 0 2 2 0 u 2 2 0 0 u 0 2 0 0 d 0 0 u u u 0 2 0 0 0 0 0 
2 2 u u 0 0 2 2 0 0 2 2 0 u u 0 2 0 0 d 0 0 2 0 0 0 u u u 0 0 0 
2 2 u u 0 0 2 2 0 0 2 2 0 u u 0 2 0 0 d 0 0 u 0 u 0 2 u 0 0 0 0 
2 2 u u 0 0 2 2 0 u 2 2 0 0 u 0 2 0 0 d 0 0 2 u 0 0 u 0 u 0 0 0 
2 2 0 0 0 0 2 2 0 u 2 2 0 0 0 u 2 u u 0 0 0 2 0 0 0 2 u 0 0 u 0 
2 2 0 0 0 0 2 2 0 0 2 2 0 u 0 u 2 u u 0 0 0 2 u 0 0 2 0 0 0 u 0 
2 2 u u d 0 2 u 0 0 u 2 0 u 2 0 2 u 0 0 0 0 2 0 0 0 2 u 0 0 0 0 
2 2 u u d 0 u 2 0 u 2 u 0 0 2 0 2 u 0 0 0 0 2 u 0 0 2 0 0 0 0 0 
2 2 0 0 0 0 2 2 0 0 2 d u u u 0 2 0 u u 0 0 2 u 0 0 2 0 0 0 u 0 
2 2 0 0 0 0 2 d u u 2 2 0 0 u 0 2 0 u u 0 0 2 0 0 0 2 u 0 0 u 0 
2 2 u u 0 0 2 2 0 0 2 2 0 u u 0 u u 0 0 0 0 2 0 d 0 2 0 0 0 0 u 
2 2 u u 0 0 2 2 0 u 2 2 0 0 u 0 u u 0 0 0 0 2 0 0 0 2 0 d 0 0 u 
2 2 u u 0 0 2 2 0 0 2 u 0 u 0 0 2 d 0 0 0 0 2 u u 0 2 0 0 0 u 0 
2 2 u u 0 0 2 u 0 u 2 2 0 0 0 0 2 d 0 0 0 0 2 0 0 0 2 u u 0 u 0 
2 u u u d 0 u 2 d u 2 2 0 0 u 0 2 0 0 0 0 0 2 0 0 0 2 u 0 0 u 0 
2 u u u d 0 2 2 0 0 u 2 d u u 0 2 0 0 0 0 0 2 u 0 0 2 0 0 0 u 0 
2 2 u u 0 0 2 2 0 0 2 2 0 u u 0 d d 0 0 0 0 2 u 0 0 u 0 0 u u 0 
2 2 u u 0 0 2 2 0 u 2 2 0 0 u 0 d d 0 0 0 0 u 0 0 u 2 u 0 0 u 0 
2 d u u 0 0 2 2 u u 2 2 0 0 u 0 2 u 0 u 0 0 2 0 0 0 2 0 0 0 0 0 
2 d u u 0 0 2 2 0 0 2 2 u u u 0 2 u 0 u 0 0 2 0 0 0 2 0 0 0 0 0 
2 2 u 0 0 0 2 2 0 0 2 u 0 u u 0 2 u 0 d 0 0 2 0 0 0 2 u u 0 0 0 
2 2 u 0 0 0 2 u 0 u 2 2 0 0 u 0 2 u 0 d 0 0 2 u u 0 2 0 0 0 0 0 
2 2 u u 0 0 2 2 0 0 u 2 0 u u d 2 u 0 0 0 0 2 0 0 0 2 0 0 0 0 u 
2 2 u u 0 0 u 2 0 u 2 2 0 0 u d 2 u 0 0 0 0 2 0 0 0 2 0 0 0 0 u 
2 2 u u 0 0 u 2 d 0 2 2 0 u u 0 2 0 0 0 0 0 2 u 0 0 2 0 0 0 0 u 
2 2 u u 0 0 2 2 0 u u 2 d 0 u 0 2 0 0 0 0 0 2 0 0 0 2 u 0 0 0 u 
2 2 0 0 0 d 2 d 0 u 2 2 0 0 u 0 u u u 0 0 0 2 0 u 0 2 u 0 0 u 0 
2 2 0 0 0 d 2 2 0 0 2 d 0 u u 0 u u u 0 0 0 2 u 0 0 2 0 u 0 u 0 
2 2 0 0 0 d 2 d 0 0 2 2 0 u u 0 u u u 0 0 0 2 u u 0 2 0 0 0 u 0 
2 2 0 0 0 d 2 2 0 u 2 d 0 0 u 0 u u u 0 0 0 2 0 0 0 2 u u 0 u 0 
2 u u 0 0 0 2 2 0 0 2 2 0 u u 0 2 0 u d 0 0 2 u 0 0 2 0 0 0 u 0 
2 u u 0 0 0 2 2 0 u 2 2 0 0 u 0 2 0 u d 0 0 2 0 0 0 2 u 0 0 u 0 
2 2 u 0 u 0 2 d 0 u 2 2 0 0 0 0 2 u 0 0 0 0 2 u u 0 2 0 0 0 0 u 
2 2 u 0 u 0 2 2 0 0 2 d 0 u 0 0 2 u 0 0 0 0 2 0 0 0 2 u u 0 0 u 
2 u u u d 0 u 2 d 0 2 2 0 u u 0 2 0 0 0 0 0 2 u 0 0 2 0 0 0 u 0 
2 u u u d 0 2 2 0 u u 2 d 0 u 0 2 0 0 0 0 0 2 0 0 0 2 u 0 0 u 0 
2 0 0 u u 0 2 2 0 0 2 2 0 u u 0 2 0 u 0 2 0 2 0 0 0 2 u 0 0 0 0 
2 0 0 u u 0 2 2 0 u 2 2 0 0 u 0 2 0 u 0 2 0 2 u 0 0 2 0 0 0 0 0 
2 2 u u 0 0 2 2 0 u 2 u 0 0 0 0 2 d 0 0 0 0 2 0 u 0 2 u 0 0 u 0 
2 2 u u 0 0 2 u 0 0 2 2 0 u 0 0 2 d 0 0 0 0 2 u 0 0 2 0 u 0 u 0 
2 2 u u 0 0 d 2 0 0 u 2 0 u u 0 2 0 0 0 0 0 2 u 0 u 2 0 0 d u 0 
2 2 u u 0 0 u 2 0 u d 2 0 0 u 0 2 0 0 0 0 0 2 0 0 d 2 u 0 u u 0 
2 2 u u 0 0 2 2 0 u 2 2 0 0 u 0 d d 0 0 0 0 2 0 0 0 u u 0 u u 0 
2 2 u u 0 0 2 2 0 0 2 2 0 u u 0 d d 0 0 0 0 u u 0 u 2 0 0 0 u 0 
2 u 0 0 0 0 2 2 0 u 2 2 0 0 0 0 2 u 2 0 0 0 2 0 0 0 2 u 0 0 u u 
2 u 0 0 0 0 2 2 0 0 2 2 0 u 0 0 2 u 2 0 0 0 2 u 0 0 2 0 0 0 u u 
2 u 2 u 0 0 2 2 0 0 2 u d u u 0 2 0 0 0 0 0 2 u 0 0 2 0 0 0 0 u 
2 u 2 u 0 0 2 u d u 2 2 0 0 u 0 2 0 0 0 0 0 2 0 0 0 2 u 0 0 0 u 
2 2 u 0 u d 2 u 0 0 2 d 0 u u u 2 0 0 0 0 0 2 u 0 0 2 0 0 0 u 0 
2 2 u 0 u d 2 d 0 u 2 u 0 0 u u 2 0 0 0 0 0 2 0 0 0 2 u 0 0 u 0 
2 u u u 0 0 2 2 d u u 2 0 0 u d 2 0 0 0 0 0 2 0 0 0 2 u 0 0 u 0 
2 u u u 0 0 u 2 0 0 2 2 d u u d 2 0 0 0 0 0 2 u 0 0 2 0 0 0 u 0 
2 0 0 0 0 0 2 2 0 u 2 2 0 0 u 0 2 u u 0 0 2 2 0 0 0 2 u 0 0 u 0 
2 0 0 0 0 0 2 2 0 0 2 2 0 u u 0 2 u u 0 0 2 2 u 0 0 2 0 0 0 u 0 
2 d 0 0 0 0 2 2 0 u 2 2 0 0 u u 2 u u 0 0 u 2 0 0 0 2 u 0 0 0 0 
2 d 0 0 0 0 2 2 0 0 2 2 0 u u u 2 u u 0 0 u 2 u 0 0 2 0 0 0 0 0 
2 2 u u 0 0 2 2 0 0 u 2 0 2 u 0 d u 0 0 0 0 2 u 0 0 2 0 0 0 u 0 
2 2 u u 0 0 u 2 0 2 2 2 0 0 u 0 d u 0 0 0 0 2 0 0 0 2 u 0 0 u 0 
2 2 u 0 u 0 2 d 0 0 2 2 0 u 0 0 2 u 0 0 0 0 2 0 u 0 2 u 0 0 0 u 
2 2 u 0 u 0 2 2 0 u 2 d 0 0 0 0 2 u 0 0 0 0 2 u 0 0 2 0 u 0 0 u 
2 2 u u 0 0 u 2 d u 2 2 0 0 u 0 2 0 0 0 0 0 2 0 0 0 2 u 0 0 0 u 
2 2 u u 0 0 2 2 0 0 u 2 d u u 0 2 0 0 0 0 0 2 u 0 0 2 0 0 0 0 u 
2 2 u u 0 0 u 2 0 0 d 2 0 u u 0 2 0 0 0 0 0 2 u 0 d 2 0 0 u u 0 
2 2 u u 0 0 d 2 0 u u 2 0 0 u 0 2 0 0 0 0 0 2 0 0 u 2 u 0 d u 0 
2 2 2 u 0 0 2 d 0 0 2 2 0 u u 0 u 0 0 0 0 0 2 u u 0 2 0 0 0 u 0 
2 2 2 u 0 0 2 2 0 u 2 d 0 0 u 0 u 0 0 0 0 0 2 0 0 0 2 u u 0 u 0 
2 2 2 u 0 0 2 d 0 u 2 2 0 0 u 0 u 0 0 0 0 0 2 0 u 0 2 u 0 0 u 0 
2 2 2 u 0 0 2 2 0 0 2 d 0 u u 0 u 0 0 0 0 0 2 u 0 0 2 0 u 0 u 0 
2 2 u u 0 0 u 2 0 d 2 2 0 u u 0 d u 0 0 0 0 2 u 0 0 2 0 0 0 u 0 
2 2 u u 0 0 2 2 0 u u 2 0 d u 0 d u 0 0 0 0 2 0 0 0 2 u 0 0 u 0 
2 2 u u 0 0 u 2 0 u 2 2 0 0 0 0 2 0 0 0 0 0 2 0 d 0 2 u 0 0 u u 
2 2 u u 0 0 2 2 0 0 u 2 0 u 0 0 2 0 0 0 0 0 2 u 0 0 2 0 d 0 u u 
2 u 0 0 0 0 2 u 0 0 2 2 0 u 0 u 2 u u 0 d 0 2 u d 0 2 0 0 0 u 0 
2 u 0 0 0 0 2 2 0 u 2 u 0 0 0 u 2 u u 0 d 0 2 0 0 0 2 u d 0 u 0 
2 u 0 0 0 0 2 u 0 u 2 2 0 0 0 u 2 u u 0 d 0 2 0 d 0 2 u 0 0 u 0 
2 u 0 0 0 0 2 2 0 0 2 u 0 u 0 u 2 u u 0 d 0 2 u 0 0 2 0 d 0 u 0 
2 u u u 0 0 2 2 d 0 u 2 0 u u d 2 0 0 0 0 0 2 u 0 0 2 0 0 0 u 0 
2 u u u 0 0 u 2 0 u 2 2 d 0 u d 2 0 0 0 0 0 2 0 0 0 2 u 0 0 u 0 
2 2 u 0 u d 2 d 0 0 2 u 0 u u u 2 0 0 0 0 0 2 u 0 0 2 0 0 0 u 0 
2 2 u 0 u d 2 u 0 u 2 d 0 0 u u 2 0 0 0 0 0 2 0 0 0 2 u 0 0 u 0 
2 2 0 u 0 0 2 2 0 u 2 u 0 0 u 0 2 2 0 0 0 0 2 u 0 0 2 0 0 u 0 0 
2 2 0 u 0 0 2 u 0 0 2 2 0 u u 0 2 2 0 0 0 0 2 0 0 u 2 u 0 0 0 0 
2 2 u 0 u 0 2 2 0 0 2 2 0 u u 0 2 0 0 0 0 0 2 0 u 0 2 0 0 0 u 0 
2 2 u 0 u 0 2 2 0 u 2 2 0 0 u 0 2 0 0 0 0 0 2 0 0 0 2 0 u 0 u 0 
2 2 u u 0 0 2 2 0 u 2 2 u 0 0 0 2 0 0 0 0 0 2 0 0 0 2 0 0 0 u u 
2 2 u u 0 0 2 2 u 0 2 2 0 u 0 0 2 0 0 0 0 0 2 0 0 0 2 0 0 0 u u 
d 2 2 u 0 0 2 2 0 0 2 2 0 u u 0 u u u 0 0 0 2 0 0 0 2 u 0 0 0 0 
d 2 2 u 0 0 2 2 0 u 2 2 0 0 u 0 u u u 0 0 0 2 u 0 0 2 0 0 0 0 0 
2 2 u 2 0 0 u 2 0 0 2 u 0 u u d 2 u 0 0 0 0 2 0 0 0 2 u 0 0 0 0 
2 2 u 2 0 0 2 u 0 u u 2 0 0 u d 2 u 0 0 0 0 2 u 0 0 2 0 0 0 0 0 
2 2 u u 0 0 2 d 0 0 2 2 0 u 0 0 2 u u 0 0 0 2 0 0 0 2 u u 0 0 0 
2 2 u u 0 0 2 2 0 u 2 d 0 0 0 0 2 u u 0 0 0 2 u u 0 2 0 0 0 0 0 
2 u 2 u 0 0 2 2 0 u 2 u d 0 u 0 2 0 0 0 0 0 2 0 0 0 2 u 0 0 0 u 
2 u 2 u 0 0 2 u d 0 2 2 0 u u 0 2 0 0 0 0 0 2 u 0 0 2 0 0 0 0 u 
2 2 u u d 0 2 u 0 u u 2 0 0 2 0 2 u 0 0 0 0 2 u 0 0 2 0 0 0 0 0 
2 2 u u d 0 u 2 0 0 2 u 0 u 2 0 2 u 0 0 0 0 2 0 0 0 2 u 0 0 0 0 
2 2 u 0 0 0 2 u 0 u 2 2 0 0 u 0 2 0 0 u 0 0 2 0 0 d 2 u 0 0 u 0 
2 2 u 0 0 0 2 2 0 0 2 u 0 u u 0 2 0 0 u 0 0 2 u 0 0 2 0 0 d u 0 
2 2 u u u 0 2 2 0 0 2 d 0 u u 0 2 0 0 0 0 0 2 0 0 0 2 u 0 u 0 0 
2 2 u u u 0 2 d 0 u 2 2 0 0 u 0 2 0 0 0 0 0 2 u 0 u 2 0 0 0 0 0 
2 2 u u 0 0 2 u 0 u 2 2 0 0 2 0 d 0 0 0 0 0 2 0 0 0 2 u 0 u u 0 
2 2 u u 0 0 2 2 0 0 2 u 0 u 2 0 d 0 0 0 0 0 2 u 0 u 2 0 0 0 u 0 
2 2 u u 0 0 2 u 0 0 2 2 0 u 2 0 d 0 0 0 0 0 2 u 0 0 2 0 0 u u 0 
2 2 u u 0 0 2 2 0 u 2 u 0 0 2 0 d 0 0 0 0 0 2 0 0 u 2 u 0 0 u 0 
2 2 u u 0 0 2 2 0 0 2 u 0 u 0 0 2 0 0 0 0 0 2 u 0 0 2 u 0 0 u d 
2 2 u u 0 0 2 u 0 u 2 2 0 0 0 0 2 0 0 0 0 0 2 u 0 0 2 u 0 0 u d 
2 d u u 0 u 2 2 0 0 2 d u u u 0 2 0 0 0 0 0 2 u 0 0 2 0 0 0 0 u 
2 d u u 0 u 2 d u u 2 2 0 0 u 0 2 0 0 0 0 0 2 0 0 0 2 u 0 0 0 u 
2 2 u u 0 0 2 2 0 u 2 2 0 0 u 0 u u 0 u 0 0 2 0 d 0 2 0 0 0 0 0 
2 2 u u 0 0 2 2 0 0 2 2 0 u u 0 u u 0 u 0 0 2 0 0 0 2 0 d 0 0 0 
2 2 u 0 0 0 2 2 0 0 d 2 0 u u 0 2 u 0 0 0 0 2 u 0 0 2 0 u 0 u 0 
2 2 u 0 0 0 d 2 0 u 2 2 0 0 u 0 2 u 0 0 0 0 2 0 u 0 2 u 0 0 u 0 
2 2 u u 0 0 2 0 0 0 2 u 0 u 0 0 2 u 0 0 0 0 2 0 2 0 2 u d 0 u 0 
2 2 u u 0 0 2 u 0 u 2 0 0 0 0 0 2 u 0 0 0 0 2 u d 0 2 0 2 0 u 0 
2 2 u u 0 0 2 0 0 u 2 u 0 0 0 0 2 u 0 0 0 0 2 u 2 0 2 0 d 0 u 0 
2 2 u u 0 0 2 u 0 0 2 0 0 u 0 0 2 u 0 0 0 0 2 0 d 0 2 u 2 0 u 0 
2 2 u u 0 0 2 u 0 u 2 0 d 0 u 0 2 0 0 0 0 0 2 0 d 0 2 u u 0 u 0 
2 2 u u 0 0 2 0 d 0 2 u 0 u u 0 2 0 0 0 0 0 2 u u 0 2 0 d 0 u 0 
2 2 u u 0 0 2 u 0 0 2 0 d u u 0 2 0 0 0 0 0 2 u d 0 2 0 u 0 u 0 
2 2 u u 0 0 2 0 d u 2 u 0 0 u 0 2 0 0 0 0 0 2 0 u 0 2 u d 0 u 0 
2 2 u u u 0 2 2 0 0 d 2 0 u u 0 d 0 0 0 0 0 2 u 0 0 2 0 0 u u 0 
2 2 u u u 0 d 2 0 u 2 2 0 0 u 0 d 0 0 0 0 0 2 0 0 u 2 u 0 0 u 0 
2 2 u u 0 0 2 u d 0 2 2 0 u 0 u 2 u 0 0 0 0 2 0 0 0 2 u 0 0 0 0 
2 2 u u 0 0 2 2 0 u 2 u d 0 0 u 2 u 0 0 0 0 2 u 0 0 2 0 0 0 0 0 
0 2 u u 0 0 2 2 0 0 2 2 0 u u 0 2 2 0 0 0 0 2 u 0 0 2 0 0 0 u 0 
0 2 u u 0 0 2 2 0 u 2 2 0 0 u 0 2 2 0 0 0 0 2 0 0 0 2 u 0 0 u 0 
2 d u u 0 u 2 2 0 u 2 d u 0 u 0 2 0 0 0 0 0 2 0 0 0 2 u 0 0 0 u 
2 d u u 0 u 2 d u 0 2 2 0 u u 0 2 0 0 0 0 0 2 u 0 0 2 0 0 0 0 u 
2 u u 0 0 0 2 0 0 u 2 2 0 0 u 0 2 u 0 0 d 0 2 0 2 0 2 u 0 0 u 0 
2 u u 0 0 0 2 2 0 0 2 0 0 u u 0 2 u 0 0 d 0 2 u 0 0 2 0 2 0 u 0 
u 2 u 0 0 0 2 2 0 0 2 2 0 u u 0 2 d u 0 0 0 2 u 0 0 2 0 0 0 u 0 
u 2 u 0 0 0 2 2 0 u 2 2 0 0 u 0 2 d u 0 0 0 2 0 0 0 2 u 0 0 u 0 
2 2 0 u 0 0 2 2 0 0 2 u 0 u u 0 2 2 0 0 0 0 2 0 0 0 2 u 0 u 0 0 
2 2 0 u 0 0 2 u 0 u 2 2 0 0 u 0 2 2 0 0 0 0 2 u 0 u 2 0 0 0 0 0 
2 u u 0 0 0 2 0 0 0 2 2 0 u u 0 2 u 0 0 d 0 2 u 2 0 2 0 0 0 u 0 
2 u u 0 0 0 2 2 0 u 2 0 0 0 u 0 2 u 0 0 d 0 2 0 0 0 2 u 2 0 u 0 
2 2 u u 0 0 2 2 0 u 2 u 0 0 0 0 2 0 0 d 0 0 2 u 0 0 2 u 0 0 u 0 
2 2 u u 0 0 2 u 0 0 2 2 0 u 0 0 2 0 0 d 0 0 2 u 0 0 2 u 0 0 u 0 
2 2 0 0 0 u 2 u 0 u 2 2 0 0 u 0 d u u 0 0 0 2 0 d 0 2 u 0 0 u 0 
2 2 0 0 0 u 2 2 0 0 2 u 0 u u 0 d u u 0 0 0 2 u 0 0 2 0 d 0 u 0 
2 2 0 0 0 u 2 u 0 0 2 2 0 u u 0 d u u 0 0 0 2 u d 0 2 0 0 0 u 0 
2 2 0 0 0 u 2 2 0 u 2 u 0 0 u 0 d u u 0 0 0 2 0 0 0 2 u d 0 u 0 
2 2 u 0 0 0 2 2 0 u 2 2 0 u u 0 2 0 0 0 d 0 u u 0 0 2 0 0 0 u 0 
2 2 u 0 0 0 2 2 0 u 2 2 0 u u 0 2 0 0 0 d 0 2 0 0 0 u u 0 0 u 0 
2 2 u u u 0 2 2 0 u 2 u 0 0 u 0 2 0 0 0 0 d 2 0 0 0 d u 0 0 u 0 
2 2 u u u 0 2 u 0 0 2 2 0 u u 0 2 0 0 0 0 d d u 0 0 2 0 0 0 u 0 
2 2 u u 0 0 2 d 0 u 2 2 0 0 0 0 2 u u 0 0 0 2 u 0 0 2 0 u 0 0 0 
2 2 u u 0 0 2 2 0 0 2 d 0 u 0 0 2 u u 0 0 0 2 0 u 0 2 u 0 0 0 0 
2 2 u u d 0 d 2 0 0 2 2 0 u u 0 2 0 0 0 0 0 2 u 0 0 u 0 0 0 u u 
2 2 u u d 0 2 2 0 u d 2 0 0 u 0 2 0 0 0 0 0 u 0 0 0 2 u 0 0 u u 
2 2 u u 0 0 2 2 0 0 2 2 0 u u 0 d 0 0 0 0 0 u u 0 0 2 0 0 u 2 0 
2 2 u u 0 0 2 2 0 u 2 2 0 0 u 0 d 0 0 0 0 0 2 0 0 u u u 0 0 2 0 
2 d u u 0 0 2 2 0 0 2 2 0 u 0 0 2 u u 0 0 0 2 0 0 0 2 u 0 0 0 u 
2 d u u 0 0 2 2 0 u 2 2 0 0 0 0 2 u u 0 0 0 2 u 0 0 2 0 0 0 0 u 
2 2 u 0 0 0 2 2 0 u d 2 0 0 u 0 2 u 0 0 0 0 2 0 0 0 2 u u 0 u 0 
2 2 u 0 0 0 d 2 0 0 2 2 0 u u 0 2 u 0 0 0 0 2 u u 0 2 0 0 0 u 0 
d 2 2 u 0 0 2 2 0 u 2 u u 0 u 0 2 u 0 0 0 0 2 u 0 0 2 0 0 0 0 0 
d 2 2 u 0 0 2 u u 0 2 2 0 u u 0 2 u 0 0 0 0 2 0 0 0 2 u 0 0 0 0 
2 2 u 0 0 0 2 2 0 u 2 u 0 u 2 0 2 0 0 0 0 0 2 u 0 0 2 0 0 0 u 0 
2 2 u 0 0 0 2 u 0 u 2 2 0 u 2 0 2 0 0 0 0 0 2 0 0 0 2 u 0 0 u 0 
2 2 u u 0 d 2 u 0 0 2 2 0 u u 0 2 0 0 0 0 0 2 0 u 0 2 u 0 0 0 0 
2 2 u u 0 d 2 2 0 u 2 u 0 0 u 0 2 0 0 0 0 0 2 u 0 0 2 0 u 0 0 0 
2 2 u u d 0 2 2 0 0 d 2 0 u u 0 2 0 0 0 0 0 u u 0 0 2 0 0 0 u u 
2 2 u u d 0 d 2 0 u 2 2 0 0 u 0 2 0 0 0 0 0 2 0 0 0 u u 0 0 u u 
2 u 0 0 u 0 2 2 0 0 2 2 0 u 0 u 2 u 0 0 2 0 2 0 0 0 2 u 0 0 0 0 
2 u 0 0 u 0 2 2 0 u 2 2 0 0 0 u 2 u 0 0 2 0 2 u 0 0 2 0 0 0 0 0 
2 2 0 0 u 0 2 2 0 u 2 2 0 0 0 0 2 0 u 0 0 0 2 0 0 0 2 u 0 0 u u 
2 2 0 0 u 0 2 2 0 0 2 2 0 u 0 0 2 0 u 0 0 0 2 u 0 0 2 0 0 0 u u 
2 u u u 0 0 2 2 0 0 2 d 0 u 0 u 2 0 0 0 d 0 2 u 0 0 2 0 u 0 u 0 
2 u u u 0 0 2 d 0 u 2 2 0 0 0 u 2 0 0 0 d 0 2 0 u 0 2 u 0 0 u 0 
2 u u u 0 0 2 2 0 u 2 d 0 0 0 u 2 0 0 0 d 0 2 0 0 0 2 u u 0 u 0 
2 u u u 0 0 2 d 0 0 2 2 0 u 0 u 2 0 0 0 d 0 2 u u 0 2 0 0 0 u 0 
2 d u u 0 0 2 2 0 u 2 2 u 0 u 0 d 0 0 0 0 0 2 0 0 0 2 u 0 u u 0 
2 d u u 0 0 2 2 u 0 2 2 0 u u 0 d 0 0 0 0 0 2 u 0 u 2 0 0 0 u 0 
2 2 u u u 0 2 2 0 0 2 u 0 u u 0 2 0 0 0 0 d 2 u 0 0 d 0 0 0 u 0 
2 2 u u u 0 2 u 0 u 2 2 0 0 u 0 2 0 0 0 0 d d 0 0 0 2 u 0 0 u 0 
2 2 u 0 0 0 2 0 u u 2 2 0 0 u 0 2 u 0 0 0 0 2 0 0 d 2 u 0 0 u 0 
2 2 u 0 0 0 2 2 0 0 2 0 u u u 0 2 u 0 0 0 0 2 u 0 0 2 0 0 d u 0 
2 2 u u 0 d 2 u 0 u 2 2 0 0 u 0 2 0 0 0 0 0 2 u u 0 2 0 0 0 0 0 
2 2 u u 0 d 2 2 0 0 2 u 0 u u 0 2 0 0 0 0 0 2 0 0 0 2 u u 0 0 0 
2 2 u 0 0 0 2 0 u 0 2 2 0 u u 0 2 u 0 0 0 0 2 u 0 d 2 0 0 0 u 0 
2 2 u 0 0 0 2 2 0 u 2 0 u 0 u 0 2 u 0 0 0 0 2 0 0 0 2 u 0 d u 0 
2 2 u u u 0 2 2 0 u d 2 0 0 u 0 d 0 0 0 0 0 2 0 0 0 2 u 0 u u 0 
2 2 u u u 0 d 2 0 0 2 2 0 u u 0 d 0 0 0 0 0 2 u 0 u 2 0 0 0 u 0 
2 2 u u 0 0 u 2 d 0 2 2 0 u u 0 u 0 d 0 0 0 2 u 0 0 2 0 0 0 u 0 
2 2 u u 0 0 2 2 0 u u 2 d 0 u 0 u 0 d 0 0 0 2 0 0 0 2 u 0 0 u 0 
2 2 u u 0 0 2 2 0 0 2 2 0 u u 0 2 0 0 0 0 d 2 0 0 0 u 0 0 0 u u 
2 2 u u 0 0 2 2 0 u 2 2 0 0 u 0 2 0 0 0 0 d u 0 0 0 2 0 0 0 u u 
2 d u u 0 0 2 2 0 0 2 2 u u u 0 d 0 0 0 0 0 2 u 0 0 2 0 0 u u 0 
2 d u u 0 0 2 2 u u 2 2 0 0 u 0 d 0 0 0 0 0 2 0 0 u 2 u 0 0 u 0 
d 2 2 u 0 0 2 2 0 0 2 u u u u 0 2 u 0 0 0 0 2 0 0 0 2 u 0 0 0 0 
d 2 2 u 0 0 2 u u u 2 2 0 0 u 0 2 u 0 0 0 0 2 u 0 0 2 0 0 0 0 0 
2 2 u 2 0 0 2 u 0 0 u 2 0 u u d 2 u 0 0 0 0 2 0 0 0 2 u 0 0 0 0 
2 2 u 2 0 0 u 2 0 u 2 u 0 0 u d 2 u 0 0 0 0 2 u 0 0 2 0 0 0 0 0 
2 2 u u 0 0 2 2 u 0 2 2 0 u 2 0 2 0 0 0 0 0 u u 0 0 2 0 0 0 0 0 
2 2 u u 0 0 2 2 0 u 2 2 u 0 2 0 2 0 0 0 0 0 2 0 0 0 u u 0 0 0 0 
2 u 2 u 0 0 2 2 0 u 2 2 0 0 u 0 2 0 0 0 0 0 d 0 u 0 2 u 0 0 u 0 
2 u 2 u 0 0 2 2 0 0 2 2 0 u u 0 2 0 0 0 0 0 2 u 0 0 d 0 u 0 u 0 
2 u 2 u 0 0 2 2 0 0 2 2 0 u u 0 2 0 0 0 0 0 d u u 0 2 0 0 0 u 0 
2 u 2 u 0 0 2 2 0 u 2 2 0 0 u 0 2 0 0 0 0 0 2 0 0 0 d u u 0 u 0 
2 2 u u 0 0 2 2 0 0 2 2 0 u u 0 2 0 d 0 0 0 2 0 0 0 u 0 0 0 u u 
2 2 u u 0 0 2 2 0 u 2 2 0 0 u 0 2 0 d 0 0 0 u 0 0 0 2 0 0 0 u u 
2 2 u u 0 0 u 2 d u 2 2 0 0 u 0 u 0 d 0 0 0 2 0 0 0 2 u 0 0 u 0 
2 2 u u 0 0 2 2 0 0 u 2 d u u 0 u 0 d 0 0 0 2 u 0 0 2 0 0 0 u 0 
2 2 u u 0 0 2 2 0 0 2 2 u u 2 0 2 0 0 0 0 0 2 u 0 0 u 0 0 0 0 0 
2 2 u u 0 0 2 2 u u 2 2 0 0 2 0 2 0 0 0 0 0 u 0 0 0 2 u 0 0 0 0 
2 2 u 0 0 0 2 u 0 0 2 2 0 u u 0 2 0 0 u 0 0 2 u 0 d 2 0 0 0 u 0 
2 2 u 0 0 0 2 2 0 u 2 u 0 0 u 0 2 0 0 u 0 0 2 0 0 0 2 u 0 d u 0 
2 2 u 0 0 0 2 d u 0 2 d u u 0 0 2 u 0 0 0 0 2 u 0 0 2 0 0 0 u u 
2 2 u 0 0 0 2 d u u 2 d u 0 0 0 2 u 0 0 0 0 2 0 0 0 2 u 0 0 u u 
2 2 u u 0 0 2 2 0 u 2 2 0 0 u 0 d 0 0 0 0 0 u 0 0 0 2 u 0 u 2 0 
2 2 u u 0 0 2 2 0 0 2 2 0 u u 0 d 0 0 0 0 0 2 u 0 u u 0 0 0 2 0 
2 2 0 u 0 0 2 u 0 u 2 2 0 0 u 0 2 u 0 0 0 0 2 u 0 0 2 0 0 u d 0 
2 2 0 u 0 0 2 2 0 0 2 u 0 u u 0 2 u 0 0 0 0 2 0 0 u 2 u 0 0 d 0 
d 2 u u d 0 2 2 0 u 2 2 0 0 u 0 2 0 0 0 0 0 u 0 u 0 2 u 0 0 u 0 
d 2 u u d 0 2 2 0 0 2 2 0 u u 0 2 0 0 0 0 0 2 u 0 0 u 0 u 0 u 0 
2 2 u 0 0 0 2 2 0 0 2 d 0 u 0 u 2 0 0 u 0 0 2 u 0 0 2 0 u 0 0 u 
2 2 u 0 0 0 2 d 0 u 2 2 0 0 0 u 2 0 0 u 0 0 2 0 u 0 2 u 0 0 0 u 
d 2 u u 0 u 2 2 0 u 2 2 0 0 u 0 2 0 0 0 0 0 u 0 d 0 2 u 0 0 u 0 
d 2 u u 0 u 2 2 0 0 2 2 0 u u 0 2 0 0 0 0 0 2 u 0 0 u 0 d 0 u 0 
d 2 u u 0 u 2 2 0 0 2 2 0 u u 0 2 0 0 0 0 0 u u d 0 2 0 0 0 u 0 
d 2 u u 0 u 2 2 0 u 2 2 0 0 u 0 2 0 0 0 0 0 2 0 0 0 u u d 0 u 0 
d 2 u u d 0 2 2 0 0 2 2 0 u u 0 2 0 0 0 0 0 u u u 0 2 0 0 0 u 0 
d 2 u u d 0 2 2 0 u 2 2 0 0 u 0 2 0 0 0 0 0 2 0 0 0 u u u 0 u 0 
2 d u 0 0 0 2 2 0 u 2 u 0 0 0 0 2 u 0 0 u 0 2 0 0 0 2 u 0 d u u 
2 d u 0 0 0 2 u 0 0 2 2 0 u 0 0 2 u 0 0 u 0 2 u 0 d 2 0 0 0 u u 
2 d u u 0 u 2 2 0 u 2 2 0 0 u 0 2 0 0 0 0 0 2 0 0 0 u u 0 d u 0 
2 d u u 0 u 2 2 0 0 2 2 0 u u 0 2 0 0 0 0 0 u u 0 d 2 0 0 0 u 0 
2 2 u 0 0 0 2 2 0 u 2 d 0 0 0 u 2 0 0 u 0 0 2 0 0 0 2 u u 0 0 u 
2 2 u 0 0 0 2 d 0 0 2 2 0 u 0 u 2 0 0 u 0 0 2 u u 0 2 0 0 0 0 u 
2 d u u 0 u 2 2 0 0 2 2 0 u u 0 2 0 0 0 0 0 2 u 0 0 u 0 0 d u 0 
2 d u u 0 u 2 2 0 u 2 2 0 0 u 0 2 0 0 0 0 0 u 0 0 d 2 u 0 0 u 0 
2 d u 0 0 0 2 2 0 0 2 u 0 u 0 0 2 u 0 0 u 0 2 u 0 0 2 0 0 d u u 
2 d u 0 0 0 2 u 0 u 2 2 0 0 0 0 2 u 0 0 u 0 2 0 0 d 2 u 0 0 u u 
2 2 u u 0 0 2 2 0 0 d u 0 u u 0 2 u 0 0 0 0 2 0 0 0 2 u 0 0 d u 
2 2 u u 0 0 d u 0 u 2 2 0 0 u 0 2 u 0 0 0 0 2 u 0 0 2 0 0 0 d u 
2 2 u d 0 0 2 2 0 u 2 u 0 u u 0 2 0 0 0 0 0 2 0 0 0 2 u 0 0 u 0 
2 2 u d 0 0 2 u 0 u 2 2 0 u u 0 2 0 0 0 0 0 2 u 0 0 2 0 0 0 u 0 
2 2 u u 0 0 2 2 0 0 2 0 0 u u 0 2 u 0 0 2 0 2 0 0 0 2 u 0 0 0 0 
2 2 u u 0 0 2 0 0 u 2 2 0 0 u 0 2 u 0 0 2 0 2 u 0 0 2 0 0 0 0 0 
2 2 u u 0 0 2 0 0 0 2 2 0 u u 0 2 u 0 0 2 0 2 0 0 0 2 u 0 0 0 0 
2 2 u u 0 0 2 2 0 u 2 0 0 0 u 0 2 u 0 0 2 0 2 u 0 0 2 0 0 0 0 0 
2 2 u 2 0 0 2 2 0 0 d 2 0 u u 0 u 0 0 0 0 0 2 u 0 0 2 u 0 0 u 0 
2 2 u 2 0 0 d 2 0 u 2 2 0 0 u 0 u 0 0 0 0 0 2 u 0 0 2 u 0 0 u 0 
2 2 u u 0 0 2 2 0 0 2 2 0 u u 0 2 u 0 0 0 0 d u 0 0 d 0 0 0 u u 
2 2 u u 0 0 2 2 0 u 2 2 0 0 u 0 2 u 0 0 0 0 d 0 0 0 d u 0 0 u u 
2 d u 0 u 0 2 2 0 0 2 2 0 u 0 0 2 u 0 0 u 0 2 0 0 0 2 u 0 0 0 u 
2 d u 0 u 0 2 2 0 u 2 2 0 0 0 0 2 u 0 0 u 0 2 u 0 0 2 0 0 0 0 u 
2 2 u u 0 0 d 2 0 0 2 2 0 u 2 0 u 0 0 0 0 0 2 u 0 0 2 u 0 0 u 0 
2 2 u u 0 0 2 2 0 u d 2 0 0 2 0 u 0 0 0 0 0 2 u 0 0 2 u 0 0 u 0 
2 2 0 u 0 0 2 2 0 u 2 2 u 0 u 0 2 u 0 0 0 0 u u 0 0 2 0 0 0 0 d 
2 2 0 u 0 0 2 2 u 0 2 2 0 u u 0 2 u 0 0 0 0 2 0 0 0 u u 0 0 0 d 
2 2 0 u 0 0 2 2 0 0 2 2 u u u 0 2 u 0 0 0 0 u 0 0 0 2 u 0 0 0 d 
2 2 0 u 0 0 2 2 u u 2 2 0 0 u 0 2 u 0 0 0 0 2 u 0 0 u 0 0 0 0 d 
2 0 u 0 0 0 2 2 0 0 2 2 0 u 0 0 2 u 0 0 0 2 2 u 0 0 2 0 0 0 u u 
2 0 u 0 0 0 2 2 0 u 2 2 0 0 0 0 2 u 0 0 0 2 2 0 0 0 2 u 0 0 u u 
2 2 u 2 0 0 2 2 0 0 u 2 0 u u 0 d 0 0 0 0 0 2 u 0 0 2 0 u 0 u 0 
2 2 u 2 0 0 u 2 0 u 2 2 0 0 u 0 d 0 0 0 0 0 2 0 u 0 2 u 0 0 u 0 
2 2 u 2 0 0 2 2 0 u u 2 0 0 u 0 d 0 0 0 0 0 2 0 0 0 2 u u 0 u 0 
2 2 u 2 0 0 u 2 0 0 2 2 0 u u 0 d 0 0 0 0 0 2 u u 0 2 0 0 0 u 0 
2 2 0 u 0 0 2 u 0 0 2 2 0 u 0 u 2 u u 0 0 0 2 0 d 0 2 u 0 0 0 0 
2 2 0 u 0 0 2 2 0 u 2 u 0 0 0 u 2 u u 0 0 0 2 u 0 0 2 0 d 0 0 0 
u 2 u u 0 u 2 2 0 0 2 2 0 u u 0 d 0 0 0 0 d 2 u 0 0 2 0 0 0 u 0 
u 2 u u 0 u 2 2 0 u 2 2 0 0 u 0 d 0 0 0 0 d 2 0 0 0 2 u 0 0 u 0 
2 2 u u 0 d 2 2 0 0 2 2 0 u 0 0 u u 0 0 0 0 2 0 0 0 2 u 0 0 0 u 
2 2 u u 0 d 2 2 0 u 2 2 0 0 0 0 u u 0 0 0 0 2 u 0 0 2 0 0 0 0 u 
2 2 u 0 0 0 2 0 2 u 2 2 0 0 0 0 2 u 0 u 0 0 2 u 0 0 2 0 0 0 u 0 
2 2 u 0 0 0 2 2 0 0 2 0 2 u 0 0 2 u 0 u 0 0 2 0 0 0 2 u 0 0 u 0 
2 u u 0 0 0 2 2 0 u 2 2 0 0 0 u 2 u d 0 0 0 2 0 0 0 2 u 0 0 u 0 
2 u u 0 0 0 2 2 0 0 2 2 0 u 0 u 2 u d 0 0 0 2 u 0 0 2 0 0 0 u 0 
2 2 0 u 0 0 2 u 0 0 2 2 0 u u 0 2 u 0 0 0 0 2 0 0 0 2 u 0 u d 0 
2 2 0 u 0 0 2 2 0 u 2 u 0 0 u 0 2 u 0 0 0 0 2 u 0 u 2 0 0 0 d 0 
2 2 u 0 0 0 2 0 2 0 2 2 0 u 0 0 2 u 0 u 0 0 2 0 0 0 2 u 0 0 u 0 
2 2 u 0 0 0 2 2 0 u 2 0 2 0 0 0 2 u 0 u 0 0 2 u 0 0 2 0 0 0 u 0 
2 2 u 2 0 0 2 u 0 0 2 2 0 u u 0 u 0 0 0 0 0 2 u d 0 2 0 0 0 u 0 
2 2 u 2 0 0 2 2 0 u 2 u 0 0 u 0 u 0 0 0 0 0 2 0 0 0 2 u d 0 u 0 
2 2 u 2 0 0 2 u 0 u 2 2 0 0 u 0 u 0 0 0 0 0 2 0 d 0 2 u 0 0 u 0 
2 2 u 2 0 0 2 2 0 0 2 u 0 u u 0 u 0 0 0 0 0 2 u 0 0 2 0 d 0 u 0 
2 2 u u 0 0 2 2 0 u 2 d 0 0 u d 2 0 0 0 0 u u 0 0 0 2 u 0 0 u 0 
2 2 u u 0 0 2 d 0 0 2 2 0 u u d 2 0 0 0 0 u 2 u 0 0 u 0 0 0 u 0 
u 2 u u 0 0 2 2 0 0 2 d 0 u u 0 2 u 0 0 d 0 2 0 0 0 2 u u 0 0 0 
u 2 u u 0 0 2 d 0 u 2 2 0 0 u 0 2 u 0 0 d 0 2 u u 0 2 0 0 0 0 0 
2 u 0 0 0 0 2 d 0 0 2 2 0 u 0 u 2 u u 0 d 0 2 u u 0 2 0 0 0 u 0 
2 u 0 0 0 0 2 2 0 u 2 d 0 0 0 u 2 u u 0 d 0 2 0 0 0 2 u u 0 u 0 
u 2 u u 0 0 2 2 0 u 2 d 0 0 u 0 2 u 0 0 d 0 2 u 0 0 2 0 u 0 0 0 
u 2 u u 0 0 2 d 0 0 2 2 0 u u 0 2 u 0 0 d 0 2 0 u 0 2 u 0 0 0 0 
2 u 0 0 0 0 2 d 0 u 2 2 0 0 0 u 2 u u 0 d 0 2 0 u 0 2 u 0 0 u 0 
2 u 0 0 0 0 2 2 0 0 2 d 0 u 0 u 2 u u 0 d 0 2 u 0 0 2 0 u 0 u 0 
2 2 u u 0 0 2 2 0 u 2 d d 0 u 0 u 0 u 0 0 0 2 0 0 0 2 u 0 0 u 0 
2 2 u u 0 0 2 d d 0 2 2 0 u u 0 u 0 u 0 0 0 2 u 0 0 2 0 0 0 u 0 
2 2 2 u 0 0 2 u 0 0 2 2 0 u u 0 d u 0 0 0 0 2 0 0 u 2 u 0 0 0 0 
2 2 2 u 0 0 2 2 0 u 2 u 0 0 u 0 d u 0 0 0 0 2 u 0 0 2 0 0 u 0 0 
2 2 u u 0 0 2 2 0 u d u 0 0 u 0 2 u 0 0 0 0 2 u 0 0 2 0 0 0 d u 
2 2 u u 0 0 d u 0 0 2 2 0 u u 0 2 u 0 0 0 0 2 0 0 0 2 u 0 0 d u 
2 2 2 u 0 d 2 2 0 0 u u 0 u u 0 2 0 0 0 0 0 2 u 0 0 2 0 0 0 u 0 
2 2 2 u 0 d u u 0 u 2 2 0 0 u 0 2 0 0 0 0 0 2 0 0 0 2 u 0 0 u 0 
2 2 u u 0 0 2 2 0 0 2 d 0 u u d 2 0 0 0 0 u u u 0 0 2 0 0 0 u 0 
2 2 u u 0 0 2 d 0 u 2 2 0 0 u d 2 0 0 0 0 u 2 0 0 0 u u 0 0 u 0 
2 2 2 u 0 0 d 2 0 0 2 2 0 u u 0 2 0 0 0 0 0 2 u 0 0 u 0 0 0 u u 
2 2 2 u 0 0 2 2 0 u d 2 0 0 u 0 2 0 0 0 0 0 u 0 0 0 2 u 0 0 u u 
2 2 0 u 0 0 2 u 0 u 2 2 0 0 0 u 2 u u 0 0 0 2 u d 0 2 0 0 0 0 0 
2 2 0 u 0 0 2 2 0 0 2 u 0 u 0 u 2 u u 0 0 0 2 0 0 0 2 u d 0 0 0 
d 2 u u 0 0 2 2 0 u 2 2 0 0 u d 2 0 0 0 0 0 2 0 u 0 u u 0 0 u 0 
d 2 u u 0 0 2 2 0 0 2 2 0 u u d 2 0 0 0 0 0 u u 0 0 2 0 u 0 u 0 
2 2 2 u 0 d 2 2 0 u u u 0 0 u 0 2 0 0 0 0 0 2 0 0 0 2 u 0 0 u 0 
2 2 2 u 0 d u u 0 0 2 2 0 u u 0 2 0 0 0 0 0 2 u 0 0 2 0 0 0 u 0 
2 2 u u 0 0 2 d u u 2 0 0 0 u 0 2 0 0 0 0 0 2 0 0 0 2 u 2 0 u 0 
2 2 u u 0 0 2 0 0 0 2 d u u u 0 2 0 0 0 0 0 2 u 2 0 2 0 0 0 u 0 
2 2 u u 0 0 0 2 0 0 2 2 0 u u 0 2 0 0 0 0 2 2 u 0 0 2 0 0 0 u 0 
2 2 u u 0 0 2 2 0 u 0 2 0 0 u 0 2 0 0 0 0 2 2 0 0 0 2 u 0 0 u 0 
2 2 u u 0 0 2 2 0 0 2 d d u u 0 u 0 u 0 0 0 2 u 0 0 2 0 0 0 u 0 
2 2 u u 0 0 2 d d u 2 2 0 0 u 0 u 0 u 0 0 0 2 0 0 0 2 u 0 0 u 0 
2 2 u u 0 0 2 d u 0 2 0 0 u u 0 2 0 0 0 0 0 2 u 0 0 2 0 2 0 u 0 
2 2 u u 0 0 2 0 0 u 2 d u 0 u 0 2 0 0 0 0 0 2 0 2 0 2 u 0 0 u 0 
d 2 u u 0 0 2 2 0 0 2 2 0 u u d 2 0 0 0 0 0 2 u u 0 u 0 0 0 u 0 
d 2 u u 0 0 2 2 0 u 2 2 0 0 u d 2 0 0 0 0 0 u 0 0 0 2 u u 0 u 0 
2 2 u u u 0 2 d 0 0 2 2 0 u u 0 2 u 0 0 0 0 2 0 0 0 d u 0 0 u 0 
2 2 u u u 0 2 2 0 u 2 d 0 0 u 0 2 u 0 0 0 0 d u 0 0 2 0 0 0 u 0 
2 2 u u d 0 2 2 0 0 u 2 0 u u 0 u 0 0 0 0 0 2 u 0 0 2 0 0 d u 0 
2 2 u u d 0 u 2 0 u 2 2 0 0 u 0 u 0 0 0 0 0 2 0 0 d 2 u 0 0 u 0 
2 2 u u 0 0 2 2 0 0 2 2 0 u u 0 2 0 0 0 0 0 2 u 0 0 d 0 0 u u 0 
2 2 u u 0 0 2 2 0 u 2 2 0 0 u 0 2 0 0 0 0 0 d 0 0 u 2 u 0 0 u 0 
2 2 2 u 0 0 2 2 0 0 d 2 0 u u 0 2 0 0 0 0 0 u u 0 0 2 0 0 0 u u 
2 2 2 u 0 0 d 2 0 u 2 2 0 0 u 0 2 0 0 0 0 0 2 0 0 0 u u 0 0 u u 
2 2 0 u 0 u 2 2 0 0 2 d u u u 0 2 0 0 0 0 0 2 u 0 0 2 0 0 0 u 0 
2 2 0 u 0 u 2 d u u 2 2 0 0 u 0 2 0 0 0 0 0 2 0 0 0 2 u 0 0 u 0 
2 2 u u u 0 2 2 0 u 2 d 0 0 u 0 2 0 0 0 0 0 2 u 0 0 2 0 0 u 0 0 
2 2 u u u 0 2 d 0 0 2 2 0 u u 0 2 0 0 0 0 0 2 0 0 u 2 u 0 0 0 0 
2 2 u u 0 0 2 2 0 0 0 2 0 u u 0 2 0 0 0 0 2 2 u 0 0 2 0 0 0 u 0 
2 2 u u 0 0 0 2 0 u 2 2 0 0 u 0 2 0 0 0 0 2 2 0 0 0 2 u 0 0 u 0 
2 2 0 u 0 u 2 2 0 u 2 d u 0 u 0 2 0 0 0 0 0 2 0 0 0 2 u 0 0 u 0 
2 2 0 u 0 u 2 d u 0 2 2 0 u u 0 2 0 0 0 0 0 2 u 0 0 2 0 0 0 u 0 
2 2 u u u 0 2 2 0 0 2 d 0 u u 0 2 u 0 0 0 0 d 0 0 0 2 u 0 0 u 0 
2 2 u u u 0 2 d 0 u 2 2 0 0 u 0 2 u 0 0 0 0 2 u 0 0 d 0 0 0 u 0 
2 2 2 u 0 0 2 u 0 u 2 2 0 0 u 0 d u 0 0 0 0 2 u 0 u 2 0 0 0 0 0 
2 2 2 u 0 0 2 2 0 0 2 u 0 u u 0 d u 0 0 0 0 2 0 0 0 2 u 0 u 0 0 
2 2 0 u 0 0 d 2 0 0 2 2 0 u u 0 2 0 0 0 0 0 2 u 0 0 2 0 0 u u u 
2 2 0 u 0 0 2 2 0 u d 2 0 0 u 0 2 0 0 0 0 0 2 0 0 u 2 u 0 0 u u 
u 2 0 u 0 0 2 2 0 0 2 2 0 u u 0 2 2 0 0 0 0 2 u 0 0 2 0 0 0 u 0 
u 2 0 u 0 0 2 2 0 u 2 2 0 0 u 0 2 2 0 0 0 0 2 0 0 0 2 u 0 0 u 0 
u 2 u u 0 0 2 2 0 u 2 2 u 0 u 0 d 0 0 0 0 0 2 0 0 0 2 u d 0 u 0 
u 2 u u 0 0 2 2 u 0 2 2 0 u u 0 d 0 0 0 0 0 2 u d 0 2 0 0 0 u 0 
u 2 u u 0 0 2 2 0 0 2 2 u u u 0 d 0 0 0 0 0 2 u 0 0 2 0 d 0 u 0 
u 2 u u 0 0 2 2 u u 2 2 0 0 u 0 d 0 0 0 0 0 2 0 d 0 2 u 0 0 u 0 
2 2 u 2 0 d 2 2 0 0 u u 0 u u 0 2 0 0 0 0 0 2 u 0 0 2 0 0 0 u 0 
2 2 u 2 0 d u u 0 u 2 2 0 0 u 0 2 0 0 0 0 0 2 0 0 0 2 u 0 0 u 0 
2 2 u 2 0 d u u 0 0 2 2 0 u u 0 2 0 0 0 0 0 2 u 0 0 2 0 0 0 u 0 
2 2 u 2 0 d 2 2 0 u u u 0 0 u 0 2 0 0 0 0 0 2 0 0 0 2 u 0 0 u 0 
2 u u u 0 0 2 u 0 u 2 2 0 0 u 0 2 u 0 0 0 d 2 u d 0 2 0 0 0 0 0 
2 u u u 0 0 2 2 0 0 2 u 0 u u 0 2 u 0 0 0 d 2 0 0 0 2 u d 0 0 0 
2 2 u u u 0 2 2 0 0 u 2 0 u u 0 2 u 0 d 0 0 2 0 0 0 2 0 0 0 0 0 
2 2 u u u 0 u 2 0 u 2 2 0 0 u 0 2 u 0 d 0 0 2 0 0 0 2 0 0 0 0 0 
2 2 u u 0 0 u d 0 0 2 2 0 u u 0 2 u 0 0 0 d 2 u 0 0 2 0 0 0 u 0 
2 2 u u 0 0 2 2 0 u u d 0 0 u 0 2 u 0 0 0 d 2 0 0 0 2 u 0 0 u 0 
2 2 u u 0 0 0 2 0 0 2 2 0 u u 0 2 u 0 0 0 0 2 0 0 0 2 u 0 0 2 0 
2 2 u u 0 0 2 2 0 u 0 2 0 0 u 0 2 u 0 0 0 0 2 u 0 0 2 0 0 0 2 0 
2 2 u u d 0 2 2 0 u u 2 0 0 u 0 u 0 0 0 0 0 2 0 0 0 2 u 0 d u 0 
2 2 u u d 0 u 2 0 0 2 2 0 u u 0 u 0 0 0 0 0 2 u 0 d 2 0 0 0 u 0 
2 2 u u 0 0 2 2 0 0 u d 0 u u 0 2 u 0 0 0 d 2 u 0 0 2 0 0 0 u 0 
2 2 u u 0 0 u d 0 u 2 2 0 0 u 0 2 u 0 0 0 d 2 0 0 0 2 u 0 0 u 0 
2 2 u u d 0 2 u 0 0 2 d 0 u u u 2 u 0 0 0 0 2 0 0 0 2 u 0 0 0 0 
2 2 u u d 0 2 d 0 u 2 u 0 0 u u 2 u 0 0 0 0 2 u 0 0 2 0 0 0 0 0 
2 2 0 u 0 0 d 2 0 u 2 2 0 0 u 0 2 0 0 0 0 0 2 0 0 0 2 u 0 u u u 
2 2 0 u 0 0 2 2 0 0 d 2 0 u u 0 2 0 0 0 0 0 2 u 0 u 2 0 0 0 u u 
2 2 u u 0 0 2 2 0 0 2 2 0 u u 0 2 0 0 0 0 0 u u d 0 2 0 0 0 u 0 
2 2 u u 0 0 2 2 0 u 2 2 0 0 u 0 2 0 0 0 0 0 2 0 0 0 u u d 0 u 0 
2 2 0 u 0 0 2 2 0 u 2 2 u 0 u 0 2 u 0 d 0 0 2 u 0 0 u 0 0 0 0 0 
2 2 0 u 0 0 2 2 u 0 2 2 0 u u 0 2 u 0 d 0 0 u 0 0 0 2 u 0 0 0 0 
2 u u u 0 0 2 u 0 0 2 2 0 u u 0 2 u 0 0 0 d 2 0 d 0 2 u 0 0 0 0 
2 u u u 0 0 2 2 0 u 2 u 0 0 u 0 2 u 0 0 0 d 2 u 0 0 2 0 d 0 0 0 
2 u u u 0 0 2 2 0 0 2 u 0 u u 0 2 0 0 0 0 d 2 u 0 0 2 0 0 d u 0 
2 u u u 0 0 2 u 0 u 2 2 0 0 u 0 2 0 0 0 0 d 2 0 0 d 2 u 0 0 u 0 
2 2 u u 0 0 2 2 0 0 2 2 0 u u 0 u 0 0 0 0 0 2 0 2 0 2 u 0 0 0 0 
2 2 u u 0 0 2 2 0 u 2 2 0 0 u 0 u 0 0 0 0 0 2 u 0 0 2 0 2 0 0 0 
2 2 u u 0 0 2 2 0 u 2 2 0 0 u 0 2 0 0 0 0 0 u 0 d 0 2 u 0 0 u 0 
2 2 u u 0 0 2 2 0 0 2 2 0 u u 0 2 0 0 0 0 0 2 u 0 0 u 0 d 0 u 0 
2 2 u u 0 0 u 2 0 0 2 2 0 u 2 0 d 0 0 0 0 0 2 u 0 0 2 0 u 0 u 0 
2 2 u u 0 0 2 2 0 u u 2 0 0 2 0 d 0 0 0 0 0 2 0 u 0 2 u 0 0 u 0 
2 2 u u 0 0 2 2 0 u 2 2 0 0 u 0 2 0 0 0 0 0 2 0 0 0 d u 0 u u 0 
2 2 u u 0 0 2 2 0 0 2 2 0 u u 0 2 0 0 0 0 0 d u 0 u 2 0 0 0 u 0 
2 2 u u 0 0 2 2 0 u 2 2 0 0 u 0 u 0 0 0 0 0 2 u 2 0 2 0 0 0 0 0 
2 2 u u 0 0 2 2 0 0 2 2 0 u u 0 u 0 0 0 0 0 2 0 0 0 2 u 2 0 0 0 
2 2 u u 0 0 u 2 0 0 2 2 0 u u d u 0 0 0 0 0 2 u 0 0 2 0 0 d u 0 
2 2 u u 0 0 2 2 0 u u 2 0 0 u d u 0 0 0 0 0 2 0 0 d 2 u 0 0 u 0 
2 2 0 0 0 0 2 d 0 u 2 2 0 0 u u 2 0 u u 0 0 2 0 u 0 2 u 0 0 0 0 
2 2 0 0 0 0 2 2 0 0 2 d 0 u u u 2 0 u u 0 0 2 u 0 0 2 0 u 0 0 0 
2 2 u 0 0 0 2 u 0 u 2 u d 0 u 0 2 u 0 0 0 0 2 0 d 0 2 u 0 0 0 u 
2 2 u 0 0 0 2 u d 0 2 u 0 u u 0 2 u 0 0 0 0 2 u 0 0 2 0 d 0 0 u 
2 2 u u 0 0 2 2 0 0 2 2 0 u u 0 2 0 d u 0 0 u 0 0 0 2 0 0 0 u 0 
2 2 u u 0 0 2 2 0 u 2 2 0 0 u 0 2 0 d u 0 0 2 0 0 0 u 0 0 0 u 0 
2 2 u u 0 0 u 2 0 u 2 2 0 0 2 0 d 0 0 0 0 0 2 0 0 0 2 u u 0 u 0 
2 2 u u 0 0 2 2 0 0 u 2 0 u 2 0 d 0 0 0 0 0 2 u u 0 2 0 0 0 u 0 
2 2 u u 0 0 u u 0 u 2 2 0 0 u 0 2 u 0 0 0 0 2 u d d 2 0 0 0 0 0 
2 2 u u 0 0 2 2 0 0 u u 0 u u 0 2 u 0 0 0 0 2 0 0 0 2 u d d 0 0 
2 2 u u 0 0 u u 0 0 2 2 0 u u 0 2 u 0 0 0 0 2 0 d d 2 u 0 0 0 0 
2 2 u u 0 0 2 2 0 u u u 0 0 u 0 2 u 0 0 0 0 2 u 0 0 2 0 d d 0 0 
2 2 u 0 0 0 2 u 0 0 2 u d u u 0 2 u 0 0 0 0 2 u d 0 2 0 0 0 0 u 
2 2 u 0 0 0 2 u d u 2 u 0 0 u 0 2 u 0 0 0 0 2 0 0 0 2 u d 0 0 u 
2 2 u u 0 0 2 2 0 0 2 2 0 u 0 u 2 0 0 0 0 0 2 0 u 0 2 0 0 0 u 0 
2 2 u u 0 0 2 2 0 u 2 2 0 0 0 u 2 0 0 0 0 0 2 0 0 0 2 0 u 0 u 0 
2 2 0 u 0 0 u 2 0 u 2 2 u 0 u d 2 u 0 0 0 0 2 u 0 0 2 0 0 0 0 0 
2 2 0 u 0 0 2 2 u 0 u 2 0 u u d 2 u 0 0 0 0 2 0 0 0 2 u 0 0 0 0 
2 2 0 0 0 0 2 u 0 0 2 2 0 u u u 2 0 u u 0 0 2 u d 0 2 0 0 0 0 0 
2 2 0 0 0 0 2 2 0 u 2 u 0 0 u u 2 0 u u 0 0 2 0 0 0 2 u d 0 0 0 
2 2 0 0 0 0 2 u 0 u 2 2 0 0 u u 2 0 u u 0 0 2 0 d 0 2 u 0 0 0 0 
2 2 0 0 0 0 2 2 0 0 2 u 0 u u u 2 0 u u 0 0 2 u 0 0 2 0 d 0 0 0 
2 u u u 0 0 2 2 0 u 2 u 0 0 u 0 2 0 0 0 0 d 2 0 0 0 2 u 0 d u 0 
2 u u u 0 0 2 u 0 0 2 2 0 u u 0 2 0 0 0 0 d 2 u 0 d 2 0 0 0 u 0 
2 u u u 0 0 2 u 0 0 2 2 0 u u 0 2 0 d 0 0 0 2 u d 0 2 0 0 0 u 0 
2 u u u 0 0 2 2 0 u 2 u 0 0 u 0 2 0 d 0 0 0 2 0 0 0 2 u d 0 u 0 
2 2 u u u 0 2 2 0 0 2 2 0 0 u 0 d 0 0 0 0 0 2 u 0 0 2 0 0 u u 0 
2 2 u u u 0 2 2 0 0 2 2 0 0 u 0 d 0 0 0 0 0 2 0 0 u 2 u 0 0 u 0 
2 u u u 0 0 2 u 0 u 2 2 0 0 u 0 2 0 d 0 0 0 2 0 d 0 2 u 0 0 u 0 
2 u u u 0 0 2 2 0 0 2 u 0 u u 0 2 0 d 0 0 0 2 u 0 0 2 0 d 0 u 0 
2 2 0 u 0 0 2 2 0 0 2 2 u u u 0 2 u 0 d 0 0 2 0 0 0 u u 0 0 0 0 
2 2 0 u 0 0 2 2 u u 2 2 0 0 u 0 2 u 0 d 0 0 u u 0 0 2 0 0 0 0 0 
2 2 u u 0 0 u 2 d u 2 d u 0 u 0 2 0 0 0 0 0 2 0 0 0 2 u 0 0 u 0 
2 2 u u 0 0 2 d u 0 u 2 d u u 0 2 0 0 0 0 0 2 u 0 0 2 0 0 0 u 0 
2 2 u u 0 0 u 2 d 0 2 d u u u 0 2 0 0 0 0 0 2 u 0 0 2 0 0 0 u 0 
2 2 u u 0 0 2 d u u u 2 d 0 u 0 2 0 0 0 0 0 2 0 0 0 2 u 0 0 u 0 
2 2 0 u 0 d 2 2 0 0 2 2 0 u u 0 u 0 0 0 u 0 2 u 0 0 2 0 0 0 u 0 
2 2 0 u 0 d 2 2 0 u 2 2 0 0 u 0 u 0 0 0 u 0 2 0 0 0 2 u 0 0 u 0 
2 2 u u d 0 2 d 0 0 2 u 0 u u u 2 u 0 0 0 0 2 0 0 0 2 u 0 0 0 0 
2 2 u u d 0 2 u 0 u 2 d 0 0 u u 2 u 0 0 0 0 2 u 0 0 2 0 0 0 0 0 
2 2 u u 0 0 u 2 0 u 2 2 0 0 u d u 0 0 0 0 0 2 0 0 0 2 u 0 d u 0 
2 2 u u 0 0 2 2 0 0 u 2 0 u u d u 0 0 0 0 0 2 u 0 d 2 0 0 0 u 0 
2 2 u u u 0 u 2 0 0 2 2 0 u u 0 2 u 0 0 0 0 2 0 0 0 2 0 0 0 0 d 
2 2 u u u 0 2 2 0 u u 2 0 0 u 0 2 u 0 0 0 0 2 0 0 0 2 0 0 0 0 d 
2 2 0 u 0 0 u 2 0 0 2 2 u u u d 2 u 0 0 0 0 2 0 0 0 2 u 0 0 0 0 
2 2 0 u 0 0 2 2 u u u 2 0 0 u d 2 u 0 0 0 0 2 u 0 0 2 0 0 0 0 0 
2 d u 0 0 d 2 u u u 2 2 0 0 0 0 2 u 0 0 0 0 2 0 0 0 2 u 0 0 u u 
2 d u 0 0 d 2 2 0 0 2 u u u 0 0 2 u 0 0 0 0 2 u 0 0 2 0 0 0 u u 
2 u u 0 0 0 2 2 0 0 2 u d u u 0 2 u d 0 0 0 2 u 0 0 2 0 0 0 u 0 
2 u u 0 0 0 2 u d u 2 2 0 0 u 0 2 u d 0 0 0 2 0 0 0 2 u 0 0 u 0 
2 0 0 0 0 0 2 2 0 u 2 2 0 0 0 u 2 u u 0 2 0 2 0 0 0 2 u 0 0 u 0 
2 0 0 0 0 0 2 2 0 0 2 2 0 u 0 u 2 u u 0 2 0 2 u 0 0 2 0 0 0 u 0 
2 2 u u 0 0 2 2 0 0 2 d 0 0 u 0 2 0 0 u 0 u 2 u 0 0 2 0 0 0 u 0 
2 2 u u 0 0 2 d 0 0 2 2 0 0 u 0 2 0 0 u 0 u 2 0 0 0 2 u 0 0 u 0 
2 2 0 0 0 0 2 2 0 u 2 d 0 0 u u 2 0 u u 0 0 2 0 0 0 2 u u 0 0 0 
2 2 0 0 0 0 2 d 0 0 2 2 0 u u u 2 0 u u 0 0 2 u u 0 2 0 0 0 0 0 
u 2 u u u 0 2 2 0 0 2 2 0 u u 0 2 0 0 0 0 0 d u d 0 2 0 0 0 u 0 
u 2 u u u 0 2 2 0 u 2 2 0 0 u 0 2 0 0 0 0 0 2 0 0 0 d u d 0 u 0 
2 2 u u 0 0 d 2 0 u 2 2 0 0 u u d 0 0 0 0 0 2 0 0 0 2 u 0 u u 0 
2 2 u u 0 0 2 2 0 0 d 2 0 u u u d 0 0 0 0 0 2 u 0 u 2 0 0 0 u 0 
2 2 u u 0 0 d 2 0 0 2 2 0 u u u d 0 0 0 0 0 2 u 0 0 2 0 0 u u 0 
2 2 u u 0 0 2 2 0 u d 2 0 0 u u d 0 0 0 0 0 2 0 0 u 2 u 0 0 u 0 
2 2 0 u d 0 2 2 0 u u 2 u 0 u 0 2 u 0 0 0 0 2 u 0 0 2 0 0 0 0 0 
2 2 0 u d 0 u 2 u 0 2 2 0 u u 0 2 u 0 0 0 0 2 0 0 0 2 u 0 0 0 0 
2 2 0 u 0 0 2 d 0 0 2 2 0 u 0 u 2 u u 0 0 0 2 0 u 0 2 u 0 0 0 0 
2 2 0 u 0 0 2 2 0 u 2 d 0 0 0 u 2 u u 0 0 0 2 u 0 0 2 0 u 0 0 0 
2 2 u u 0 0 2 2 0 0 2 2 0 u u 0 u d 0 0 0 0 2 u 0 0 d u 0 0 u 0 
2 2 u u 0 0 2 2 0 u 2 2 0 0 u 0 u d 0 0 0 0 d u 0 0 2 u 0 0 u 0 
2 d u 0 0 d 2 u u 0 2 2 0 u 0 0 2 u 0 0 0 0 2 u 0 0 2 0 0 0 u u 
2 d u 0 0 d 2 2 0 u 2 u u 0 0 0 2 u 0 0 0 0 2 0 0 0 2 u 0 0 u u 
2 u 2 u 0 0 2 2 0 0 2 2 0 u u 0 u u 0 0 0 d 2 0 0 0 2 u 0 0 0 0 
2 u 2 u 0 0 2 2 0 u 2 2 0 0 u 0 u u 0 0 0 d 2 u 0 0 2 0 0 0 0 0 
u 2 u u u 0 2 2 0 u 2 2 0 0 u 0 2 0 0 0 0 0 d 0 d 0 2 u 0 0 u 0 
u 2 u u u 0 2 2 0 0 2 2 0 u u 0 2 0 0 0 0 0 2 u 0 0 d 0 d 0 u 0 
2 2 u u d 0 2 2 0 0 2 2 0 0 u 0 2 u 0 u 0 0 2 0 0 0 u u 0 0 0 0 
2 2 u u d 0 2 2 0 0 2 2 0 0 u 0 2 u 0 u 0 0 u u 0 0 2 0 0 0 0 0 
2 u u 0 0 0 2 2 0 u 2 u d 0 u 0 2 u d 0 0 0 2 0 0 0 2 u 0 0 u 0 
2 u u 0 0 0 2 u d 0 2 2 0 u u 0 2 u d 0 0 0 2 u 0 0 2 0 0 0 u 0 
2 u u u 0 0 2 2 0 u 2 2 d 0 u 0 u 0 0 0 0 0 2 0 0 0 2 u 0 d u 0 
2 u u u 0 0 2 2 d 0 2 2 0 u u 0 u 0 0 0 0 0 2 u 0 d 2 0 0 0 u 0 
2 2 u 0 0 0 2 u d 0 2 u d u 0 0 2 u 0 0 0 0 2 u 0 0 2 0 0 0 u u 
2 2 u 0 0 0 2 u d u 2 u d 0 0 0 2 u 0 0 0 0 2 0 0 0 2 u 0 0 u u 
2 u u u 0 0 2 2 0 0 2 2 d u u 0 u 0 0 0 0 0 2 u 0 0 2 0 0 d u 0 
2 u u u 0 0 2 2 d u 2 2 0 0 u 0 u 0 0 0 0 0 2 0 0 d 2 u 0 0 u 0 
2 0 u 0 0 0 2 2 0 u 2 2 0 0 u u 2 u 0 0 d u 2 0 0 0 2 u 0 0 0 0 
2 0 u 0 0 0 2 2 0 0 2 2 0 u u u 2 u 0 0 d u 2 u 0 0 2 0 0 0 0 0 
2 2 u u 0 0 d 2 0 0 d 2 0 u u 0 2 u 0 0 0 0 2 u 0 0 2 0 0 0 u u 
2 2 u u 0 0 d 2 0 u d 2 0 0 u 0 2 u 0 0 0 0 2 0 0 0 2 u 0 0 u u 
2 2 u u 0 0 2 u d u 2 2 0 0 0 u 2 u 0 0 0 0 2 u 0 0 2 0 0 0 0 0 
2 2 u u 0 0 2 2 0 0 2 u d u 0 u 2 u 0 0 0 0 2 0 0 0 2 u 0 0 0 0 
2 2 u d 0 0 2 u 0 u 2 2 0 0 0 0 2 0 0 0 0 0 2 0 u 0 2 u 0 0 u u 
2 2 u d 0 0 2 2 0 0 2 u 0 u 0 0 2 0 0 0 0 0 2 u 0 0 2 0 u 0 u u 
2 u u u 0 0 2 2 0 u 2 d 0 0 u 0 2 0 0 u 0 0 2 0 0 0 2 u 0 d u 0 
2 u u u 0 0 2 d 0 0 2 2 0 u u 0 2 0 0 u 0 0 2 u 0 d 2 0 0 0 u 0 
2 2 0 u 0 0 2 2 0 0 2 d 0 u 0 u 2 u u 0 0 0 2 0 0 0 2 u u 0 0 0 
2 2 0 u 0 0 2 d 0 u 2 2 0 0 0 u 2 u u 0 0 0 2 u u 0 2 0 0 0 0 0 
2 2 0 u d 0 2 2 0 0 u 2 u u u 0 2 u 0 0 0 0 2 0 0 0 2 u 0 0 0 0 
2 2 0 u d 0 u 2 u u 2 2 0 0 u 0 2 u 0 0 0 0 2 u 0 0 2 0 0 0 0 0 
2 2 u u 0 0 2 2 0 0 2 2 0 u u 0 u 0 0 0 0 0 d u 0 0 2 u 0 0 2 0 
2 2 u u 0 0 2 2 0 u 2 2 0 0 u 0 u 0 0 0 0 0 2 u 0 0 d u 0 0 2 0 
2 2 0 u 0 0 2 2 u u 2 2 0 0 u 0 2 0 0 0 0 0 2 0 0 0 2 u 0 u 0 0 
2 2 0 u 0 0 2 2 0 0 2 2 u u u 0 2 0 0 0 0 0 2 u 0 u 2 0 0 0 0 0 
2 2 u 0 0 0 2 2 0 u 2 2 u 0 u 0 2 u 0 0 0 0 2 0 0 0 2 0 0 0 0 u 
2 2 u 0 0 0 2 2 u 0 2 2 0 u u 0 2 u 0 0 0 0 2 0 0 0 2 0 0 0 0 u 
d 2 u u 0 u 2 2 0 0 2 2 0 u u 0 d 0 u 0 0 0 2 u 0 0 2 0 0 0 u 0 
d 2 u u 0 u 2 2 0 u 2 2 0 0 u 0 d 0 u 0 0 0 2 0 0 0 2 u 0 0 u 0 
2 2 u 0 0 0 2 d 0 u 2 u d 0 u 0 2 u 0 0 0 0 2 0 u 0 2 u 0 0 0 u 
2 2 u 0 0 0 2 u d 0 2 d 0 u u 0 2 u 0 0 0 0 2 u 0 0 2 0 u 0 0 u 
2 2 u d 0 0 2 u 0 0 2 2 0 u 0 0 2 0 0 0 0 0 2 u u 0 2 0 0 0 u u 
2 2 u d 0 0 2 2 0 u 2 u 0 0 0 0 2 0 0 0 0 0 2 0 0 0 2 u u 0 u u 
2 2 u 0 0 0 2 d 0 0 2 u d u u 0 2 u 0 0 0 0 2 u u 0 2 0 0 0 0 u 
2 2 u 0 0 0 2 u d u 2 d 0 0 u 0 2 u 0 0 0 0 2 0 0 0 2 u u 0 0 u 
2 2 u u 0 d u 2 0 0 2 u 0 u 2 0 2 0 0 0 0 0 2 u 0 0 2 0 0 0 u 0 
2 2 u u 0 d 2 u 0 u u 2 0 0 2 0 2 0 0 0 0 0 2 0 0 0 2 u 0 0 u 0 
2 2 u u 0 d 2 u 0 0 u 2 0 u 2 0 2 0 0 0 0 0 2 u 0 0 2 0 0 0 u 0 
2 2 u u 0 d u 2 0 u 2 u 0 0 2 0 2 0 0 0 0 0 2 0 0 0 2 u 0 0 u 0 
2 0 u u 0 0 2 u 0 0 2 2 0 u 0 0 2 u 0 0 2 0 2 0 d 0 2 u 0 0 u 0 
2 0 u u 0 0 2 2 0 u 2 u 0 0 0 0 2 u 0 0 2 0 2 u 0 0 2 0 d 0 u 0 
2 2 0 u 0 0 2 2 u 0 2 2 0 u u 0 2 0 0 0 0 0 2 u 0 0 2 0 0 u 0 0 
2 2 0 u 0 0 2 2 0 u 2 2 u 0 u 0 2 0 0 0 0 0 2 0 0 u 2 u 0 0 0 0 
2 2 u u 0 0 2 2 0 0 2 2 0 0 u d 2 u 0 u 0 0 u 0 0 0 2 u 0 0 0 0 
2 2 u u 0 0 2 2 0 0 2 2 0 0 u d 2 u 0 u 0 0 2 u 0 0 u 0 0 0 0 0 
2 0 u u 0 0 2 u 0 u 2 2 0 0 0 0 2 u 0 0 2 0 2 u d 0 2 0 0 0 u 0 
2 0 u u 0 0 2 2 0 0 2 u 0 u 0 0 2 u 0 0 2 0 2 0 0 0 2 u d 0 u 0 
2 2 u u 0 0 2 2 0 0 2 2 0 u u 0 2 u 0 0 0 0 u d 0 0 u 2 0 0 0 0 
2 2 u u 0 0 2 2 0 u 2 2 0 0 u 0 2 u 0 0 0 0 u 2 0 0 u d 0 0 0 0 
2 u u u 0 0 2 2 0 0 2 d 0 u u 0 2 0 0 u 0 0 2 u 0 0 2 0 0 d u 0 
2 u u u 0 0 2 d 0 u 2 2 0 0 u 0 2 0 0 u 0 0 2 0 0 d 2 u 0 0 u 0 
2 2 u u 0 0 2 2 0 0 u 2 0 u 2 0 2 0 0 0 0 0 2 u 0 0 d 0 0 0 u u 
2 2 u u 0 0 u 2 0 u 2 2 0 0 2 0 2 0 0 0 0 0 d 0 0 0 2 u 0 0 u u 
2 2 u u 0 0 2 d 0 0 2 d 0 u u 0 2 0 0 0 0 0 2 u u 0 2 0 0 u u 0 
2 2 u u 0 0 2 d 0 u 2 d 0 0 u 0 2 0 0 0 0 0 2 0 0 u 2 u u 0 u 0 
2 2 u u 0 0 2 2 0 0 0 2 0 u u 0 2 u 0 0 0 0 2 0 0 0 2 u 0 0 2 0 
2 2 u u 0 0 0 2 0 u 2 2 0 0 u 0 2 u 0 0 0 0 2 u 0 0 2 0 0 0 2 0 
u 2 u u 0 0 2 2 0 0 2 2 0 u 2 0 2 0 0 0 0 u 2 u 0 0 2 0 0 0 0 0 
u 2 u u 0 0 2 2 0 u 2 2 0 0 2 0 2 0 0 0 0 u 2 0 0 0 2 u 0 0 0 0 
2 2 0 u 0 u 2 2 0 0 2 2 0 u u 0 d 0 0 0 0 u 2 u 0 0 2 0 0 0 u 0 
2 2 0 u 0 u 2 2 0 u 2 2 0 0 u 0 d 0 0 0 0 u 2 0 0 0 2 u 0 0 u 0 
2 2 u u 0 0 2 2 0 0 2 2 0 u u 0 d 0 0 u u 0 2 0 0 0 2 u 0 0 0 0 
2 2 u u 0 0 2 2 0 u 2 2 0 0 u 0 d 0 0 u u 0 2 u 0 0 2 0 0 0 0 0 
2 2 u u d 0 u 2 0 u 2 2 0 0 u 0 2 0 0 0 0 0 2 u u 0 2 0 0 0 0 0 
2 2 u u d 0 2 2 0 0 u 2 0 u u 0 2 0 0 0 0 0 2 0 0 0 2 u u 0 0 0 
2 2 0 0 0 0 2 2 0 0 2 2 0 u u 0 2 0 0 0 0 0 2 u 0 0 2 0 u u u 0 
2 2 0 0 0 0 2 2 0 u 2 2 0 0 u 0 2 0 0 0 0 0 2 0 u u 2 u 0 0 u 0 
2 2 u u 0 0 2 d 0 u 2 d 0 0 u 0 2 0 0 0 0 0 2 0 u 0 2 u 0 u u 0 
2 2 u u 0 0 2 d 0 0 2 d 0 u u 0 2 0 0 0 0 0 2 u 0 u 2 0 u 0 u 0 
2 u u u u 0 2 2 0 0 2 2 0 u u 0 2 0 d 0 0 0 2 0 0 0 2 u 0 0 0 0 
2 u u u u 0 2 2 0 u 2 2 0 0 u 0 2 0 d 0 0 0 2 u 0 0 2 0 0 0 0 0 
2 2 u u 0 0 2 2 0 u d d 0 0 u 0 2 u 0 0 0 0 2 u 0 0 2 0 u u 0 0 
2 2 u u 0 0 d d 0 0 2 2 0 u u 0 2 u 0 0 0 0 2 0 u u 2 u 0 0 0 0 
2 0 u u 0 0 2 2 0 u 2 2 0 0 u 0 2 u 0 0 0 0 2 u 0 0 2 0 0 2 0 0 
2 0 u u 0 0 2 2 0 0 2 2 0 u u 0 2 u 0 0 0 0 2 0 0 2 2 u 0 0 0 0 
2 2 u u 0 0 2 2 0 0 2 d 0 0 u 0 2 0 0 0 0 u 2 0 0 0 2 u 0 0 u u 
2 2 u u 0 0 2 d 0 0 2 2 0 0 u 0 2 0 0 0 0 u 2 u 0 0 2 0 0 0 u u 
2 u 0 u u 0 2 2 0 0 2 2 0 u 0 0 2 0 u 0 0 d 2 0 0 0 2 u 0 0 u 0 
2 u 0 u u 0 2 2 0 u 2 2 0 0 0 0 2 0 u 0 0 d 2 u 0 0 2 0 0 0 u 0 
2 2 u u 0 0 2 2 0 0 d d 0 u u 0 2 u 0 0 0 0 2 0 0 0 2 u u u 0 0 
2 2 u u 0 0 d d 0 u 2 2 0 0 u 0 2 u 0 0 0 0 2 u u u 2 0 0 0 0 0 
2 2 u u 0 0 2 2 0 d 2 2 0 u 0 0 2 u u 0 0 0 2 0 0 0 u u 0 0 0 0 
2 2 u u 0 0 2 2 0 u 2 2 0 d 0 0 2 u u 0 0 0 u u 0 0 2 0 0 0 0 0 
2 2 u 0 0 0 u 2 0 u 2 2 0 0 u 0 2 u 0 d 0 0 2 u u 0 2 0 0 0 0 0 
2 2 u 0 0 0 2 2 0 0 u 2 0 u u 0 2 u 0 d 0 0 2 0 0 0 2 u u 0 0 0 
2 0 u u 0 0 2 2 0 0 2 2 0 u u 0 2 u 0 0 0 0 2 0 0 0 2 u 0 2 0 0 
2 0 u u 0 0 2 2 0 u 2 2 0 0 u 0 2 u 0 0 0 0 2 u 0 2 2 0 0 0 0 0 
u 2 u u 0 d 2 2 0 0 2 2 0 u u 0 2 0 0 0 0 0 d u u 0 2 0 0 0 u 0 
u 2 u u 0 d 2 2 0 u 2 2 0 0 u 0 2 0 0 0 0 0 2 0 0 0 d u u 0 u 0 
u 2 u u 0 d 2 2 0 u 2 2 0 0 u 0 2 0 0 0 0 0 d 0 u 0 2 u 0 0 u 0 
u 2 u u 0 d 2 2 0 0 2 2 0 u u 0 2 0 0 0 0 0 2 u 0 0 d 0 u 0 u 0 
2 2 u u 0 0 2 2 0 0 2 2 0 u u 0 2 0 0 0 0 d u u 0 0 d 0 0 0 u u 
2 2 u u 0 0 2 2 0 u 2 2 0 0 u 0 2 0 0 0 0 d d 0 0 0 u u 0 0 u u 
2 2 0 u 0 0 2 u 0 0 2 u 0 u u u 2 0 u 0 0 0 2 u d 0 2 0 d 0 0 0 
2 2 0 u 0 0 2 u 0 u 2 u 0 0 u u 2 0 u 0 0 0 2 0 d 0 2 u d 0 0 0 
2 2 u u 0 0 2 2 0 0 2 2 0 u u 0 2 0 0 0 0 d d u 0 0 u 0 0 0 u u 
2 2 u u 0 0 2 2 0 u 2 2 0 0 u 0 2 0 0 0 0 d u 0 0 0 d u 0 0 u u 
2 2 u u u 0 2 0 0 u 2 2 0 0 0 0 2 0 0 0 0 0 2 u 2 0 2 0 0 0 u 0 
2 2 u u u 0 2 2 0 0 2 0 0 u 0 0 2 0 0 0 0 0 2 0 0 0 2 u 2 0 u 0 
2 2 u u 0 0 2 2 0 u 2 2 0 u 0 0 2 0 0 0 d 0 2 u 0 0 u 0 0 0 u 0 
2 2 u u 0 0 2 2 0 u 2 2 0 u 0 0 2 0 0 0 d 0 u 0 0 0 2 u 0 0 u 0 
2 2 u u 0 0 2 2 0 u u 2 0 0 2 0 2 0 0 0 0 0 2 0 0 0 d u 0 0 u u 
2 2 u u 0 0 u 2 0 0 2 2 0 u 2 0 2 0 0 0 0 0 d u 0 0 2 0 0 0 u u 
2 2 u u d 0 u 2 0 0 2 2 0 u u 0 2 0 0 0 0 0 2 0 u 0 2 u 0 0 0 0 
2 2 u u d 0 2 2 0 u u 2 0 0 u 0 2 0 0 0 0 0 2 u 0 0 2 0 u 0 0 0 
2 2 u u 0 0 2 2 0 u 2 2 0 0 u 0 u 0 0 0 0 0 d 0 0 0 2 u 0 d u u 
2 2 u u 0 0 2 2 0 0 2 2 0 u u 0 u 0 0 0 0 0 2 u 0 d d 0 0 0 u u 
2 2 u u 0 0 2 d 0 0 2 2 0 u u d 2 u 0 0 0 0 2 u 0 0 u 0 0 0 u 0 
2 2 u u 0 0 2 2 0 u 2 d 0 0 u d 2 u 0 0 0 0 u 0 0 0 2 u 0 0 u 0 
2 2 u u 0 0 2 2 0 0 2 2 0 u u 0 u 0 0 0 0 0 d u 0 0 2 0 0 d u u 
2 2 u u 0 0 2 2 0 u 2 2 0 0 u 0 u 0 0 0 0 0 2 0 0 d d u 0 0 u u 
2 2 u u 0 0 2 u 0 0 2 2 0 u 2 0 2 u 0 d 0 0 2 0 0 0 u u 0 0 0 0 
2 2 u u 0 0 2 2 0 u 2 u 0 0 2 0 2 u 0 d 0 0 u u 0 0 2 0 0 0 0 0 
2 2 u u 0 0 2 d 0 u 2 2 0 0 u d 2 u 0 0 0 0 2 0 0 0 u u 0 0 u 0 
2 2 u u 0 0 2 2 0 0 2 d 0 u u d 2 u 0 0 0 0 u u 0 0 2 0 0 0 u 0 
2 2 u 0 0 0 u 2 0 0 2 2 0 u u 0 2 u 0 d 0 0 2 0 u 0 2 u 0 0 0 0 
2 2 u 0 0 0 2 2 0 u u 2 0 0 u 0 2 u 0 d 0 0 2 u 0 0 2 0 u 0 0 0 
2 2 u u 0 0 0 2 2 0 2 2 0 u u 0 2 0 0 0 0 0 2 u 0 0 2 0 0 0 u 0 
2 2 u u 0 0 2 2 0 u 0 2 2 0 u 0 2 0 0 0 0 0 2 0 0 0 2 u 0 0 u 0 
2 2 u u 0 0 2 2 0 0 2 2 0 u u 0 2 u 0 0 0 0 d 0 u 0 u u d 0 0 0 
2 2 u u 0 0 2 2 0 u 2 2 0 0 u 0 2 u 0 0 0 0 u u d 0 d 0 u 0 0 0 
2 2 u u 0 0 0 2 2 u 2 2 0 0 u 0 2 0 0 0 0 0 2 0 0 0 2 u 0 0 u 0 
2 2 u u 0 0 2 2 0 0 0 2 2 u u 0 2 0 0 0 0 0 2 u 0 0 2 0 0 0 u 0 
2 u 0 u 0 0 2 d 0 0 2 2 0 u 0 0 2 u u 0 d 0 2 0 u 0 2 u 0 0 u 0 
2 u 0 u 0 0 2 2 0 u 2 d 0 0 0 0 2 u u 0 d 0 2 u 0 0 2 0 u 0 u 0 
2 u 0 u 0 0 2 d 0 u 2 2 0 0 0 0 2 u u 0 d 0 2 u u 0 2 0 0 0 u 0 
2 u 0 u 0 0 2 2 0 0 2 d 0 u 0 0 2 u u 0 d 0 2 0 0 0 2 u u 0 u 0 
2 2 2 u 0 0 d 2 0 0 2 2 0 u u 0 u 0 0 0 0 0 2 u u 0 2 0 0 0 u 0 
2 2 2 u 0 0 2 2 0 u d 2 0 0 u 0 u 0 0 0 0 0 2 0 0 0 2 u u 0 u 0 
2 2 2 u 0 0 d 2 0 u 2 2 0 0 u 0 u 0 0 0 0 0 2 0 u 0 2 u 0 0 u 0 
2 2 2 u 0 0 2 2 0 0 d 2 0 u u 0 u 0 0 0 0 0 2 u 0 0 2 0 u 0 u 0 
u d u u 0 2 2 2 0 0 2 2 0 u u 0 2 0 0 0 0 0 2 u 0 0 2 0 0 0 u 0 
u d u u 0 2 2 2 0 u 2 2 0 0 u 0 2 0 0 0 0 0 2 0 0 0 2 u 0 0 u 0 
2 2 0 0 0 0 2 2 0 u 2 2 0 0 u 0 2 0 0 0 0 0 2 0 0 0 2 u u u u 0 
2 2 0 0 0 0 2 2 0 0 2 2 0 u u 0 2 0 0 0 0 0 2 u u u 2 0 0 0 u 0 
2 2 u 0 u 0 2 0 2 0 2 2 0 u 0 u 2 0 0 0 0 0 2 u 0 0 2 0 0 0 u 0 
2 2 u 0 u 0 2 2 0 u 2 0 2 0 0 u 2 0 0 0 0 0 2 0 0 0 2 u 0 0 u 0 
2 2 u 0 u 0 2 0 2 u 2 2 0 0 0 u 2 0 0 0 0 0 2 0 0 0 2 u 0 0 u 0 
2 2 u 0 u 0 2 2 0 0 2 0 2 u 0 u 2 0 0 0 0 0 2 u 0 0 2 0 0 0 u 0 
2 2 u u 0 0 2 2 0 0 2 2 0 u u 0 2 u 0 0 0 0 u 0 d 0 d u u 0 0 0 
2 2 u u 0 0 2 2 0 u 2 2 0 0 u 0 2 u 0 0 0 0 d u u 0 u 0 d 0 0 0 
2 2 u u 0 0 2 2 0 0 2 2 0 u u 0 d 0 u 0 0 0 2 u 0 0 2 0 0 0 0 u 
2 2 u u 0 0 2 2 0 u 2 2 0 0 u 0 d 0 u 0 0 0 2 0 0 0 2 u 0 0 0 u 
2 2 u u 0 0 2 2 0 0 2 2 0 2 0 0 2 u u 0 0 0 u 0 0 0 2 u 0 0 0 0 
2 2 u u 0 0 2 2 0 2 2 2 0 0 0 0 2 u u 0 0 0 2 u 0 0 u 0 0 0 0 0 
2 2 u 0 0 0 2 2 0 d 2 2 0 u u 0 2 0 0 0 u 0 u u 0 0 2 0 0 0 u 0 
2 2 u 0 0 0 2 2 0 u 2 2 0 d u 0 2 0 0 0 u 0 2 0 0 0 u u 0 0 u 0 
2 2 0 u 0 0 2 2 0 0 2 d 0 u u 0 2 0 0 0 0 u 2 u 0 0 2 0 u 0 u 0 
2 2 0 u 0 0 2 d 0 u 2 2 0 0 u 0 2 0 0 0 0 u 2 0 u 0 2 u 0 0 u 0 
2 u u 0 0 0 2 d 0 u 2 d 0 0 u 0 2 u 0 0 d 0 2 0 u 0 2 u u 0 u 0 
2 u u 0 0 0 2 d 0 0 2 d 0 u u 0 2 u 0 0 d 0 2 u u 0 2 0 u 0 u 0 
2 2 u 0 0 0 2 2 0 0 2 2 0 2 u 0 2 0 0 0 u 0 2 u 0 0 u 0 0 0 u 0 
2 2 u 0 0 0 2 2 0 2 2 2 0 0 u 0 2 0 0 0 u 0 u 0 0 0 2 u 0 0 u 0 
2 2 u u 0 0 2 2 0 0 2 2 0 u u 0 2 d 0 0 0 0 u u 0 0 u 0 0 0 u d 
2 2 u u 0 0 2 2 0 u 2 2 0 0 u 0 2 d 0 0 0 0 u 0 0 0 u u 0 0 u d 
2 2 u u 0 0 2 2 0 0 2 2 0 u u 0 u 0 d 0 0 0 2 u 0 0 2 0 0 0 u 0 
2 2 u u 0 0 2 2 0 u 2 2 0 0 u 0 u 0 d 0 0 0 2 0 0 0 2 u 0 0 u 0 
2 2 0 u 0 0 2 2 0 u 2 d 0 0 u 0 2 0 0 0 0 u 2 0 0 0 2 u u 0 u 0 
2 2 0 u 0 0 2 d 0 0 2 2 0 u u 0 2 0 0 0 0 u 2 u u 0 2 0 0 0 u 0 
u 2 2 u 0 0 2 2 0 0 2 2 0 u u 0 u u d 0 0 0 2 0 0 0 2 u 0 0 0 0 
u 2 2 u 0 0 2 2 0 u 2 2 0 0 u 0 u u d 0 0 0 2 u 0 0 2 0 0 0 0 0 
2 d u u 0 0 d 2 0 0 2 2 0 u u 0 2 0 0 0 u 0 2 u u 0 2 0 0 0 u 0 
2 d u u 0 0 2 2 0 u d 2 0 0 u 0 2 0 0 0 u 0 2 0 0 0 2 u u 0 u 0 
d 2 u u 0 0 d 2 0 0 2 2 0 u u 0 2 0 u 0 0 0 2 u u 0 2 0 0 0 u 0 
d 2 u u 0 0 2 2 0 u d 2 0 0 u 0 2 0 u 0 0 0 2 0 0 0 2 u u 0 u 0 
2 2 u u 0 0 2 2 0 0 2 2 0 u u 0 2 0 0 d 0 0 u u 0 0 u 0 0 0 2 0 
2 2 u u 0 0 2 2 0 u 2 2 0 0 u 0 2 0 0 d 0 0 u 0 0 0 u u 0 0 2 0 
2 d u u 0 0 d 2 0 u 2 2 0 0 u 0 2 0 0 0 u 0 2 0 u 0 2 u 0 0 u 0 
2 d u u 0 0 2 2 0 0 d 2 0 u u 0 2 0 0 0 u 0 2 u 0 0 2 0 u 0 u 0 
2 u u u d 0 2 2 u 0 2 2 0 0 u 0 2 0 0 0 0 0 2 0 0 0 2 u 0 0 u 0 
2 u u u d 0 2 2 0 0 2 2 u 0 u 0 2 0 0 0 0 0 2 u 0 0 2 0 0 0 u 0 
2 2 u u 0 0 2 u 0 0 2 2 0 u u d 2 u 0 0 0 0 d 0 0 0 2 u 0 0 u 0 
2 2 u u 0 0 2 2 0 u 2 u 0 0 u d 2 u 0 0 0 0 2 u 0 0 d 0 0 0 u 0 
2 2 u 0 0 0 2 2 0 0 2 2 0 0 u 0 2 0 0 0 0 u 2 0 0 u 2 u 0 0 u 0 
2 2 u 0 0 0 2 2 0 0 2 2 0 0 u 0 2 0 0 0 0 u 2 u 0 0 2 0 0 u u 0 
2 2 u u 0 0 d 2 0 u 2 2 0 u u 0 u d 0 0 0 0 2 u 0 0 2 0 0 0 u 0 
2 2 u u 0 0 2 2 0 u d 2 0 u u 0 u d 0 0 0 0 2 0 0 0 2 u 0 0 u 0 
d 2 u u 0 0 d 2 0 u 2 2 0 0 u 0 2 0 u 0 0 0 2 0 u 0 2 u 0 0 u 0 
d 2 u u 0 0 2 2 0 0 d 2 0 u u 0 2 0 u 0 0 0 2 u 0 0 2 0 u 0 u 0 
2 2 u u u 0 2 0 0 0 2 2 0 u 0 0 2 0 0 0 0 0 2 0 2 0 2 u 0 0 u 0 
2 2 u u u 0 2 2 0 u 2 0 0 0 0 0 2 0 0 0 0 0 2 u 0 0 2 0 2 0 u 0 
2 2 u 2 0 0 2 2 0 0 2 u 0 u u 0 2 u 0 0 0 0 u 0 0 0 2 u 0 0 0 d 
2 2 u 2 0 0 2 u 0 u 2 2 0 0 u 0 2 u 0 0 0 0 2 u 0 0 u 0 0 0 0 d 
2 2 2 u 0 0 2 2 0 0 d 2 0 u u 0 2 0 0 u 0 0 2 u 0 0 u 0 0 0 u 0 
2 2 2 u 0 0 d 2 0 u 2 2 0 0 u 0 2 0 0 u 0 0 u 0 0 0 2 u 0 0 u 0 
u 2 u u 0 0 2 2 0 0 2 2 0 u u u 2 0 0 0 0 0 2 u d 0 d 0 0 0 u 0 
u 2 u u 0 0 2 2 0 u 2 2 0 0 u u 2 0 0 0 0 0 d 0 0 0 2 u d 0 u 0 
2 2 u 0 0 u 2 d 0 u 2 u 0 0 d 0 2 u 0 0 0 0 2 0 0 0 2 u 0 0 u u 
2 2 u 0 0 u 2 u 0 0 2 d 0 u d 0 2 u 0 0 0 0 2 u 0 0 2 0 0 0 u u 
2 2 u u 0 0 2 u 0 0 2 u d u 0 0 2 u 0 0 0 0 2 0 d 0 2 u 0 0 0 u 
2 2 u u 0 0 2 u d u 2 u 0 0 0 0 2 u 0 0 0 0 2 u 0 0 2 0 d 0 0 u 
2 2 0 0 0 d 2 2 0 0 2 u u u 0 0 2 u 0 0 0 0 2 u 0 0 2 0 0 0 u u 
2 2 0 0 0 d 2 u u u 2 2 0 0 0 0 2 u 0 0 0 0 2 0 0 0 2 u 0 0 u u 
2 2 u u 0 0 d 2 0 u 2 d 0 0 u 0 2 0 0 0 0 0 2 0 u 0 2 u 0 u u 0 
2 2 u u 0 0 2 d 0 0 d 2 0 u u 0 2 0 0 0 0 0 2 u 0 u 2 0 u 0 u 0 
2 2 u u 0 0 d 2 0 0 2 d 0 u u 0 2 0 0 0 0 0 2 u u 0 2 0 0 u u 0 
2 2 u u 0 0 2 d 0 u d 2 0 0 u 0 2 0 0 0 0 0 2 0 0 u 2 u u 0 u 0 
u 2 u u 0 0 2 2 0 u 2 2 0 0 u u 2 0 0 0 0 0 2 0 d 0 d u 0 0 u 0 
u 2 u u 0 0 2 2 0 0 2 2 0 u u u 2 0 0 0 0 0 d u 0 0 2 0 d 0 u 0 
2 2 u u 0 0 2 2 0 0 2 u d u u 0 2 0 0 0 0 0 2 u 0 0 u 0 0 d u 0 
2 2 u u 0 0 2 u d u 2 2 0 0 u 0 2 0 0 0 0 0 u 0 0 d 2 u 0 0 u 0 
2 2 u u 0 0 2 2 0 u 2 u d 0 u 0 2 0 0 0 0 0 2 0 0 0 u u 0 d u 0 
2 2 u u 0 0 2 u d 0 2 2 0 u u 0 2 0 0 0 0 0 u u 0 d 2 0 0 0 u 0 
2 d 0 u 0 0 2 u 0 u 2 2 0 0 u u 2 0 u 0 u 0 2 0 d 0 2 u 0 0 0 0 
2 d 0 u 0 0 2 2 0 0 2 u 0 u u u 2 0 u 0 u 0 2 u 0 0 2 0 d 0 0 0 
2 d 0 u 0 0 2 u 0 0 2 2 0 u u u 2 0 u 0 u 0 2 u d 0 2 0 0 0 0 0 
2 d 0 u 0 0 2 2 0 u 2 u 0 0 u u 2 0 u 0 u 0 2 0 0 0 2 u d 0 0 0 
2 2 2 u 0 0 d 2 0 0 2 2 0 u u 0 2 0 0 u 0 0 u u 0 0 2 0 0 0 u 0 
2 2 2 u 0 0 2 2 0 u d 2 0 0 u 0 2 0 0 u 0 0 2 0 0 0 u u 0 0 u 0 
2 2 u 0 0 u 2 d 0 0 2 u 0 u d 0 2 u 0 0 0 0 2 u 0 0 2 0 0 0 u u 
2 2 u 0 0 u 2 u 0 u 2 d 0 0 d 0 2 u 0 0 0 0 2 0 0 0 2 u 0 0 u u 
2 u u u 0 0 2 2 d u 2 u 0 0 2 0 2 u 0 0 0 0 2 u 0 0 2 0 0 0 0 0 
2 u u u 0 0 2 u 0 0 2 2 d u 2 0 2 u 0 0 0 0 2 0 0 0 2 u 0 0 0 0 
2 2 0 u 0 d 2 2 0 0 2 2 0 u u 0 u 0 0 0 0 u 2 u 0 0 2 0 0 0 u 0 
2 2 0 u 0 d 2 2 0 u 2 2 0 0 u 0 u 0 0 0 0 u 2 0 0 0 2 u 0 0 u 0 
2 d u u 0 0 2 2 0 0 2 2 u u u 0 2 0 0 0 0 0 2 u u 0 2 0 0 0 0 0 
2 d u u 0 0 2 2 u u 2 2 0 0 u 0 2 0 0 0 0 0 2 0 0 0 2 u u 0 0 0 
2 d u u 0 0 2 2 0 u 2 2 u 0 u 0 2 0 0 0 0 0 2 0 u 0 2 u 0 0 0 0 
2 d u u 0 0 2 2 u 0 2 2 0 u u 0 2 0 0 0 0 0 2 u 0 0 2 0 u 0 0 0 
2 u 0 0 0 0 2 2 0 u 2 2 0 0 0 0 2 u u 0 d 0 2 0 0 0 2 u 0 0 u u 
2 u 0 0 0 0 2 2 0 0 2 2 0 u 0 0 2 u u 0 d 0 2 u 0 0 2 0 0 0 u u 
2 2 u u 0 0 2 u 0 u 2 u d 0 0 0 2 u 0 0 0 0 2 u d 0 2 0 0 0 0 u 
2 2 u u 0 0 2 u d 0 2 u 0 u 0 0 2 u 0 0 0 0 2 0 0 0 2 u d 0 0 u 
2 2 0 0 0 d 2 2 0 u 2 u u 0 0 0 2 u 0 0 0 0 2 0 0 0 2 u 0 0 u u 
2 2 0 0 0 d 2 u u 0 2 2 0 u 0 0 2 u 0 0 0 0 2 u 0 0 2 0 0 0 u u 
d 2 u u 0 u 2 2 0 u 2 2 0 0 u 0 2 0 0 0 0 0 2 0 0 0 u u 0 d u 0 
d 2 u u 0 u 2 2 0 0 2 2 0 u u 0 2 0 0 0 0 0 u u 0 d 2 0 0 0 u 0 
2 2 u 0 0 0 2 2 0 0 d 2 0 u u 0 2 0 0 0 0 0 2 u u 0 2 0 0 0 u u 
2 2 u 0 0 0 d 2 0 u 2 2 0 0 u 0 2 0 0 0 0 0 2 0 0 0 2 u u 0 u u 
d 2 u u 0 u 2 2 0 0 2 2 0 u u 0 2 0 0 0 0 0 2 u 0 0 u 0 0 d u 0 
d 2 u u 0 u 2 2 0 u 2 2 0 0 u 0 2 0 0 0 0 0 u 0 0 d 2 u 0 0 u 0 
2 0 u 0 0 0 2 2 0 u 2 2 0 0 0 0 2 u 0 0 d u 2 0 0 0 2 u 0 0 u u 
2 0 u 0 0 0 2 2 0 0 2 2 0 u 0 0 2 u 0 0 d u 2 u 0 0 2 0 0 0 u u 
2 2 u u 0 0 2 2 0 0 2 u 0 u 2 0 2 u 0 d 0 0 u 0 0 0 2 u 0 0 0 0 
2 2 u u 0 0 2 u 0 u 2 2 0 0 2 0 2 u 0 d 0 0 2 u 0 0 u 0 0 0 0 0 
2 2 u u 0 0 2 2 0 u d 2 0 u u 0 u 0 0 0 0 0 2 u 0 0 2 0 0 0 2 0 
2 2 u u 0 0 d 2 0 u 2 2 0 u u 0 u 0 0 0 0 0 2 0 0 0 2 u 0 0 2 0 
2 2 u u 0 0 2 2 0 u u 2 0 0 0 0 2 0 0 0 0 0 2 0 0 0 2 u 0 u u d 
2 2 u u 0 0 u 2 0 0 2 2 0 u 0 0 2 0 0 0 0 0 2 u 0 u 2 0 0 0 u d 
2 2 u u 0 0 2 2 0 u d u 0 0 u 0 2 2 0 u 0 0 2 u 0 0 2 0 0 0 0 0 
2 2 u u 0 0 d u 0 0 2 2 0 u u 0 2 2 0 u 0 0 2 0 0 0 2 u 0 0 0 0 
2 2 u 0 0 0 2 2 u 0 2 2 0 u u 0 2 u 0 0 0 0 2 0 0 0 2 0 0 0 u 0 
2 2 u 0 0 0 2 2 0 u 2 2 u 0 u 0 2 u 0 0 0 0 2 0 0 0 2 0 0 0 u 0 
2 2 0 0 0 0 2 2 0 0 2 u u u u 0 2 2 0 0 0 0 2 u 0 0 2 0 0 0 u 0 
2 2 0 0 0 0 2 u u u 2 2 0 0 u 0 2 2 0 0 0 0 2 0 0 0 2 u 0 0 u 0 
2 2 u u 0 0 2 2 0 u 2 u 0 0 u u 2 0 0 0 0 d d 0 0 0 2 u 0 0 u 0 
2 2 u u 0 0 2 u 0 0 2 2 0 u u u 2 0 0 0 0 d 2 u 0 0 d 0 0 0 u 0 
2 u u u 0 0 2 2 d 0 2 u 0 u 2 0 2 u 0 0 0 0 2 0 0 0 2 u 0 0 0 0 
2 u u u 0 0 2 u 0 u 2 2 d 0 2 0 2 u 0 0 0 0 2 u 0 0 2 0 0 0 0 0 
2 2 u u 0 0 2 2 u u 2 d 0 0 u 0 2 0 u 0 0 0 2 0 0 0 2 u 0 0 0 0 
2 2 u u 0 0 2 d 0 0 2 2 u u u 0 2 0 u 0 0 0 2 u 0 0 2 0 0 0 0 0 
2 u 0 u 0 0 2 2 0 0 2 2 0 u 0 u 2 u 0 0 2 0 2 0 0 0 2 u 0 0 0 0 
2 u 0 u 0 0 2 2 0 u 2 2 0 0 0 u 2 u 0 0 2 0 2 u 0 0 2 0 0 0 0 0 
2 2 u u 0 0 2 2 u 0 2 d 0 u u 0 2 0 u 0 0 0 2 u 0 0 2 0 0 0 0 0 
2 2 u u 0 0 2 d 0 u 2 2 u 0 u 0 2 0 u 0 0 0 2 0 0 0 2 u 0 0 0 0 
2 d u 0 0 0 2 u 0 0 2 2 0 u 0 0 2 u 0 0 0 u 2 u d 0 2 0 0 0 u u 
2 d u 0 0 0 2 2 0 u 2 u 0 0 0 0 2 u 0 0 0 u 2 0 0 0 2 u d 0 u u 
2 d u 0 0 0 2 u 0 u 2 2 0 0 0 0 2 u 0 0 0 u 2 0 d 0 2 u 0 0 u u 
2 d u 0 0 0 2 2 0 0 2 u 0 u 0 0 2 u 0 0 0 u 2 u 0 0 2 0 d 0 u u 
2 2 u d 0 u 2 2 0 0 2 0 0 u 0 0 2 u 0 0 0 0 2 u 0 0 2 0 0 0 u u 
2 2 u d 0 u 2 0 0 u 2 2 0 0 0 0 2 u 0 0 0 0 2 0 0 0 2 u 0 0 u u 
2 u u 0 u 0 2 2 0 0 2 2 0 u 0 0 2 0 0 u 0 d 2 0 0 0 2 u 0 0 u 0 
2 u u 0 u 0 2 2 0 u 2 2 0 0 0 0 2 0 0 u 0 d 2 u 0 0 2 0 0 0 u 0 
u 2 u 0 0 0 2 2 d u 2 2 0 u u 0 2 0 0 0 0 0 2 u 0 0 2 0 0 0 u 0 
u 2 u 0 0 0 2 2 0 u 2 2 d u u 0 2 0 0 0 0 0 2 0 0 0 2 u 0 0 u 0 
2 2 u u 0 0 2 2 0 0 2 2 0 0 u u d 0 0 0 0 0 2 0 0 0 2 u 0 u u 0 
2 2 u u 0 0 2 2 0 0 2 2 0 0 u u d 0 0 0 0 0 2 u 0 u 2 0 0 0 u 0 
2 2 u d 0 u 2 2 0 u 2 0 0 0 0 0 2 u 0 0 0 0 2 0 0 0 2 u 0 0 u u 
2 2 u d 0 u 2 0 0 0 2 2 0 u 0 0 2 u 0 0 0 0 2 u 0 0 2 0 0 0 u u 
2 2 u u 0 0 2 2 0 0 2 u 0 0 u 0 2 u 0 u 0 d 2 0 0 0 2 u 0 0 0 0 
2 2 u u 0 0 2 u 0 0 2 2 0 0 u 0 2 u 0 u 0 d 2 u 0 0 2 0 0 0 0 0 
2 2 0 0 0 0 2 2 0 u 2 u u 0 u 0 2 2 0 0 0 0 2 0 0 0 2 u 0 0 u 0 
2 2 0 0 0 0 2 u u 0 2 2 0 u u 0 2 2 0 0 0 0 2 u 0 0 2 0 0 0 u 0 
2 2 0 u 0 0 2 u 0 u 2 d u 0 u 0 2 0 u 0 0 0 2 0 d 0 2 u 0 0 u 0 
2 2 0 u 0 0 2 d u 0 2 u 0 u u 0 2 0 u 0 0 0 2 u 0 0 2 0 d 0 u 0 
2 2 0 u 0 0 2 u 0 0 2 d u u u 0 2 0 u 0 0 0 2 u d 0 2 0 0 0 u 0 
2 2 0 u 0 0 2 d u u 2 u 0 0 u 0 2 0 u 0 0 0 2 0 0 0 2 u d 0 u 0 
u 2 u u 0 u 2 d d 0 2 2 0 u u 0 2 0 0 0 0 0 2 u 0 0 2 0 0 0 u 0 
u 2 u u 0 u 2 2 0 u 2 d d 0 u 0 2 0 0 0 0 0 2 0 0 0 2 u 0 0 u 0 
2 2 u u 0 0 2 2 0 0 2 u 0 u u u 2 0 0 0 0 d d u 0 0 2 0 0 0 u 0 
2 2 u u 0 0 2 u 0 u 2 2 0 0 u u 2 0 0 0 0 d 2 0 0 0 d u 0 0 u 0 
2 2 u u 0 0 2 2 0 0 2 2 0 u u 0 u d 0 0 0 0 2 u 0 0 u 0 0 d u 0 
2 2 u u 0 0 2 2 0 u 2 2 0 0 u 0 u d 0 0 0 0 u 0 0 d 2 u 0 0 u 0 
2 2 u 2 0 0 2 u 0 0 2 2 0 u u 0 2 u 0 0 0 0 2 0 0 0 u u 0 0 0 d 
2 2 u 2 0 0 2 2 0 u 2 u 0 0 u 0 2 u 0 0 0 0 u u 0 0 2 0 0 0 0 d 
u 2 u u 0 u 2 d d u 2 2 0 0 u 0 2 0 0 0 0 0 2 0 0 0 2 u 0 0 u 0 
u 2 u u 0 u 2 2 0 0 2 d d u u 0 2 0 0 0 0 0 2 u 0 0 2 0 0 0 u 0 
2 2 u u 0 0 2 2 0 0 2 u 0 u u d 2 u 0 0 0 0 2 0 0 0 d u 0 0 u 0 
2 2 u u 0 0 2 u 0 u 2 2 0 0 u d 2 u 0 0 0 0 d u 0 0 2 0 0 0 u 0 
2 2 u u 0 0 2 2 0 0 u 2 0 u 0 0 2 0 0 0 0 0 2 u 0 0 2 0 0 u u d 
2 2 u u 0 0 u 2 0 u 2 2 0 0 0 0 2 0 0 0 0 0 2 0 0 u 2 u 0 0 u d 
2 d u u 0 0 2 2 u u u 2 0 0 u d 2 u 0 0 0 0 2 u 0 0 2 0 0 0 0 0 
2 d u u 0 0 u 2 0 0 2 2 u u u d 2 u 0 0 0 0 2 0 0 0 2 u 0 0 0 0 
2 d u u 0 0 2 2 u 0 u 2 0 u u d 2 u 0 0 0 0 2 0 0 0 2 u 0 0 0 0 
2 d u u 0 0 u 2 0 u 2 2 u 0 u d 2 u 0 0 0 0 2 u 0 0 2 0 0 0 0 0 
2 2 u u 0 0 2 2 0 0 2 2 0 u 0 d 2 u 0 0 0 0 u 0 u 0 2 u 0 0 0 0 
2 2 u u 0 0 2 2 0 u 2 2 0 0 0 d 2 u 0 0 0 0 2 u 0 0 u 0 u 0 0 0 
2 2 u u 0 0 2 2 u u 2 d 0 0 u 0 2 u 0 0 0 0 2 0 0 0 2 u 0 0 0 0 
2 2 u u 0 0 2 d 0 0 2 2 u u u 0 2 u 0 0 0 0 2 u 0 0 2 0 0 0 0 0 
2 u u u 0 0 2 d 0 u 2 2 0 0 u 0 2 u d 0 0 0 2 u u 0 2 0 0 0 0 0 
2 u u u 0 0 2 2 0 0 2 d 0 u u 0 2 u d 0 0 0 2 0 0 0 2 u u 0 0 0 
2 2 u u 0 0 2 2 0 0 d u 0 u u 0 2 2 0 u 0 0 2 0 0 0 2 u 0 0 0 0 
2 2 u u 0 0 d u 0 u 2 2 0 0 u 0 2 2 0 u 0 0 2 u 0 0 2 0 0 0 0 0 
2 u u u 0 0 2 d 0 0 2 2 0 u u 0 2 u d 0 0 0 2 0 u 0 2 u 0 0 0 0 
2 u u u 0 0 2 2 0 u 2 d 0 0 u 0 2 u d 0 0 0 2 u 0 0 2 0 u 0 0 0 
2 2 u 0 0 0 2 2 u u 2 2 0 0 u 0 u 0 0 0 0 0 2 0 0 d 2 u 0 0 u 0 
2 2 u 0 0 0 2 2 0 0 2 2 u u u 0 u 0 0 0 0 0 2 u 0 0 2 0 0 d u 0 
2 2 0 u 0 0 2 u 0 0 2 2 0 u u 0 2 u d 0 0 0 2 0 u 0 2 u 0 0 0 0 
2 2 0 u 0 0 2 2 0 u 2 u 0 0 u 0 2 u d 0 0 0 2 u 0 0 2 0 u 0 0 0 
2 2 0 u 0 0 2 d 0 u 2 2 0 0 u 0 2 u 0 u 0 0 2 u u 0 2 0 0 0 0 0 
2 2 0 u 0 0 2 2 0 0 2 d 0 u u 0 2 u 0 u 0 0 2 0 0 0 2 u u 0 0 0 
2 d u u d 0 u 2 u 0 2 2 0 u u 0 2 u 0 0 0 0 2 0 0 0 2 u 0 0 0 0 
2 d u u d 0 2 2 0 u u 2 u 0 u 0 2 u 0 0 0 0 2 u 0 0 2 0 0 0 0 0 
2 2 u u 0 0 2 2 d u 2 2 u 0 u 0 u 0 0 0 0 0 2 0 0 0 2 u 0 0 0 0 
2 2 u u 0 0 2 2 u 0 2 2 d u u 0 u 0 0 0 0 0 2 u 0 0 2 0 0 0 0 0 
2 d u u d 0 u 2 u u 2 2 0 0 u 0 2 u 0 0 0 0 2 u 0 0 2 0 0 0 0 0 
2 d u u d 0 2 2 0 0 u 2 u u u 0 2 u 0 0 0 0 2 0 0 0 2 u 0 0 0 0 
2 2 u u 0 0 2 2 d 0 2 2 u u u 0 u 0 0 0 0 0 2 u 0 0 2 0 0 0 0 0 
2 2 u u 0 0 2 2 u u 2 2 d 0 u 0 u 0 0 0 0 0 2 0 0 0 2 u 0 0 0 0 
u 2 2 u 0 0 d 2 u 0 2 2 0 u u 0 2 0 0 0 0 0 2 u 0 0 2 0 0 0 u 0 
u 2 2 u 0 0 2 2 0 u d 2 u 0 u 0 2 0 0 0 0 0 2 0 0 0 2 u 0 0 u 0 
u 2 2 u 0 0 d 2 u u 2 2 0 0 u 0 2 0 0 0 0 0 2 0 0 0 2 u 0 0 u 0 
u 2 2 u 0 0 2 2 0 0 d 2 u u u 0 2 0 0 0 0 0 2 u 0 0 2 0 0 0 u 0 
2 2 u u 0 0 2 2 0 0 2 2 0 u u 0 2 0 d 0 0 0 u u 0 0 d 0 0 0 u u 
2 2 u u 0 0 2 2 0 u 2 2 0 0 u 0 2 0 d 0 0 0 d 0 0 0 u u 0 0 u u 
2 2 0 u 0 0 2 u 0 u 2 2 0 0 u 0 2 u d 0 0 0 2 u u 0 2 0 0 0 0 0 
2 2 0 u 0 0 2 2 0 0 2 u 0 u u 0 2 u d 0 0 0 2 0 0 0 2 u u 0 0 0 
2 2 u u 0 0 2 2 0 u 2 2 0 0 u 0 u d 0 0 0 0 2 0 0 0 u u 0 d u 0 
2 2 u u 0 0 2 2 0 0 2 2 0 u u 0 u d 0 0 0 0 u u 0 d 2 0 0 0 u 0 
2 2 u u 0 0 2 2 0 0 2 u 0 u 2 0 u 0 0 0 0 0 2 u d 0 2 0 0 0 u 0 
2 2 u u 0 0 2 u 0 u 2 2 0 0 2 0 u 0 0 0 0 0 2 0 0 0 2 u d 0 u 0 
2 u u 0 0 0 2 2 0 u 2 2 d u u 0 2 0 0 0 0 0 2 0 0 0 2 u 0 0 u 0 
2 u u 0 0 0 2 2 d u 2 2 0 u u 0 2 0 0 0 0 0 2 u 0 0 2 0 0 0 u 0 
2 2 u u 0 0 2 2 0 u 2 u 0 0 2 0 u 0 0 0 0 0 2 0 d 0 2 u 0 0 u 0 
2 2 u u 0 0 2 u 0 0 2 2 0 u 2 0 u 0 0 0 0 0 2 u 0 0 2 0 d 0 u 0 
2 u 0 0 0 0 2 2 0 0 2 2 0 u u u 2 u 0 0 d u 2 u 0 0 2 0 0 0 0 0 
2 u 0 0 0 0 2 2 0 u 2 2 0 0 u u 2 u 0 0 d u 2 0 0 0 2 u 0 0 0 0 
2 2 0 u 0 0 2 2 0 0 2 2 u u u 0 2 u 0 u 0 0 2 0 0 0 2 0 0 0 0 0 
2 2 0 u 0 0 2 2 u u 2 2 0 0 u 0 2 u 0 u 0 0 2 0 0 0 2 0 0 0 0 0 
2 2 u u 0 0 2 2 u 0 2 d 0 u u 0 2 u 0 0 0 0 2 u 0 0 2 0 0 0 0 0 
2 2 u u 0 0 2 d 0 u 2 2 u 0 u 0 2 u 0 0 0 0 2 0 0 0 2 u 0 0 0 0 
2 2 u 0 0 0 2 2 u 0 2 2 0 u u 0 u 0 0 0 0 0 2 u 0 d 2 0 0 0 u 0 
2 2 u 0 0 0 2 2 0 u 2 2 u 0 u 0 u 0 0 0 0 0 2 0 0 0 2 u 0 d u 0 
2 2 u u 0 0 2 2 0 0 2 2 0 u u 0 2 0 d 0 0 0 d u 0 0 u 0 0 0 u u 
2 2 u u 0 0 2 2 0 u 2 2 0 0 u 0 2 0 d 0 0 0 u 0 0 0 d u 0 0 u u 
2 2 u u 0 0 2 2 0 0 u 2 0 0 u 0 2 0 0 u 0 d 2 u 0 0 2 0 0 0 u 0 
2 2 u u 0 0 u 2 0 0 2 2 0 0 u 0 2 0 0 u 0 d 2 0 0 0 2 u 0 0 u 0 
2 d u u 0 0 2 2 0 u u 2 0 0 u 0 2 u 0 0 u 0 2 u 0 0 2 0 0 d 0 0 
2 d u u 0 0 u 2 0 0 2 2 0 u u 0 2 u 0 0 u 0 2 0 0 d 2 u 0 0 0 0 
2 2 u 0 u 2 2 0 0 u 2 2 0 0 0 u 2 0 0 0 0 0 2 0 0 0 2 u 0 0 u 0 
2 2 u 0 u 2 2 2 0 0 2 0 0 u 0 u 2 0 0 0 0 0 2 u 0 0 2 0 0 0 u 0 
2 2 u u 0 0 2 2 0 0 2 u 0 u 2 0 2 0 0 0 0 0 2 0 u 0 2 u 0 0 0 0 
2 2 u u 0 0 2 u 0 u 2 2 0 0 2 0 2 0 0 0 0 0 2 u 0 0 2 0 u 0 0 0 
2 d u u 0 0 2 2 0 0 u 2 0 u u 0 2 u 0 0 u 0 2 0 0 0 2 u 0 d 0 0 
2 d u u 0 0 u 2 0 u 2 2 0 0 u 0 2 u 0 0 u 0 2 u 0 d 2 0 0 0 0 0 
2 2 u u d 0 2 2 0 u 2 u 0 0 u 0 2 u 0 0 0 0 2 0 0 0 2 0 0 0 u 0 
2 2 u u d 0 2 u 0 0 2 2 0 u u 0 2 u 0 0 0 0 2 0 0 0 2 0 0 0 u 0 
2 2 u u 0 0 2 2 0 0 2 2 0 u u 0 d u u 0 0 0 d 0 u 0 2 u 0 0 0 0 
2 2 u u 0 0 2 2 0 u 2 2 0 0 u 0 d u u 0 0 0 2 u 0 0 d 0 u 0 0 0 
2 2 u u 0 0 2 2 0 0 2 2 0 u u 0 u 0 0 0 0 0 u u 0 0 2 0 0 d 2 0 
2 2 u u 0 0 2 2 0 u 2 2 0 0 u 0 u 0 0 0 0 0 2 0 0 d u u 0 0 2 0 
2 2 u u 0 0 2 2 0 u 2 2 0 0 u 0 d u u 0 0 0 d u u 0 2 0 0 0 0 0 
2 2 u u 0 0 2 2 0 0 2 2 0 u u 0 d u u 0 0 0 2 0 0 0 d u u 0 0 0 
u 2 u u 0 0 2 2 d u 2 2 0 u 0 0 2 0 0 0 0 0 2 0 0 0 2 u 0 0 u 0 
u 2 u u 0 0 2 2 0 u 2 2 d u 0 0 2 0 0 0 0 0 2 u 0 0 2 0 0 0 u 0 
2 2 u u 0 0 2 2 0 u 2 2 0 0 0 d 2 u 0 0 0 0 u u u 0 2 0 0 0 0 0 
2 2 u u 0 0 2 2 0 0 2 2 0 u 0 d 2 u 0 0 0 0 2 0 0 0 u u u 0 0 0 
2 2 u u 0 0 2 2 0 u 2 u 0 0 2 0 2 0 0 0 0 0 2 u u 0 2 0 0 0 0 0 
2 2 u u 0 0 2 u 0 0 2 2 0 u 2 0 2 0 0 0 0 0 2 0 0 0 2 u u 0 0 0 
2 2 0 u 0 0 2 d 0 0 2 2 0 u u 0 2 u 0 u 0 0 2 0 u 0 2 u 0 0 0 0 
2 2 0 u 0 0 2 2 0 u 2 d 0 0 u 0 2 u 0 u 0 0 2 u 0 0 2 0 u 0 0 0 
2 2 u 0 u 2 2 0 0 0 2 2 0 u 0 u 2 0 0 0 0 0 2 u 0 0 2 0 0 0 u 0 
2 2 u 0 u 2 2 2 0 u 2 0 0 0 0 u 2 0 0 0 0 0 2 0 0 0 2 u 0 0 u 0 
2 0 u 0 u 0 2 2 0 0 2 2 0 u 0 u 2 0 0 0 u d 2 u 0 0 2 0 0 0 u 0 
2 0 u 0 u 0 2 2 0 u 2 2 0 0 0 u 2 0 0 0 u d 2 0 0 0 2 u 0 0 u 0 
2 2 2 u 0 0 u 2 0 u 2 2 0 0 u 0 u u 0 0 0 0 2 u d 0 2 0 0 0 0 0 
2 2 2 u 0 0 2 2 0 0 u 2 0 u u 0 u u 0 0 0 0 2 0 0 0 2 u d 0 0 0 
2 2 2 u 0 0 u 2 0 0 2 2 0 u u 0 u u 0 0 0 0 2 0 d 0 2 u 0 0 0 0 
2 2 2 u 0 0 2 2 0 u u 2 0 0 u 0 u u 0 0 0 0 2 u 0 0 2 0 d 0 0 0 
2 2 u 0 u 0 2 d u u 2 2 0 0 0 u 2 u 0 0 0 0 2 u 0 0 2 0 0 0 0 0 
2 2 u 0 u 0 2 2 0 0 2 d u u 0 u 2 u 0 0 0 0 2 0 0 0 2 u 0 0 0 0 
2 2 u 0 0 0 2 2 0 u d 2 0 0 u 0 2 0 0 0 0 0 2 0 u 0 2 u 0 0 u u 
2 2 u 0 0 0 d 2 0 0 2 2 0 u u 0 2 0 0 0 0 0 2 u 0 0 2 0 u 0 u u 
2 2 0 u 0 0 2 2 u u 2 2 0 u 0 0 2 0 0 0 0 0 2 0 0 0 2 u 0 0 u 0 
2 2 0 u 0 0 2 2 0 u 2 2 u u 0 0 2 0 0 0 0 0 2 u 0 0 2 0 0 0 u 0 
2 d u 0 0 0 2 2 0 u 2 0 0 0 u 0 2 u 0 0 u 0 2 0 0 0 2 u u d u 0 
2 d u 0 0 0 2 0 0 0 2 2 0 u u 0 2 u 0 0 u 0 2 u u d 2 0 0 0 u 0 
2 d u 0 0 0 2 2 0 0 2 0 0 u u 0 2 u 0 0 u 0 2 u 0 0 2 0 u d u 0 
2 d u 0 0 0 2 0 0 u 2 2 0 0 u 0 2 u 0 0 u 0 2 0 u d 2 u 0 0 u 0 
2 u u 2 0 0 2 2 0 0 2 u d u u 0 2 u 0 0 0 0 2 0 0 0 2 u 0 0 0 0 
2 u u 2 0 0 2 u d u 2 2 0 0 u 0 2 u 0 0 0 0 2 u 0 0 2 0 0 0 0 0 
2 u 0 0 0 0 2 u 0 u 2 2 0 0 u 0 2 u u 0 0 d 2 0 d 0 2 u 0 0 u 0 
2 u 0 0 0 0 2 2 0 0 2 u 0 u u 0 2 u u 0 0 d 2 u 0 0 2 0 d 0 u 0 
2 u 0 0 0 0 2 u 0 0 2 2 0 u u 0 2 u u 0 0 d 2 u d 0 2 0 0 0 u 0 
2 u 0 0 0 0 2 2 0 u 2 u 0 0 u 0 2 u u 0 0 d 2 0 0 0 2 u d 0 u 0 
2 0 0 u 0 0 2 u 0 u 2 2 0 0 u 0 2 0 u 0 2 0 2 0 d 0 2 u 0 0 u 0 
2 0 0 u 0 0 2 2 0 0 2 u 0 u u 0 2 0 u 0 2 0 2 u 0 0 2 0 d 0 u 0 
2 0 0 u 0 0 2 u 0 0 2 2 0 u u 0 2 0 u 0 2 0 2 u d 0 2 0 0 0 u 0 
2 0 0 u 0 0 2 2 0 u 2 u 0 0 u 0 2 0 u 0 2 0 2 0 0 0 2 u d 0 u 0 
2 2 u u 0 0 2 2 0 u 2 2 0 0 u 0 u 0 0 0 0 0 u 0 0 0 2 u 0 d 2 0 
2 2 u u 0 0 2 2 0 0 2 2 0 u u 0 u 0 0 0 0 0 2 u 0 d u 0 0 0 2 0 
2 d 0 0 0 0 2 2 0 u 2 2 0 0 0 0 2 u u 0 u 0 2 0 0 0 2 u 0 0 u u 
2 d 0 0 0 0 2 2 0 0 2 2 0 u 0 0 2 u u 0 u 0 2 u 0 0 2 0 0 0 u u 
d 2 u u 0 0 2 2 0 u 2 d 0 0 u 0 2 0 u 0 0 0 2 0 0 0 2 u u 0 u 0 
d 2 u u 0 0 2 d 0 0 2 2 0 u u 0 2 0 u 0 0 0 2 u u 0 2 0 0 0 u 0 
2 u u 2 0 0 2 u d 0 2 2 0 u u 0 2 u 0 0 0 0 2 0 0 0 2 u 0 0 0 0 
2 u u 2 0 0 2 2 0 u 2 u d 0 u 0 2 u 0 0 0 0 2 u 0 0 2 0 0 0 0 0 
2 2 0 u u 0 2 0 0 u 2 2 0 0 u 0 2 0 u 0 0 0 2 u 2 0 2 0 0 0 0 0 
2 2 0 u u 0 2 2 0 0 2 0 0 u u 0 2 0 u 0 0 0 2 0 0 0 2 u 2 0 0 0 
2 u u u 0 0 2 2 0 0 d 2 0 u u 0 2 u 0 0 d 0 2 0 0 0 2 u 0 u 0 0 
2 u u u 0 0 d 2 0 u 2 2 0 0 u 0 2 u 0 0 d 0 2 u 0 u 2 0 0 0 0 0 
2 2 u u 0 0 2 d 0 0 2 u 0 u u 0 2 u 0 0 0 0 2 0 u 0 2 u 0 d 0 0 
2 2 u u 0 0 2 u 0 u 2 d 0 0 u 0 2 u 0 0 0 0 2 u 0 d 2 0 u 0 0 0 
2 u u u 0 0 2 2 0 u d 2 0 0 u 0 2 u 0 0 d 0 2 u 0 0 2 0 0 u 0 0 
2 u u u 0 0 d 2 0 0 2 2 0 u u 0 2 u 0 0 d 0 2 0 0 u 2 u 0 0 0 0 
2 2 u u 0 0 2 d 0 u 2 u 0 0 u 0 2 u 0 0 0 0 2 u u 0 2 0 0 d 0 0 
2 2 u u 0 0 2 u 0 0 2 d 0 u u 0 2 u 0 0 0 0 2 0 0 d 2 u u 0 0 0 
2 u u 0 0 u 2 d d u 2 2 0 0 0 0 2 u 0 0 0 0 2 0 0 0 2 u 0 0 u u 
2 u u 0 0 u 2 2 0 0 2 d d u 0 0 2 u 0 0 0 0 2 u 0 0 2 0 0 0 u u 
2 2 0 2 0 0 2 2 0 0 2 2 0 u u 0 u 0 0 u 0 0 2 u 0 0 2 0 0 0 u 0 
2 2 0 2 0 0 2 2 0 u 2 2 0 0 u 0 u 0 0 u 0 0 2 0 0 0 2 u 0 0 u 0 
d 2 u u 0 0 2 2 0 0 2 d 0 u u 0 2 0 u 0 0 0 2 u 0 0 2 0 u 0 u 0 
d 2 u u 0 0 2 d 0 u 2 2 0 0 u 0 2 0 u 0 0 0 2 0 u 0 2 u 0 0 u 0 
2 2 0 u u 0 2 0 0 0 2 2 0 u u 0 2 0 u 0 0 0 2 0 2 0 2 u 0 0 0 0 
2 2 0 u u 0 2 2 0 u 2 0 0 0 u 0 2 0 u 0 0 0 2 u 0 0 2 0 2 0 0 0 
2 d u 0 0 0 2 2 0 0 2 u 0 u u u 2 u 0 0 u 0 2 u 0 0 2 0 0 d 0 0 
2 d u 0 0 0 2 u 0 u 2 2 0 0 u u 2 u 0 0 u 0 2 0 0 d 2 u 0 0 0 0 
2 2 u u 0 0 2 2 0 0 2 u d u u 0 2 u 0 0 0 0 d 0 u 0 2 u 0 0 0 0 
2 2 u u 0 0 2 u d u 2 2 0 0 u 0 2 u 0 0 0 0 2 u 0 0 d 0 u 0 0 0 
2 2 u u 0 0 u 2 0 0 2 2 0 0 u 0 2 0 d 0 0 0 2 u 0 0 2 0 0 0 u u 
2 2 u u 0 0 2 2 0 0 u 2 0 0 u 0 2 0 d 0 0 0 2 0 0 0 2 u 0 0 u u 
2 2 u u 0 0 2 2 0 u 2 u d 0 u 0 2 u 0 0 0 0 d u u 0 2 0 0 0 0 0 
2 2 u u 0 0 2 u d 0 2 2 0 u u 0 2 u 0 0 0 0 2 0 0 0 d u u 0 0 0 
2 u u 0 0 u 2 d d 0 2 2 0 u 0 0 2 u 0 0 0 0 2 u 0 0 2 0 0 0 u u 
2 u u 0 0 u 2 2 0 u 2 d d 0 0 0 2 u 0 0 0 0 2 0 0 0 2 u 0 0 u u 
2 d u 0 0 0 2 2 0 u 2 u 0 0 u u 2 u 0 0 u 0 2 0 0 0 2 u 0 d 0 0 
2 d u 0 0 0 2 u 0 0 2 2 0 u u u 2 u 0 0 u 0 2 u 0 d 2 0 0 0 0 0 
2 2 0 u 0 u 2 2 0 0 2 2 0 u u 0 d u 0 0 u 0 2 0 0 0 2 u 0 0 0 0 
2 2 0 u 0 u 2 2 0 u 2 2 0 0 u 0 d u 0 0 u 0 2 u 0 0 2 0 0 0 0 0 
2 d u u 0 0 2 2 u u 2 2 0 0 u 0 2 u 0 0 0 0 2 u 0 0 u 0 0 0 0 d 
2 d u u 0 0 2 2 0 0 2 2 u u u 0 2 u 0 0 0 0 u 0 0 0 2 u 0 0 0 d 
2 2 0 0 0 0 2 2 u u 2 2 0 u u 0 2 0 0 0 0 0 2 u 0 0 2 0 0 0 u 0 
2 2 0 0 0 0 2 2 0 u 2 2 u u u 0 2 0 0 0 0 0 2 0 0 0 2 u 0 0 u 0 
2 d u u 0 0 2 2 u 0 2 2 0 u u 0 2 u 0 0 0 0 2 0 0 0 u u 0 0 0 d 
2 d u u 0 0 2 2 0 u 2 2 u 0 u 0 2 u 0 0 0 0 u u 0 0 2 0 0 0 0 d 
2 u u u 0 0 2 2 u 0 2 2 0 0 u d 2 0 0 0 0 0 2 u 0 0 2 0 0 0 u 0 
2 u u u 0 0 2 2 0 0 2 2 u 0 u d 2 0 0 0 0 0 2 0 0 0 2 u 0 0 u 0 
2 u u 0 0 0 2 2 0 u 2 2 0 0 u 0 2 0 0 u d 0 2 0 0 0 2 u 0 0 u 0 
2 u u 0 0 0 2 2 0 0 2 2 0 u u 0 2 0 0 u d 0 2 u 0 0 2 0 0 0 u 0 
2 2 u u 0 0 2 u 0 u 2 2 0 0 u d 2 u 0 0 0 0 2 0 0 0 2 0 0 0 u 0 
2 2 u u 0 0 2 2 0 0 2 u 0 u u d 2 u 0 0 0 0 2 0 0 0 2 0 0 0 u 0 
2 2 u u 0 0 2 2 0 u 2 0 0 0 u 0 2 0 0 u 0 d 2 0 0 0 2 u 0 0 u 0 
2 2 u u 0 0 2 0 0 0 2 2 0 u u 0 2 0 0 u 0 d 2 u 0 0 2 0 0 0 u 0 
2 u u u u 0 d 2 d u 2 2 0 0 u 0 2 u 0 0 0 0 2 u 0 0 2 0 0 0 0 0 
2 u u u u 0 2 2 0 0 d 2 d u u 0 2 u 0 0 0 0 2 0 0 0 2 u 0 0 0 0 
2 2 u u 0 0 u 2 0 d u 2 0 2 u 0 2 u 0 0 0 0 2 0 0 0 2 u 0 0 0 0 
2 2 u u 0 0 u 2 0 2 u 2 0 d u 0 2 u 0 0 0 0 2 u 0 0 2 0 0 0 0 0 
2 2 u u u 0 2 d 0 u 2 u 0 0 2 0 2 0 0 0 0 0 2 0 0 0 2 u 0 0 u 0 
2 2 u u u 0 2 u 0 0 2 d 0 u 2 0 2 0 0 0 0 0 2 u 0 0 2 0 0 0 u 0 
2 2 u u d 0 2 2 0 0 2 2 0 0 u 0 2 u 0 0 0 0 u 0 0 0 2 u 0 0 0 u 
2 2 u u d 0 2 2 0 0 2 2 0 0 u 0 2 u 0 0 0 0 2 u 0 0 u 0 0 0 0 u 
2 d 0 0 u 0 2 2 0 u 2 2 0 0 u 0 2 0 u 0 u 0 2 0 0 0 2 u 0 0 u 0 
2 d 0 0 u 0 2 2 0 0 2 2 0 u u 0 2 0 u 0 u 0 2 u 0 0 2 0 0 0 u 0 
2 2 u 0 0 2 2 0 0 0 2 2 0 u 0 0 2 u 0 u 0 0 2 0 0 0 2 u 0 0 u 0 
2 2 u 0 0 2 2 2 0 u 2 0 0 0 0 0 2 u 0 u 0 0 2 u 0 0 2 0 0 0 u 0 
2 d u u 0 0 2 u 0 u 2 2 0 0 u 0 2 0 0 u 0 0 2 0 d 0 2 u 0 0 u 0 
2 d u u 0 0 2 2 0 0 2 u 0 u u 0 2 0 0 u 0 0 2 u 0 0 2 0 d 0 u 0 
2 d u u 0 0 2 u 0 0 2 2 0 u u 0 2 0 0 u 0 0 2 u d 0 2 0 0 0 u 0 
2 d u u 0 0 2 2 0 u 2 u 0 0 u 0 2 0 0 u 0 0 2 0 0 0 2 u d 0 u 0 
2 2 2 u 0 0 2 2 0 u 2 2 0 0 0 0 u 0 0 0 0 0 2 0 0 0 2 u 0 0 u u 
2 2 2 u 0 0 2 2 0 0 2 2 0 u 0 0 u 0 0 0 0 0 2 u 0 0 2 0 0 0 u u 
2 2 u u u 0 2 d 0 0 2 u 0 u 2 0 2 0 0 0 0 0 2 u 0 0 2 0 0 0 u 0 
2 2 u u u 0 2 u 0 u 2 d 0 0 2 0 2 0 0 0 0 0 2 0 0 0 2 u 0 0 u 0 
2 2 u u 0 0 2 2 0 0 2 2 0 u u 0 2 2 0 0 0 0 u 0 0 0 u u 0 0 d 0 
2 2 u u 0 0 2 2 0 u 2 2 0 0 u 0 2 2 0 0 0 0 u u 0 0 u 0 0 0 d 0 
2 2 u 0 0 0 2 0 0 0 2 2 0 u 0 0 2 u 0 u 0 0 2 0 2 0 2 u 0 0 0 u 
2 2 u 0 0 0 2 2 0 u 2 0 0 0 0 0 2 u 0 u 0 0 2 u 0 0 2 0 2 0 0 u 
2 2 u 0 u 0 2 d u 0 2 2 0 u 0 u 2 u 0 0 0 0 2 0 0 0 2 u 0 0 0 0 
2 2 u 0 u 0 2 2 0 u 2 d u 0 0 u 2 u 0 0 0 0 2 u 0 0 2 0 0 0 0 0 
2 2 u u 0 0 2 2 0 u 2 2 0 0 u 0 u 0 0 u 0 0 2 0 0 0 2 0 0 d u 0 
2 2 u u 0 0 2 2 0 0 2 2 0 u u 0 u 0 0 u 0 0 2 0 0 d 2 0 0 0 u 0 
2 u u 0 d u 2 2 0 0 2 2 0 u u 0 2 u 0 0 0 0 2 0 0 0 2 u 0 0 0 0 
2 u u 0 d u 2 2 0 u 2 2 0 0 u 0 2 u 0 0 0 0 2 u 0 0 2 0 0 0 0 0 
2 2 u 0 0 0 2 0 0 u 2 2 0 0 0 0 2 u 0 u 0 0 2 u 2 0 2 0 0 0 0 u 
2 2 u 0 0 0 2 2 0 0 2 0 0 u 0 0 2 u 0 u 0 0 2 0 0 0 2 u 2 0 0 u 
2 2 u u 0 0 2 2 0 0 2 0 0 u u 0 2 0 0 u 0 d 2 u 0 0 2 0 0 0 u 0 
2 2 u u 0 0 2 0 0 u 2 2 0 0 u 0 2 0 0 u 0 d 2 0 0 0 2 u 0 0 u 0 
2 2 u u 0 0 2 2 0 0 2 2 0 u u 0 2 0 0 0 0 u u d 0 0 2 u 0 0 0 0 
2 2 u u 0 0 2 2 0 u 2 2 0 0 u 0 2 0 0 0 0 u 2 u 0 0 u d 0 0 0 0 
2 2 u u 0 0 2 2 0 0 2 u 0 u 0 0 2 u 0 0 0 0 2 0 0 0 2 u u 0 0 d 
2 2 u u 0 0 2 u 0 u 2 2 0 0 0 0 2 u 0 0 0 0 2 u u 0 2 0 0 0 0 d 
2 2 u 0 0 0 2 2 0 0 2 d 0 u u 0 2 0 0 0 u 0 2 u 0 0 2 u 0 0 u 0 
2 2 u 0 0 0 2 d 0 u 2 2 0 0 u 0 2 0 0 0 u 0 2 u 0 0 2 u 0 0 u 0 
2 d u 0 0 0 2 2 0 u 2 2 0 0 0 u 2 0 0 u 0 u 2 0 0 0 2 u 0 0 u 0 
2 d u 0 0 0 2 2 0 0 2 2 0 u 0 u 2 0 0 u 0 u 2 u 0 0 2 0 0 0 u 0 
2 2 0 u 0 0 2 2 0 u d 2 0 0 u 0 2 u 0 0 0 0 2 0 0 0 2 u 0 u u 0 
2 2 0 u 0 0 d 2 0 0 2 2 0 u u 0 2 u 0 0 0 0 2 u 0 u 2 0 0 0 u 0 
2 2 0 u 0 0 2 2 0 0 d 2 0 u u 0 2 u 0 0 0 0 2 u 0 0 2 0 0 u u 0 
2 2 0 u 0 0 d 2 0 u 2 2 0 0 u 0 2 u 0 0 0 0 2 0 0 u 2 u 0 0 u 0 
2 2 u 0 0 0 2 u 0 u 2 d u 0 u 0 2 0 0 u 0 0 2 0 d 0 2 u 0 0 u 0 
2 2 u 0 0 0 2 d u 0 2 u 0 u u 0 2 0 0 u 0 0 2 u 0 0 2 0 d 0 u 0 
2 2 u 0 0 0 2 0 0 u 2 d 0 0 u 0 2 0 0 u 0 0 2 0 2 0 2 u u 0 u 0 
2 2 u 0 0 0 2 d 0 0 2 0 0 u u 0 2 0 0 u 0 0 2 u u 0 2 0 2 0 u 0 
2 d u u 0 u 2 2 0 0 2 2 0 u u 0 2 0 0 u 0 0 2 0 0 0 2 u 0 0 0 0 
2 d u u 0 u 2 2 0 u 2 2 0 0 u 0 2 0 0 u 0 0 2 u 0 0 2 0 0 0 0 0 
0 2 u u 0 0 2 2 0 0 2 2 0 u u 0 2 0 0 0 0 0 2 u 0 2 2 0 0 0 u 0 
0 2 u u 0 0 2 2 0 u 2 2 0 0 u 0 2 0 0 0 0 0 2 0 0 0 2 u 0 2 u 0 
2 2 u 0 0 0 2 0 0 0 2 d 0 u u 0 2 0 0 u 0 0 2 u 2 0 2 0 u 0 u 0 
2 2 u 0 0 0 2 d 0 u 2 0 0 0 u 0 2 0 0 u 0 0 2 0 u 0 2 u 2 0 u 0 
2 2 u 0 0 0 2 u 0 u 2 d u 0 u 0 2 u 0 0 0 0 2 0 0 d 2 u 0 0 u 0 
2 2 u 0 0 0 2 d u 0 2 u 0 u u 0 2 u 0 0 0 0 2 u 0 0 2 0 0 d u 0 
2 0 u u 0 0 2 2 2 u 2 2 0 0 u 0 2 0 0 0 0 0 2 0 0 0 2 u 0 0 0 u 
2 0 u u 0 0 2 2 0 0 2 2 2 u u 0 2 0 0 0 0 0 2 u 0 0 2 0 0 0 0 u 
2 2 u 0 0 0 2 u 0 0 2 d u u u 0 2 u 0 0 0 0 2 u 0 d 2 0 0 0 u 0 
2 2 u 0 0 0 2 d u u 2 u 0 0 u 0 2 u 0 0 0 0 2 0 0 0 2 u 0 d u 0 
2 u u u u 0 d 2 d 0 2 2 0 u u 0 2 u 0 0 0 0 2 0 0 0 2 u 0 0 0 0 
2 u u u u 0 2 2 0 u d 2 d 0 u 0 2 u 0 0 0 0 2 u 0 0 2 0 0 0 0 0 
2 2 u u 0 0 u 2 0 0 2 2 0 2 u 0 2 u 0 0 0 0 2 d 0 0 u u 0 0 0 0 
2 2 u u 0 0 2 2 0 2 u 2 0 0 u 0 2 u 0 0 0 0 u u 0 0 2 d 0 0 0 0 
2 2 u u 0 0 2 2 0 d u 2 0 u u 0 2 u 0 0 0 0 u 0 0 0 2 2 0 0 0 0 
2 2 u u 0 0 u 2 0 u 2 2 0 d u 0 2 u 0 0 0 0 2 2 0 0 u 0 0 0 0 0 
2 0 u u 0 0 2 2 2 0 2 2 0 u u 0 2 0 0 0 0 0 2 u 0 0 2 0 0 0 0 u 
2 0 u u 0 0 2 2 0 u 2 2 2 0 u 0 2 0 0 0 0 0 2 0 0 0 2 u 0 0 0 u 
2 2 u u 0 0 2 2 0 0 2 2 0 u u 0 2 u 0 d 0 0 d 0 0 0 u u 0 0 0 u 
2 2 u u 0 0 2 2 0 u 2 2 0 0 u 0 2 u 0 d 0 0 u u 0 0 d 0 0 0 0 u 
2 2 u 0 0 0 2 2 0 0 2 d 0 u u 0 2 u 0 0 0 0 2 u 0 0 2 u 0 0 0 u 
2 2 u 0 0 0 2 d 0 u 2 2 0 0 u 0 2 u 0 0 0 0 2 u 0 0 2 u 0 0 0 u 
2 2 u 0 0 0 2 2 0 0 u 2 0 u u 0 2 0 0 0 d 0 2 u 0 0 2 u 0 0 u 0 
2 2 u 0 0 0 u 2 0 u 2 2 0 0 u 0 2 0 0 0 d 0 2 u 0 0 2 u 0 0 u 0 
2 2 u u 0 0 2 2 0 u 2 2 0 0 u 0 d u 0 0 0 0 2 0 0 0 d u 0 u u 0 
2 2 u u 0 0 2 2 0 0 2 2 0 u u 0 d u 0 0 0 0 d u 0 u 2 0 0 0 u 0 
2 2 u u 0 d 2 2 0 0 2 u 0 u u 0 2 0 u 0 0 0 2 u 0 0 d 0 0 0 u 0 
2 2 u u 0 d 2 u 0 u 2 2 0 0 u 0 2 0 u 0 0 0 d 0 0 0 2 u 0 0 u 0 
2 2 u u 0 0 2 2 0 0 2 2 0 u u 0 d u 0 0 0 0 2 u 0 0 d 0 0 u u 0 
2 2 u u 0 0 2 2 0 u 2 2 0 0 u 0 d u 0 0 0 0 d 0 0 u 2 u 0 0 u 0 
0 2 u u 0 0 2 2 0 u 2 2 0 0 u 0 2 0 0 0 0 0 2 0 0 2 2 u 0 0 u 0 
0 2 u u 0 0 2 2 0 0 2 2 0 u u 0 2 0 0 0 0 0 2 u 0 0 2 0 0 2 u 0 
2 2 u u 0 d 2 u 0 0 2 2 0 u u 0 2 0 u 0 0 0 d u 0 0 2 0 0 0 u 0 
2 2 u u 0 d 2 2 0 u 2 u 0 0 u 0 2 0 u 0 0 0 2 0 0 0 d u 0 0 u 0 
2 2 u u 0 0 2 2 0 u d u 0 0 u 0 2 d 0 0 0 u 2 0 0 0 2 u 0 0 u 0 
2 2 u u 0 0 d u 0 0 2 2 0 u u 0 2 d 0 0 0 u 2 u 0 0 2 0 0 0 u 0 
2 2 u u 0 0 2 2 0 0 d u 0 u u 0 2 d 0 0 0 u 2 u 0 0 2 0 0 0 u 0 
2 2 u u 0 0 d u 0 u 2 2 0 0 u 0 2 d 0 0 0 u 2 0 0 0 2 u 0 0 u 0 
2 2 u 0 0 0 2 u 0 0 2 d u u u 0 2 0 0 u 0 0 2 u d 0 2 0 0 0 u 0 
2 2 u 0 0 0 2 d u u 2 u 0 0 u 0 2 0 0 u 0 0 2 0 0 0 2 u d 0 u 0 
2 2 u u 0 0 2 2 0 0 2 2 0 0 u d 2 u 0 0 0 0 2 0 0 0 u u 0 0 0 u 
2 2 u u 0 0 2 2 0 0 2 2 0 0 u d 2 u 0 0 0 0 u u 0 0 2 0 0 0 0 u 
u 2 u 2 0 0 2 2 0 0 2 2 0 u u 0 2 0 0 0 0 0 2 u 0 0 d u 0 0 u 0 
u 2 u 2 0 0 2 2 0 u 2 2 0 0 u 0 2 0 0 0 0 0 d u 0 0 2 u 0 0 u 0 
2 2 u u 0 0 2 2 0 u 2 d u 0 u 0 2 u 0 0 0 0 u u d 0 2 0 0 0 0 0 
2 2 u u 0 0 2 d u 0 2 2 0 u u 0 2 u 0 0 0 0 2 0 0 0 u u d 0 0 0 
u 2 u u 0 d 2 2 0 0 2 2 0 u u 0 2 0 0 0 0 0 2 u 0 0 d 0 0 u u 0 
u 2 u u 0 d 2 2 0 u 2 2 0 0 u 0 2 0 0 0 0 0 d 0 0 u 2 u 0 0 u 0 
u 2 u u 0 d 2 2 0 u 2 2 0 0 u 0 2 0 0 0 0 0 2 0 0 0 d u 0 u u 0 
u 2 u u 0 d 2 2 0 0 2 2 0 u u 0 2 0 0 0 0 0 d u 0 u 2 0 0 0 u 0 
2 d u u 0 0 2 2 u 0 2 2 0 u u 0 2 u 0 d 0 0 u 0 0 0 2 u 0 0 0 0 
2 d u u 0 0 2 2 0 u 2 2 u 0 u 0 2 u 0 d 0 0 2 u 0 0 u 0 0 0 0 0 
2 d u u 0 0 2 2 0 u 2 u 0 0 u 0 2 0 0 0 0 0 2 0 d 0 2 u 0 0 u u 
2 d u u 0 0 2 u 0 0 2 2 0 u u 0 2 0 0 0 0 0 2 u 0 0 2 0 d 0 u u 
2 d u u 0 0 2 2 0 0 2 u 0 u u 0 2 0 0 0 0 0 2 u d 0 2 0 0 0 u u 
2 d u u 0 0 2 u 0 u 2 2 0 0 u 0 2 0 0 0 0 0 2 0 0 0 2 u d 0 u u 
2 0 0 u 0 0 2 d 0 u 2 2 0 0 u 0 2 0 u 0 2 0 2 0 u 0 2 u 0 0 u 0 
2 0 0 u 0 0 2 2 0 0 2 d 0 u u 0 2 0 u 0 2 0 2 u 0 0 2 0 u 0 u 0 
2 0 0 u 0 0 2 d 0 0 2 2 0 u u 0 2 0 u 0 2 0 2 u u 0 2 0 0 0 u 0 
2 0 0 u 0 0 2 2 0 u 2 d 0 0 u 0 2 0 u 0 2 0 2 0 0 0 2 u u 0 u 0 
2 d u u 0 0 2 2 u u 2 2 0 0 u 0 2 u 0 d 0 0 u u 0 0 2 0 0 0 0 0 
2 d u u 0 0 2 2 0 0 2 2 u u u 0 2 u 0 d 0 0 2 0 0 0 u u 0 0 0 0 
2 2 u u 0 0 2 2 0 0 2 d u u u 0 2 u 0 0 0 0 u 0 d 0 2 u 0 0 0 0 
2 2 u u 0 0 2 d u u 2 2 0 0 u 0 2 u 0 0 0 0 2 u 0 0 u 0 d 0 0 0 
2 2 u 0 0 0 2 2 0 0 2 d 0 u 0 u 2 u 0 0 0 0 2 u 0 0 2 0 0 u u 0 
2 2 u 0 0 0 2 d 0 u 2 2 0 0 0 u 2 u 0 0 0 0 2 0 0 u 2 u 0 0 u 0 
2 2 u u 0 0 2 2 u u 2 2 0 0 0 0 2 0 0 0 0 0 2 0 u 0 2 u 0 0 0 0 
2 2 u u 0 0 2 2 0 0 2 2 u u 0 0 2 0 0 0 0 0 2 u 0 0 2 0 u 0 0 0 
2 2 u u 0 0 2 2 0 0 2 2 0 u u 0 2 0 0 0 0 u 2 0 0 0 u 2 0 0 0 0 
2 2 u u 0 0 2 2 0 u 2 2 0 0 u 0 2 0 0 0 0 u u 2 0 0 2 0 0 0 0 0 
2 2 0 0 0 0 2 2 0 0 2 2 0 u 0 u 2 u 0 0 u 0 2 u 0 0 2 0 0 0 u 0 
2 2 0 0 0 0 2 2 0 u 2 2 0 0 0 u 2 u 0 0 u 0 2 0 0 0 2 u 0 0 u 0 
2 u u 0 0 0 2 2 0 u 2 2 0 0 u 0 2 0 0 0 0 0 2 0 0 0 2 u 0 2 u 0 
2 u u 0 0 0 2 2 0 0 2 2 0 u u 0 2 0 0 0 0 0 2 u 0 2 2 0 0 0 u 0 
2 2 u 0 0 2 2 2 0 0 2 0 0 u 0 0 2 u 0 u 0 0 2 0 0 0 2 u 0 0 u 0 
2 2 u 0 0 2 2 0 0 u 2 2 0 0 0 0 2 u 0 u 0 0 2 u 0 0 2 0 0 0 u 0 
u 2 u u 0 0 2 2 0 0 2 2 0 u 2 0 2 0 0 0 0 0 d u 0 0 2 u 0 0 u 0 
u 2 u u 0 0 2 2 0 u 2 2 0 0 2 0 2 0 0 0 0 0 2 u 0 0 d u 0 0 u 0 
2 2 0 u 0 0 2 2 d 0 2 2 0 u u 0 2 0 u 0 0 0 u u 0 0 2 0 0 0 u 0 
2 2 0 u 0 0 2 2 0 u 2 2 d 0 u 0 2 0 u 0 0 0 2 0 0 0 u u 0 0 u 0 
2 2 u 0 0 0 u 2 0 0 2 2 0 u u 0 2 0 0 0 u 0 2 2 0 0 2 0 0 0 u 0 
2 2 u 0 0 0 2 2 0 u u 2 0 0 u 0 2 0 0 0 u 0 2 0 0 0 2 2 0 0 u 0 
2 2 u u 0 0 2 2 0 0 u 2 0 u 0 0 2 u u 0 0 0 2 d 0 0 2 u 0 0 0 0 
2 2 u u 0 0 u 2 0 u 2 2 0 0 0 0 2 u u 0 0 0 2 u 0 0 2 d 0 0 0 0 
2 2 0 u 0 0 2 2 d u 2 2 0 0 u 0 2 0 u 0 0 0 u 0 0 0 2 u 0 0 u 0 
2 2 0 u 0 0 2 2 0 0 2 2 d u u 0 2 0 u 0 0 0 2 u 0 0 u 0 0 0 u 0 
2 2 u u 0 0 2 d 0 0 d 2 0 u u 0 2 0 0 0 0 0 2 u 0 u 2 0 0 u u 0 
2 2 u u 0 0 d 2 0 u 2 d 0 0 u 0 2 0 0 0 0 0 2 0 0 u 2 u 0 u u 0 
2 u u 0 0 0 2 2 0 0 2 2 0 u u 0 2 0 0 0 0 0 2 u 0 0 2 0 0 2 u 0 
2 u u 0 0 0 2 2 0 u 2 2 0 0 u 0 2 0 0 0 0 0 2 0 0 2 2 u 0 0 u 0 
d 2 u u 0 0 2 2 u u 2 2 0 0 u 0 u 0 0 0 0 0 2 0 0 d 2 u 0 0 u 0 
d 2 u u 0 0 2 2 0 0 2 2 u u u 0 u 0 0 0 0 0 2 u 0 0 2 0 0 d u 0 
2 2 u u 0 0 2 2 0 u u 2 d 0 u 0 2 0 0 0 0 0 2 0 0 0 d u u 0 u 0 
2 2 u u 0 0 u 2 d 0 2 2 0 u u 0 2 0 0 0 0 0 d u u 0 2 0 0 0 u 0 
2 2 u u 0 0 2 d 0 u d 2 0 0 u 0 2 0 0 0 0 0 2 0 0 u 2 u 0 u u 0 
2 2 u u 0 0 d 2 0 0 2 d 0 u u 0 2 0 0 0 0 0 2 u 0 u 2 0 0 u u 0 
2 2 u u 0 0 2 2 0 0 u 2 d u u 0 2 0 0 0 0 0 2 u 0 0 d 0 u 0 u 0 
2 2 u u 0 0 u 2 d u 2 2 0 0 u 0 2 0 0 0 0 0 d 0 u 0 2 u 0 0 u 0 
2 2 u u 0 0 2 2 0 0 2 2 0 0 0 0 2 u u 0 0 0 2 0 0 u 2 u 0 0 0 0 
2 2 u u 0 0 2 2 0 0 2 2 0 0 0 0 2 u u 0 0 0 2 u 0 0 2 0 0 u 0 0 
2 2 0 u 0 0 2 u 0 u 2 2 0 0 0 u 2 0 u 0 0 0 2 0 d 0 2 u 0 0 u 0 
2 2 0 u 0 0 2 2 0 0 2 u 0 u 0 u 2 0 u 0 0 0 2 u 0 0 2 0 d 0 u 0 
2 2 u u 0 0 2 2 0 d 2 2 0 2 u 0 2 u 0 0 0 0 u 0 0 0 u u 0 0 0 0 
2 2 u u 0 0 2 2 0 2 2 2 0 d u 0 2 u 0 0 0 0 u u 0 0 u 0 0 0 0 0 
2 2 u u 0 0 2 u d u 2 2 0 0 u 0 2 0 0 0 0 0 2 0 0 0 d u 0 u u 0 
2 2 u u 0 0 2 2 0 0 2 u d u u 0 2 0 0 0 0 0 d u 0 u 2 0 0 0 u 0 
2 2 u u 0 0 2 d u 0 2 2 0 u u 0 2 0 0 0 0 0 2 u 0 0 u 0 0 d u 0 
2 2 u u 0 0 2 2 0 u 2 d u 0 u 0 2 0 0 0 0 0 u 0 0 d 2 u 0 0 u 0 
2 2 u u 0 0 2 u d 0 2 2 0 u u 0 2 0 0 0 0 0 2 u 0 0 d 0 0 u u 0 
2 2 u u 0 0 2 2 0 u 2 u d 0 u 0 2 0 0 0 0 0 d 0 0 u 2 u 0 0 u 0 
u 2 0 u 0 0 2 2 0 u 2 2 0 0 u 0 2 u 0 0 0 0 2 u d u 2 0 0 0 0 0 
u 2 0 u 0 0 2 2 0 0 2 2 0 u u 0 2 u 0 0 0 0 2 0 0 0 2 u d u 0 0 
2 2 u u 0 0 2 2 0 0 2 2 0 u u 0 2 u 0 u 0 0 u 0 0 0 d u 0 0 0 d 
2 2 u u 0 0 2 2 0 u 2 2 0 0 u 0 2 u 0 u 0 0 d u 0 0 u 0 0 0 0 d 
u 2 0 u 0 0 2 2 0 0 2 2 0 u u 0 2 u 0 0 0 0 2 0 d u 2 u 0 0 0 0 
u 2 0 u 0 0 2 2 0 u 2 2 0 0 u 0 2 u 0 0 0 0 2 u 0 0 2 0 d u 0 0 
2 2 u u 0 0 2 d u u 2 2 0 0 u 0 2 0 0 0 0 0 2 0 0 0 u u 0 d u 0 
2 2 u u 0 0 2 2 0 0 2 d u u u 0 2 0 0 0 0 0 u u 0 d 2 0 0 0 u 0 
2 2 u 0 0 0 2 2 0 0 u 2 0 u u 0 2 0 0 0 u 0 2 u 0 0 2 d 0 0 u 0 
2 2 u 0 0 0 u 2 0 u 2 2 0 0 u 0 2 0 0 0 u 0 2 d 0 0 2 u 0 0 u 0 
2 u u 0 0 0 2 2 0 u 2 2 0 0 0 u 2 0 0 u d 0 2 0 0 0 2 u 0 0 0 u 
2 u u 0 0 0 2 2 0 0 2 2 0 u 0 u 2 0 0 u d 0 2 u 0 0 2 0 0 0 0 u 
2 2 u u 0 0 2 2 0 u 2 u 0 0 0 0 2 u 0 0 0 0 2 u 0 0 2 0 u 0 0 d 
2 2 u u 0 0 2 u 0 0 2 2 0 u 0 0 2 u 0 0 0 0 2 0 u 0 2 u 0 0 0 d 
2 2 u u 0 0 2 u 0 0 2 2 0 u 0 0 2 0 0 0 d 0 2 u 0 0 2 0 u 0 u 0 
2 2 u u 0 0 2 2 0 u 2 u 0 0 0 0 2 0 0 0 d 0 2 0 u 0 2 u 0 0 u 0 
2 2 u u 0 0 2 u 0 u 2 2 0 0 0 0 2 0 0 0 d 0 2 0 0 0 2 u u 0 u 0 
2 2 u u 0 0 2 2 0 0 2 u 0 u 0 0 2 0 0 0 d 0 2 u u 0 2 0 0 0 u 0 
2 2 0 u 0 0 2 u 0 0 2 2 0 u 0 u 2 0 u 0 0 0 2 u d 0 2 0 0 0 u 0 
2 2 0 u 0 0 2 2 0 u 2 u 0 0 0 u 2 0 u 0 0 0 2 0 0 0 2 u d 0 u 0 
d 2 u u 0 0 2 2 u 0 2 2 0 u u 0 u 0 0 0 0 0 2 u 0 d 2 0 0 0 u 0 
d 2 u u 0 0 2 2 0 u 2 2 u 0 u 0 u 0 0 0 0 0 2 0 0 0 2 u 0 d u 0 
2 2 u u 0 0 2 u 0 0 2 2 0 u 0 0 2 0 d 0 0 0 2 u 0 0 2 0 0 u u 0 
2 2 u u 0 0 2 2 0 u 2 u 0 0 0 0 2 0 d 0 0 0 2 0 0 u 2 u 0 0 u 0 
2 2 u u 0 0 2 d 0 0 2 2 0 u 0 0 2 0 0 0 0 0 2 u 0 u 2 0 0 0 u u 
2 2 u u 0 0 2 2 0 u 2 d 0 0 0 0 2 0 0 0 0 0 2 0 0 0 2 u 0 u u u 
2 2 u u 0 0 2 0 0 0 2 d 0 u u u 2 0 0 0 0 0 2 u 2 0 2 0 u 0 0 0 
2 2 u u 0 0 2 d 0 u 2 0 0 0 u u 2 0 0 0 0 0 2 0 u 0 2 u 2 0 0 0 
2 2 u u 0 0 2 0 0 u 2 d 0 0 u u 2 0 0 0 0 0 2 0 2 0 2 u u 0 0 0 
2 2 u u 0 0 2 d 0 0 2 0 0 u u u 2 0 0 0 0 0 2 u u 0 2 0 2 0 0 0 
2 2 u u 0 0 2 2 0 u u 2 d 0 u 0 d 0 u 0 0 0 2 0 0 0 2 u 0 0 u 0 
2 2 u u 0 0 u 2 d 0 2 2 0 u u 0 d 0 u 0 0 0 2 u 0 0 2 0 0 0 u 0 
2 2 u u 0 0 2 2 0 0 u 2 d u u 0 d 0 u 0 0 0 2 u 0 0 2 0 0 0 u 0 
2 2 u u 0 0 u 2 d u 2 2 0 0 u 0 d 0 u 0 0 0 2 0 0 0 2 u 0 0 u 0 
2 2 u 0 0 0 2 0 0 0 2 u 0 u u 0 2 0 0 u 0 0 2 u 2 0 2 0 d 0 u 0 
2 2 u 0 0 0 2 u 0 u 2 0 0 0 u 0 2 0 0 u 0 0 2 0 d 0 2 u 2 0 u 0 
2 2 u 0 0 0 2 0 0 u 2 u 0 0 u 0 2 0 0 u 0 0 2 0 2 0 2 u d 0 u 0 
2 2 u 0 0 0 2 u 0 0 2 0 0 u u 0 2 0 0 u 0 0 2 u d 0 2 0 2 0 u 0 
2 d 0 u u 0 2 2 0 0 2 2 0 u 0 0 2 0 u 0 0 u 2 0 0 0 2 u 0 0 u 0 
2 d 0 u u 0 2 2 0 u 2 2 0 0 0 0 2 0 u 0 0 u 2 u 0 0 2 0 0 0 u 0 
2 2 u u 0 0 2 2 0 0 u 2 0 2 u 0 2 u 0 0 0 0 u d 0 0 2 u 0 0 0 0 
2 2 u u 0 0 u 2 0 2 2 2 0 0 u 0 2 u 0 0 0 0 2 u 0 0 u d 0 0 0 0 
2 2 u u 0 0 u 2 0 d 2 2 0 u u 0 2 u 0 0 0 0 2 0 0 0 u 2 0 0 0 0 
2 2 u u 0 0 2 2 0 u u 2 0 d u 0 2 u 0 0 0 0 u 2 0 0 2 0 0 0 0 0 
2 2 u u 0 0 u 2 0 0 2 2 0 u 0 0 2 u u 0 0 0 2 0 0 0 2 2 0 0 0 0 
2 2 u u 0 0 2 2 0 u u 2 0 0 0 0 2 u u 0 0 0 2 2 0 0 2 0 0 0 0 0 
2 2 u 2 0 0 2 u 0 0 2 2 0 u u 0 2 0 0 0 0 u d u 0 0 2 0 0 0 u 0 
2 2 u 2 0 0 2 2 0 u 2 u 0 0 u 0 2 0 0 0 0 u 2 0 0 0 d u 0 0 u 0 
2 2 u 2 0 0 2 u 0 u 2 2 0 0 u 0 2 0 0 0 0 u d 0 0 0 2 u 0 0 u 0 
2 2 u 2 0 0 2 2 0 0 2 u 0 u u 0 2 0 0 0 0 u 2 u 0 0 d 0 0 0 u 0 
u 2 u u 0 0 d 2 0 0 2 2 0 u u 0 2 0 d 0 0 0 2 u u 0 2 0 0 0 u 0 
u 2 u u 0 0 2 2 0 u d 2 0 0 u 0 2 0 d 0 0 0 2 0 0 0 2 u u 0 u 0 
u 2 u u 0 0 d 2 0 u 2 2 0 0 u 0 2 0 d 0 0 0 2 0 u 0 2 u 0 0 u 0 
u 2 u u 0 0 2 2 0 0 d 2 0 u u 0 2 0 d 0 0 0 2 u 0 0 2 0 u 0 u 0 
2 2 u u 0 0 2 2 0 u 2 2 0 0 u 0 2 0 d u 0 0 2 0 0 0 0 u 0 0 u 0 
2 2 u u 0 0 2 2 0 0 2 2 0 u u 0 2 0 d u 0 0 0 u 0 0 2 0 0 0 u 0 
2 0 u u 0 0 2 d 0 0 2 2 0 u 0 0 2 u 0 0 2 0 2 0 u 0 2 u 0 0 u 0 
2 0 u u 0 0 2 2 0 u 2 d 0 0 0 0 2 u 0 0 2 0 2 u 0 0 2 0 u 0 u 0 
2 2 u 0 0 0 2 2 0 u 2 d 0 0 0 u 2 u 0 0 0 0 2 0 0 0 2 u 0 u u 0 
2 2 u 0 0 0 2 d 0 0 2 2 0 u 0 u 2 u 0 0 0 0 2 u 0 u 2 0 0 0 u 0 
2 0 u u 0 0 2 d 0 u 2 2 0 0 0 0 2 u 0 0 2 0 2 u u 0 2 0 0 0 u 0 
2 0 u u 0 0 2 2 0 0 2 d 0 u 0 0 2 u 0 0 2 0 2 0 0 0 2 u u 0 u 0 
2 2 u u 0 0 2 d d 0 2 u u u u 0 2 u 0 0 0 0 2 0 0 0 2 u 0 0 0 0 
2 2 u u 0 0 2 u u u 2 d d 0 u 0 2 u 0 0 0 0 2 u 0 0 2 0 0 0 0 0 
2 2 u u 0 0 2 u u 0 2 d d u u 0 2 u 0 0 0 0 2 0 0 0 2 u 0 0 0 0 
2 2 u u 0 0 2 d d u 2 u u 0 u 0 2 u 0 0 0 0 2 u 0 0 2 0 0 0 0 0 
2 2 u u 0 0 2 2 0 0 d 2 0 u u u 2 u 0 0 0 0 2 0 0 0 u u 0 0 d 0 
2 2 u u 0 0 d 2 0 u 2 2 0 0 u u 2 u 0 0 0 0 u u 0 0 2 0 0 0 d 0 
u 2 u u 0 0 2 2 0 u 2 2 d 0 u 0 d u 0 0 0 0 2 u 0 0 2 0 u 0 0 0 
u 2 u u 0 0 2 2 d 0 2 2 0 u u 0 d u 0 0 0 0 2 0 u 0 2 u 0 0 0 0 
2 u u u 0 0 2 2 d u d 2 0 0 u u 2 u 0 0 0 0 2 u 0 0 2 0 0 0 0 0 
2 u u u 0 0 d 2 0 0 2 2 d u u u 2 u 0 0 0 0 2 0 0 0 2 u 0 0 0 0 
2 2 u u 0 0 2 2 0 0 2 2 0 u u 0 2 0 d u 0 0 2 u 0 0 0 0 0 0 u 0 
2 2 u u 0 0 2 2 0 u 2 2 0 0 u 0 2 0 d u 0 0 0 0 0 0 2 u 0 0 u 0 
2 u u u 0 0 2 d 0 u 2 2 0 0 u 0 2 0 0 0 0 0 2 0 0 0 2 u 0 d u u 
2 u u u 0 0 2 2 0 0 2 d 0 u u 0 2 0 0 0 0 0 2 u 0 d 2 0 0 0 u u 
2 2 u u 0 0 2 u 0 u 2 2 0 0 0 0 2 0 d 0 0 0 2 0 0 0 2 u 0 u u 0 
2 2 u u 0 0 2 2 0 0 2 u 0 u 0 0 2 0 d 0 0 0 2 u 0 u 2 0 0 0 u 0 
u 2 u u 0 0 2 2 0 0 2 2 d u u 0 d u 0 0 0 0 2 0 0 0 2 u u 0 0 0 
u 2 u u 0 0 2 2 d u 2 2 0 0 u 0 d u 0 0 0 0 2 u u 0 2 0 0 0 0 0 
2 2 0 u 0 0 2 2 0 0 2 2 0 0 u 0 2 0 0 0 0 0 2 u u 0 2 0 0 0 u u 
2 2 0 u 0 0 2 2 0 0 2 2 0 0 u 0 2 0 0 0 0 0 2 0 0 0 2 u u 0 u u 
2 2 u u 0 0 2 2 u 0 2 2 0 u 0 0 2 0 0 0 0 0 2 u u 0 2 0 0 0 0 0 
2 2 u u 0 0 2 2 0 u 2 2 u 0 0 0 2 0 0 0 0 0 2 0 0 0 2 u u 0 0 0 
2 0 u u 0 0 2 2 0 0 2 2 0 u u 0 2 0 0 0 0 0 2 u u d 2 0 0 0 u 0 
2 0 u u 0 0 2 2 0 u 2 2 0 0 u 0 2 0 0 0 0 0 2 0 0 0 2 u u d u 0 
2 0 u u 0 0 2 2 0 u 2 2 0 0 u 0 2 0 0 0 0 0 2 0 u d 2 u 0 0 u 0 
2 0 u u 0 0 2 2 0 0 2 2 0 u u 0 2 0 0 0 0 0 2 u 0 0 2 0 u d u 0 
2 2 u u 0 0 2 2 0 0 u 2 0 0 u 0 2 0 d u 0 0 2 u 0 0 2 0 0 0 u 0 
2 2 u u 0 0 u 2 0 0 2 2 0 0 u 0 2 0 d u 0 0 2 0 0 0 2 u 0 0 u 0 
2 2 0 u 0 d 2 u 0 0 2 2 0 u 0 0 u u u 0 0 0 2 0 d 0 2 u 0 0 u 0 
2 2 0 u 0 d 2 2 0 u 2 u 0 0 0 0 u u u 0 0 0 2 u 0 0 2 0 d 0 u 0 
2 2 u u 0 0 2 2 0 u u d 0 0 u 2 2 0 0 0 0 0 2 0 0 0 2 u 0 0 u 0 
2 2 u u 0 0 u d 0 0 2 2 0 u u 2 2 0 0 0 0 0 2 u 0 0 2 0 0 0 u 0 
2 2 0 u 0 d 2 u 0 u 2 2 0 0 0 0 u u u 0 0 0 2 u d 0 2 0 0 0 u 0 
2 2 0 u 0 d 2 2 0 0 2 u 0 u 0 0 u u u 0 0 0 2 0 0 0 2 u d 0 u 0 
2 u u u 0 0 2 d 0 0 2 2 0 u u 0 2 0 0 0 0 0 2 u 0 0 2 0 0 d u u 
2 u u u 0 0 2 2 0 u 2 d 0 0 u 0 2 0 0 0 0 0 2 0 0 d 2 u 0 0 u u 
2 0 u 0 0 0 2 2 0 0 2 2 0 u 0 0 2 u 0 0 u d 2 u 0 0 2 0 0 0 u u 
2 0 u 0 0 0 2 2 0 u 2 2 0 0 0 0 2 u 0 0 u d 2 0 0 0 2 u 0 0 u u 
u 2 u u 0 0 2 2 0 u 2 d 0 0 u 0 2 0 d 0 0 0 2 0 0 0 2 u u 0 u 0 
u 2 u u 0 0 2 d 0 0 2 2 0 u u 0 2 0 d 0 0 0 2 u u 0 2 0 0 0 u 0 
2 u u u 0 0 2 2 d 0 d 2 0 u u u 2 u 0 0 0 0 2 0 0 0 2 u 0 0 0 0 
2 u u u 0 0 d 2 0 u 2 2 d 0 u u 2 u 0 0 0 0 2 u 0 0 2 0 0 0 0 0 
u 2 u u 0 0 2 2 0 0 2 d 0 u u 0 2 0 d 0 0 0 2 u 0 0 2 0 u 0 u 0 
u 2 u u 0 0 2 d 0 u 2 2 0 0 u 0 2 0 d 0 0 0 2 0 u 0 2 u 0 0 u 0 
2 2 u u 0 0 2 2 0 u d 2 u 0 u 0 u 0 d 0 0 0 2 0 0 0 2 u 0 0 u 0 
2 2 u u 0 0 d 2 u 0 2 2 0 u u 0 u 0 d 0 0 0 2 u 0 0 2 0 0 0 u 0 
2 2 u u 0 0 2 2 0 0 d 2 u u u 0 u 0 d 0 0 0 2 u 0 0 2 0 0 0 u 0 
2 2 u u 0 0 d 2 u u 2 2 0 0 u 0 u 0 d 0 0 0 2 0 0 0 2 u 0 0 u 0 
2 2 u u 0 0 d 2 0 0 2 u 0 u u 0 2 0 0 0 0 u 2 u 0 0 2 0 0 0 2 0 
2 2 u u 0 0 2 u 0 u d 2 0 0 u 0 2 0 0 0 0 u 2 0 0 0 2 u 0 0 2 0 
2 2 u u 0 0 d 2 0 u 2 u 0 0 u 0 2 0 0 0 0 u 2 0 0 0 2 u 0 0 2 0 
2 2 u u 0 0 2 u 0 0 d 2 0 u u 0 2 0 0 0 0 u 2 u 0 0 2 0 0 0 2 0 
2 2 u u 0 0 2 2 0 0 2 2 0 u u 0 0 u 0 0 0 0 2 0 0 0 2 u 0 0 2 0 
2 2 u u 0 0 2 2 0 u 2 2 0 0 u 0 0 u 0 0 0 0 2 u 0 0 2 0 0 0 2 0 
2 2 u u 0 0 2 2 0 0 u d 0 u u 2 2 0 0 0 0 0 2 u 0 0 2 0 0 0 u 0 
2 2 u u 0 0 u d 0 u 2 2 0 0 u 2 2 0 0 0 0 0 2 0 0 0 2 u 0 0 u 0 
2 2 u u 0 0 2 2 0 u 2 2 0 0 u 0 u 0 0 0 d 0 d 0 u 0 2 u 0 0 u 0 
2 2 u u 0 0 2 2 0 0 2 2 0 u u 0 u 0 0 0 d 0 2 u 0 0 d 0 u 0 u 0 
2 2 u 0 0 0 2 2 0 u 2 u 0 0 u 0 2 0 0 0 0 0 2 0 u 0 2 u 0 0 2 0 
2 2 u 0 0 0 2 u 0 0 2 2 0 u u 0 2 0 0 0 0 0 2 u 0 0 2 0 u 0 2 0 
2 2 u u 0 0 2 2 0 0 2 2 0 u u 0 u 0 0 0 d 0 d u u 0 2 0 0 0 u 0 
2 2 u u 0 0 2 2 0 u 2 2 0 0 u 0 u 0 0 0 d 0 2 0 0 0 d u u 0 u 0 
2 d u u 0 0 2 2 0 0 2 u 0 u u 0 2 0 0 u 0 0 2 u 0 0 2 0 0 d u 0 
2 d u u 0 0 2 u 0 u 2 2 0 0 u 0 2 0 0 u 0 0 2 0 0 d 2 u 0 0 u 0 
2 d u u 0 0 2 2 0 u 2 u 0 0 u 0 2 0 0 u 0 0 2 0 0 0 2 u 0 d u 0 
2 d u u 0 0 2 u 0 0 2 2 0 u u 0 2 0 0 u 0 0 2 u 0 d 2 0 0 0 u 0 
2 2 u u 0 0 2 2 0 0 2 2 0 u u 0 2 u 0 0 0 d 0 u 0 0 2 0 0 0 u 0 
2 2 u u 0 0 2 2 0 u 2 2 0 0 u 0 2 u 0 0 0 d 2 0 0 0 0 u 0 0 u 0 
2 0 u 0 0 0 2 2 0 u 2 2 0 0 u u 2 u 0 0 0 0 2 0 0 0 2 u 0 0 u d 
2 0 u 0 0 0 2 2 0 0 2 2 0 u u u 2 u 0 0 0 0 2 u 0 0 2 0 0 0 u d 
2 2 u u 0 0 2 2 0 0 2 2 0 u u 0 2 u 0 0 0 d 2 u 0 0 0 0 0 0 u 0 
2 2 u u 0 0 2 2 0 u 2 2 0 0 u 0 2 u 0 0 0 d 0 0 0 0 2 u 0 0 u 0 
u 2 u 0 0 0 2 2 0 u 2 2 0 0 u 0 2 u 0 0 0 0 2 u 2 0 2 0 0 0 0 0 
u 2 u 0 0 0 2 2 0 0 2 2 0 u u 0 2 u 0 0 0 0 2 0 0 0 2 u 2 0 0 0 
2 2 u u 0 0 2 2 0 u u 2 0 0 u d d u 0 0 0 0 2 u u 0 2 0 0 0 0 0 
2 2 u u 0 0 u 2 0 0 2 2 0 u u d d u 0 0 0 0 2 0 0 0 2 u u 0 0 0 
2 2 u 0 0 0 2 2 0 0 2 u 0 u u 0 2 0 0 0 0 0 2 u u 0 2 0 0 0 2 0 
2 2 u 0 0 0 2 u 0 u 2 2 0 0 u 0 2 0 0 0 0 0 2 0 0 0 2 u u 0 2 0 
2 2 0 0 0 0 2 2 0 u 2 d 0 0 0 0 2 u u u 0 0 2 u 0 0 2 0 u 0 0 u 
2 2 0 0 0 0 2 d 0 0 2 2 0 u 0 0 2 u u u 0 0 2 0 u 0 2 u 0 0 0 u 
u 2 u 0 0 0 2 2 0 0 2 2 0 u u 0 2 u 0 0 0 0 2 0 2 0 2 u 0 0 0 0 
u 2 u 0 0 0 2 2 0 u 2 2 0 0 u 0 2 u 0 0 0 0 2 u 0 0 2 0 2 0 0 0 
d 2 u u 0 0 2 u 0 u 2 2 0 0 u 0 2 0 u 0 0 0 2 0 0 d 2 u 0 0 u 0 
d 2 u u 0 0 2 2 0 0 2 u 0 u u 0 2 0 u 0 0 0 2 u 0 0 2 0 0 d u 0 
d 2 u u 0 0 2 u 0 0 2 2 0 u u 0 2 0 u 0 0 0 2 u 0 d 2 0 0 0 u 0 
d 2 u u 0 0 2 2 0 u 2 u 0 0 u 0 2 0 u 0 0 0 2 0 0 0 2 u 0 d u 0 
2 2 u u 0 0 2 2 0 0 u 2 0 u u d d u 0 0 0 0 2 0 u 0 2 u 0 0 0 0 
2 2 u u 0 0 u 2 0 u 2 2 0 0 u d d u 0 0 0 0 2 u 0 0 2 0 u 0 0 0 
2 2 0 0 0 0 2 2 0 0 2 d 0 u 0 0 2 u u u 0 0 2 0 0 0 2 u u 0 0 u 
2 2 0 0 0 0 2 d 0 u 2 2 0 0 0 0 2 u u u 0 0 2 u u 0 2 0 0 0 0 u 
u 2 u u 0 0 2 d 0 0 2 2 0 u u 0 2 0 d 0 0 0 2 u 0 u 2 0 0 0 u 0 
u 2 u u 0 0 2 2 0 u 2 d 0 0 u 0 2 0 d 0 0 0 2 0 0 0 2 u 0 u u 0 
u 2 u u 0 0 2 d 0 u 2 2 0 0 u 0 2 0 d 0 0 0 2 0 0 u 2 u 0 0 u 0 
u 2 u u 0 0 2 2 0 0 2 d 0 u u 0 2 0 d 0 0 0 2 u 0 0 2 0 0 u u 0 
2 2 0 u 0 0 2 2 d 0 2 2 0 u u 0 u 0 0 0 0 0 2 u u 0 2 0 0 0 u 0 
2 2 0 u 0 0 2 2 0 u 2 2 d 0 u 0 u 0 0 0 0 0 2 0 0 0 2 u u 0 u 0 
2 2 u u 0 0 2 2 0 u 2 2 0 0 u 0 u 0 0 0 d 0 2 0 0 0 d u 0 u u 0 
2 2 u u 0 0 2 2 0 0 2 2 0 u u 0 u 0 0 0 d 0 d u 0 u 2 0 0 0 u 0 
2 2 u u 0 0 2 2 0 0 2 2 0 u u 0 u 0 0 0 d 0 2 u 0 0 d 0 0 u u 0 
2 2 u u 0 0 2 2 0 u 2 2 0 0 u 0 u 0 0 0 d 0 d 0 0 u 2 u 0 0 u 0 
2 2 u u 0 0 2 u 0 0 2 2 0 u 2 0 2 0 0 0 0 u 2 u 0 0 d 0 0 0 u 0 
2 2 u u 0 0 2 2 0 u 2 u 0 0 2 0 2 0 0 0 0 u d 0 0 0 2 u 0 0 u 0 
2 2 u u 0 0 2 2 0 u u d 0 0 u 0 2 0 0 d 0 u 2 0 0 0 2 u 0 0 u 0 
2 2 u u 0 0 u d 0 0 2 2 0 u u 0 2 0 0 d 0 u 2 u 0 0 2 0 0 0 u 0 
2 2 0 u 0 0 2 2 d u 2 2 0 0 u 0 u 0 0 0 0 0 2 0 u 0 2 u 0 0 u 0 
2 2 0 u 0 0 2 2 0 0 2 2 d u u 0 u 0 0 0 0 0 2 u 0 0 2 0 u 0 u 0 
2 2 u u 0 0 2 u 0 u 2 2 0 0 2 0 2 0 0 0 0 u 2 0 0 0 d u 0 0 u 0 
2 2 u u 0 0 2 2 0 0 2 u 0 u 2 0 2 0 0 0 0 u d u 0 0 2 0 0 0 u 0 
2 2 u u 0 0 2 2 0 0 u d 0 u u 0 2 0 0 d 0 u 2 u 0 0 2 0 0 0 u 0 
2 2 u u 0 0 u d 0 u 2 2 0 0 u 0 2 0 0 d 0 u 2 0 0 0 2 u 0 0 u 0 
u 2 u u 0 0 u 2 0 0 2 2 0 u u 0 2 0 0 d 0 0 2 u d 0 2 0 0 0 u 0 
u 2 u u 0 0 2 2 0 u u 2 0 0 u 0 2 0 0 d 0 0 2 0 0 0 2 u d 0 u 0 
u 2 u u 0 0 u 2 0 u 2 2 0 0 u 0 2 0 0 d 0 0 2 0 d 0 2 u 0 0 u 0 
u 2 u u 0 0 2 2 0 0 u 2 0 u u 0 2 0 0 d 0 0 2 u 0 0 2 0 d 0 u 0 
2 d u u 0 0 2 u 0 u 2 2 0 0 u 0 2 0 0 0 0 0 2 0 0 0 2 u 0 u 2 0 
2 d u u 0 0 2 2 0 0 2 u 0 u u 0 2 0 0 0 0 0 2 u 0 u 2 0 0 0 2 0 
2 2 u u 0 0 2 2 0 0 2 2 0 u u 0 2 u 0 d 0 0 u 0 0 0 d u 0 0 0 u 
2 2 u u 0 0 2 2 0 u 2 2 0 0 u 0 2 u 0 d 0 0 d u 0 0 u 0 0 0 0 u 
u 2 u u 0 0 2 2 0 0 u 2 0 u u 0 2 0 0 0 0 0 2 u d 0 2 0 0 0 u d 
u 2 u u 0 0 u 2 0 u 2 2 0 0 u 0 2 0 0 0 0 0 2 0 0 0 2 u d 0 u d 
2 2 u 0 0 0 2 2 0 0 2 2 0 0 u 0 2 u u 0 0 0 2 0 0 0 2 u u 0 0 0 
2 2 u 0 0 0 2 2 0 0 2 2 0 0 u 0 2 u u 0 0 0 2 u u 0 2 0 0 0 0 0 
2 2 u u 0 0 u 2 0 u 2 u 0 0 u 0 2 0 0 0 0 0 2 0 d 0 2 u 0 d u 0 
2 2 u u 0 0 2 u 0 0 u 2 0 u u 0 2 0 0 0 0 0 2 u 0 d 2 0 d 0 u 0 
2 2 u u 0 0 u 2 0 0 2 u 0 u u 0 2 0 0 0 0 0 2 u d 0 2 0 0 d u 0 
2 2 u u 0 0 2 u 0 u u 2 0 0 u 0 2 0 0 0 0 0 2 0 0 d 2 u d 0 u 0 
u 2 u u 0 0 2 2 0 u u 2 0 0 u 0 2 0 0 0 0 0 2 0 d 0 2 u 0 0 u d 
u 2 u u 0 0 u 2 0 0 2 2 0 u u 0 2 0 0 0 0 0 2 u 0 0 2 0 d 0 u d 
2 0 u u 0 0 2 2 0 0 2 2 0 u u 0 2 0 2 0 0 0 2 u 0 0 2 0 0 0 u 0 
2 0 u u 0 0 2 2 0 u 2 2 0 0 u 0 2 0 2 0 0 0 2 0 0 0 2 u 0 0 u 0 
2 2 u u 0 0 2 d u u 2 2 0 0 u 0 2 0 0 0 0 0 2 0 0 0 d u 0 u u 0 
2 2 u u 0 0 2 2 0 0 2 d u u u 0 2 0 0 0 0 0 d u 0 u 2 0 0 0 u 0 
2 2 u u 0 0 2 2 0 0 2 d 0 u 0 0 2 u 0 u 0 0 2 u 0 0 2 u 0 0 0 0 
2 2 u u 0 0 2 d 0 u 2 2 0 0 0 0 2 u 0 u 0 0 2 u 0 0 2 u 0 0 0 0 
2 u 0 u 0 0 2 u 0 0 2 2 0 u 0 0 2 u 0 0 2 0 2 0 d 0 2 u 0 0 u 0 
2 u 0 u 0 0 2 2 0 u 2 u 0 0 0 0 2 u 0 0 2 0 2 u 0 0 2 0 d 0 u 0 
2 2 u u 0 0 2 2 0 0 2 2 0 u u 0 u 0 0 0 0 0 2 0 0 0 2 0 0 d u u 
2 2 u u 0 0 2 2 0 u 2 2 0 0 u 0 u 0 0 0 0 0 2 0 0 d 2 0 0 0 u u 
2 2 u u 0 0 2 d u 0 2 2 0 u u 0 2 0 0 0 0 0 2 u 0 0 d 0 0 u u 0 
2 2 u u 0 0 2 2 0 u 2 d u 0 u 0 2 0 0 0 0 0 d 0 0 u 2 u 0 0 u 0 
2 d u 0 0 0 2 d 0 u 2 2 0 0 0 0 2 u 0 0 u 0 2 0 u 0 2 u 0 0 u u 
2 d u 0 0 0 2 2 0 0 2 d 0 u 0 0 2 u 0 0 u 0 2 u 0 0 2 0 u 0 u u 
2 d u 0 0 0 2 d 0 0 2 2 0 u 0 0 2 u 0 0 u 0 2 u u 0 2 0 0 0 u u 
2 d u 0 0 0 2 2 0 u 2 d 0 0 0 0 2 u 0 0 u 0 2 0 0 0 2 u u 0 u u 
2 2 u u 0 0 2 2 0 u 2 u 0 0 0 0 2 u u 0 0 0 2 u d 0 2 0 0 0 0 0 
2 2 u u 0 0 2 u 0 0 2 2 0 u 0 0 2 u u 0 0 0 2 0 0 0 2 u d 0 0 0 
2 u 0 u 0 0 2 u 0 u 2 2 0 0 0 0 2 u 0 0 2 0 2 u d 0 2 0 0 0 u 0 
2 u 0 u 0 0 2 2 0 0 2 u 0 u 0 0 2 u 0 0 2 0 2 0 0 0 2 u d 0 u 0 
2 2 u u d 0 u 2 0 u 2 2 0 0 u 0 d u 0 0 0 0 2 u u 0 2 0 0 0 0 0 
2 2 u u d 0 2 2 0 0 u 2 0 u u 0 d u 0 0 0 0 2 0 0 0 2 u u 0 0 0 
2 u u u 0 0 2 2 d u 2 2 0 0 u 0 2 u 0 0 0 0 2 u 0 0 d 0 0 0 0 u 
2 u u u 0 0 2 2 0 0 2 2 d u u 0 2 u 0 0 0 0 d 0 0 0 2 u 0 0 0 u 
2 2 u u 0 0 2 2 0 0 2 u 0 u 0 0 2 u u 0 0 0 2 0 d 0 2 u 0 0 0 0 
2 2 u u 0 0 2 u 0 u 2 2 0 0 0 0 2 u u 0 0 0 2 u 0 0 2 0 d 0 0 0 
2 2 u u 0 0 2 2 0 0 2 2 u 0 0 u 2 u 0 0 0 0 2 0 0 0 2 u 0 0 0 0 
2 2 u u 0 0 2 2 u 0 2 2 0 0 0 u 2 u 0 0 0 0 2 u 0 0 2 0 0 0 0 0 
2 2 u 0 0 0 2 2 0 0 2 2 u 0 u u 2 u 0 0 0 0 2 u 0 0 2 0 0 0 0 0 
2 2 u 0 0 0 2 2 u 0 2 2 0 0 u u 2 u 0 0 0 0 2 0 0 0 2 u 0 0 0 0 
2 d u 0 0 0 2 2 0 0 2 2 0 u u 0 2 u 0 u 0 u 2 0 0 0 2 u 0 0 0 0 
2 d u 0 0 0 2 2 0 u 2 2 0 0 u 0 2 u 0 u 0 u 2 u 0 0 2 0 0 0 0 0 
2 2 u u d 0 u 2 0 0 2 2 0 u u 0 d u 0 0 0 0 2 0 u 0 2 u 0 0 0 0 
2 2 u u d 0 2 2 0 u u 2 0 0 u 0 d u 0 0 0 0 2 u 0 0 2 0 u 0 0 0 
2 d 0 0 0 0 2 u 0 0 2 2 0 u 0 u 2 u u 0 u 0 2 u d 0 2 0 0 0 u 0 
2 d 0 0 0 0 2 2 0 u 2 u 0 0 0 u 2 u u 0 u 0 2 0 0 0 2 u d 0 u 0 
2 d 0 0 0 0 2 u 0 u 2 2 0 0 0 u 2 u u 0 u 0 2 0 d 0 2 u 0 0 u 0 
2 d 0 0 0 0 2 2 0 0 2 u 0 u 0 u 2 u u 0 u 0 2 u 0 0 2 0 d 0 u 0 
2 0 u u 0 0 2 2 0 0 2 2 0 u u 0 2 0 0 0 0 0 2 u d u 2 0 0 0 u 0 
2 0 u u 0 0 2 2 0 u 2 2 0 0 u 0 2 0 0 0 0 0 2 0 0 0 2 u d u u 0 
u 2 u 0 0 0 2 2 0 0 2 2 0 u u 0 2 d 0 0 u 0 2 u 0 0 2 0 0 0 u 0 
u 2 u 0 0 0 2 2 0 u 2 2 0 0 u 0 2 d 0 0 u 0 2 0 0 0 2 u 0 0 u 0 
2 0 u u 0 0 2 2 0 u 2 2 0 0 u 0 2 0 0 0 0 0 2 0 d u 2 u 0 0 u 0 
2 0 u u 0 0 2 2 0 0 2 2 0 u u 0 2 0 0 0 0 0 2 u 0 0 2 0 d u u 0 
2 d u u 0 0 2 u 0 0 2 2 0 u u 0 2 0 0 0 0 0 2 u 0 0 2 0 0 u 2 0 
2 d u u 0 0 2 2 0 u 2 u 0 0 u 0 2 0 0 0 0 0 2 0 0 u 2 u 0 0 2 0 
2 2 u u 0 0 2 2 0 u 2 2 u 0 0 0 u 0 0 0 0 0 2 0 0 d 2 u 0 0 u 0 
2 2 u u 0 0 2 2 u 0 2 2 0 u 0 0 u 0 0 0 0 0 2 u 0 0 2 0 0 d u 0 
2 2 u u 0 u 2 2 0 0 2 d 0 u u 0 2 0 d 0 0 0 2 u 0 0 u 0 0 0 u 0 
2 2 u u 0 u 2 d 0 u 2 2 0 0 u 0 2 0 d 0 0 0 u 0 0 0 2 u 0 0 u 0 
2 2 u 0 0 u 2 d 0 u 2 d 0 0 u 0 d u 0 0 0 0 2 0 u 0 2 u u 0 u 0 
2 2 u 0 0 u 2 d 0 0 2 d 0 u u 0 d u 0 0 0 0 2 u u 0 2 0 u 0 u 0 
u 2 u u 0 0 2 2 0 0 2 2 0 u u u 2 0 d 0 0 0 2 u 0 0 2 0 0 0 0 0 
u 2 u u 0 0 2 2 0 u 2 2 0 0 u u 2 0 d 0 0 0 2 0 0 0 2 u 0 0 0 0 
2 2 u u 0 u 2 d 0 0 2 2 0 u u 0 2 0 d 0 0 0 u u 0 0 2 0 0 0 u 0 
2 2 u u 0 u 2 2 0 u 2 d 0 0 u 0 2 0 d 0 0 0 2 0 0 0 u u 0 0 u 0 
2 2 0 u 0 0 2 u d 0 2 d 0 u u 0 2 u u 0 0 0 2 0 0 0 2 u u 0 0 0 
2 2 0 u 0 0 2 d 0 u 2 u d 0 u 0 2 u u 0 0 0 2 u u 0 2 0 0 0 0 0 
2 2 0 u 0 0 2 2 0 u 2 2 u 0 u 0 2 u 0 0 0 0 2 0 0 0 2 0 0 0 0 u 
2 2 0 u 0 0 2 2 u 0 2 2 0 u u 0 2 u 0 0 0 0 2 0 0 0 2 0 0 0 0 u 
2 u u u 0 0 2 2 d u 2 2 u 0 0 0 2 u 0 0 0 0 2 u 0 0 2 0 0 0 0 0 
2 u u u 0 0 2 2 u 0 2 2 d u 0 0 2 u 0 0 0 0 2 0 0 0 2 u 0 0 0 0 
2 2 0 u 0 0 2 u 0 0 2 u 0 u 0 0 2 u u 0 0 0 2 0 d 0 2 u d 0 0 u 
2 2 0 u 0 0 2 u 0 u 2 u 0 0 0 0 2 u u 0 0 0 2 u d 0 2 0 d 0 0 u 
2 2 0 u 0 0 2 u d u 2 d 0 0 u 0 2 u u 0 0 0 2 u 0 0 2 0 u 0 0 0 
2 2 0 u 0 0 2 d 0 0 2 u d u u 0 2 u u 0 0 0 2 0 u 0 2 u 0 0 0 0 
2 0 u 0 0 0 2 u 0 u 2 2 0 0 u 0 2 0 0 u 2 0 2 0 d 0 2 u 0 0 u 0 
2 0 u 0 0 0 2 2 0 0 2 u 0 u u 0 2 0 0 u 2 0 2 u 0 0 2 0 d 0 u 0 
2 d u u 0 0 2 u 0 u 2 2 0 0 u 0 2 0 0 0 0 0 2 0 0 0 2 u 0 d u u 
2 d u u 0 0 2 2 0 0 2 u 0 u u 0 2 0 0 0 0 0 2 u 0 d 2 0 0 0 u u 
2 d u u 0 0 2 u 0 0 2 2 0 u u 0 2 0 0 0 0 0 2 u 0 0 2 0 0 d u u 
2 d u u 0 0 2 2 0 u 2 u 0 0 u 0 2 0 0 0 0 0 2 0 0 d 2 u 0 0 u u 
2 0 u 0 0 0 2 u 0 0 2 2 0 u u 0 2 0 0 u 2 0 2 u d 0 2 0 0 0 u 0 
2 0 u 0 0 0 2 2 0 u 2 u 0 0 u 0 2 0 0 u 2 0 2 0 0 0 2 u d 0 u 0 
2 u u u 0 0 2 2 d 0 2 2 0 u u 0 2 u 0 0 0 0 2 0 0 0 d u 0 0 0 u 
2 u u u 0 0 2 2 0 u 2 2 d 0 u 0 2 u 0 0 0 0 d u 0 0 2 0 0 0 0 u 
u 2 u 2 0 0 d 2 0 u 2 2 0 u u 0 2 0 0 0 0 0 2 u 0 0 2 0 0 0 u 0 
u 2 u 2 0 0 2 2 0 u d 2 0 u u 0 2 0 0 0 0 0 2 0 0 0 2 u 0 0 u 0 
2 d u u 0 0 2 2 0 u 2 u 0 0 u 0 2 d 0 0 0 0 2 0 0 0 2 u 0 u u 0 
2 d u u 0 0 2 u 0 0 2 2 0 u u 0 2 d 0 0 0 0 2 u 0 u 2 0 0 0 u 0 
2 2 0 u 0 0 2 2 0 u 2 u 0 0 0 u 2 0 u 0 0 0 2 0 0 0 2 u d 0 0 u 
2 2 0 u 0 0 2 u 0 0 2 2 0 u 0 u 2 0 u 0 0 0 2 u d 0 2 0 0 0 0 u 
2 2 u u 0 0 u 2 0 d 2 2 0 u u 0 2 0 0 0 0 u 2 0 0 0 2 u 0 0 0 0 
2 2 u u 0 0 2 2 0 u u 2 0 d u 0 2 0 0 0 0 u 2 u 0 0 2 0 0 0 0 0 
2 2 u u d 0 2 2 0 0 2 u 0 0 u u 2 0 0 0 0 0 2 0 0 0 2 u 0 0 u 0 
2 2 u u d 0 2 u 0 0 2 2 0 0 u u 2 0 0 0 0 0 2 u 0 0 2 0 0 0 u 0 
2 2 0 u 0 0 2 2 0 0 2 u 0 u 0 u 2 0 u 0 0 0 2 u 0 0 2 0 d 0 0 u 
2 2 0 u 0 0 2 u 0 u 2 2 0 0 0 u 2 0 u 0 0 0 2 0 d 0 2 u 0 0 0 u 
2 2 u u 0 0 2 2 0 u 2 d 0 d u 0 2 0 0 0 0 0 u 0 u 0 2 u 0 0 u 0 
2 2 u u 0 0 2 d 0 d 2 2 0 u u 0 2 0 0 0 0 0 2 u 0 0 u 0 u 0 u 0 
2 0 u 0 d 0 2 2 0 0 2 2 0 u u 0 2 u 0 u 0 0 2 u 0 0 2 0 0 0 u 0 
2 0 u 0 d 0 2 2 0 u 2 2 0 0 u 0 2 u 0 u 0 0 2 0 0 0 2 u 0 0 u 0 
2 2 u u 0 0 2 2 0 0 2 d 0 2 u 0 2 0 0 0 0 0 u u u 0 2 0 0 0 u 0 
2 2 u u 0 0 2 d 0 2 2 2 0 0 u 0 2 0 0 0 0 0 2 0 0 0 u u u 0 u 0 
2 2 0 u 0 u 2 d 0 0 2 2 0 u 0 0 d u u 0 0 0 2 0 u 0 2 u 0 0 u 0 
2 2 0 u 0 u 2 2 0 u 2 d 0 0 0 0 d u u 0 0 0 2 u 0 0 2 0 u 0 u 0 
2 2 0 u 0 u 2 d 0 u 2 2 0 0 0 0 d u u 0 0 0 2 u u 0 2 0 0 0 u 0 
2 2 0 u 0 u 2 2 0 0 2 d 0 u 0 0 d u u 0 0 0 2 0 0 0 2 u u 0 u 0 
2 d u u 0 0 2 2 u 0 2 2 0 0 u u 2 u 0 0 0 0 2 0 0 0 2 u 0 0 0 0 
2 d u u 0 0 2 2 0 0 2 2 u 0 u u 2 u 0 0 0 0 2 u 0 0 2 0 0 0 0 0 
2 2 u u 0 0 2 2 0 0 2 2 u u 0 0 u 0 0 0 0 0 2 u 0 d 2 0 0 0 u 0 
2 2 u u 0 0 2 2 u u 2 2 0 0 0 0 u 0 0 0 0 0 2 0 0 0 2 u 0 d u 0 
2 2 u u 0 0 2 2 0 0 2 2 0 u u 0 2 u 0 u 0 0 d 0 0 0 u u 0 0 0 d 
2 2 u u 0 0 2 2 0 u 2 2 0 0 u 0 2 u 0 u 0 0 u u 0 0 d 0 0 0 0 d 
u 2 u u 0 0 2 d 0 u 2 2 0 0 u 0 2 d 0 0 0 0 2 0 u 0 2 u 0 0 u 0 
u 2 u u 0 0 2 2 0 0 2 d 0 u u 0 2 d 0 0 0 0 2 u 0 0 2 0 u 0 u 0 
2 u u u 0 0 2 2 d 0 2 2 u u 0 0 2 u 0 0 0 0 2 0 0 0 2 u 0 0 0 0 
2 u u u 0 0 2 2 u u 2 2 d 0 0 0 2 u 0 0 0 0 2 u 0 0 2 0 0 0 0 0 
u 2 u u 0 0 2 2 0 u d 2 0 u 2 0 2 0 0 0 0 0 2 u 0 0 2 0 0 0 u 0 
u 2 u u 0 0 d 2 0 u 2 2 0 u 2 0 2 0 0 0 0 0 2 0 0 0 2 u 0 0 u 0 
2 2 u u 0 0 2 2 0 2 2 d 0 0 u 0 2 0 0 0 0 0 2 0 u 0 u u 0 0 u 0 
2 2 u u 0 0 2 d 0 0 2 2 0 2 u 0 2 0 0 0 0 0 u u 0 0 2 0 u 0 u 0 
2 2 u u 0 0 2 2 0 d 2 d 0 u u 0 2 0 0 0 0 0 2 u u 0 u 0 0 0 u 0 
2 2 u u 0 0 2 d 0 u 2 2 0 d u 0 2 0 0 0 0 0 u 0 0 0 2 u u 0 u 0 
2 2 u u 0 0 2 2 0 0 2 u 0 0 u 0 2 u 0 0 0 d 2 u 0 0 2 0 0 0 0 u 
2 2 u u 0 0 2 u 0 0 2 2 0 0 u 0 2 u 0 0 0 d 2 0 0 0 2 u 0 0 0 u 
2 2 0 0 0 0 2 u 0 0 2 2 0 u 0 0 2 u u u 0 0 2 0 d 0 2 u 0 0 0 u 
2 2 0 0 0 0 2 2 0 u 2 u 0 0 0 0 2 u u u 0 0 2 u 0 0 2 0 d 0 0 u 
2 2 u u 0 0 u 2 0 u 2 2 0 0 0 0 2 u 0 0 0 0 2 u d 0 2 0 0 0 0 u 
2 2 u u 0 0 2 2 0 0 u 2 0 u 0 0 2 u 0 0 0 0 2 0 0 0 2 u d 0 0 u 
2 2 0 0 0 0 2 2 0 0 2 u 0 u 0 0 2 u u u 0 0 2 0 0 0 2 u d 0 0 u 
2 2 0 0 0 0 2 u 0 u 2 2 0 0 0 0 2 u u u 0 0 2 u d 0 2 0 0 0 0 u 
2 2 u u 0 0 d 2 u 0 2 u d u u 0 2 0 0 0 0 0 2 u 0 0 2 0 0 0 u 0 
2 2 u u 0 0 2 u d u d 2 u 0 u 0 2 0 0 0 0 0 2 0 0 0 2 u 0 0 u 0 
u 2 u u 0 0 2 d 0 0 2 2 0 u u 0 2 d 0 0 0 0 2 u u 0 2 0 0 0 u 0 
u 2 u u 0 0 2 2 0 u 2 d 0 0 u 0 2 d 0 0 0 0 2 0 0 0 2 u u 0 u 0 
2 2 u u 0 0 2 d 0 u 2 2 0 d u 0 2 0 0 0 0 0 2 0 u 0 u u 0 0 u 0 
2 2 u u 0 0 2 2 0 d 2 d 0 u u 0 2 0 0 0 0 0 u u 0 0 2 0 u 0 u 0 
2 0 u u 0 0 2 0 0 0 2 2 0 u u 0 2 0 0 0 2 0 2 u 2 0 2 0 0 0 u 0 
2 0 u u 0 0 2 2 0 u 2 0 0 0 u 0 2 0 0 0 2 0 2 0 0 0 2 u 2 0 u 0 
2 d u u 0 0 2 2 0 0 2 u 0 u u 0 2 d 0 0 0 0 2 u 0 0 2 0 0 u u 0 
2 d u u 0 0 2 u 0 u 2 2 0 0 u 0 2 d 0 0 0 0 2 0 0 u 2 u 0 0 u 0 
2 0 u u 0 0 2 0 0 u 2 2 0 0 u 0 2 0 0 0 2 0 2 0 2 0 2 u 0 0 u 0 
2 0 u u 0 0 2 2 0 0 2 0 0 u u 0 2 0 0 0 2 0 2 u 0 0 2 0 2 0 u 0 
2 2 u u 0 0 d 2 0 0 2 2 0 u u u 2 u 0 0 0 0 u 0 0 0 2 u 0 0 d 0 
2 2 u u 0 0 2 2 0 u d 2 0 0 u u 2 u 0 0 0 0 2 u 0 0 u 0 0 0 d 0 
2 2 u u 0 0 2 d 0 0 2 2 0 2 u 0 2 0 0 0 0 0 2 u u 0 u 0 0 0 u 0 
2 2 u u 0 0 2 2 0 2 2 d 0 0 u 0 2 0 0 0 0 0 u 0 0 0 2 u u 0 u 0 
2 2 u u 0 0 2 d 0 u 2 2 0 0 0 0 2 0 0 0 0 0 2 0 0 u 2 u 0 0 u u 
2 2 u u 0 0 2 2 0 0 2 d 0 u 0 0 2 0 0 0 0 0 2 u 0 0 2 0 0 u u u 
u 2 2 0 u 0 2 2 0 0 2 2 0 u u 0 2 0 0 0 0 0 2 u 0 0 2 0 0 0 u 0 
u 2 2 0 u 0 2 2 0 u 2 2 0 0 u 0 2 0 0 0 0 0 2 0 0 0 2 u 0 0 u 0 
2 2 u u 0 0 d 2 u u 2 u d 0 u 0 2 0 0 0 0 0 2 0 0 0 2 u 0 0 u 0 
2 2 u u 0 0 2 u d 0 d 2 u u u 0 2 0 0 0 0 0 2 u 0 0 2 0 0 0 u 0 
2 2 u d 0 0 2 u 0 0 2 u 0 u d 0 2 u 0 0 0 0 2 u 0 0 2 0 0 0 u u 
2 2 u d 0 0 2 u 0 u 2 u 0 0 d 0 2 u 0 0 0 0 2 0 0 0 2 u 0 0 u u 
2 2 u u 0 0 2 2 0 u d 2 0 0 u u u u 0 0 0 0 2 u d 0 2 0 0 0 0 0 
2 2 u u 0 0 d 2 0 0 2 2 0 u u u u u 0 0 0 0 2 0 0 0 2 u d 0 0 0 
2 2 u u 0 0 2 2 0 u 2 2 0 0 u 0 2 u 0 0 0 0 u d 0 u 2 0 0 0 0 0 
2 2 u u 0 0 2 2 0 0 2 2 0 u u 0 2 u 0 0 0 0 2 0 0 0 u d 0 u 0 0 
2 2 u u 0 0 2 2 0 0 u 2 0 2 u 0 2 0 0 0 0 u 2 0 0 0 2 u 0 0 0 0 
2 2 u u 0 0 u 2 0 2 2 2 0 0 u 0 2 0 0 0 0 u 2 u 0 0 2 0 0 0 0 0 
2 2 u u 0 0 2 2 0 0 u 2 0 u u u 2 u 0 0 0 0 2 0 0 0 d u 0 0 d 0 
2 2 u u 0 0 u 2 0 u 2 2 0 0 u u 2 u 0 0 0 0 d u 0 0 2 0 0 0 d 0 
2 2 u u u 0 d 2 0 u 2 2 0 0 u 0 u u 0 0 0 0 2 u d 0 2 0 0 0 0 0 
2 2 u u u 0 2 2 0 0 d 2 0 u u 0 u u 0 0 0 0 2 0 0 0 2 u d 0 0 0 
2 2 u u 0 0 u 2 0 0 2 2 0 0 u 0 2 0 0 0 0 d 2 u 0 0 2 0 0 0 u u 
2 2 u u 0 0 2 2 0 0 u 2 0 0 u 0 2 0 0 0 0 d 2 0 0 0 2 u 0 0 u u 
d 2 u u 0 0 2 2 0 u d 2 0 0 u 0 2 0 0 0 0 0 2 0 u 0 2 u 0 0 u u 
d 2 u u 0 0 d 2 0 0 2 2 0 u u 0 2 0 0 0 0 0 2 u 0 0 2 0 u 0 u u 
2 u u u 0 0 2 2 d u 2 2 0 0 u 0 2 u 0 u 0 0 d u 0 0 2 0 0 0 0 0 
2 u u u 0 0 2 2 0 0 2 2 d u u 0 2 u 0 u 0 0 2 0 0 0 d u 0 0 0 0 
2 2 u u 0 0 2 2 0 0 d u 0 u u 0 2 0 0 0 0 0 2 u 0 0 2 0 2 0 u 0 
2 2 u u 0 0 d u 0 u 2 2 0 0 u 0 2 0 0 0 0 0 2 0 2 0 2 u 0 0 u 0 
2 2 u u 0 0 2 0 0 u 2 u d 0 u 0 2 u 0 0 0 0 2 u 2 0 2 0 0 0 0 0 
2 2 u u 0 0 2 u d 0 2 0 0 u u 0 2 u 0 0 0 0 2 0 0 0 2 u 2 0 0 0 
2 2 u u 0 0 2 2 0 u d u 0 0 u 0 2 0 0 0 0 0 2 0 0 0 2 u 2 0 u 0 
2 2 u u 0 0 d u 0 0 2 2 0 u u 0 2 0 0 0 0 0 2 u 2 0 2 0 0 0 u 0 
2 u 2 u 0 0 2 2 0 0 2 2 0 u u 0 2 0 0 0 0 0 2 u 0 0 u 0 0 d u 0 
2 u 2 u 0 0 2 2 0 u 2 2 0 0 u 0 2 0 0 0 0 0 u 0 0 d 2 u 0 0 u 0 
2 2 u u 0 0 2 2 0 0 d 2 0 u u u u u 0 0 0 0 2 0 d 0 2 u 0 0 0 0 
2 2 u u 0 0 d 2 0 u 2 2 0 0 u u u u 0 0 0 0 2 u 0 0 2 0 d 0 0 0 
2 2 u u 0 0 2 2 0 u 2 2 0 0 0 d 2 u 0 0 0 0 2 u 0 0 u 0 0 u 0 0 
2 2 u u 0 0 2 2 0 0 2 2 0 u 0 d 2 u 0 0 0 0 u 0 0 u 2 u 0 0 0 0 
2 u 2 u 0 0 2 2 0 u 2 2 0 0 u 0 2 0 0 0 0 0 2 0 0 0 u u 0 d u 0 
2 u 2 u 0 0 2 2 0 0 2 2 0 u u 0 2 0 0 0 0 0 u u 0 d 2 0 0 0 u 0 
2 2 u u 0 0 2 0 0 0 2 u d u u 0 2 u 0 0 0 0 2 0 2 0 2 u 0 0 0 0 
2 2 u u 0 0 2 u d u 2 0 0 0 u 0 2 u 0 0 0 0 2 u 0 0 2 0 2 0 0 0 
d 2 u u 0 0 2 2 0 0 2 d 0 u u 0 2 0 0 0 u 0 2 u 0 0 2 0 u 0 u 0 
d 2 u u 0 0 2 d 0 u 2 2 0 0 u 0 2 0 0 0 u 0 2 0 u 0 2 u 0 0 u 0 
2 2 u u 0 0 2 2 0 0 0 2 0 u u 0 2 0 0 u 0 d 2 u 0 0 2 0 0 0 u 0 
2 2 u u 0 0 0 2 0 u 2 2 0 0 u 0 2 0 0 u 0 d 2 0 0 0 2 u 0 0 u 0 
d 2 u u 0 0 2 2 0 u 2 d 0 0 u 0 2 0 0 0 u 0 2 0 0 0 2 u u 0 u 0 
d 2 u u 0 0 2 d 0 0 2 2 0 u u 0 2 0 0 0 u 0 2 u u 0 2 0 0 0 u 0 
2 2 u u 0 0 2 2 0 0 2 2 0 u u 0 2 d 0 0 0 u 0 u 0 0 2 0 0 0 u 0 
2 2 u u 0 0 2 2 0 u 2 2 0 0 u 0 2 d 0 0 0 u 2 0 0 0 0 u 0 0 u 0 
2 2 u u 0 0 2 2 0 0 2 2 0 u u 0 2 d 0 0 0 u 2 u 0 0 0 0 0 0 u 0 
2 2 u u 0 0 2 2 0 u 2 2 0 0 u 0 2 d 0 0 0 u 0 0 0 0 2 u 0 0 u 0 
2 2 u u u 0 d 2 0 0 2 2 0 u u 0 2 2 0 0 0 0 u 0 0 0 2 u 0 0 0 0 
2 2 u u u 0 2 2 0 u d 2 0 0 u 0 2 2 0 0 0 0 2 u 0 0 u 0 0 0 0 0 
2 2 u u 0 0 0 2 0 0 2 2 0 u u 0 2 0 0 u 0 d 2 u 0 0 2 0 0 0 u 0 
2 2 u u 0 0 2 2 0 u 0 2 0 0 u 0 2 0 0 u 0 d 2 0 0 0 2 u 0 0 u 0 
2 2 u u u 0 d 2 0 0 2 2 0 u u 0 u u 0 0 0 0 2 0 d 0 2 u 0 0 0 0 
2 2 u u u 0 2 2 0 u d 2 0 0 u 0 u u 0 0 0 0 2 u 0 0 2 0 d 0 0 0 
d 2 u u 0 0 2 2 0 0 d 2 0 u u 0 2 0 0 0 0 0 2 u u 0 2 0 0 0 u u 
d 2 u u 0 0 d 2 0 u 2 2 0 0 u 0 2 0 0 0 0 0 2 0 0 0 2 u u 0 u u 
2 2 u 0 0 0 u 2 0 0 2 2 0 u u 0 2 d 0 0 0 0 2 u 0 u 2 0 0 0 u 0 
2 2 u 0 0 0 2 2 0 u u 2 0 0 u 0 2 d 0 0 0 0 2 0 0 0 2 u 0 u u 0 
2 2 u 2 0 0 2 2 0 0 2 2 0 u 2 0 2 0 0 0 0 0 u u 0 0 u 0 0 0 u 0 
2 2 u 2 0 0 2 2 0 u 2 2 0 0 2 0 2 0 0 0 0 0 u 0 0 0 u u 0 0 u 0 
d 2 u u 0 0 2 2 0 0 2 2 0 u 0 0 2 u 0 0 u 0 2 0 0 0 2 u 0 0 0 u 
d 2 u u 0 0 2 2 0 u 2 2 0 0 0 0 2 u 0 0 u 0 2 u 0 0 2 0 0 0 0 u 
2 2 u u 0 0 2 2 0 0 2 2 0 u 0 d 2 u 0 0 0 0 2 0 0 0 u u 0 u 0 0 
2 2 u u 0 0 2 2 0 u 2 2 0 0 0 d 2 u 0 0 0 0 u u 0 u 2 0 0 0 0 0 
d 2 u u 0 0 d 2 0 u 2 2 0 0 u 0 2 0 0 u 0 0 2 0 u 0 2 u 0 0 u 0 
d 2 u u 0 0 2 2 0 0 d 2 0 u u 0 2 0 0 u 0 0 2 u 0 0 2 0 u 0 u 0 
d 2 u u 0 0 d 2 0 0 2 2 0 u u 0 2 0 0 u 0 0 2 u u 0 2 0 0 0 u 0 
d 2 u u 0 0 2 2 0 u d 2 0 0 u 0 2 0 0 u 0 0 2 0 0 0 2 u u 0 u 0 
2 0 u u 0 0 2 0 2 u 2 2 0 0 u 0 2 0 0 0 2 0 2 0 0 0 2 u 0 0 u 0 
2 0 u u 0 0 2 2 0 0 2 0 2 u u 0 2 0 0 0 2 0 2 u 0 0 2 0 0 0 u 0 
2 0 u u 0 0 2 0 2 0 2 2 0 u u 0 2 0 0 0 2 0 2 u 0 0 2 0 0 0 u 0 
2 0 u u 0 0 2 2 0 u 2 0 2 0 u 0 2 0 0 0 2 0 2 0 0 0 2 u 0 0 u 0 
2 2 0 0 0 0 2 2 0 u 2 u 0 0 0 0 2 u 0 0 u 0 2 0 0 0 2 u 0 d u u 
2 2 0 0 0 0 2 u 0 0 2 2 0 u 0 0 2 u 0 0 u 0 2 u 0 d 2 0 0 0 u u 
2 2 u 0 u 0 2 d 0 u 2 d 0 0 0 u 2 0 0 0 0 0 2 0 u 0 2 u u 0 u 0 
2 2 u 0 u 0 2 d 0 0 2 d 0 u 0 u 2 0 0 0 0 0 2 u u 0 2 0 u 0 u 0 
2 2 0 0 0 0 2 2 0 0 2 u 0 u 0 0 2 u 0 0 u 0 2 u 0 0 2 0 0 d u u 
2 2 0 0 0 0 2 u 0 u 2 2 0 0 0 0 2 u 0 0 u 0 2 0 0 d 2 u 0 0 u u 
2 2 0 u 0 0 2 2 0 0 2 2 0 0 u 0 2 0 0 u 0 0 2 0 u 0 2 u 0 0 u 0 
2 2 0 u 0 0 2 2 0 0 2 2 0 0 u 0 2 0 0 u 0 0 2 u 0 0 2 0 u 0 u 0 
2 2 u u 0 0 2 2 0 u 2 2 0 0 u 0 d 0 0 0 0 u d 0 u 0 2 u 0 0 u 0 
2 2 u u 0 0 2 2 0 0 2 2 0 u u 0 d 0 0 0 0 u 2 u 0 0 d 0 u 0 u 0 
2 2 u u 0 0 u 2 0 u 2 2 0 0 0 0 2 0 0 0 0 0 2 0 0 u 2 u 0 0 2 0 
2 2 u u 0 0 2 2 0 0 u 2 0 u 0 0 2 0 0 0 0 0 2 u 0 0 2 0 0 u 2 0 
2 u u 0 0 0 2 2 0 0 2 0 0 u u 0 2 u 0 0 d 0 2 u 0 0 2 0 d u u 0 
2 u u 0 0 0 2 0 0 u 2 2 0 0 u 0 2 u 0 0 d 0 2 0 d u 2 u 0 0 u 0 
2 2 u u 0 0 2 2 0 0 2 2 0 u u 0 d 0 0 0 0 u d u u 0 2 0 0 0 u 0 
2 2 u u 0 0 2 2 0 u 2 2 0 0 u 0 d 0 0 0 0 u 2 0 0 0 d u u 0 u 0 
2 u u 0 0 0 2 2 0 u 2 0 0 0 u 0 2 u 0 0 d 0 2 0 0 0 2 u d u u 0 
2 u u 0 0 0 2 0 0 0 2 2 0 u u 0 2 u 0 0 d 0 2 u d u 2 0 0 0 u 0 
2 2 u u 0 0 u 2 0 u 2 d 0 0 u 0 2 0 0 0 0 u 2 0 0 0 2 u 0 0 u d 
2 2 u u 0 0 2 d 0 0 u 2 0 u u 0 2 0 0 0 0 u 2 u 0 0 2 0 0 0 u d 
2 2 u 0 0 0 2 u 0 0 2 2 0 u d 0 2 u 0 0 0 0 2 u u 0 2 0 0 0 0 u 
2 2 u 0 0 0 2 2 0 u 2 u 0 0 d 0 2 u 0 0 0 0 2 0 0 0 2 u u 0 0 u 
2 u u u 0 0 2 2 d 0 2 2 0 u u 0 2 u 0 u 0 0 d 0 0 0 2 u 0 0 0 0 
2 u u u 0 0 2 2 0 u 2 2 d 0 u 0 2 u 0 u 0 0 2 u 0 0 d 0 0 0 0 0 
d 2 u u 0 u 2 2 0 u 2 2 0 0 u 0 2 u 0 0 0 0 d u u 0 2 0 0 0 0 0 
d 2 u u 0 u 2 2 0 0 2 2 0 u u 0 2 u 0 0 0 0 2 0 0 0 d u u 0 0 0 
d 2 u u 0 u 2 2 0 0 2 2 0 u u 0 2 u 0 0 0 0 d 0 u 0 2 u 0 0 0 0 
d 2 u u 0 u 2 2 0 u 2 2 0 0 u 0 2 u 0 0 0 0 2 u 0 0 d 0 u 0 0 0 
2 2 u u 0 0 u 2 0 0 2 2 0 u 0 0 2 u 0 0 0 0 2 0 d 0 2 u 0 0 0 u 
2 2 u u 0 0 2 2 0 u u 2 0 0 0 0 2 u 0 0 0 0 2 u 0 0 2 0 d 0 0 u 
2 2 u u 0 0 2 2 0 0 2 d 0 u u u 2 u 0 0 0 0 2 0 0 0 u u 0 0 d 0 
2 2 u u 0 0 2 d 0 u 2 2 0 0 u u 2 u 0 0 0 0 u u 0 0 2 0 0 0 d 0 
2 2 u 0 0 0 2 d 0 0 2 u 0 u 0 0 2 0 0 u 0 0 2 u u 0 2 0 d 0 u u 
2 2 u 0 0 0 2 u 0 u 2 d 0 0 0 0 2 0 0 u 0 0 2 0 d 0 2 u u 0 u u 
2 2 0 u 0 0 2 2 0 u u 2 0 0 u 0 2 d 0 0 0 0 2 0 0 0 2 u 0 u u 0 
2 2 0 u 0 0 u 2 0 0 2 2 0 u u 0 2 d 0 0 0 0 2 u 0 u 2 0 0 0 u 0 
2 2 u 0 0 0 2 d 0 u 2 u 0 0 0 0 2 0 0 u 0 0 2 0 u 0 2 u d 0 u u 
2 2 u 0 0 0 2 u 0 0 2 d 0 u 0 0 2 0 0 u 0 0 2 u d 0 2 0 u 0 u u 
2 2 u u 0 0 2 2 0 0 0 2 0 u u 0 2 0 0 d 0 u 2 u 0 0 2 0 0 0 u 0 
2 2 u u 0 0 0 2 0 u 2 2 0 0 u 0 2 0 0 d 0 u 2 0 0 0 2 u 0 0 u 0 
2 2 u u 0 0 0 2 0 0 2 2 0 u u 0 2 0 0 d 0 u 2 u 0 0 2 0 0 0 u 0 
2 2 u u 0 0 2 2 0 u 0 2 0 0 u 0 2 0 0 d 0 u 2 0 0 0 2 u 0 0 u 0 
2 2 u u 0 0 u 2 0 0 2 d 0 u u 0 2 0 0 0 0 u 2 u 0 0 2 0 0 0 u d 
2 2 u u 0 0 2 d 0 u u 2 0 0 u 0 2 0 0 0 0 u 2 0 0 0 2 u 0 0 u d 
2 2 u u 0 0 2 2 0 0 2 2 0 0 u u 2 u 0 0 0 d u 0 0 0 2 u 0 0 0 0 
2 2 u u 0 0 2 2 0 0 2 2 0 0 u u 2 u 0 0 0 d 2 u 0 0 u 0 0 0 0 0 
2 2 u 0 0 0 2 u 0 u 2 2 0 0 d 0 2 u 0 0 0 0 2 0 u 0 2 u 0 0 0 u 
2 2 u 0 0 0 2 2 0 0 2 u 0 u d 0 2 u 0 0 0 0 2 u 0 0 2 0 u 0 0 u 
2 2 u 2 0 0 2 2 0 u u 2 0 u 0 0 2 u 0 0 0 0 2 0 0 0 2 u 0 0 0 0 
2 2 u 2 0 0 u 2 0 u 2 2 0 u 0 0 2 u 0 0 0 0 2 u 0 0 2 0 0 0 0 0 
u 2 u u 0 d 2 2 0 u 2 2 0 0 u 0 2 0 0 0 0 0 2 0 0 0 u u 0 d u 0 
u 2 u u 0 d 2 2 0 0 2 2 0 u u 0 2 0 0 0 0 0 u u 0 d 2 0 0 0 u 0 
u 2 u u 0 d 2 2 0 0 2 2 0 u u 0 2 0 0 0 0 0 2 u 0 0 u 0 0 d u 0 
u 2 u u 0 d 2 2 0 u 2 2 0 0 u 0 2 0 0 0 0 0 u 0 0 d 2 u 0 0 u 0 
2 2 u u u 0 2 d 0 0 2 2 0 u u 0 2 2 0 0 0 0 u 0 0 0 2 u 0 0 0 0 
2 2 u u u 0 2 2 0 u 2 d 0 0 u 0 2 2 0 0 0 0 2 u 0 0 u 0 0 0 0 0 
2 2 0 0 0 0 2 2 u u 2 u 0 0 u 0 2 u 0 0 0 0 2 0 0 0 2 u 0 0 2 0 
2 2 0 0 0 0 2 u 0 0 2 2 u u u 0 2 u 0 0 0 0 2 u 0 0 2 0 0 0 2 0 
2 2 u u 0 0 2 u d 0 2 u d u u 0 2 0 0 u 0 0 2 0 0 0 2 u 0 0 0 0 
2 2 u u 0 0 2 u d u 2 u d 0 u 0 2 0 0 u 0 0 2 u 0 0 2 0 0 0 0 0 
2 2 u 0 0 0 2 2 0 0 2 2 u u u 0 u 0 0 0 0 0 2 u 0 0 2 0 d 0 u 0 
2 2 u 0 0 0 2 2 u u 2 2 0 0 u 0 u 0 0 0 0 0 2 0 d 0 2 u 0 0 u 0 
2 2 u u 0 0 2 2 0 0 2 2 0 u u 0 2 u 0 0 0 0 u 0 0 u 2 d 0 0 0 0 
2 2 u u 0 0 2 2 0 u 2 2 0 0 u 0 2 u 0 0 0 0 2 d 0 0 u 0 0 u 0 0 
2 2 u u u 0 2 2 0 0 2 2 0 0 u 0 2 u 0 0 0 d 2 0 0 0 u u 0 0 0 0 
2 2 u u u 0 2 2 0 0 2 2 0 0 u 0 2 u 0 0 0 d u u 0 0 2 0 0 0 0 0 
2 2 u u 0 0 2 2 0 0 2 2 0 u u 0 2 0 u d 0 0 0 u 0 0 2 0 0 0 u 0 
2 2 u u 0 0 2 2 0 u 2 2 0 0 u 0 2 0 u d 0 0 2 0 0 0 0 u 0 0 u 0 
2 2 u u 0 0 u 2 0 0 2 2 0 u u d 2 u 0 0 0 0 d 0 0 0 2 u 0 0 u 0 
2 2 u u 0 0 2 2 0 u u 2 0 0 u d 2 u 0 0 0 0 2 u 0 0 d 0 0 0 u 0 
2 2 u u 0 0 2 2 0 0 2 2 0 u u 0 0 u 0 0 2 0 2 0 0 0 2 u 0 0 0 0 
2 2 u u 0 0 2 2 0 u 2 2 0 0 u 0 0 u 0 0 2 0 2 u 0 0 2 0 0 0 0 0 
2 2 u u 0 0 2 2 0 0 2 2 0 u u 0 2 0 u d 0 0 2 u 0 0 0 0 0 0 u 0 
2 2 u u 0 0 2 2 0 u 2 2 0 0 u 0 2 0 u d 0 0 0 0 0 0 2 u 0 0 u 0 
2 2 u u 0 0 u 2 0 0 2 2 0 u 0 0 2 0 0 0 d 0 2 u 0 0 2 u 0 0 u 0 
2 2 u u 0 0 2 2 0 u u 2 0 0 0 0 2 0 0 0 d 0 2 u 0 0 2 u 0 0 u 0 
2 2 0 0 0 0 2 2 u 0 2 u 0 u u 0 2 u 0 0 0 0 2 u 0 0 2 0 0 0 2 0 
2 2 0 0 0 0 2 u 0 u 2 2 u 0 u 0 2 u 0 0 0 0 2 0 0 0 2 u 0 0 2 0 
2 u u 0 0 0 2 2 0 u 2 d 0 0 0 0 2 u 0 0 d 0 2 0 0 0 2 u 0 u u u 
2 u u 0 0 0 2 d 0 0 2 2 0 u 0 0 2 u 0 0 d 0 2 u 0 u 2 0 0 0 u u 
2 2 0 u 0 0 2 2 0 0 2 d 0 u u 0 2 u 0 0 0 0 2 0 u 0 2 u 0 0 0 u 
2 2 0 u 0 0 2 d 0 u 2 2 0 0 u 0 2 u 0 0 0 0 2 u 0 0 2 0 u 0 0 u 
2 u u 0 0 0 2 2 0 0 2 d 0 u 0 0 2 u 0 0 d 0 2 u 0 0 2 0 0 u u u 
2 u u 0 0 0 2 d 0 u 2 2 0 0 0 0 2 u 0 0 d 0 2 0 0 u 2 u 0 0 u u 
2 2 u 0 0 0 u 2 0 u 2 2 0 0 u 0 2 d 0 0 0 0 2 0 0 u 2 u 0 0 u 0 
2 2 u 0 0 0 2 2 0 0 u 2 0 u u 0 2 d 0 0 0 0 2 u 0 0 2 0 0 u u 0 
2 2 u u 0 0 2 2 0 0 2 2 0 u u 0 2 0 u 0 0 0 u u 0 0 d 0 0 0 u d 
2 2 u u 0 0 2 2 0 u 2 2 0 0 u 0 2 0 u 0 0 0 d 0 0 0 u u 0 0 u d 
2 2 u u 0 0 u 2 0 u 2 2 0 u d 0 2 u 0 0 0 0 2 0 0 0 2 u 0 0 0 0 
2 2 u u 0 0 2 2 0 u u 2 0 u d 0 2 u 0 0 0 0 2 u 0 0 2 0 0 0 0 0 
2 2 u u 0 d 2 u 0 0 u 2 0 u u d 2 u 0 0 0 0 2 0 0 0 2 u 0 0 0 0 
2 2 u u 0 d u 2 0 u 2 u 0 0 u d 2 u 0 0 0 0 2 u 0 0 2 0 0 0 0 0 
2 2 u 0 0 u 2 2 0 0 2 2 0 u u 0 d u 0 u 0 0 2 0 0 0 2 u 0 0 0 0 
2 2 u 0 0 u 2 2 0 u 2 2 0 0 u 0 d u 0 u 0 0 2 u 0 0 2 0 0 0 0 0 
2 2 u u 0 0 2 2 0 0 2 2 0 0 u u 2 0 0 0 0 u d u 0 0 2 0 0 0 u 0 
2 2 u u 0 0 2 2 0 0 2 2 0 0 u u 2 0 0 0 0 u 2 0 0 0 d u 0 0 u 0 
2 2 u 0 0 d 2 u 0 u 2 u 0 0 u 0 u u 0 0 0 0 2 0 d 0 2 u d 0 u 0 
2 2 u 0 0 d 2 u 0 0 2 u 0 u u 0 u u 0 0 0 0 2 u d 0 2 0 d 0 u 0 
2 2 0 u 0 0 2 2 0 u 2 d 0 0 u 0 2 u 0 0 0 0 2 u u 0 2 0 0 0 0 u 
2 2 0 u 0 0 2 d 0 0 2 2 0 u u 0 2 u 0 0 0 0 2 0 0 0 2 u u 0 0 u 
2 2 u u 0 d u 2 0 0 2 u 0 u u d 2 u 0 0 0 0 2 0 0 0 2 u 0 0 0 0 
2 2 u u 0 d 2 u 0 u u 2 0 0 u d 2 u 0 0 0 0 2 u 0 0 2 0 0 0 0 0 
2 2 0 u 0 0 u 2 0 u 2 2 0 0 u 0 2 0 0 0 0 0 2 0 0 0 2 u 0 u 2 0 
2 2 0 u 0 0 2 2 0 0 u 2 0 u u 0 2 0 0 0 0 0 2 u 0 u 2 0 0 0 2 0 
2 2 u u d 0 d 2 0 0 u 2 0 u u u 2 u 0 0 0 0 2 0 0 0 2 u 0 0 0 0 
2 2 u u d 0 u 2 0 u d 2 0 0 u u 2 u 0 0 0 0 2 u 0 0 2 0 0 0 0 0 
2 d u 0 u 0 2 2 0 0 2 u 0 u 0 u 2 0 0 0 u 0 2 u 0 0 2 0 0 d u 0 
2 d u 0 u 0 2 u 0 u 2 2 0 0 0 u 2 0 0 0 u 0 2 0 0 d 2 u 0 0 u 0 
2 d u 0 u 0 2 2 0 u 2 u 0 0 0 u 2 0 0 0 u 0 2 0 0 0 2 u 0 d u 0 
2 d u 0 u 0 2 u 0 0 2 2 0 u 0 u 2 0 0 0 u 0 2 u 0 d 2 0 0 0 u 0 
2 u u 0 0 0 2 d 0 u 2 2 0 0 u u 2 u 0 0 0 d 2 0 u 0 2 u 0 0 0 0 
2 u u 0 0 0 2 2 0 0 2 d 0 u u u 2 u 0 0 0 d 2 u 0 0 2 0 u 0 0 0 
2 2 u u 0 0 2 2 0 u 2 u 0 u u 0 2 0 0 0 0 0 d 0 d 0 2 u 0 0 u 0 
2 2 u u 0 0 2 u 0 u 2 2 0 u u 0 2 0 0 0 0 0 2 u 0 0 d 0 d 0 u 0 
2 u u 0 0 0 2 d 0 0 2 2 0 u u u 2 u 0 0 0 d 2 u u 0 2 0 0 0 0 0 
2 u u 0 0 0 2 2 0 u 2 d 0 0 u u 2 u 0 0 0 d 2 0 0 0 2 u u 0 0 0 
2 d u u 0 0 2 2 0 u 2 u 0 0 u 0 2 0 0 d 0 0 2 0 0 0 2 u 0 u u 0 
2 d u u 0 0 2 u 0 0 2 2 0 u u 0 2 0 0 d 0 0 2 u 0 u 2 0 0 0 u 0 
2 2 0 u 0 0 2 2 0 0 u 2 0 u u 0 2 d 0 0 0 0 2 u 0 0 2 0 0 u u 0 
2 2 0 u 0 0 u 2 0 u 2 2 0 0 u 0 2 d 0 0 0 0 2 0 0 u 2 u 0 0 u 0 
2 2 u u 0 0 2 2 0 0 2 2 0 u u 0 2 0 u 0 0 0 d u 0 0 u 0 0 0 u d 
2 2 u u 0 0 2 2 0 u 2 2 0 0 u 0 2 0 u 0 0 0 u 0 0 0 d u 0 0 u d 
2 2 u u 0 0 u 2 0 0 2 2 0 u 0 0 2 0 0 0 0 0 2 u 0 u 2 0 0 0 2 0 
2 2 u u 0 0 2 2 0 u u 2 0 0 0 0 2 0 0 0 0 0 2 0 0 0 2 u 0 u 2 0 
2 2 u 0 0 0 2 u 0 0 2 2 0 u u 0 2 0 0 0 0 d 2 u u 0 2 0 0 0 u 0 
2 2 u 0 0 0 2 2 0 u 2 u 0 0 u 0 2 0 0 0 0 d 2 0 0 0 2 u u 0 u 0 
2 2 u u 0 0 2 2 0 0 2 2 0 u d 0 u u u 0 0 0 2 0 0 0 2 u 0 0 0 0 
2 2 u u 0 0 2 2 0 u 2 2 0 0 d 0 u u u 0 0 0 2 u 0 0 2 0 0 0 0 0 
2 2 u 0 0 0 2 u 0 u 2 2 0 0 u 0 2 0 0 0 0 d 2 0 u 0 2 u 0 0 u 0 
2 2 u 0 0 0 2 2 0 0 2 u 0 u u 0 2 0 0 0 0 d 2 u 0 0 2 0 u 0 u 0 
2 2 u u u 0 2 u 0 u 2 d 0 0 0 0 2 0 0 0 0 0 2 u d 0 2 0 u 0 u 0 
2 2 u u u 0 2 d 0 0 2 u 0 u 0 0 2 0 0 0 0 0 2 0 u 0 2 u d 0 u 0 
0 2 u u 0 0 2 2 0 0 2 2 0 u u 0 2 0 0 0 0 2 2 u 0 0 2 0 0 0 u 0 
0 2 u u 0 0 2 2 0 u 2 2 0 0 u 0 2 0 0 0 0 2 2 0 0 0 2 u 0 0 u 0 
2 2 u 0 0 0 2 2 0 u 2 2 u 0 u 0 u 0 0 0 0 0 2 0 0 0 2 u d 0 u 0 
2 2 u 0 0 0 2 2 u 0 2 2 0 u u 0 u 0 0 0 0 0 2 u d 0 2 0 0 0 u 0 
u 2 u u 0 0 2 2 d u 2 2 0 0 u 0 d 0 0 0 0 0 2 0 0 u 2 u 0 0 u 0 
u 2 u u 0 0 2 2 0 0 2 2 d u u 0 d 0 0 0 0 0 2 u 0 0 2 0 0 u u 0 
2 2 u u 0 0 d 2 0 0 u 2 0 u u 0 2 0 0 0 0 u 2 u 0 0 2 0 0 0 u d 
2 2 u u 0 0 u 2 0 u d 2 0 0 u 0 2 0 0 0 0 u 2 0 0 0 2 u 0 0 u d 
2 2 u u 0 0 2 2 d 0 2 2 0 u 0 0 2 u 0 0 0 0 u 0 0 0 2 u 0 0 u 0 
2 2 u u 0 0 2 2 0 u 2 2 d 0 0 0 2 u 0 0 0 0 2 u 0 0 u 0 0 0 u 0 
2 2 u u 0 0 2 2 0 0 d u 0 u u 0 2 0 0 u 0 d 2 u 0 0 2 0 0 0 u 0 
2 2 u u 0 0 d u 0 u 2 2 0 0 u 0 2 0 0 u 0 d 2 0 0 0 2 u 0 0 u 0 
2 2 u u 0 0 2 2 0 u 2 u 0 u u 0 2 0 0 0 0 0 2 u d 0 d 0 0 0 u 0 
2 2 u u 0 0 2 u 0 u 2 2 0 u u 0 2 0 0 0 0 0 d 0 0 0 2 u d 0 u 0 
2 2 u d 0 0 u 2 0 u 2 2 0 u u 0 2 u 0 0 0 0 2 0 0 0 2 u 0 0 0 0 
2 2 u d 0 0 2 2 0 u u 2 0 u u 0 2 u 0 0 0 0 2 u 0 0 2 0 0 0 0 0 
2 2 u u u 0 2 u 0 0 2 d 0 u 0 0 2 0 0 0 0 0 2 0 d 0 2 u u 0 u 0 
2 2 u u u 0 2 d 0 u 2 u 0 0 0 0 2 0 0 0 0 0 2 u u 0 2 0 d 0 u 0 
2 u u u 0 0 2 2 0 u u 2 0 0 u 0 2 0 0 0 d 0 2 0 0 0 2 u 0 d u 0 
2 u u u 0 0 u 2 0 0 2 2 0 u u 0 2 0 0 0 d 0 2 u 0 d 2 0 0 0 u 0 
2 d u 0 0 0 2 0 0 u 2 2 0 0 u 0 2 u 0 0 0 u 2 0 2 0 2 u 0 0 u 0 
2 d u 0 0 0 2 2 0 0 2 0 0 u u 0 2 u 0 0 0 u 2 u 0 0 2 0 2 0 u 0 
2 2 u u 0 0 u 2 0 0 d 2 0 u u 0 2 0 0 0 0 u 2 u 0 0 2 0 0 0 u d 
2 2 u u 0 0 d 2 0 u u 2 0 0 u 0 2 0 0 0 0 u 2 0 0 0 2 u 0 0 u d 
2 d u 0 0 0 2 0 0 0 2 2 0 u u 0 2 u 0 0 0 u 2 u 2 0 2 0 0 0 u 0 
2 d u 0 0 0 2 2 0 u 2 0 0 0 u 0 2 u 0 0 0 u 2 0 0 0 2 u 2 0 u 0 
2 2 u u 0 0 2 2 0 u d u 0 0 u 0 2 0 0 u 0 d 2 0 0 0 2 u 0 0 u 0 
2 2 u u 0 0 d u 0 0 2 2 0 u u 0 2 0 0 u 0 d 2 u 0 0 2 0 0 0 u 0 
u 2 u u 0 0 2 2 0 u 2 2 0 u u 0 2 d 0 0 0 0 d u 0 0 2 0 0 0 u 0 
u 2 u u 0 0 2 2 0 u 2 2 0 u u 0 2 d 0 0 0 0 2 0 0 0 d u 0 0 u 0 
2 2 u 0 0 0 2 0 d u 2 2 0 0 u 0 2 u 0 0 0 0 2 0 0 u 2 u 0 0 u 0 
2 2 u 0 0 0 2 2 0 0 2 0 d u u 0 2 u 0 0 0 0 2 u 0 0 2 0 0 u u 0 
2 d u u 0 0 2 u 0 u 2 2 0 0 u 0 2 0 0 0 0 0 2 0 0 0 2 u 0 u u d 
2 d u u 0 0 2 2 0 0 2 u 0 u u 0 2 0 0 0 0 0 2 u 0 u 2 0 0 0 u d 
2 0 u 0 u 0 2 2 0 0 2 2 0 u 0 u 2 0 0 0 d u 2 u 0 0 2 0 0 0 u 0 
2 0 u 0 u 0 2 2 0 u 2 2 0 0 0 u 2 0 0 0 d u 2 0 0 0 2 u 0 0 u 0 
2 2 u 0 0 0 2 0 d 0 2 2 0 u u 0 2 u 0 0 0 0 2 u 0 u 2 0 0 0 u 0 
2 2 u 0 0 0 2 2 0 u 2 0 d 0 u 0 2 u 0 0 0 0 2 0 0 0 2 u 0 u u 0 
2 2 u u 0 0 2 u 0 u 2 2 0 u u 0 2 0 0 0 0 0 2 0 d 0 d u 0 0 u 0 
2 2 u u 0 0 2 2 0 u 2 u 0 u u 0 2 0 0 0 0 0 d u 0 0 2 0 d 0 u 0 
2 u u u 0 0 2 2 0 0 u 2 0 u u 0 2 0 0 0 d 0 2 u 0 0 2 0 0 d u 0 
2 u u u 0 0 u 2 0 u 2 2 0 0 u 0 2 0 0 0 d 0 2 0 0 d 2 u 0 0 u 0 
u 2 u u 0 0 2 2 d 0 2 2 0 u u 0 d 0 0 0 0 0 2 u 0 u 2 0 0 0 u 0 
u 2 u u 0 0 2 2 0 u 2 2 d 0 u 0 d 0 0 0 0 0 2 0 0 0 2 u 0 u u 0 
2 2 u u 0 0 2 2 0 0 2 2 0 d u 0 2 u 0 0 0 0 u 0 0 u 2 u 0 0 0 0 
2 2 u u 0 0 2 2 0 d 2 2 0 0 u 0 2 u 0 0 0 0 2 u 0 0 u 0 0 u 0 0 
2 u u 0 0 0 2 d 0 0 2 u 0 u u 0 2 u 0 0 d 0 2 u u 0 2 0 d 0 u 0 
2 u u 0 0 0 2 u 0 u 2 d 0 0 u 0 2 u 0 0 d 0 2 0 d 0 2 u u 0 u 0 
2 u u 0 0 0 2 d 0 u 2 u 0 0 u 0 2 u 0 0 d 0 2 0 u 0 2 u d 0 u 0 
2 u u 0 0 0 2 u 0 0 2 d 0 u u 0 2 u 0 0 d 0 2 u d 0 2 0 u 0 u 0 
2 d u u 0 0 2 2 0 0 2 u 0 u u 0 2 0 0 d 0 0 2 u 0 0 2 0 0 u u 0 
2 d u u 0 0 2 u 0 u 2 2 0 0 u 0 2 0 0 d 0 0 2 0 0 u 2 u 0 0 u 0 
2 d u u 0 0 2 2 0 u 2 2 0 0 u u 2 u 0 0 0 0 2 0 0 0 2 0 0 u 0 0 
2 d u u 0 0 2 2 0 0 2 2 0 u u u 2 u 0 0 0 0 2 0 0 u 2 0 0 0 0 0 
d 2 u u 0 0 2 2 0 0 2 2 0 2 u 0 2 u 0 0 0 0 2 u 0 0 u 0 0 0 u 0 
d 2 u u 0 0 2 2 0 2 2 2 0 0 u 0 2 u 0 0 0 0 u 0 0 0 2 u 0 0 u 0 
d 2 u u 0 0 2 2 0 d 2 2 0 u u 0 2 u 0 0 0 0 u u 0 0 2 0 0 0 u 0 
d 2 u u 0 0 2 2 0 u 2 2 0 d u 0 2 u 0 0 0 0 2 0 0 0 u u 0 0 u 0 
2 2 u u 0 0 2 2 0 0 u 2 0 u u d 2 2 0 0 0 0 u 0 0 0 2 u 0 0 0 0 
2 2 u u 0 0 u 2 0 u 2 2 0 0 u d 2 2 0 0 0 0 2 u 0 0 u 0 0 0 0 0 
2 2 0 u 0 0 u 2 0 0 2 2 0 u u 0 2 0 0 0 0 0 2 u 0 0 2 0 0 u 2 0 
2 2 0 u 0 0 2 2 0 u u 2 0 0 u 0 2 0 0 0 0 0 2 0 0 u 2 u 0 0 2 0 
2 2 u u 0 0 2 2 0 u u 2 0 0 u u 2 0 0 0 0 0 2 0 0 0 2 u 0 d 0 0 
2 2 u u 0 0 u 2 0 0 2 2 0 u u u 2 0 0 0 0 0 2 u 0 d 2 0 0 0 0 0 
d 2 u u 0 u 2 2 0 u 2 u d 0 u 0 2 0 0 0 0 0 2 0 0 0 2 u 0 0 u 0 
d 2 u u 0 u 2 u d 0 2 2 0 u u 0 2 0 0 0 0 0 2 u 0 0 2 0 0 0 u 0 
2 2 u u 0 0 2 2 0 u 2 2 0 u 0 0 d 0 0 0 0 0 2 u 0 0 2 0 u 0 u 0 
2 2 u u 0 0 2 2 0 u 2 2 0 u 0 0 d 0 0 0 0 0 2 0 u 0 2 u 0 0 u 0 
2 2 u u 0 0 2 2 0 0 u 2 0 u u u 2 0 0 0 0 0 2 u 0 0 2 0 0 d 0 0 
2 2 u u 0 0 u 2 0 u 2 2 0 0 u u 2 0 0 0 0 0 2 0 0 d 2 u 0 0 0 0 
u 2 u u 0 0 2 2 0 u 2 2 0 u u 0 2 0 0 0 0 0 2 u 0 0 d 0 0 0 2 0 
u 2 u u 0 0 2 2 0 u 2 2 0 u u 0 2 0 0 0 0 0 d 0 0 0 2 u 0 0 2 0 
d 2 u u 0 u 2 2 0 0 2 u d u u 0 2 0 0 0 0 0 2 u 0 0 2 0 0 0 u 0 
d 2 u u 0 u 2 u d u 2 2 0 0 u 0 2 0 0 0 0 0 2 0 0 0 2 u 0 0 u 0 
2 2 u 0 0 d 2 0 0 u 2 2 0 0 u 0 u u 0 0 0 0 2 0 2 0 2 u 0 0 u 0 
2 2 u 0 0 d 2 2 0 0 2 0 0 u u 0 u u 0 0 0 0 2 u 0 0 2 0 2 0 u 0 
2 2 u u d 0 2 2 0 u 2 u 0 0 u 0 2 u 0 0 0 0 u u 0 0 2 0 0 0 d 0 
2 2 u u d 0 2 u 0 0 2 2 0 u u 0 2 u 0 0 0 0 2 0 0 0 u u 0 0 d 0 
2 2 u 0 0 d 2 0 0 0 2 2 0 u u 0 u u 0 0 0 0 2 u 2 0 2 0 0 0 u 0 
2 2 u 0 0 d 2 2 0 u 2 0 0 0 u 0 u u 0 0 0 0 2 0 0 0 2 u 2 0 u 0 
2 2 u u d 0 2 2 0 0 u 2 0 u u 0 2 u 0 0 0 0 d 0 0 0 2 u 0 0 0 u 
2 2 u u d 0 u 2 0 u 2 2 0 0 u 0 2 u 0 0 0 0 2 u 0 0 d 0 0 0 0 u 
2 2 0 0 0 0 2 2 0 0 2 u 0 u u u 2 u u 0 0 0 2 u 0 0 2 0 0 d 0 0 
2 2 0 0 0 0 2 u 0 u 2 2 0 0 u u 2 u u 0 0 0 2 0 0 d 2 u 0 0 0 0 
2 2 u u 0 0 u 2 0 0 2 2 0 u u d 2 2 0 0 0 0 2 0 0 0 u u 0 0 0 0 
2 2 u u 0 0 2 2 0 u u 2 0 0 u d 2 2 0 0 0 0 u u 0 0 2 0 0 0 0 0 
2 2 u u d d u u 0 0 2 2 0 u u 0 2 u 0 0 0 0 2 0 0 0 2 u 0 0 0 0 
2 2 u u d d 2 2 0 u u u 0 0 u 0 2 u 0 0 0 0 2 u 0 0 2 0 0 0 0 0 
2 2 u u 0 0 d 2 0 u 2 2 0 0 0 0 2 u 0 0 0 0 2 u 0 u 2 0 0 0 u 0 
2 2 u u 0 0 2 2 0 0 d 2 0 u 0 0 2 u 0 0 0 0 2 0 0 0 2 u 0 u u 0 
2 2 u u d 0 u 2 0 0 2 2 0 u u 0 2 u 0 0 0 0 2 0 0 0 u u 0 0 d 0 
2 2 u u d 0 2 2 0 u u 2 0 0 u 0 2 u 0 0 0 0 u u 0 0 2 0 0 0 d 0 
2 2 u u 0 0 2 2 0 0 u 2 0 u u d 2 u 0 0 0 0 2 0 0 0 d u 0 0 u 0 
2 2 u u 0 0 u 2 0 u 2 2 0 0 u d 2 u 0 0 0 0 d u 0 0 2 0 0 0 u 0 
2 2 u 0 0 0 2 2 0 u u 2 0 0 u 0 2 0 0 0 0 0 2 0 u 0 2 u 0 0 u d 
2 2 u 0 0 0 u 2 0 0 2 2 0 u u 0 2 0 0 0 0 0 2 u 0 0 2 0 u 0 u d 
2 u u 0 0 0 2 d 0 u 2 2 0 0 0 0 2 u 0 0 d 0 2 0 u 0 2 u 0 0 u u 
2 u u 0 0 0 2 2 0 0 2 d 0 u 0 0 2 u 0 0 d 0 2 u 0 0 2 0 u 0 u u 
2 u u 0 0 0 2 d 0 0 2 2 0 u 0 0 2 u 0 0 d 0 2 u u 0 2 0 0 0 u u 
2 u u 0 0 0 2 2 0 u 2 d 0 0 0 0 2 u 0 0 d 0 2 0 0 0 2 u u 0 u u 
2 2 u u 0 0 2 2 0 d 2 2 0 u 0 0 2 0 0 0 u 0 2 u 0 0 u 0 0 0 u 0 
2 2 u u 0 0 2 2 0 u 2 2 0 d 0 0 2 0 0 0 u 0 u 0 0 0 2 u 0 0 u 0 
2 2 u u 0 0 2 2 0 0 2 2 0 u u 0 u 0 0 0 0 0 2 0 0 0 2 u 0 2 0 0 
2 2 u u 0 0 2 2 0 u 2 2 0 0 u 0 u 0 0 0 0 0 2 u 0 2 2 0 0 0 0 0 
2 2 u u 0 0 2 2 0 0 2 d u u u 0 2 u 0 0 0 0 d 0 u 0 2 u 0 0 0 0 
2 2 u u 0 0 2 d u u 2 2 0 0 u 0 2 u 0 0 0 0 2 u 0 0 d 0 u 0 0 0 
2 2 u u 0 0 2 2 0 u 2 2 0 0 u 0 u 0 0 0 0 0 2 u 0 0 2 0 0 2 0 0 
2 2 u u 0 0 2 2 0 0 2 2 0 u u 0 u 0 0 0 0 0 2 0 0 2 2 u 0 0 0 0 
2 2 u u 0 0 d 2 0 0 2 2 0 u u d 2 u 0 0 0 0 u 0 0 0 2 u 0 0 u 0 
2 2 u u 0 0 2 2 0 u d 2 0 0 u d 2 u 0 0 0 0 2 u 0 0 u 0 0 0 u 0 
2 2 u u d 0 2 2 0 0 u 2 0 u u 0 2 u 0 0 0 0 u 0 0 0 2 u 0 0 d 0 
2 2 u u d 0 u 2 0 u 2 2 0 0 u 0 2 u 0 0 0 0 2 u 0 0 u 0 0 0 d 0 
2 2 u u d d 2 2 0 0 u u 0 u u 0 2 u 0 0 0 0 2 0 0 0 2 u 0 0 0 0 
2 2 u u d d u u 0 u 2 2 0 0 u 0 2 u 0 0 0 0 2 u 0 0 2 0 0 0 0 0 
2 2 u u 0 0 2 2 0 u u d 0 0 u 0 2 0 0 0 0 2 2 0 0 0 2 u 0 0 u 0 
2 2 u u 0 0 u d 0 0 2 2 0 u u 0 2 0 0 0 0 2 2 u 0 0 2 0 0 0 u 0 
2 2 u u 0 0 2 2 0 0 2 2 0 2 0 0 2 0 0 0 u 0 u u 0 0 2 0 0 0 u 0 
2 2 u u 0 0 2 2 0 2 2 2 0 0 0 0 2 0 0 0 u 0 2 0 0 0 u u 0 0 u 0 
2 2 u u 0 0 u 2 0 0 2 2 0 u u u 2 u 0 0 0 0 d 0 0 0 2 u 0 0 d 0 
2 2 u u 0 0 2 2 0 u u 2 0 0 u u 2 u 0 0 0 0 2 u 0 0 d 0 0 0 d 0 
2 2 u 0 0 0 2 2 0 u u 2 0 u 2 0 2 u 0 0 0 0 2 0 0 0 2 u 0 0 0 0 
2 2 u 0 0 0 u 2 0 u 2 2 0 u 2 0 2 u 0 0 0 0 2 u 0 0 2 0 0 0 0 0 
2 2 u u 0 0 2 2 0 0 2 2 d u 0 0 2 u 0 0 0 0 2 0 0 0 u u 0 0 u 0 
2 2 u u 0 0 2 2 d u 2 2 0 0 0 0 2 u 0 0 0 0 u u 0 0 2 0 0 0 u 0 
2 2 u u 0 0 d 2 0 0 2 2 0 u u u 2 u 0 d 0 0 2 0 0 0 u u 0 0 0 0 
2 2 u u 0 0 2 2 0 u d 2 0 0 u u 2 u 0 d 0 0 u u 0 0 2 0 0 0 0 0 
d 2 u u 0 0 2 2 0 0 2 u 0 u u 0 2 u 0 0 u 0 2 0 0 0 2 u d 0 0 0 
d 2 u u 0 0 2 u 0 u 2 2 0 0 u 0 2 u 0 0 u 0 2 u d 0 2 0 0 0 0 0 
2 2 u u u 0 u 2 0 0 d 2 0 u u d 2 u 0 0 0 0 2 0 0 0 2 u 0 0 0 0 
2 2 u u u 0 d 2 0 u u 2 0 0 u d 2 u 0 0 0 0 2 u 0 0 2 0 0 0 0 0 
2 2 u u 0 0 2 u 0 u 2 2 0 u u 0 2 0 0 0 0 0 d u d 0 2 0 0 0 u 0 
2 2 u u 0 0 2 2 0 u 2 u 0 u u 0 2 0 0 0 0 0 2 0 0 0 d u d 0 u 0 
2 2 u u 0 0 2 d 0 0 2 2 0 u u u 2 u 0 0 0 0 u 0 0 0 2 u 0 0 d 0 
2 2 u u 0 0 2 2 0 u 2 d 0 0 u u 2 u 0 0 0 0 2 u 0 0 u 0 0 0 d 0 
2 d u u 0 0 2 u 0 0 2 2 0 u u 0 2 0 0 0 0 0 2 u 0 0 2 0 0 u u d 
2 d u u 0 0 2 2 0 u 2 u 0 0 u 0 2 0 0 0 0 0 2 0 0 u 2 u 0 0 u d 
2 2 u u 0 0 2 2 0 0 u d 0 u u 0 2 0 0 0 0 2 2 u 0 0 2 0 0 0 u 0 
2 2 u u 0 0 u d 0 u 2 2 0 0 u 0 2 0 0 0 0 2 2 0 0 0 2 u 0 0 u 0 
d 2 u u 0 0 2 2 0 u 2 u 0 0 u 0 2 u 0 0 u 0 2 u 0 0 2 0 d 0 0 0 
d 2 u u 0 0 2 u 0 0 2 2 0 u u 0 2 u 0 0 u 0 2 0 d 0 2 u 0 0 0 0 
2 2 u u u 0 d 2 0 0 2 2 0 u u 0 2 u 0 0 0 0 2 0 0 0 d u 0 0 u 0 
2 2 u u u 0 2 2 0 u d 2 0 0 u 0 2 u 0 0 0 0 d u 0 0 2 0 0 0 u 0 
2 2 0 0 0 0 2 2 0 u 2 u 0 0 u u 2 u u 0 0 0 2 0 0 0 2 u 0 d 0 0 
2 2 0 0 0 0 2 u 0 0 2 2 0 u u u 2 u u 0 0 0 2 u 0 d 2 0 0 0 0 0 
2 2 u u 0 0 2 2 0 u 2 d u 0 u 0 2 u 0 0 0 0 d u u 0 2 0 0 0 0 0 
2 2 u u 0 0 2 d u 0 2 2 0 u u 0 2 u 0 0 0 0 2 0 0 0 d u u 0 0 0 
2 2 u u u 0 2 2 0 0 d 2 0 u u 0 2 u 0 0 0 0 d 0 0 0 2 u 0 0 u 0 
2 2 u u u 0 d 2 0 u 2 2 0 0 u 0 2 u 0 0 0 0 2 u 0 0 d 0 0 0 u 0 
2 2 u u 0 0 u d 2 0 2 2 0 u u 0 2 u 0 0 0 0 2 0 0 0 2 u 0 0 0 0 
2 2 u u 0 0 2 2 0 u u d 2 0 u 0 2 u 0 0 0 0 2 u 0 0 2 0 0 0 0 0 
2 2 u u 0 0 u d 2 u 2 2 0 0 u 0 2 u 0 0 0 0 2 u 0 0 2 0 0 0 0 0 
2 2 u u 0 0 2 2 0 0 u d 2 u u 0 2 u 0 0 0 0 2 0 0 0 2 u 0 0 0 0 
2 2 u u 0 0 2 d 0 u u 2 0 0 u 0 2 u 0 0 0 0 2 0 0 0 2 u 0 0 u d 
2 2 u u 0 0 u 2 0 0 2 d 0 u u 0 2 u 0 0 0 0 2 u 0 0 2 0 0 0 u d 
2 2 u u 0 0 2 2 0 u d u 0 0 u 0 2 u 0 0 0 0 2 u 0 0 2 0 0 0 u d 
2 2 u u 0 0 d u 0 0 2 2 0 u u 0 2 u 0 0 0 0 2 0 0 0 2 u 0 0 u d 
2 2 u 0 0 0 2 2 0 0 u 2 0 u u 0 2 0 0 0 0 0 2 u u 0 2 0 0 0 u d 
2 2 u 0 0 0 u 2 0 u 2 2 0 0 u 0 2 0 0 0 0 0 2 0 0 0 2 u u 0 u d 
2 2 u 0 0 u 2 0 0 0 2 2 0 u u 0 d u 0 0 0 0 2 u 2 0 2 0 0 0 u 0 
2 2 u 0 0 u 2 2 0 u 2 0 0 0 u 0 d u 0 0 0 0 2 0 0 0 2 u 2 0 u 0 
2 2 u 0 0 u 2 0 0 u 2 2 0 0 u 0 d u 0 0 0 0 2 0 2 0 2 u 0 0 u 0 
2 2 u 0 0 u 2 2 0 0 2 0 0 u u 0 d u 0 0 0 0 2 u 0 0 2 0 2 0 u 0 
2 2 u u u 0 2 2 0 0 d 2 0 u u 0 2 u 0 0 0 0 u 0 0 0 2 u 0 0 0 d 
2 2 u u u 0 d 2 0 u 2 2 0 0 u 0 2 u 0 0 0 0 2 u 0 0 u 0 0 0 0 d 
2 d 0 u 0 0 2 d 0 0 2 2 0 u 0 0 2 u u 0 u 0 2 0 u 0 2 u 0 0 u 0 
2 d 0 u 0 0 2 2 0 u 2 d 0 0 0 0 2 u u 0 u 0 2 u 0 0 2 0 u 0 u 0 
2 2 u u u 0 2 2 0 0 2 2 0 0 u 0 2 0 0 0 0 u 2 u 0 0 d 0 0 0 u 0 
2 2 u u u 0 2 2 0 0 2 2 0 0 u 0 2 0 0 0 0 u d 0 0 0 2 u 0 0 u 0 
2 d 0 u 0 0 2 d 0 u 2 2 0 0 0 0 2 u u 0 u 0 2 u u 0 2 0 0 0 u 0 
2 d 0 u 0 0 2 2 0 0 2 d 0 u 0 0 2 u u 0 u 0 2 0 0 0 2 u u 0 u 0 
2 2 u 0 0 0 2 2 0 u 2 2 0 u u 0 d 0 0 0 0 0 2 0 0 0 2 u u 0 u 0 
2 2 u 0 0 0 2 2 0 u 2 2 0 u u 0 d 0 0 0 0 0 2 u u 0 2 0 0 0 u 0 
2 0 u u 0 0 2 2 0 0 2 2 0 u u 0 2 u u 0 0 d 2 0 0 0 2 u 0 0 0 0 
2 0 u u 0 0 2 2 0 u 2 2 0 0 u 0 2 u u 0 0 d 2 u 0 0 2 0 0 0 0 0 
2 u u u 0 0 2 2 0 u 2 2 d u 0 0 2 0 0 0 0 0 2 u 0 0 2 0 0 0 u 0 
2 u u u 0 0 2 2 d u 2 2 0 u 0 0 2 0 0 0 0 0 2 0 0 0 2 u 0 0 u 0 
2 2 u u 0 0 2 2 0 0 2 2 0 u u 0 2 0 0 0 0 u u u 0 0 d 0 0 0 2 0 
2 2 u u 0 0 2 2 0 u 2 2 0 0 u 0 2 0 0 0 0 u d 0 0 0 u u 0 0 2 0 
2 2 u u u 0 2 2 0 0 2 d 0 u u 0 2 2 0 0 0 0 2 0 0 0 u u 0 0 0 0 
2 2 u u u 0 2 d 0 u 2 2 0 0 u 0 2 2 0 0 0 0 u u 0 0 2 0 0 0 0 0 
2 2 0 u 0 0 2 2 u 0 2 2 0 u u 0 2 u u 0 0 0 d 0 0 0 2 u 0 0 0 0 
2 2 0 u 0 0 2 2 0 u 2 2 u 0 u 0 2 u u 0 0 0 2 u 0 0 d 0 0 0 0 0 
2 2 u u 0 0 2 2 0 0 2 u 0 u u d 2 2 0 0 0 0 u 0 0 0 2 u 0 0 0 0 
2 2 u u 0 0 2 u 0 u 2 2 0 0 u d 2 2 0 0 0 0 2 u 0 0 u 0 0 0 0 0 
2 2 u 0 0 0 2 0 0 u 2 2 0 0 u u 2 0 0 u 0 0 2 0 2 0 2 u 0 0 0 0 
2 2 u 0 0 0 2 2 0 0 2 0 0 u u u 2 0 0 u 0 0 2 u 0 0 2 0 2 0 0 0 
2 2 u u 0 0 2 2 0 0 2 2 0 u u 0 u 0 0 0 0 d u u d 0 2 0 0 0 u 0 
2 2 u u 0 0 2 2 0 u 2 2 0 0 u 0 u 0 0 0 0 d 2 0 0 0 u u d 0 u 0 
2 2 u u 0 0 2 2 0 0 2 2 0 u u 0 u 0 0 0 d 0 2 u 0 0 u 0 0 d u 0 
2 2 u u 0 0 2 2 0 u 2 2 0 0 u 0 u 0 0 0 d 0 u 0 0 d 2 u 0 0 u 0 
2 2 u u 0 0 2 2 0 0 2 u d u u 0 d 0 0 0 0 u 2 u 0 0 2 0 0 0 u 0 
2 2 u u 0 0 2 u d u 2 2 0 0 u 0 d 0 0 0 0 u 2 0 0 0 2 u 0 0 u 0 
2 2 u u 0 0 2 2 0 u 2 u d 0 u 0 d 0 0 0 0 u 2 0 0 0 2 u 0 0 u 0 
2 2 u u 0 0 2 u d 0 2 2 0 u u 0 d 0 0 0 0 u 2 u 0 0 2 0 0 0 u 0 
2 2 u u u 0 u 2 0 0 2 2 0 u u 0 2 2 0 0 0 0 d 0 0 0 2 u 0 0 0 0 
2 2 u u u 0 2 2 0 u u 2 0 0 u 0 2 2 0 0 0 0 2 u 0 0 d 0 0 0 0 0 
2 2 0 u 0 0 2 2 0 0 2 2 u u u 0 2 u u 0 0 0 2 0 0 0 d u 0 0 0 0 
2 2 0 u 0 0 2 2 u u 2 2 0 0 u 0 2 u u 0 0 0 d u 0 0 2 0 0 0 0 0 
2 2 u u 0 0 2 2 0 u 2 2 0 0 u 0 u 0 0 0 0 d u 0 d 0 2 u 0 0 u 0 
2 2 u u 0 0 2 2 0 0 2 2 0 u u 0 u 0 0 0 0 d 2 u 0 0 u 0 d 0 u 0 
2 2 u u u 0 2 2 0 0 d 2 0 u u 0 2 2 0 0 0 0 2 0 0 0 u u 0 0 0 0 
2 2 u u u 0 d 2 0 u 2 2 0 0 u 0 2 2 0 0 0 0 u u 0 0 2 0 0 0 0 0 
2 2 u u 0 0 2 2 0 0 2 2 0 u u 0 2 0 0 0 0 u d u 0 0 u 0 0 0 2 0 
2 2 u u 0 0 2 2 0 u 2 2 0 0 u 0 2 0 0 0 0 u u 0 0 0 d u 0 0 2 0 
2 2 u u 0 0 2 2 0 u u d 0 0 u 0 2 0 0 0 0 0 2 0 0 0 2 u 2 0 u 0 
2 2 u u 0 0 u d 0 0 2 2 0 u u 0 2 0 0 0 0 0 2 u 2 0 2 0 0 0 u 0 
2 2 u u 0 0 d 2 u u 2 2 0 0 u 0 d 0 u 0 0 0 2 0 0 0 2 u 0 0 u 0 
2 2 u u 0 0 2 2 0 0 d 2 u u u 0 d 0 u 0 0 0 2 u 0 0 2 0 0 0 u 0 
2 d u u 0 0 u 2 0 0 2 2 0 2 u u 2 0 0 0 0 0 2 u 0 0 2 0 0 0 u 0 
2 d u u 0 0 2 2 0 2 u 2 0 0 u u 2 0 0 0 0 0 2 0 0 0 2 u 0 0 u 0 
2 2 u u 0 0 2 2 0 0 u d 0 u u 0 2 0 0 0 0 0 2 u 0 0 2 0 2 0 u 0 
2 2 u u 0 0 u d 0 u 2 2 0 0 u 0 2 0 0 0 0 0 2 0 2 0 2 u 0 0 u 0 
2 2 u u 0 0 2 2 0 u 2 2 0 0 u 0 u 0 0 0 d 0 2 0 0 0 u u 0 d u 0 
2 2 u u 0 0 2 2 0 0 2 2 0 u u 0 u 0 0 0 d 0 u u 0 d 2 0 0 0 u 0 
u 2 0 u 0 0 2 2 2 0 2 2 0 u u 0 2 0 0 0 0 0 2 u 0 0 2 0 0 0 u 0 
u 2 0 u 0 0 2 2 0 u 2 2 2 0 u 0 2 0 0 0 0 0 2 0 0 0 2 u 0 0 u 0 
2 2 u 0 0 0 2 0 0 0 2 2 0 u u u 2 0 0 u 0 0 2 u 2 0 2 0 0 0 0 0 
2 2 u 0 0 0 2 2 0 u 2 0 0 0 u u 2 0 0 u 0 0 2 0 0 0 2 u 2 0 0 0 
2 2 u u 0 0 2 2 0 d 2 2 0 0 u 0 2 u 0 0 0 0 u u 0 u 2 0 0 0 0 0 
2 2 u u 0 0 2 2 0 0 2 2 0 d u 0 2 u 0 0 0 0 2 0 0 0 u u 0 u 0 0 
2 2 u u d 0 2 2 0 0 2 u 0 u u 0 2 u 0 0 0 0 u 0 0 0 2 u 0 0 d 0 
2 2 u u d 0 2 u 0 u 2 2 0 0 u 0 2 u 0 0 0 0 2 u 0 0 u 0 0 0 d 0 
2 d 0 u 0 0 2 d 0 u 2 2 0 0 u u 2 0 u 0 u 0 2 0 u 0 2 u 0 0 0 0 
2 d 0 u 0 0 2 2 0 0 2 d 0 u u u 2 0 u 0 u 0 2 u 0 0 2 0 u 0 0 0 
d 2 u u 0 u 2 2 0 0 2 2 0 u u 0 2 0 0 0 0 0 2 u 0 0 d 0 0 u u 0 
d 2 u u 0 u 2 2 0 u 2 2 0 0 u 0 2 0 0 0 0 0 d 0 0 u 2 u 0 0 u 0 
2 2 u u 0 0 2 d 0 0 u 2 0 u u 0 2 u 0 0 0 0 2 u 0 0 2 0 0 0 u d 
2 2 u u 0 0 u 2 0 u 2 d 0 0 u 0 2 u 0 0 0 0 2 0 0 0 2 u 0 0 u d 
2 d 0 u 0 0 2 d 0 0 2 2 0 u u u 2 0 u 0 u 0 2 u u 0 2 0 0 0 0 0 
2 d 0 u 0 0 2 2 0 u 2 d 0 0 u u 2 0 u 0 u 0 2 0 0 0 2 u u 0 0 0 
2 2 u u 0 0 d 2 u 0 2 2 0 u u 0 d 0 u 0 0 0 2 u 0 0 2 0 0 0 u 0 
2 2 u u 0 0 2 2 0 u d 2 u 0 u 0 d 0 u 0 0 0 2 0 0 0 2 u 0 0 u 0 
2 2 u u 0 0 0 2 0 u 2 2 0 0 u 0 2 u 0 0 0 d 2 0 0 0 2 u 0 0 u 0 
2 2 u u 0 0 2 2 0 0 0 2 0 u u 0 2 u 0 0 0 d 2 u 0 0 2 0 0 0 u 0 
d 2 u u 0 u 2 2 0 u 2 2 0 0 u 0 2 0 0 0 0 0 2 0 0 0 d u 0 u u 0 
d 2 u u 0 u 2 2 0 0 2 2 0 u u 0 2 0 0 0 0 0 d u 0 u 2 0 0 0 u 0 
d 2 u u 0 0 2 2 0 u 2 2 u 0 u 0 u u 0 0 0 0 2 u 0 0 2 0 d 0 0 0 
d 2 u u 0 0 2 2 u 0 2 2 0 u u 0 u u 0 0 0 0 2 0 d 0 2 u 0 0 0 0 
2 2 u u 0 0 2 2 0 u 2 u u 0 u 0 d 0 d 0 0 0 2 0 0 0 2 u 0 0 u 0 
2 2 u u 0 0 2 u u 0 2 2 0 u u 0 d 0 d 0 0 0 2 u 0 0 2 0 0 0 u 0 
2 2 u u 0 0 0 2 0 0 2 2 0 u u 0 2 u 0 0 0 d 2 u 0 0 2 0 0 0 u 0 
2 2 u u 0 0 2 2 0 u 0 2 0 0 u 0 2 u 0 0 0 d 2 0 0 0 2 u 0 0 u 0 
2 2 u u 0 0 u 2 0 0 u 2 0 u u 0 2 2 0 0 0 0 2 0 0 0 2 u 0 0 d 0 
2 2 u u 0 0 u 2 0 u u 2 0 0 u 0 2 2 0 0 0 0 2 u 0 0 2 0 0 0 d 0 
2 u u u 0 0 2 0 2 0 2 2 0 u u u 2 0 0 0 d 0 2 u 0 0 2 0 0 0 0 0 
2 u u u 0 0 2 2 0 u 2 0 2 0 u u 2 0 0 0 d 0 2 0 0 0 2 u 0 0 0 0 
2 u u u 0 0 2 0 2 u 2 2 0 0 u u 2 0 0 0 d 0 2 0 0 0 2 u 0 0 0 0 
2 u u u 0 0 2 2 0 0 2 0 2 u u u 2 0 0 0 d 0 2 u 0 0 2 0 0 0 0 0 
2 2 u u 0 0 2 2 0 0 2 u u u u 0 d 0 d 0 0 0 2 u 0 0 2 0 0 0 u 0 
2 2 u u 0 0 2 u u u 2 2 0 0 u 0 d 0 d 0 0 0 2 0 0 0 2 u 0 0 u 0 
d 2 u u 0 0 2 2 0 0 2 2 u u u 0 u u 0 0 0 0 2 0 0 0 2 u d 0 0 0 
d 2 u u 0 0 2 2 u u 2 2 0 0 u 0 u u 0 0 0 0 2 u d 0 2 0 0 0 0 0 
2 u u u 0 0 u 2 0 0 2 2 0 u u 0 2 0 0 0 d 0 2 u d 0 2 0 0 0 u 0 
2 u u u 0 0 2 2 0 u u 2 0 0 u 0 2 0 0 0 d 0 2 0 0 0 2 u d 0 u 0 
2 u u u 0 0 u 2 0 u 2 2 0 0 u 0 2 0 0 0 d 0 2 0 d 0 2 u 0 0 u 0 
2 u u u 0 0 2 2 0 0 u 2 0 u u 0 2 0 0 0 d 0 2 u 0 0 2 0 d 0 u 0 
d 2 u u 0 0 2 u 0 u 2 2 0 0 u 0 2 u 0 0 0 0 2 0 d 0 2 u 0 0 u 0 
d 2 u u 0 0 2 2 0 0 2 u 0 u u 0 2 u 0 0 0 0 2 u 0 0 2 0 d 0 u 0 
u 2 0 u 0 0 2 2 2 u 2 2 0 0 u 0 2 0 0 0 0 0 2 0 0 0 2 u 0 0 u 0 
u 2 0 u 0 0 2 2 0 0 2 2 2 u u 0 2 0 0 0 0 0 2 u 0 0 2 0 0 0 u 0 
d 2 u u 0 0 2 u 0 0 2 2 0 u u 0 2 u 0 0 0 0 2 u d 0 2 0 0 0 u 0 
d 2 u u 0 0 2 2 0 u 2 u 0 0 u 0 2 u 0 0 0 0 2 0 0 0 2 u d 0 u 0 
2 d u u 0 0 2 2 0 d u 2 0 u u u 2 0 0 0 0 0 2 u 0 0 2 0 0 0 u 0 
2 d u u 0 0 u 2 0 u 2 2 0 d u u 2 0 0 0 0 0 2 0 0 0 2 u 0 0 u 0 
2 2 u u 0 0 2 2 0 u 2 2 0 0 u 0 u u 0 0 0 0 2 u d 0 u 0 0 0 0 d 
2 2 u u 0 0 2 2 0 0 2 2 0 u u 0 u u 0 0 0 0 u 0 0 0 2 u d 0 0 d 
2 2 u u 0 0 2 2 0 0 2 2 0 u u 0 u u 0 0 0 0 2 0 d 0 u u 0 0 0 d 
2 2 u u 0 0 2 2 0 u 2 2 0 0 u 0 u u 0 0 0 0 u u 0 0 2 0 d 0 0 d 
2 2 u u 0 0 2 d 0 0 2 0 u u u 0 2 0 0 0 0 0 2 u u 0 2 0 d 0 u 0 
2 2 u u 0 0 2 0 u u 2 d 0 0 u 0 2 0 0 0 0 0 2 0 d 0 2 u u 0 u 0 
2 2 u u 0 0 d 2 0 u 2 u 0 0 u 0 2 0 0 0 0 0 2 0 u 0 2 u 0 d u 0 
2 2 u u 0 0 2 u 0 0 d 2 0 u u 0 2 0 0 0 0 0 2 u 0 d 2 0 u 0 u 0 
2 2 u u 0 0 d 2 0 0 2 u 0 u u 0 2 0 0 0 0 0 2 u u 0 2 0 0 d u 0 
2 2 u u 0 0 2 u 0 u d 2 0 0 u 0 2 0 0 0 0 0 2 0 0 d 2 u u 0 u 0 
2 2 u u 0 0 2 d 0 u 2 0 u 0 u 0 2 0 0 0 0 0 2 0 u 0 2 u d 0 u 0 
2 2 u u 0 0 2 0 u 0 2 d 0 u u 0 2 0 0 0 0 0 2 u d 0 2 0 u 0 u 0 
2 2 u u 0 0 2 2 0 0 2 u 0 u u d 2 0 0 0 0 0 2 u 0 0 2 u 0 0 0 0 
2 2 u u 0 0 2 u 0 u 2 2 0 0 u d 2 0 0 0 0 0 2 u 0 0 2 u 0 0 0 0 
2 u 0 0 u 0 2 2 0 u 2 2 0 0 u 0 2 0 u 0 d 0 2 0 0 0 2 u 0 0 u 0 
2 u 0 0 u 0 2 2 0 0 2 2 0 u u 0 2 0 u 0 d 0 2 u 0 0 2 0 0 0 u 0 
2 2 u u 0 0 2 2 0 u 2 2 0 0 u 0 u u 0 0 0 d 2 u 0 0 u 0 0 d 0 0 
2 2 u u 0 0 2 2 0 0 2 2 0 u u 0 u u 0 0 0 d u 0 0 d 2 u 0 0 0 0 
2 2 u u 0 0 2 2 0 0 d u 0 u u 0 2 u 0 0 0 0 2 0 0 0 2 u 0 0 u d 
2 2 u u 0 0 d u 0 u 2 2 0 0 u 0 2 u 0 0 0 0 2 u 0 0 2 0 0 0 u d 
2 2 u u 0 0 u 2 0 0 u 2 0 u u 0 2 u 0 0 0 0 2 d 0 0 2 2 0 0 0 0 
2 2 u u 0 0 u 2 0 u u 2 0 0 u 0 2 u 0 0 0 0 2 2 0 0 2 d 0 0 0 0 
2 2 u u 0 0 2 2 0 0 d 2 0 u u d 2 u 0 0 0 0 2 0 0 0 u u 0 0 u 0 
2 2 u u 0 0 d 2 0 u 2 2 0 0 u d 2 u 0 0 0 0 u u 0 0 2 0 0 0 u 0 
2 2 u u 0 0 2 0 0 u 2 u 0 0 u u 2 0 0 0 0 0 2 0 2 0 2 u d 0 0 0 
2 2 u u 0 0 2 u 0 0 2 0 0 u u u 2 0 0 0 0 0 2 u d 0 2 0 2 0 0 0 
2 2 u u 0 0 2 0 0 0 2 u 0 u u u 2 0 0 0 0 0 2 u 2 0 2 0 d 0 0 0 
2 2 u u 0 0 2 u 0 u 2 0 0 0 u u 2 0 0 0 0 0 2 0 d 0 2 u 2 0 0 0 
2 2 u u 0 0 2 2 0 0 2 2 0 u u 0 2 0 0 u 0 0 2 u u 0 d 0 0 0 0 0 
2 2 u u 0 0 2 2 0 u 2 2 0 0 u 0 2 0 0 u 0 0 d 0 0 0 2 u u 0 0 0 
2 2 u u 0 0 d 2 0 0 2 2 0 u 0 0 2 u 0 0 0 0 2 0 0 u 2 u 0 0 u 0 
2 2 u u 0 0 2 2 0 u d 2 0 0 0 0 2 u 0 0 0 0 2 u 0 0 2 0 0 u u 0 
2 2 u u 0 0 u 2 0 u 2 d 0 0 u 0 2 0 0 0 0 0 2 0 u 0 2 2 0 0 u 0 
2 2 u u 0 0 2 d 0 0 u 2 0 u u 0 2 0 0 0 0 0 2 2 0 0 2 0 u 0 u 0 
2 2 u u 0 0 2 2 u u 2 2 0 0 0 0 2 u 0 0 0 0 2 0 0 0 2 0 0 0 u 0 
2 2 u u 0 0 2 2 0 0 2 2 u u 0 0 2 u 0 0 0 0 2 0 0 0 2 0 0 0 u 0 
2 2 u 0 0 0 2 2 0 u 2 2 0 u u 0 2 0 d 0 0 0 u u 0 0 2 0 0 0 u 0 
2 2 u 0 0 0 2 2 0 u 2 2 0 u u 0 2 0 d 0 0 0 2 0 0 0 u u 0 0 u 0 
u 2 u u 0 0 2 2 0 u 2 d 0 0 u 0 2 0 0 0 0 0 2 0 u 0 2 u 0 0 2 0 
u 2 u u 0 0 2 d 0 0 2 2 0 u u 0 2 0 0 0 0 0 2 u 0 0 2 0 u 0 2 0 
u 2 u u 0 0 2 2 0 0 2 d 0 u u 0 2 0 0 0 0 0 2 u u 0 2 0 0 0 2 0 
u 2 u u 0 0 2 d 0 u 2 2 0 0 u 0 2 0 0 0 0 0 2 0 0 0 2 u u 0 2 0 
2 2 u u 0 0 2 2 0 0 2 2 0 u u 0 d u 0 0 0 u 2 0 0 0 2 u 0 0 0 0 
2 2 u u 0 0 2 2 0 u 2 2 0 0 u 0 d u 0 0 0 u 2 u 0 0 2 0 0 0 0 0 
u 2 u u 0 d 2 2 0 0 2 2 0 u u 0 u 0 0 0 d 0 2 u 0 0 2 0 0 0 u 0 
u 2 u u 0 d 2 2 0 u 2 2 0 0 u 0 u 0 0 0 d 0 2 0 0 0 2 u 0 0 u 0 
2 2 u u 0 0 2 0 0 0 2 2 0 u 0 u 2 0 0 0 0 0 2 u 2 0 2 0 0 0 0 u 
2 2 u u 0 0 2 2 0 u 2 0 0 0 0 u 2 0 0 0 0 0 2 0 0 0 2 u 2 0 0 u 
2 2 u u 0 0 2 u 0 u u 2 0 0 u 0 2 0 0 0 0 0 2 0 0 d 2 u 0 d u 0 
2 2 u u 0 0 u 2 0 0 2 u 0 u u 0 2 0 0 0 0 0 2 u 0 d 2 0 0 d u 0 
2 2 u u 0 0 2 u 0 0 2 2 0 u u d 2 2 0 0 0 0 2 0 0 0 u u 0 0 0 0 
2 2 u u 0 0 2 2 0 u 2 u 0 0 u d 2 2 0 0 0 0 u u 0 0 2 0 0 0 0 0 
2 2 u 0 0 0 2 2 0 u u 2 0 0 u 0 2 u 0 u 0 0 2 u 0 0 2 0 0 d 0 0 
2 2 u 0 0 0 u 2 0 0 2 2 0 u u 0 2 u 0 u 0 0 2 0 0 d 2 u 0 0 0 0 
2 2 u u 0 0 2 u 0 0 u 2 0 u u 0 2 0 0 0 0 0 2 u 0 d 2 0 0 d u 0 
2 2 u u 0 0 u 2 0 u 2 u 0 0 u 0 2 0 0 0 0 0 2 0 0 d 2 u 0 d u 0 
2 2 u u 0 0 2 d 0 u u 2 0 0 u 0 2 0 0 0 0 0 2 0 u 0 2 2 0 0 u 0 
2 2 u u 0 0 u 2 0 0 2 d 0 u u 0 2 0 0 0 0 0 2 2 0 0 2 0 u 0 u 0 
2 2 u u 0 0 2 u 0 0 u 2 0 u u 0 2 d 0 0 0 0 2 u 0 0 2 0 0 0 2 0 
2 2 u u 0 0 u 2 0 u 2 u 0 0 u 0 2 d 0 0 0 0 2 0 0 0 2 u 0 0 2 0 
2 2 u u 0 0 2 2 0 0 2 2 0 u u 0 u u 0 0 0 d 2 0 0 0 u u 0 d 0 0 
2 2 u u 0 0 2 2 0 u 2 2 0 0 u 0 u u 0 0 0 d u u 0 d 2 0 0 0 0 0 
2 2 u u 0 0 2 2 0 0 u d 0 u u 0 2 0 0 0 0 0 2 2 u 0 2 0 0 0 u 0 
2 2 u u 0 0 u d 0 u 2 2 0 0 u 0 2 0 0 0 0 0 2 0 0 0 2 2 u 0 u 0 
2 2 0 0 0 0 2 d 0 u 2 u 0 0 u 0 2 u u 0 0 0 2 0 u 0 2 u 0 d u 0 
2 2 0 0 0 0 2 u 0 0 2 d 0 u u 0 2 u u 0 0 0 2 u 0 d 2 0 u 0 u 0 
2 2 u u 0 0 u 2 0 0 2 u 0 u u 0 2 d 0 0 0 0 2 u 0 0 2 0 0 0 2 0 
2 2 u u 0 0 2 u 0 u u 2 0 0 u 0 2 d 0 0 0 0 2 0 0 0 2 u 0 0 2 0 
d 2 u u 0 0 2 u 0 u 2 2 0 0 u 0 2 0 0 0 u 0 2 0 0 d 2 u 0 0 u 0 
d 2 u u 0 0 2 2 0 0 2 u 0 u u 0 2 0 0 0 u 0 2 u 0 0 2 0 0 d u 0 
2 2 0 0 0 0 2 d 0 0 2 u 0 u u 0 2 u u 0 0 0 2 u u 0 2 0 0 d u 0 
2 2 0 0 0 0 2 u 0 u 2 d 0 0 u 0 2 u u 0 0 0 2 0 0 d 2 u u 0 u 0 
2 2 u d 0 0 2 2 0 0 2 2 0 u u 0 u 0 0 0 0 u 2 u 0 0 2 0 0 0 u 0 
2 2 u d 0 0 2 2 0 u 2 2 0 0 u 0 u 0 0 0 0 u 2 0 0 0 2 u 0 0 u 0 
d 2 u u 0 0 2 u 0 0 2 2 0 u u 0 2 0 0 0 u 0 2 u 0 d 2 0 0 0 u 0 
d 2 u u 0 0 2 2 0 u 2 u 0 0 u 0 2 0 0 0 u 0 2 0 0 0 2 u 0 d u 0 
2 2 u 0 0 0 2 u 0 u 2 2 0 0 u 0 2 0 0 0 0 u 2 0 d 0 2 u 0 0 u 0 
2 2 u 0 0 0 2 2 0 0 2 u 0 u u 0 2 0 0 0 0 u 2 u 0 0 2 0 d 0 u 0 
2 2 u 2 u 0 2 0 0 0 2 2 0 u u 0 2 u 0 0 0 0 2 0 0 0 2 u 0 0 0 0 
2 2 u 2 u 0 2 2 0 u 2 0 0 0 u 0 2 u 0 0 0 0 2 u 0 0 2 0 0 0 0 0 
2 2 u 0 0 0 2 u 0 0 2 2 0 u u 0 2 0 0 0 0 u 2 u d 0 2 0 0 0 u 0 
2 2 u 0 0 0 2 2 0 u 2 u 0 0 u 0 2 0 0 0 0 u 2 0 0 0 2 u d 0 u 0 
2 0 u u u 0 2 2 0 0 2 2 0 u 0 0 2 0 0 0 d u 2 0 0 0 2 u 0 0 u 0 
2 0 u u u 0 2 2 0 u 2 2 0 0 0 0 2 0 0 0 d u 2 u 0 0 2 0 0 0 u 0 
2 2 u u 0 0 u 2 0 0 2 d 0 u u 0 2 0 0 0 0 0 2 u u 0 2 d 0 0 u 0 
2 2 u u 0 0 2 d 0 u u 2 0 0 u 0 2 0 0 0 0 0 2 d 0 0 2 u u 0 u 0 
2 d u u u 0 2 2 0 0 u 2 0 2 u 0 2 0 0 0 0 0 2 u 0 0 2 0 0 0 u 0 
2 d u u u 0 u 2 0 2 2 2 0 0 u 0 2 0 0 0 0 0 2 0 0 0 2 u 0 0 u 0 
u 2 d u 0 u 2 2 0 0 2 2 0 u u 0 2 u 0 0 0 0 2 0 0 0 2 u 0 0 0 0 
u 2 d u 0 u 2 2 0 u 2 2 0 0 u 0 2 u 0 0 0 0 2 u 0 0 2 0 0 0 0 0 
2 2 u u 0 0 2 2 0 0 2 2 u 0 u 0 2 0 0 0 0 0 2 u 0 0 u d 0 0 u 0 
2 2 u u 0 0 2 2 u 0 2 2 0 0 u 0 2 0 0 0 0 0 u d 0 0 2 u 0 0 u 0 
2 2 u u 0 0 2 2 0 u 2 2 0 u 0 0 2 0 d 0 0 0 2 u 0 0 u 0 0 0 u 0 
2 2 u u 0 0 2 2 0 u 2 2 0 u 0 0 2 0 d 0 0 0 u 0 0 0 2 u 0 0 u 0 
2 2 2 u 0 0 2 u 0 u 2 2 0 0 u 0 2 0 0 0 0 u d 0 0 0 2 u 0 0 u 0 
2 2 2 u 0 0 2 2 0 0 2 u 0 u u 0 2 0 0 0 0 u 2 u 0 0 d 0 0 0 u 0 
2 2 u u 0 0 2 0 0 u 2 2 0 0 0 u 2 0 0 0 0 0 2 0 2 0 2 u 0 0 0 u 
2 2 u u 0 0 2 2 0 0 2 0 0 u 0 u 2 0 0 0 0 0 2 u 0 0 2 0 2 0 0 u 
2 2 2 u 0 0 2 u 0 0 2 2 0 u u 0 2 0 0 0 0 u d u 0 0 2 0 0 0 u 0 
2 2 2 u 0 0 2 2 0 u 2 u 0 0 u 0 2 0 0 0 0 u 2 0 0 0 d u 0 0 u 0 
2 u u 0 0 0 2 u 0 0 2 2 0 u u u 2 u 0 0 0 d 2 u d 0 2 0 0 0 0 0 
2 u u 0 0 0 2 2 0 u 2 u 0 0 u u 2 u 0 0 0 d 2 0 0 0 2 u d 0 0 0 
2 2 u u 0 0 2 2 0 0 2 2 0 u u 0 u u d 0 0 0 d 0 u 0 2 u 0 0 0 0 
2 2 u u 0 0 2 2 0 u 2 2 0 0 u 0 u u d 0 0 0 2 u 0 0 d 0 u 0 0 0 
2 2 u u u 0 2 d 0 u 2 2 0 0 0 u 2 0 0 0 0 0 2 u u 0 2 0 0 0 0 0 
2 2 u u u 0 2 2 0 0 2 d 0 u 0 u 2 0 0 0 0 0 2 0 0 0 2 u u 0 0 0 
2 2 u u 0 0 2 2 0 u 2 2 0 0 u 0 u u d 0 0 0 d u u 0 2 0 0 0 0 0 
2 2 u u 0 0 2 2 0 0 2 2 0 u u 0 u u d 0 0 0 2 0 0 0 d u u 0 0 0 
2 u u 0 0 0 2 u 0 u 2 2 0 0 u u 2 u 0 0 0 d 2 0 d 0 2 u 0 0 0 0 
2 u u 0 0 0 2 2 0 0 2 u 0 u u u 2 u 0 0 0 d 2 u 0 0 2 0 d 0 0 0 
2 d u u 0 0 2 0 0 u 2 2 0 0 u u 2 0 0 0 u 0 2 0 2 0 2 u 0 0 0 0 
2 d u u 0 0 2 2 0 0 2 0 0 u u u 2 0 0 0 u 0 2 u 0 0 2 0 2 0 0 0 
2 2 u u u 0 2 d 0 0 2 2 0 u 0 u 2 0 0 0 0 0 2 0 u 0 2 u 0 0 0 0 
2 2 u u u 0 2 2 0 u 2 d 0 0 0 u 2 0 0 0 0 0 2 u 0 0 2 0 u 0 0 0 
2 d u u 0 0 2 0 0 0 2 2 0 u u u 2 0 0 0 u 0 2 u 2 0 2 0 0 0 0 0 
2 d u u 0 0 2 2 0 u 2 0 0 0 u u 2 0 0 0 u 0 2 0 0 0 2 u 2 0 0 0 
2 2 u u d 0 2 2 0 u 2 u 0 0 u 0 2 0 0 0 0 0 2 u 0 0 2 u 0 0 0 0 
2 2 u u d 0 2 u 0 0 2 2 0 u u 0 2 0 0 0 0 0 2 u 0 0 2 u 0 0 0 0 
2 2 u u 0 0 2 u 0 0 2 d 0 u u 0 2 0 0 0 0 d 2 u 0 0 2 0 0 0 u u 
2 2 u u 0 0 2 d 0 u 2 u 0 0 u 0 2 0 0 0 0 d 2 0 0 0 2 u 0 0 u u 
2 2 u u 0 0 2 d 0 0 u 2 0 u u 0 2 0 0 0 0 0 2 u u 0 2 d 0 0 u 0 
2 2 u u 0 0 u 2 0 u 2 d 0 0 u 0 2 0 0 0 0 0 2 d 0 0 2 u u 0 u 0 
2 2 u u 0 d 2 u 0 u 2 2 0 0 u 0 2 0 d 0 0 0 u 0 0 0 2 u 0 0 u 0 
2 2 u u 0 d 2 2 0 0 2 u 0 u u 0 2 0 d 0 0 0 2 u 0 0 u 0 0 0 u 0 
2 2 u u 0 0 2 2 0 u u d 0 0 u 0 2 0 0 0 0 0 2 d u 0 2 u 0 0 u 0 
2 2 u u 0 0 u d 0 0 2 2 0 u u 0 2 0 0 0 0 0 2 u 0 0 2 d u 0 u 0 
2 2 0 0 2 0 2 0 0 0 2 2 0 u u 0 2 u u 0 0 0 2 u 0 0 2 0 0 0 u 0 
2 2 0 0 2 0 2 2 0 u 2 0 0 0 u 0 2 u u 0 0 0 2 0 0 0 2 u 0 0 u 0 
2 2 u u 0 0 2 2 0 u 2 2 0 0 u 0 d u 0 u 0 0 d u u 0 2 0 0 0 0 0 
2 2 u u 0 0 2 2 0 0 2 2 0 u u 0 d u 0 u 0 0 2 0 0 0 d u u 0 0 0 
2 2 u u 0 0 2 2 0 u 2 2 0 0 u 0 2 0 0 u 0 0 2 0 u 0 d u 0 0 0 0 
2 2 u u 0 0 2 2 0 0 2 2 0 u u 0 2 0 0 u 0 0 d u 0 0 2 0 u 0 0 0 
2 2 u u 0 d 2 u 0 0 2 2 0 u u 0 2 0 d 0 0 0 u u 0 0 2 0 0 0 u 0 
2 2 u u 0 d 2 2 0 u 2 u 0 0 u 0 2 0 d 0 0 0 2 0 0 0 u u 0 0 u 0 
2 2 u u 0 0 2 2 0 u 2 2 0 0 u 0 u u 0 d 0 0 u u d 0 2 0 0 0 0 0 
2 2 u u 0 0 2 2 0 0 2 2 0 u u 0 u u 0 d 0 0 2 0 0 0 u u d 0 0 0 
2 d u u u 0 u 2 0 d 2 2 0 u u 0 2 0 0 0 0 0 2 u 0 0 2 0 0 0 u 0 
2 d u u u 0 2 2 0 u u 2 0 d u 0 2 0 0 0 0 0 2 0 0 0 2 u 0 0 u 0 
d 2 u u 0 0 2 2 d 0 2 2 0 u u 0 u 0 0 0 0 0 2 u 0 u 2 0 0 0 u 0 
d 2 u u 0 0 2 2 0 u 2 2 d 0 u 0 u 0 0 0 0 0 2 0 0 0 2 u 0 u u 0 
2 2 u u 0 0 2 2 0 0 2 2 0 u u 0 u u 0 d 0 0 u 0 d 0 2 u 0 0 0 0 
2 2 u u 0 0 2 2 0 u 2 2 0 0 u 0 u u 0 d 0 0 2 u 0 0 u 0 d 0 0 0 
2 2 u 0 0 0 2 2 0 0 u 2 0 u u 0 2 u 0 u 0 0 2 0 0 0 2 u 0 d 0 0 
2 2 u 0 0 0 u 2 0 u 2 2 0 0 u 0 2 u 0 u 0 0 2 u 0 d 2 0 0 0 0 0 
2 2 u u 0 d 2 2 0 0 2 u 0 u u 0 2 0 0 0 0 d 2 u 0 0 u 0 0 0 u 0 
2 2 u u 0 d 2 u 0 u 2 2 0 0 u 0 2 0 0 0 0 d u 0 0 0 2 u 0 0 u 0 
2 2 0 0 2 0 2 0 0 u 2 2 0 0 u 0 2 u u 0 0 0 2 0 0 0 2 u 0 0 u 0 
2 2 0 0 2 0 2 2 0 0 2 0 0 u u 0 2 u u 0 0 0 2 u 0 0 2 0 0 0 u 0 
2 0 2 u 0 0 2 2 0 0 2 2 0 u u u 2 0 0 0 u 0 2 u 0 0 2 0 0 0 0 0 
2 0 2 u 0 0 2 2 0 u 2 2 0 0 u u 2 0 0 0 u 0 2 0 0 0 2 u 0 0 0 0 
2 2 u u 0 0 2 u 0 u 2 d 0 0 u 0 2 0 0 0 0 d 2 0 0 0 2 u 0 0 u u 
2 2 u u 0 0 2 d 0 0 2 u 0 u u 0 2 0 0 0 0 d 2 u 0 0 2 0 0 0 u u 
2 2 u 0 0 0 2 u 0 u 2 u 0 0 2 0 2 2 0 0 0 0 2 0 0 0 2 u 0 0 u 0 
2 2 u 0 0 0 2 u 0 0 2 u 0 u 2 0 2 2 0 0 0 0 2 u 0 0 2 0 0 0 u 0 
2 2 u u 0 0 2 2 0 0 2 2 u 0 u 0 2 0 0 0 0 0 2 d 0 0 u u 0 0 u 0 
2 2 u u 0 0 2 2 u 0 2 2 0 0 u 0 2 0 0 0 0 0 u u 0 0 2 d 0 0 u 0 
2 2 0 u 0 0 2 0 0 0 2 d 0 u u 0 2 0 u 0 0 0 2 u 2 0 2 0 u 0 u 0 
2 2 0 u 0 0 2 d 0 u 2 0 0 0 u 0 2 0 u 0 0 0 2 0 u 0 2 u 2 0 u 0 
2 2 0 u 0 0 2 0 0 u 2 d 0 0 u 0 2 0 u 0 0 0 2 0 2 0 2 u u 0 u 0 
2 2 0 u 0 0 2 d 0 0 2 0 0 u u 0 2 0 u 0 0 0 2 u u 0 2 0 2 0 u 0 
2 2 u u 0 0 2 d 0 2 2 2 0 0 u 0 2 0 0 0 0 0 u 0 u 0 2 u 0 0 u 0 
2 2 u u 0 0 2 2 0 0 2 d 0 2 u 0 2 0 0 0 0 0 2 u 0 0 u 0 u 0 u 0 
2 2 u u 0 0 u 2 0 0 2 d 0 u u 0 2 0 0 0 0 0 2 u d 0 2 0 0 u u 0 
2 2 u u 0 0 2 d 0 u u 2 0 0 u 0 2 0 0 0 0 0 2 0 0 u 2 u d 0 u 0 
2 2 u u 0 0 u 2 0 2 2 2 0 0 u 0 2 u 0 0 0 0 2 0 0 u 2 0 0 0 0 0 
2 2 u u 0 0 2 2 0 0 u 2 0 2 u 0 2 u 0 0 0 0 2 0 0 0 2 0 0 u 0 0 
2 2 u u 0 0 2 2 2 0 2 2 0 u u 0 0 u 0 0 0 0 2 0 0 0 2 u 0 0 0 0 
2 2 u u 0 0 2 2 0 u 2 2 2 0 u 0 0 u 0 0 0 0 2 u 0 0 2 0 0 0 0 0 
2 2 u u 0 0 2 d 0 d 2 2 0 u u 0 2 0 0 0 0 0 u u u 0 2 0 0 0 u 0 
2 2 u u 0 0 2 2 0 u 2 d 0 d u 0 2 0 0 0 0 0 2 0 0 0 u u u 0 u 0 
2 2 u u d 0 u 2 0 0 d 2 0 u u u 2 u 0 0 0 0 2 0 0 0 2 u 0 0 0 0 
2 2 u u d 0 d 2 0 u u 2 0 0 u u 2 u 0 0 0 0 2 u 0 0 2 0 0 0 0 0 
d 2 u u 0 0 2 2 d u 2 2 0 0 u 0 u 0 0 0 0 0 2 0 0 u 2 u 0 0 u 0 
d 2 u u 0 0 2 2 0 0 2 2 d u u 0 u 0 0 0 0 0 2 u 0 0 2 0 0 u u 0 
2 2 u u d 0 u 2 0 0 2 2 0 u u 0 2 u 0 0 0 0 2 0 0 0 d u 0 0 0 u 
2 2 u u d 0 2 2 0 u u 2 0 0 u 0 2 u 0 0 0 0 d u 0 0 2 0 0 0 0 u 
2 2 u u 0 0 u 2 0 0 u 2 0 u u 0 2 0 0 d 0 0 2 u 0 0 2 0 0 0 2 0 
2 2 u u 0 0 u 2 0 u u 2 0 0 u 0 2 0 0 d 0 0 2 0 0 0 2 u 0 0 2 0 
2 2 u u 0 0 2 2 0 u 2 2 0 0 u 0 d u 0 0 0 0 2 u u 0 d 0 0 0 0 u 
2 2 u u 0 0 2 2 0 0 2 2 0 u u 0 d u 0 0 0 0 d 0 0 0 2 u u 0 0 u 
2 2 u u 0 0 2 2 0 0 2 u 0 0 u 0 2 u 0 d 0 0 2 u 0 0 2 0 0 0 u 0 
2 2 u u 0 0 2 u 0 0 2 2 0 0 u 0 2 u 0 d 0 0 2 0 0 0 2 u 0 0 u 0 
2 2 u u 0 u 2 d 0 0 2 2 0 u u 0 2 0 0 0 0 0 2 0 u 0 2 u 0 0 0 0 
2 2 u u 0 u 2 2 0 u 2 d 0 0 u 0 2 0 0 0 0 0 2 u 0 0 2 0 u 0 0 0 
2 2 u u u 0 2 2 0 u 2 2 0 0 0 0 2 0 0 0 0 0 2 0 u 0 2 0 0 0 u 0 
2 2 u u u 0 2 2 0 0 2 2 0 u 0 0 2 0 0 0 0 0 2 0 0 0 2 0 u 0 u 0 
2 2 u u 0 0 u 2 0 0 u 2 0 u u 0 2 d 0 0 0 0 2 u 0 0 2 0 0 0 u d 
2 2 u u 0 0 u 2 0 u u 2 0 0 u 0 2 d 0 0 0 0 2 0 0 0 2 u 0 0 u d 
2 2 u u 0 0 2 2 0 0 2 2 0 u u 0 0 u 0 0 0 2 2 0 0 0 2 u 0 0 0 0 
2 2 u u 0 0 2 2 0 u 2 2 0 0 u 0 0 u 0 0 0 2 2 u 0 0 2 0 0 0 0 0 
2 u u u 0 0 2 u d u 2 2 0 0 u u 2 0 0 0 d 0 2 0 0 0 2 u 0 0 0 0 
2 u u u 0 0 2 2 0 0 2 u d u u u 2 0 0 0 d 0 2 u 0 0 2 0 0 0 0 0 
2 2 u u 0 0 u 2 0 u 2 d 0 0 u 0 2 0 0 0 0 0 2 0 d 0 2 u 0 u u 0 
2 2 u u 0 0 2 d 0 0 u 2 0 u u 0 2 0 0 0 0 0 2 u 0 u 2 0 d 0 u 0 
2 2 u u 0 d 2 2 0 u 2 u 0 0 u 0 2 0 0 0 0 d 2 0 0 0 u u 0 0 u 0 
2 2 u u 0 d 2 u 0 0 2 2 0 u u 0 2 0 0 0 0 d u u 0 0 2 0 0 0 u 0 
2 2 0 u 0 2 2 0 0 0 2 2 0 u 0 0 2 u u 0 0 0 2 0 0 0 2 u 0 0 u 0 
2 2 0 u 0 2 2 2 0 u 2 0 0 0 0 0 2 u u 0 0 0 2 u 0 0 2 0 0 0 u 0 
2 2 u 0 u 0 2 0 0 u 2 2 0 0 2 u 2 0 0 0 0 0 2 0 0 0 2 u 0 0 u 0 
2 2 u 0 u 0 2 2 0 0 2 0 0 u 2 u 2 0 0 0 0 0 2 u 0 0 2 0 0 0 u 0 
2 2 u u 0 0 2 2 0 0 2 2 0 u u 0 d u 0 u 0 0 d 0 u 0 2 u 0 0 0 0 
2 2 u u 0 0 2 2 0 u 2 2 0 0 u 0 d u 0 u 0 0 2 u 0 0 d 0 u 0 0 0 
2 u u u 0 0 2 u d 0 2 2 0 u u u 2 0 0 0 d 0 2 u 0 0 2 0 0 0 0 0 
2 u u u 0 0 2 2 0 u 2 u d 0 u u 2 0 0 0 d 0 2 0 0 0 2 u 0 0 0 0 
2 2 0 u 0 2 2 2 0 0 2 0 0 u 0 0 2 u u 0 0 0 2 0 0 0 2 u 0 0 u 0 
2 2 0 u 0 2 2 0 0 u 2 2 0 0 0 0 2 u u 0 0 0 2 u 0 0 2 0 0 0 u 0 
2 d u 0 0 0 2 d 0 u 2 2 0 0 0 0 2 u 0 0 0 u 2 0 u 0 2 u 0 0 u u 
2 d u 0 0 0 2 2 0 0 2 d 0 u 0 0 2 u 0 0 0 u 2 u 0 0 2 0 u 0 u u 
2 d u 0 0 0 2 d 0 0 2 2 0 u 0 0 2 u 0 0 0 u 2 u u 0 2 0 0 0 u u 
2 d u 0 0 0 2 2 0 u 2 d 0 0 0 0 2 u 0 0 0 u 2 0 0 0 2 u u 0 u u 
2 2 u u 0 0 2 2 0 0 2 2 0 u u 0 d u 0 0 0 0 2 0 u 0 d u 0 0 0 u 
2 2 u u 0 0 2 2 0 u 2 2 0 0 u 0 d u 0 0 0 0 d u 0 0 2 0 u 0 0 u 
2 2 u u 0 u 2 d 0 u 2 2 0 0 u 0 2 0 0 0 0 0 2 u u 0 2 0 0 0 0 0 
2 2 u u 0 u 2 2 0 0 2 d 0 u u 0 2 0 0 0 0 0 2 0 0 0 2 u u 0 0 0 
2 2 u u 0 0 u 2 0 0 2 2 0 u u d 2 u 0 u 0 0 2 0 0 0 d u 0 0 0 0 
2 2 u u 0 0 2 2 0 u u 2 0 0 u d 2 u 0 u 0 0 d u 0 0 2 0 0 0 0 0 
2 u 0 u 0 0 2 u 0 0 2 2 0 u 0 0 2 u u 0 d 0 2 0 d 0 2 u 0 0 u 0 
2 u 0 u 0 0 2 2 0 u 2 u 0 0 0 0 2 u u 0 d 0 2 u 0 0 2 0 d 0 u 0 
0 2 u u 0 0 2 2 2 0 2 2 0 u u 0 2 u 0 0 0 0 2 0 0 0 2 u 0 0 0 0 
0 2 u u 0 0 2 2 0 u 2 2 2 0 u 0 2 u 0 0 0 0 2 u 0 0 2 0 0 0 0 0 
2 2 u u 0 0 2 2 0 0 2 2 2 u u 0 0 u 0 0 0 0 2 0 0 0 2 u 0 0 0 0 
2 2 u u 0 0 2 2 2 u 2 2 0 0 u 0 0 u 0 0 0 0 2 u 0 0 2 0 0 0 0 0 
u 2 u u 0 0 2 2 u 0 2 2 0 u u 0 d 0 0 0 0 0 2 u 0 d 2 0 0 0 u 0 
u 2 u u 0 0 2 2 0 u 2 2 u 0 u 0 d 0 0 0 0 0 2 0 0 0 2 u 0 d u 0 
2 d u u 0 0 2 2 0 0 2 2 0 u u u 2 0 0 0 0 0 u u 0 0 2 d 0 0 u 0 
2 d u u 0 0 2 2 0 u 2 2 0 0 u u 2 0 0 0 0 0 2 d 0 0 u u 0 0 u 0 
2 u 0 u 0 0 2 u 0 u 2 2 0 0 0 0 2 u u 0 d 0 2 u d 0 2 0 0 0 u 0 
2 u 0 u 0 0 2 2 0 0 2 u 0 u 0 0 2 u u 0 d 0 2 0 0 0 2 u d 0 u 0 
2 2 u 0 u 0 2 0 0 0 2 2 0 u 2 u 2 0 0 0 0 0 2 u 0 0 2 0 0 0 u 0 
2 2 u 0 u 0 2 2 0 u 2 0 0 0 2 u 2 0 0 0 0 0 2 0 0 0 2 u 0 0 u 0 
2 2 0 u 0 0 2 2 u u 2 2 0 0 u 0 d u 0 0 0 0 2 u u 0 2 0 0 0 0 0 
2 2 0 u 0 0 2 2 0 0 2 2 u u u 0 d u 0 0 0 0 2 0 0 0 2 u u 0 0 0 
2 2 u u 0 0 2 2 0 0 2 2 0 u u 0 d u 0 0 0 0 2 0 u 0 2 0 0 0 0 u 
2 2 u u 0 0 2 2 0 u 2 2 0 0 u 0 d u 0 0 0 0 2 0 0 0 2 0 u 0 0 u 
2 2 u u 0 u 2 2 0 u 2 d 0 0 u 0 d u 0 0 0 0 2 u 0 0 2 0 0 u 0 0 
2 2 u u 0 u 2 d 0 0 2 2 0 u u 0 d u 0 0 0 0 2 0 0 u 2 u 0 0 0 0 
2 u u u 0 0 2 2 0 0 2 2 0 u 0 0 2 0 u 0 0 0 2 u 0 0 2 0 0 0 u d 
2 u u u 0 0 2 2 0 u 2 2 0 0 0 0 2 0 u 0 0 0 2 0 0 0 2 u 0 0 u d 
u 2 u u 0 d 2 2 0 u 2 2 0 0 u 0 2 u 0 0 0 0 u u d 0 2 0 0 0 0 0 
u 2 u u 0 d 2 2 0 0 2 2 0 u u 0 2 u 0 0 0 0 2 0 0 0 u u d 0 0 0 
2 2 u u 0 0 2 2 0 0 d 2 0 u u u 2 u 0 d 0 0 u 0 0 0 2 u 0 0 0 0 
2 2 u u 0 0 d 2 0 u 2 2 0 0 u u 2 u 0 d 0 0 2 u 0 0 u 0 0 0 0 0 
2 2 2 u 0 0 2 2 0 0 2 u 0 u u 0 2 0 0 0 0 d 2 u 0 0 u 0 0 0 u 0 
2 2 2 u 0 0 2 u 0 u 2 2 0 0 u 0 2 0 0 0 0 d u 0 0 0 2 u 0 0 u 0 
2 2 u u u 0 2 2 0 0 u 2 0 u u 0 2 2 0 0 0 0 2 0 0 0 d u 0 0 0 0 
2 2 u u u 0 u 2 0 u 2 2 0 0 u 0 2 2 0 0 0 0 d u 0 0 2 0 0 0 0 0 
u 2 u u 0 d 2 2 0 0 2 2 0 u u 0 2 u 0 0 0 0 u 0 d 0 2 u 0 0 0 0 
u 2 u u 0 d 2 2 0 u 2 2 0 0 u 0 2 u 0 0 0 0 2 u 0 0 u 0 d 0 0 0 
2 2 0 u 0 0 2 2 u 0 2 2 0 u u 0 d u 0 0 0 0 2 0 u 0 2 u 0 0 0 0 
2 2 0 u 0 0 2 2 0 u 2 2 u 0 u 0 d u 0 0 0 0 2 u 0 0 2 0 u 0 0 0 
0 2 u u 0 0 2 2 2 u 2 2 0 0 u 0 2 u 0 0 0 0 2 u 0 0 2 0 0 0 0 0 
0 2 u u 0 0 2 2 0 0 2 2 2 u u 0 2 u 0 0 0 0 2 0 0 0 2 u 0 0 0 0 
u 2 u u 0 0 2 2 u u 2 2 0 0 u 0 d 0 0 0 0 0 2 0 0 d 2 u 0 0 u 0 
u 2 u u 0 0 2 2 0 0 2 2 u u u 0 d 0 0 0 0 0 2 u 0 0 2 0 0 d u 0 
2 2 u u u 0 d 2 0 0 2 2 0 u u 0 2 u 0 0 0 0 2 0 0 0 u u 0 0 0 d 
2 2 u u u 0 2 2 0 u d 2 0 0 u 0 2 u 0 0 0 0 u u 0 0 2 0 0 0 0 d 
u 2 0 u 0 0 2 2 0 0 2 2 0 u u 0 2 0 0 0 2 0 2 u 0 0 2 0 0 0 u 0 
u 2 0 u 0 0 2 2 0 u 2 2 0 0 u 0 2 0 0 0 2 0 2 0 0 0 2 u 0 0 u 0 
2 2 u u u 0 2 u 0 0 2 u 0 u 0 0 2 0 0 0 0 0 2 0 d 0 2 u d 0 u 0 
2 2 u u u 0 2 u 0 u 2 u 0 0 0 0 2 0 0 0 0 0 2 u d 0 2 0 d 0 u 0 
2 2 u u 0 u 2 2 0 0 2 d 0 u u 0 d u 0 0 0 0 2 0 0 0 2 u 0 u 0 0 
2 2 u u 0 u 2 d 0 u 2 2 0 0 u 0 d u 0 0 0 0 2 u 0 u 2 0 0 0 0 0 
2 u u 0 0 d 2 2 0 0 2 u 0 u u 0 2 u 0 0 0 0 2 u 0 0 2 0 d 0 u 0 
2 u u 0 0 d 2 u 0 u 2 2 0 0 u 0 2 u 0 0 0 0 2 0 d 0 2 u 0 0 u 0 
2 u u u d 0 2 u d 0 2 2 0 u u 0 2 0 0 0 0 0 2 u 0 0 2 0 0 0 u 0 
2 u u u d 0 2 2 0 u 2 u d 0 u 0 2 0 0 0 0 0 2 0 0 0 2 u 0 0 u 0 
2 2 u u 0 0 2 2 0 0 2 2 0 u u 0 2 0 0 d 0 0 2 u u 0 u 0 0 0 0 0 
2 2 u u 0 0 2 2 0 u 2 2 0 0 u 0 2 0 0 d 0 0 u 0 0 0 2 u u 0 0 0 
2 2 0 u 0 0 2 u 0 u 2 2 0 0 u 0 2 u 0 0 u 0 2 u d 0 2 0 0 0 0 0 
2 2 0 u 0 0 2 2 0 0 2 u 0 u u 0 2 u 0 0 u 0 2 0 0 0 2 u d 0 0 0 
2 2 2 u 0 0 2 u 0 0 2 2 0 u u 0 2 0 0 u 0 0 d u 0 0 2 0 0 0 u 0 
2 2 2 u 0 0 2 2 0 u 2 u 0 0 u 0 2 0 0 u 0 0 2 0 0 0 d u 0 0 u 0 
2 2 u u 0 0 u 2 0 0 2 2 0 2 u 0 2 u 0 0 0 0 2 0 0 u 2 0 0 0 0 0 
2 2 u u 0 0 2 2 0 2 u 2 0 0 u 0 2 u 0 0 0 0 2 0 0 0 2 0 0 u 0 0 
2 2 0 u 0 0 2 2 0 d 2 2 0 u u 0 2 u 0 u 0 0 u 0 0 0 2 u 0 0 0 0 
2 2 0 u 0 0 2 2 0 u 2 2 0 d u 0 2 u 0 u 0 0 2 u 0 0 u 0 0 0 0 0 
2 2 0 u 0 0 2 u 0 0 2 2 0 u u 0 2 u 0 0 u 0 2 0 d 0 2 u 0 0 0 0 
2 2 0 u 0 0 2 2 0 u 2 u 0 0 u 0 2 u 0 0 u 0 2 u 0 0 2 0 d 0 0 0 
2 u u 0 0 d 2 2 0 u 2 u 0 0 u 0 2 u 0 0 0 0 2 0 0 0 2 u d 0 u 0 
2 u u 0 0 d 2 u 0 0 2 2 0 u u 0 2 u 0 0 0 0 2 u d 0 2 0 0 0 u 0 
2 2 2 u 0 u u d 0 u 2 2 0 0 u 0 2 0 0 0 0 0 2 0 0 0 2 u 0 0 u 0 
2 2 2 u 0 u 2 2 0 0 u d 0 u u 0 2 0 0 0 0 0 2 u 0 0 2 0 0 0 u 0 
2 2 u u 0 0 2 u 0 0 2 2 0 u u u 2 d 0 0 0 0 2 u 0 0 d 0 0 0 u 0 
2 2 u u 0 0 2 2 0 u 2 u 0 0 u u 2 d 0 0 0 0 d 0 0 0 2 u 0 0 u 0 
2 2 0 u 0 0 2 d 0 0 2 2 0 u 0 u 2 0 u 0 0 0 2 u u 0 2 0 0 0 0 u 
2 2 0 u 0 0 2 2 0 u 2 d 0 0 0 u 2 0 u 0 0 0 2 0 0 0 2 u u 0 0 u 
2 2 u u 0 0 2 2 0 u 2 u d 0 u 0 2 u 0 0 0 0 u u d 0 2 0 0 0 0 0 
2 2 u u 0 0 2 u d 0 2 2 0 u u 0 2 u 0 0 0 0 2 0 0 0 u u d 0 0 0 
2 2 u u 0 0 2 2 0 0 2 u d u u 0 2 u 0 0 0 0 u 0 d 0 2 u 0 0 0 0 
2 2 u u 0 0 2 u d u 2 2 0 0 u 0 2 u 0 0 0 0 2 u 0 0 u 0 d 0 0 0 
2 2 2 u 0 u u d 0 0 2 2 0 u u 0 2 0 0 0 0 0 2 u 0 0 2 0 0 0 u 0 
2 2 2 u 0 u 2 2 0 u u d 0 0 u 0 2 0 0 0 0 0 2 0 0 0 2 u 0 0 u 0 
2 2 u u 0 0 2 2 0 u 2 2 0 0 u 0 2 0 0 d 0 0 2 0 u 0 u u 0 0 0 0 
2 2 u u 0 0 2 2 0 0 2 2 0 u u 0 2 0 0 d 0 0 u u 0 0 2 0 u 0 0 0 
d 2 u u 0 0 2 2 0 u d 2 0 0 u 0 2 0 0 0 0 u 2 0 0 0 2 u 0 u u 0 
d 2 u u 0 0 d 2 0 0 2 2 0 u u 0 2 0 0 0 0 u 2 u 0 u 2 0 0 0 u 0 
2 2 u 0 u 0 2 u 0 u 2 d 0 0 u 0 2 0 0 0 0 0 2 0 d 0 2 u u 0 u 0 
2 2 u 0 u 0 2 d 0 0 2 u 0 u u 0 2 0 0 0 0 0 2 u u 0 2 0 d 0 u 0 
2 2 0 u 0 0 2 2 0 0 2 2 0 2 u 0 2 u 0 u 0 0 2 0 0 0 u u 0 0 0 0 
2 2 0 u 0 0 2 2 0 2 2 2 0 0 u 0 2 u 0 u 0 0 u u 0 0 2 0 0 0 0 0 
2 d u u u 0 2 u 0 u 2 2 0 0 0 0 2 0 0 0 u 0 2 u d 0 2 0 0 0 u 0 
2 d u u u 0 2 2 0 0 2 u 0 u 0 0 2 0 0 0 u 0 2 0 0 0 2 u d 0 u 0 
u 2 u u 0 0 2 2 0 0 2 2 0 u 0 0 2 0 u 0 0 0 2 u 0 0 2 0 0 0 2 0 
u 2 u u 0 0 2 2 0 u 2 2 0 0 0 0 2 0 u 0 0 0 2 0 0 0 2 u 0 0 2 0 
u 2 u u 0 0 2 2 0 u u 2 0 0 u 0 2 0 0 0 0 d 2 0 0 0 2 u 0 d u 0 
u 2 u u 0 0 u 2 0 0 2 2 0 u u 0 2 0 0 0 0 d 2 u 0 d 2 0 0 0 u 0 
2 2 u 0 0 0 2 2 0 0 2 0 u u u 0 2 u 0 0 0 0 2 u 0 0 2 0 d 0 0 u 
2 2 u 0 0 0 2 0 u u 2 2 0 0 u 0 2 u 0 0 0 0 2 0 d 0 2 u 0 0 0 u 
2 2 u 0 0 0 2 2 0 u 2 0 u 0 u 0 2 u 0 0 0 0 2 0 0 0 2 u d 0 0 u 
2 2 u 0 0 0 2 0 u 0 2 2 0 u u 0 2 u 0 0 0 0 2 u d 0 2 0 0 0 0 u 
2 2 u u 0 0 2 2 0 u 2 2 0 0 u 0 d u 0 0 0 u 2 u 0 0 d 0 0 u 0 0 
2 2 u u 0 0 2 2 0 0 2 2 0 u u 0 d u 0 0 0 u d 0 0 u 2 u 0 0 0 0 
2 u u u u 0 2 d 0 u 2 2 0 0 0 0 2 0 0 0 d 0 2 u u 0 2 0 0 0 u 0 
2 u u u u 0 2 2 0 0 2 d 0 u 0 0 2 0 0 0 d 0 2 0 0 0 2 u u 0 u 0 
2 2 u u 0 0 2 2 0 0 u 2 u d u 0 2 0 0 0 0 0 2 u 0 0 2 0 0 0 u 0 
2 2 u u 0 0 u 2 u d 2 2 0 0 u 0 2 0 0 0 0 0 2 0 0 0 2 u 0 0 u 0 
2 2 u u 0 0 2 2 0 d 2 2 u u u 0 2 0 0 0 0 0 2 0 0 0 u 0 0 0 u 0 
2 2 u u 0 0 2 2 u u 2 2 0 d u 0 2 0 0 0 0 0 u 0 0 0 2 0 0 0 u 0 
2 d u u 0 0 2 2 0 0 2 2 0 u u u 2 0 0 0 0 0 2 2 0 0 u 0 0 0 u 0 
2 d u u 0 0 2 2 0 u 2 2 0 0 u u 2 0 0 0 0 0 u 0 0 0 2 2 0 0 u 0 
d 2 u u 0 0 2 2 0 0 d 2 0 u u 0 2 0 0 0 0 u 2 u 0 0 2 0 0 u u 0 
d 2 u u 0 0 d 2 0 u 2 2 0 0 u 0 2 0 0 0 0 u 2 0 0 u 2 u 0 0 u 0 
2 2 u 0 u 0 2 u 0 0 2 d 0 u u 0 2 0 0 0 0 0 2 u d 0 2 0 u 0 u 0 
2 2 u 0 u 0 2 d 0 u 2 u 0 0 u 0 2 0 0 0 0 0 2 0 u 0 2 u d 0 u 0 
u 2 u u 0 0 2 2 0 0 d 2 0 u u 0 2 d 0 0 0 0 2 u 0 0 2 u 0 0 u 0 
u 2 u u 0 0 d 2 0 u 2 2 0 0 u 0 2 d 0 0 0 0 2 u 0 0 2 u 0 0 u 0 
2 2 2 u 0 0 2 2 0 u 2 u 0 0 u 0 2 0 0 0 0 d 2 0 0 0 u u 0 0 u 0 
2 2 2 u 0 0 2 u 0 0 2 2 0 u u 0 2 0 0 0 0 d u u 0 0 2 0 0 0 u 0 
2 2 2 u 0 0 2 u 0 u 2 2 0 0 u 0 2 0 0 u 0 0 d 0 0 0 2 u 0 0 u 0 
2 2 2 u 0 0 2 2 0 0 2 u 0 u u 0 2 0 0 u 0 0 2 u 0 0 d 0 0 0 u 0 
2 2 u u u 0 d 2 0 0 u 2 0 u u d 2 u 0 0 0 0 2 0 0 0 2 u 0 0 0 0 
2 2 u u u 0 u 2 0 u d 2 0 0 u d 2 u 0 0 0 0 2 u 0 0 2 0 0 0 0 0 
2 2 u u 0 0 2 2 0 d u 2 u 0 u 0 2 0 0 0 0 0 2 0 0 0 2 u 0 0 u 0 
2 2 u u 0 0 u 2 u 0 2 2 0 d u 0 2 0 0 0 0 0 2 u 0 0 2 0 0 0 u 0 
2 u u u u 0 2 d 0 0 2 2 0 u 0 0 2 0 0 0 d 0 2 0 u 0 2 u 0 0 u 0 
2 u u u u 0 2 2 0 u 2 d 0 0 0 0 2 0 0 0 d 0 2 u 0 0 2 0 u 0 u 0 
2 2 u u 0 0 2 2 0 u 2 d d 0 u 0 u 0 0 u 0 0 2 0 0 0 2 u 0 0 u 0 
2 2 u u 0 0 2 d d 0 2 2 0 u u 0 u 0 0 u 0 0 2 u 0 0 2 0 0 0 u 0 
2 2 u u 0 0 2 2 0 0 2 2 0 u u 0 d u 0 0 0 u 2 0 0 0 d u 0 u 0 0 
2 2 u u 0 0 2 2 0 u 2 2 0 0 u 0 d u 0 0 0 u d u 0 u 2 0 0 0 0 0 
2 2 u u 0 0 2 2 0 0 2 2 0 u u 0 u 0 u 0 0 0 2 u 0 0 2 0 0 0 d 0 
2 2 u u 0 0 2 2 0 u 2 2 0 0 u 0 u 0 u 0 0 0 2 0 0 0 2 u 0 0 d 0 
2 d u u u 0 2 2 0 0 2 2 0 u u 0 2 0 0 0 0 0 2 u 0 0 u d 0 0 u 0 
2 d u u u 0 2 2 0 u 2 2 0 0 u 0 2 0 0 0 0 0 u d 0 0 2 u 0 0 u 0 
2 2 0 u 0 0 2 2 0 0 2 d 0 u 0 u 2 0 u 0 0 0 2 u 0 0 2 0 u 0 0 u 
2 2 0 u 0 0 2 d 0 u 2 2 0 0 0 u 2 0 u 0 0 0 2 0 u 0 2 u 0 0 0 u 
2 d u u u 0 2 u 0 0 2 2 0 u 0 0 2 0 0 0 u 0 2 0 d 0 2 u 0 0 u 0 
2 d u u u 0 2 2 0 u 2 u 0 0 0 0 2 0 0 0 u 0 2 u 0 0 2 0 d 0 u 0 
2 u u u d 0 d 2 0 u 2 2 0 u u 0 2 0 0 0 0 0 2 u 0 0 2 0 0 0 u 0 
2 u u u d 0 2 2 0 u d 2 0 u u 0 2 0 0 0 0 0 2 0 0 0 2 u 0 0 u 0 
2 2 u 0 u d 2 2 0 0 2 2 0 u u u u 0 0 0 0 0 2 u 0 0 2 0 0 0 0 0 
2 2 u 0 u d 2 2 0 u 2 2 0 0 u u u 0 0 0 0 0 2 0 0 0 2 u 0 0 0 0 
2 u 0 u 0 0 2 0 0 0 2 2 0 u u 0 2 0 0 0 2 0 2 u 2 0 2 0 0 0 u 0 
2 u 0 u 0 0 2 2 0 u 2 0 0 0 u 0 2 0 0 0 2 0 2 0 0 0 2 u 2 0 u 0 
2 u 0 u 0 0 2 0 0 u 2 2 0 0 u 0 2 0 0 0 2 0 2 0 2 0 2 u 0 0 u 0 
2 u 0 u 0 0 2 2 0 0 2 0 0 u u 0 2 0 0 0 2 0 2 u 0 0 2 0 2 0 u 0 
u 2 u u 0 0 2 2 0 0 u 2 0 u u 0 2 0 0 0 0 d 2 u 0 0 2 0 0 d u 0 
u 2 u u 0 0 u 2 0 u 2 2 0 0 u 0 2 0 0 0 0 d 2 0 0 d 2 u 0 0 u 0 
u 2 u u 0 0 d 2 0 0 2 2 0 u u 0 2 0 0 0 0 0 2 u 0 0 2 u 0 0 2 0 
u 2 u u 0 0 2 2 0 u d 2 0 0 u 0 2 0 0 0 0 0 2 u 0 0 2 u 0 0 2 0 
d 2 u u 0 0 u 2 0 0 2 2 0 u u 0 2 u 0 0 0 0 2 2 0 0 2 0 0 0 u 0 
d 2 u u 0 0 2 2 0 u u 2 0 0 u 0 2 u 0 0 0 0 2 0 0 0 2 2 0 0 u 0 
2 2 u u 0 0 2 2 0 0 2 d d u u 0 u 0 0 u 0 0 2 u 0 0 2 0 0 0 u 0 
2 2 u u 0 0 2 d d u 2 2 0 0 u 0 u 0 0 u 0 0 2 0 0 0 2 u 0 0 u 0 
d 2 u u 0 0 2 2 0 0 u 2 0 u u 0 2 u 0 0 0 0 2 u 0 0 2 d 0 0 u 0 
d 2 u u 0 0 u 2 0 u 2 2 0 0 u 0 2 u 0 0 0 0 2 d 0 0 2 u 0 0 u 0 
2 2 0 u 0 0 2 2 0 0 2 2 u u u 0 u 0 0 0 0 0 2 u 0 0 2 0 0 d u 0 
2 2 0 u 0 0 2 2 u u 2 2 0 0 u 0 u 0 0 0 0 0 2 0 0 d 2 u 0 0 u 0 
2 2 0 u 0 0 2 2 u 0 2 2 0 u u 0 2 0 0 0 0 0 2 0 u 0 2 u 0 0 0 0 
2 2 0 u 0 0 2 2 0 u 2 2 u 0 u 0 2 0 0 0 0 0 2 u 0 0 2 0 u 0 0 0 
2 2 0 u 0 0 2 d 0 0 2 2 0 u 0 u 2 0 u 0 0 0 2 u u 0 2 0 0 0 u 0 
2 2 0 u 0 0 2 2 0 u 2 d 0 0 0 u 2 0 u 0 0 0 2 0 0 0 2 u u 0 u 0 
2 2 u u u 0 2 2 0 0 2 u 0 u u 0 2 0 0 0 0 0 d u 0 0 2 0 0 0 2 0 
2 2 u u u 0 2 u 0 u 2 2 0 0 u 0 2 0 0 0 0 0 2 0 0 0 d u 0 0 2 0 
2 d 0 0 0 0 2 2 0 0 2 2 0 u 0 0 2 u u u 0 u 2 0 0 0 2 u 0 0 u 0 
2 d 0 0 0 0 2 2 0 u 2 2 0 0 0 0 2 u u u 0 u 2 u 0 0 2 0 0 0 u 0 
2 2 u u 0 0 2 u 0 0 2 2 0 0 u 0 2 u 0 0 0 0 2 u 0 0 2 0 0 0 u d 
2 2 u u 0 0 2 2 0 0 2 u 0 0 u 0 2 u 0 0 0 0 2 0 0 0 2 u 0 0 u d 
2 2 u u 0 0 2 2 0 0 2 2 0 u u 0 d 0 0 0 u 0 u u d 0 2 0 0 0 u 0 
2 2 u u 0 0 2 2 0 u 2 2 0 0 u 0 d 0 0 0 u 0 2 0 0 0 u u d 0 u 0 
2 2 u u 0 0 2 2 0 u 2 2 0 0 u 0 d 0 0 0 u 0 u 0 d 0 2 u 0 0 u 0 
2 2 u u 0 0 2 2 0 0 2 2 0 u u 0 d 0 0 0 u 0 2 u 0 0 u 0 d 0 u 0 
2 2 u u 0 0 2 2 0 u 2 2 u d u 0 2 0 0 0 0 0 2 0 0 0 u 0 0 0 u 0 
2 2 u u 0 0 2 2 u d 2 2 0 u u 0 2 0 0 0 0 0 u 0 0 0 2 0 0 0 u 0 
2 d u 0 0 0 2 d 0 u 2 u 0 0 u 0 2 u 0 0 u 0 2 0 u 0 2 u 0 d u 0 
2 d u 0 0 0 2 u 0 0 2 d 0 u u 0 2 u 0 0 u 0 2 u 0 d 2 0 u 0 u 0 
2 d u 0 0 0 2 d 0 0 2 u 0 u u 0 2 u 0 0 u 0 2 u u 0 2 0 0 d u 0 
2 d u 0 0 0 2 u 0 u 2 d 0 0 u 0 2 u 0 0 u 0 2 0 0 d 2 u u 0 u 0 
2 2 u u 0 0 2 2 0 0 2 u 0 0 u 2 2 0 0 0 0 0 2 u 0 0 2 0 0 0 u 0 
2 2 u u 0 0 2 u 0 0 2 2 0 0 u 2 2 0 0 0 0 0 2 0 0 0 2 u 0 0 u 0 
2 2 u 2 0 0 2 2 0 u u 2 0 0 u 0 2 0 0 u 0 0 2 0 0 0 d u 0 0 u 0 
2 2 u 2 0 0 u 2 0 0 2 2 0 u u 0 2 0 0 u 0 0 d u 0 0 2 0 0 0 u 0 
2 u u u d 0 2 u d u 2 2 0 0 u 0 2 0 0 0 0 0 2 0 0 0 2 u 0 0 u 0 
2 u u u d 0 2 2 0 0 2 u d u u 0 2 0 0 0 0 0 2 u 0 0 2 0 0 0 u 0 
2 2 0 u 0 0 2 2 0 u 2 2 u 0 u 0 u 0 0 0 0 0 2 0 0 0 2 u 0 d u 0 
2 2 0 u 0 0 2 2 u 0 2 2 0 u u 0 u 0 0 0 0 0 2 u 0 d 2 0 0 0 u 0 
2 d u u u 0 2 2 u 0 2 2 0 0 u 0 2 u 0 0 0 0 2 u 0 0 2 0 0 0 0 0 
2 d u u u 0 2 2 0 0 2 2 u 0 u 0 2 u 0 0 0 0 2 0 0 0 2 u 0 0 0 0 
2 2 u u 0 0 2 2 0 u d u 0 0 u 0 2 0 0 0 0 2 2 0 0 0 2 u 0 0 u 0 
2 2 u u 0 0 d u 0 0 2 2 0 u u 0 2 0 0 0 0 2 2 u 0 0 2 0 0 0 u 0 
2 2 u u u 0 2 d 0 0 2 d 0 u 0 0 2 0 0 0 0 0 2 0 u 0 2 u u 0 u 0 
2 2 u u u 0 2 d 0 u 2 d 0 0 0 0 2 0 0 0 0 0 2 u u 0 2 0 u 0 u 0 
2 2 0 u 0 0 2 2 0 0 2 2 0 u 2 0 u u 0 0 0 0 2 0 0 0 2 u 0 0 u 0 
2 2 0 u 0 0 2 2 0 u 2 2 0 0 2 0 u u 0 0 0 0 2 u 0 0 2 0 0 0 u 0 
d 2 u u 0 0 2 2 0 0 2 2 0 0 u 0 2 0 0 0 0 0 2 u u 0 2 0 0 0 u u 
d 2 u u 0 0 2 2 0 0 2 2 0 0 u 0 2 0 0 0 0 0 2 0 0 0 2 u u 0 u u 
2 2 0 u 0 0 2 2 u u 2 2 0 0 u 0 2 0 0 0 0 0 2 u u 0 2 0 0 0 0 0 
2 2 0 u 0 0 2 2 0 0 2 2 u u u 0 2 0 0 0 0 0 2 0 0 0 2 u u 0 0 0 
2 2 u 0 0 0 2 2 0 u 2 d 0 0 u 0 2 u 0 0 0 0 2 0 0 0 2 u 0 u u 0 
2 2 u 0 0 0 2 d 0 0 2 2 0 u u 0 2 u 0 0 0 0 2 u 0 u 2 0 0 0 u 0 
2 2 u 2 u 0 2 0 0 u 2 2 0 0 u 0 2 u 0 0 0 0 2 u 0 0 2 0 0 0 0 0 
2 2 u 2 u 0 2 2 0 0 2 0 0 u u 0 2 u 0 0 0 0 2 0 0 0 2 u 0 0 0 0 
2 d u u u 0 2 2 0 u 2 2 0 0 u 0 2 0 0 0 0 0 2 0 0 0 u 2 0 0 u 0 
2 d u u u 0 2 2 0 0 2 2 0 u u 0 2 0 0 0 0 0 u 2 0 0 2 0 0 0 u 0 
2 2 u u 0 0 d 2 0 0 2 u 0 u u 0 2 0 0 0 0 0 2 u d 0 2 u 0 0 u 0 
2 2 u u 0 0 2 u 0 u d 2 0 0 u 0 2 0 0 0 0 0 2 u 0 0 2 u d 0 u 0 
2 2 u u 0 0 2 2 0 0 d u 0 u u 0 2 0 0 0 0 2 2 u 0 0 2 0 0 0 u 0 
2 2 u u 0 0 d u 0 u 2 2 0 0 u 0 2 0 0 0 0 2 2 0 0 0 2 u 0 0 u 0 
2 2 0 u 0 0 2 d 0 u 2 2 0 0 0 u 2 0 u 0 0 0 2 0 u 0 2 u 0 0 u 0 
2 2 0 u 0 0 2 2 0 0 2 d 0 u 0 u 2 0 u 0 0 0 2 u 0 0 2 0 u 0 u 0 
2 2 2 u 0 0 u 2 0 0 2 2 0 u u 0 2 0 u 0 0 0 d u 0 0 2 0 0 0 u 0 
2 2 2 u 0 0 2 2 0 u u 2 0 0 u 0 2 0 u 0 0 0 2 0 0 0 d u 0 0 u 0 
2 d u 0 0 0 2 d 0 u 2 d 0 0 u 0 2 u 0 0 u 0 2 0 u 0 2 u u 0 u 0 
2 d u 0 0 0 2 d 0 0 2 d 0 u u 0 2 u 0 0 u 0 2 u u 0 2 0 u 0 u 0 
2 2 2 u 0 0 2 2 0 0 u 2 0 u u 0 2 0 u 0 0 0 2 u 0 0 d 0 0 0 u 0 
2 2 2 u 0 0 u 2 0 u 2 2 0 0 u 0 2 0 u 0 0 0 d 0 0 0 2 u 0 0 u 0 
2 2 u u 0 0 d u 0 u 2 2 0 0 u 0 2 0 0 0 0 0 2 u d 0 2 u 0 0 u 0 
2 2 u u 0 0 2 2 0 0 d u 0 u u 0 2 0 0 0 0 0 2 u 0 0 2 u d 0 u 0 
2 u u u 0 0 2 2 d 0 2 u 0 u u d 2 0 0 0 0 0 2 u 0 0 2 0 0 0 u 0 
2 u u u 0 0 2 u 0 u 2 2 d 0 u d 2 0 0 0 0 0 2 0 0 0 2 u 0 0 u 0 
2 2 u 2 0 0 2 2 0 0 u 2 0 u u 0 2 0 0 0 0 0 2 0 0 0 2 0 0 0 u u 
2 2 u 2 0 0 u 2 0 u 2 2 0 0 u 0 2 0 0 0 0 0 2 0 0 0 2 0 0 0 u u 
2 2 u u 0 0 2 2 0 u d u 0 0 u 0 2 0 0 0 0 0 2 u d 0 2 u 0 0 u 0 
2 2 u u 0 0 d u 0 0 2 2 0 u u 0 2 0 0 0 0 0 2 u 0 0 2 u d 0 u 0 
2 2 u u 0 0 u 2 0 0 2 2 0 u 2 0 2 0 0 0 0 0 2 0 0 0 2 0 0 0 u u 
2 2 u u 0 0 2 2 0 u u 2 0 0 2 0 2 0 0 0 0 0 2 0 0 0 2 0 0 0 u u 
2 u u u 0 0 2 d 0 u 2 2 0 0 u 0 2 0 0 d 0 0 2 0 u 0 2 u 0 0 u 0 
2 u u u 0 0 2 2 0 0 2 d 0 u u 0 2 0 0 d 0 0 2 u 0 0 2 0 u 0 u 0 
2 u u u 0 0 2 d 0 0 2 2 0 u u 0 2 0 0 d 0 0 2 u u 0 2 0 0 0 u 0 
2 u u u 0 0 2 2 0 u 2 d 0 0 u 0 2 0 0 d 0 0 2 0 0 0 2 u u 0 u 0 
2 2 u u 0 d 2 2 0 u 2 u 0 0 u 0 u u 0 0 0 0 2 u 0 0 2 0 0 d 0 0 
2 2 u u 0 d 2 u 0 0 2 2 0 u u 0 u u 0 0 0 0 2 0 0 d 2 u 0 0 0 0 
2 2 0 u 0 0 2 2 0 u 2 2 0 0 u u 2 u 0 0 0 0 d u 0 0 2 0 0 u 0 0 
2 2 0 u 0 0 2 2 0 0 2 2 0 u u u 2 u 0 0 0 0 2 0 0 u d u 0 0 0 0 
2 u u u d 0 2 2 0 0 2 2 0 u u 0 2 0 0 0 0 0 2 u 0 0 d u 0 0 u 0 
2 u u u d 0 2 2 0 u 2 2 0 0 u 0 2 0 0 0 0 0 d u 0 0 2 u 0 0 u 0 
2 u u u 0 0 2 2 0 u d 2 0 u u d 2 0 0 0 0 0 2 u 0 0 2 0 0 0 u 0 
2 u u u 0 0 d 2 0 u 2 2 0 u u d 2 0 0 0 0 0 2 0 0 0 2 u 0 0 u 0 
2 2 u u 0 d 2 2 0 0 2 u 0 u u 0 u u 0 0 0 0 2 0 0 0 2 u 0 d 0 0 
2 2 u u 0 d 2 u 0 u 2 2 0 0 u 0 u u 0 0 0 0 2 u 0 d 2 0 0 0 0 0 
2 2 0 u 0 0 2 2 0 0 2 2 0 u u u 2 u 0 0 0 0 d 0 0 0 2 u 0 u 0 0 
2 2 0 u 0 0 2 2 0 u 2 2 0 0 u u 2 u 0 0 0 0 2 u 0 u d 0 0 0 0 0 
2 2 u u 0 0 2 d d 0 2 2 0 u u 0 2 0 0 0 0 0 u u u 0 2 0 0 0 u 0 
2 2 u u 0 0 2 2 0 u 2 d d 0 u 0 2 0 0 0 0 0 2 0 0 0 u u u 0 u 0 
2 0 0 u 0 0 2 2 0 0 2 2 0 u 0 0 2 u u 0 2 0 2 0 0 0 2 u 0 0 0 u 
2 0 0 u 0 0 2 2 0 u 2 2 0 0 0 0 2 u u 0 2 0 2 u 0 0 2 0 0 0 0 u 
2 2 u u 0 0 2 d d u 2 2 0 0 u 0 2 0 0 0 0 0 u 0 u 0 2 u 0 0 u 0 
2 2 u u 0 0 2 2 0 0 2 d d u u 0 2 0 0 0 0 0 2 u 0 0 u 0 u 0 u 0 
2 2 u 0 0 0 2 2 0 0 2 d 0 u u 0 2 u u 0 0 0 2 0 0 0 2 u u 0 0 0 
2 2 u 0 0 0 2 d 0 u 2 2 0 0 u 0 2 u u 0 0 0 2 u u 0 2 0 0 0 0 0 
2 2 u u u u 2 2 0 0 d d 0 u u 0 2 u 0 0 0 0 2 0 0 0 2 u 0 0 0 0 
2 2 u u u u d d 0 u 2 2 0 0 u 0 2 u 0 0 0 0 2 u 0 0 2 0 0 0 0 0 
2 2 u u 0 0 2 2 0 0 u 2 0 u 0 0 2 0 0 0 u 0 2 2 0 0 2 0 0 0 u 0 
2 2 u u 0 0 u 2 0 u 2 2 0 0 0 0 2 0 0 0 u 0 2 0 0 0 2 2 0 0 u 0 
2 2 u 2 0 0 2 2 0 0 u 2 0 u u 0 2 0 0 u 0 0 2 u 0 0 d 0 0 0 u 0 
2 2 u 2 0 0 u 2 0 u 2 2 0 0 u 0 2 0 0 u 0 0 d 0 0 0 2 u 0 0 u 0 
2 u u u 0 u 2 2 0 0 2 2 0 u d 0 2 0 0 0 0 0 2 u 0 0 2 0 0 0 u 0 
2 u u u 0 u 2 2 0 u 2 2 0 0 d 0 2 0 0 0 0 0 2 0 0 0 2 u 0 0 u 0 
2 2 u u 0 0 0 2 0 u 2 2 0 0 u 0 2 d 0 0 0 u 2 0 0 0 2 u 0 0 u 0 
2 2 u u 0 0 2 2 0 0 0 2 0 u u 0 2 d 0 0 0 u 2 u 0 0 2 0 0 0 u 0 
2 2 u u 0 0 0 2 0 0 2 2 0 u u 0 2 d 0 0 0 u 2 u 0 0 2 0 0 0 u 0 
2 2 u u 0 0 2 2 0 u 0 2 0 0 u 0 2 d 0 0 0 u 2 0 0 0 2 u 0 0 u 0 
2 2 0 u 0 0 2 2 0 u 2 2 u 0 u 0 2 u 0 0 0 0 d u 0 0 2 0 0 0 0 u 
2 2 0 u 0 0 2 2 u 0 2 2 0 u u 0 2 u 0 0 0 0 2 0 0 0 d u 0 0 0 u 
2 2 u 0 0 0 2 2 0 u 2 d 0 0 u 0 2 u u 0 0 0 2 u 0 0 2 0 u 0 0 0 
2 2 u 0 0 0 2 d 0 0 2 2 0 u u 0 2 u u 0 0 0 2 0 u 0 2 u 0 0 0 0 
2 u u 0 0 d 2 u d 0 2 2 0 u 0 0 2 u 0 u 0 0 2 0 0 0 2 u 0 0 u 0 
2 u u 0 0 d 2 2 0 u 2 u d 0 0 0 2 u 0 u 0 0 2 u 0 0 2 0 0 0 u 0 
2 d u 0 u 0 2 2 0 u 2 u 0 0 u 0 2 0 0 0 u 0 2 0 0 0 2 u 0 d u 0 
2 d u 0 u 0 2 u 0 0 2 2 0 u u 0 2 0 0 0 u 0 2 u 0 d 2 0 0 0 u 0 
2 2 u u 0 0 2 2 0 u 2 2 0 0 u 0 d 0 0 0 u 0 2 0 0 0 d u 0 u u 0 
2 2 u u 0 0 2 2 0 0 2 2 0 u u 0 d 0 0 0 u 0 d u 0 u 2 0 0 0 u 0 
2 2 u u 0 0 u 2 0 0 2 2 0 u 0 0 2 0 0 0 u 0 2 u 0 0 2 d 0 0 u 0 
2 2 u u 0 0 2 2 0 u u 2 0 0 0 0 2 0 0 0 u 0 2 d 0 0 2 u 0 0 u 0 
2 2 u u 0 0 2 2 0 0 2 2 0 u u 0 d 0 0 0 u 0 2 u 0 0 d 0 0 u u 0 
2 2 u u 0 0 2 2 0 u 2 2 0 0 u 0 d 0 0 0 u 0 d 0 0 u 2 u 0 0 u 0 
2 2 u u 0 0 2 u 0 u 2 u 0 0 u 0 2 0 0 0 0 0 2 0 d 0 2 u 0 d u 0 
2 2 u u 0 0 2 u 0 0 2 u 0 u u 0 2 0 0 0 0 0 2 u 0 d 2 0 d 0 u 0 
2 2 u u 0 0 2 d 0 0 2 d 0 u u 0 2 u 0 u 0 0 2 0 0 0 2 u 0 0 0 u 
2 2 u u 0 0 2 d 0 u 2 d 0 0 u 0 2 u 0 u 0 0 2 u 0 0 2 0 0 0 0 u 
2 2 u u 0 0 2 u 0 0 d 2 0 u u 0 2 0 0 0 0 0 2 u d 0 2 u 0 0 u 0 
2 2 u u 0 0 d 2 0 u 2 u 0 0 u 0 2 0 0 0 0 0 2 u 0 0 2 u d 0 u 0 
2 2 u u 0 0 2 2 0 u 2 2 0 0 u 0 d u 0 u 0 0 2 0 u 0 2 0 0 0 0 0 
2 2 u u 0 0 2 2 0 0 2 2 0 u u 0 d u 0 u 0 0 2 0 0 0 2 0 u 0 0 0 
2 2 u u 0 0 2 u 0 0 2 u 0 u u 0 2 0 0 0 0 0 2 u d 0 2 0 0 d u 0 
2 2 u u 0 0 2 u 0 u 2 u 0 0 u 0 2 0 0 0 0 0 2 0 0 d 2 u d 0 u 0 
u 2 0 u 0 0 2 2 0 0 2 2 0 u u 0 2 0 d 0 0 u 2 u 0 0 2 0 0 0 u 0 
u 2 0 u 0 0 2 2 0 u 2 2 0 0 u 0 2 0 d 0 0 u 2 0 0 0 2 u 0 0 u 0 
d 2 u u d 0 2 2 0 u 2 2 0 0 u 0 2 0 0 0 0 0 2 0 0 0 u u 0 u u 0 
d 2 u u d 0 2 2 0 0 2 2 0 u u 0 2 0 0 0 0 0 u u 0 u 2 0 0 0 u 0 
2 d u 0 u 0 2 2 0 0 2 u 0 u u 0 2 0 0 0 u 0 2 u 0 0 2 0 0 d u 0 
2 d u 0 u 0 2 u 0 u 2 2 0 0 u 0 2 0 0 0 u 0 2 0 0 d 2 u 0 0 u 0 
2 u u u 0 0 2 2 d u 2 u 0 0 u d 2 0 0 0 0 0 2 0 0 0 2 u 0 0 u 0 
2 u u u 0 0 2 u 0 0 2 2 d u u d 2 0 0 0 0 0 2 u 0 0 2 0 0 0 u 0 
2 2 u u 0 0 2 2 0 0 2 2 0 0 u u d 0 0 0 0 0 2 u u 0 2 0 0 0 u 0 
2 2 u u 0 0 2 2 0 0 2 2 0 0 u u d 0 0 0 0 0 2 0 0 0 2 u u 0 u 0 
2 u u u 0 0 2 2 0 u 2 d 0 0 u 0 2 0 0 d 0 0 2 0 0 0 2 u 0 u u 0 
2 u u u 0 0 2 d 0 0 2 2 0 u u 0 2 0 0 d 0 0 2 u 0 u 2 0 0 0 u 0 
2 d u 0 0 u 2 d u 0 2 2 0 u 0 0 2 u 0 u 0 0 2 0 0 0 2 u 0 0 u 0 
2 d u 0 0 u 2 2 0 u 2 d u 0 0 0 2 u 0 u 0 0 2 u 0 0 2 0 0 0 u 0 
2 2 u u 0 d 2 u 0 0 2 2 0 u u 0 2 u 0 0 0 u d 0 0 0 2 u 0 0 0 0 
2 2 u u 0 d 2 2 0 u 2 u 0 0 u 0 2 u 0 0 0 u 2 u 0 0 d 0 0 0 0 0 
u 2 u u u 0 2 2 0 u 2 2 0 0 u 0 2 0 0 0 0 0 2 0 0 0 d u 0 d u 0 
u 2 u u u 0 2 2 0 0 2 2 0 u u 0 2 0 0 0 0 0 d u 0 d 2 0 0 0 u 0 
2 2 0 u 0 0 2 2 0 0 2 2 u u u 0 2 u 0 0 0 0 d 0 0 0 2 u 0 0 0 u 
2 2 0 u 0 0 2 2 u u 2 2 0 0 u 0 2 u 0 0 0 0 2 u 0 0 d 0 0 0 0 u 
2 2 u u u u d d 0 0 2 2 0 u u 0 2 u 0 0 0 0 2 0 0 0 2 u 0 0 0 0 
2 2 u u u u 2 2 0 u d d 0 0 u 0 2 u 0 0 0 0 2 u 0 0 2 0 0 0 0 0 
2 2 u u 0 0 d 2 0 0 2 2 0 u u u 2 u 0 0 0 d 2 0 0 0 u u 0 0 0 0 
2 2 u u 0 0 2 2 0 u d 2 0 0 u u 2 u 0 0 0 d u u 0 0 2 0 0 0 0 0 
2 2 u u 0 0 2 2 u 0 2 2 0 u 0 0 u 0 0 0 0 0 2 u 0 0 2 0 d 0 u 0 
2 2 u u 0 0 2 2 0 u 2 2 u 0 0 0 u 0 0 0 0 0 2 0 d 0 2 u 0 0 u 0 
2 u u u 0 0 2 2 0 0 2 d 0 u u 0 2 0 0 d 0 0 2 u 0 0 2 0 0 u u 0 
2 u u u 0 0 2 d 0 u 2 2 0 0 u 0 2 0 0 d 0 0 2 0 0 u 2 u 0 0 u 0 
2 2 u u 0 d 2 2 0 0 2 u 0 u u 0 2 u 0 0 0 u 2 0 0 0 d u 0 0 0 0 
2 2 u u 0 d 2 u 0 u 2 2 0 0 u 0 2 u 0 0 0 u d u 0 0 2 0 0 0 0 0 
2 2 u u 0 0 2 2 0 0 d 2 0 u u u 2 u 0 0 0 d u 0 0 0 2 u 0 0 0 0 
2 2 u u 0 0 d 2 0 u 2 2 0 0 u u 2 u 0 0 0 d 2 u 0 0 u 0 0 0 0 0 
2 d 0 0 0 u 2 2 0 u 2 2 0 0 u 0 d u u 0 u 0 2 0 0 0 2 u 0 0 u 0 
2 d 0 0 0 u 2 2 0 0 2 2 0 u u 0 d u u 0 u 0 2 u 0 0 2 0 0 0 u 0 
2 2 u u 0 0 u 2 0 0 2 2 0 0 u 0 2 u 0 0 0 0 2 0 0 u 2 2 0 0 0 0 
2 2 u u 0 0 2 2 0 0 u 2 0 0 u 0 2 u 0 0 0 0 2 2 0 0 2 0 0 u 0 0 
2 u u 0 0 0 2 2 0 u 2 2 0 0 0 u 2 0 d u 0 0 2 0 0 0 2 u 0 0 u 0 
2 u u 0 0 0 2 2 0 0 2 2 0 u 0 u 2 0 d u 0 0 2 u 0 0 2 0 0 0 u 0 
2 u u u 0 0 2 d 0 u 2 u 0 0 u u 2 0 0 0 d 0 2 0 u 0 2 u d 0 0 0 
2 u u u 0 0 2 u 0 0 2 d 0 u u u 2 0 0 0 d 0 2 u d 0 2 0 u 0 0 0 
2 0 u 0 u 0 2 2 0 0 2 2 0 u u 0 2 0 0 0 d u 2 u 0 0 2 0 0 0 u 0 
2 0 u 0 u 0 2 2 0 u 2 2 0 0 u 0 2 0 0 0 d u 2 0 0 0 2 u 0 0 u 0 
2 u u 0 0 d 2 2 0 0 2 u d u 0 0 2 u 0 u 0 0 2 0 0 0 2 u 0 0 u 0 
2 u u 0 0 d 2 u d u 2 2 0 0 0 0 2 u 0 u 0 0 2 u 0 0 2 0 0 0 u 0 
2 u u u 0 0 2 d 0 0 2 u 0 u u u 2 0 0 0 d 0 2 u u 0 2 0 d 0 0 0 
2 u u u 0 0 2 u 0 u 2 d 0 0 u u 2 0 0 0 d 0 2 0 d 0 2 u u 0 0 0 
u 2 u u u 0 2 2 0 0 2 2 0 u u 0 2 0 0 0 0 0 2 u 0 0 d 0 0 d u 0 
u 2 u u u 0 2 2 0 u 2 2 0 0 u 0 2 0 0 0 0 0 d 0 0 d 2 u 0 0 u 0 
2 2 u u 0 0 2 2 0 0 u 2 0 u u d 2 u 0 u 0 0 d 0 0 0 2 u 0 0 0 0 
2 2 u u 0 0 u 2 0 u 2 2 0 0 u d 2 u 0 u 0 0 2 u 0 0 d 0 0 0 0 0 
2 u u u u 0 2 u 0 u 2 2 0 0 0 0 2 0 0 0 d 0 2 u d 0 2 0 0 0 u 0 
2 u u u u 0 2 2 0 0 2 u 0 u 0 0 2 0 0 0 d 0 2 0 0 0 2 u d 0 u 0 
2 2 u u 0 0 2 2 u u 2 2 0 0 0 0 u 0 0 0 0 0 2 0 0 0 2 u d 0 u 0 
2 2 u u 0 0 2 2 0 0 2 2 u u 0 0 u 0 0 0 0 0 2 u d 0 2 0 0 0 u 0 
d 2 u u d 0 2 2 0 0 2 2 0 u u 0 2 0 0 0 0 0 2 u 0 0 u 0 0 u u 0 
d 2 u u d 0 2 2 0 u 2 2 0 0 u 0 2 0 0 0 0 0 u 0 0 u 2 u 0 0 u 0 
d 2 u u 0 0 2 2 0 u 2 u 0 0 u 0 2 d 0 0 0 0 2 0 0 0 2 u 0 u u 0 
d 2 u u 0 0 2 u 0 0 2 2 0 u u 0 2 d 0 0 0 0 2 u 0 u 2 0 0 0 u 0 
2 2 u u 0 0 2 2 2 0 2 2 0 u u 0 2 0 0 0 0 0 0 u 0 0 2 0 0 0 u 0 
2 2 u u 0 0 2 2 0 u 2 2 2 0 u 0 2 0 0 0 0 0 2 0 0 0 0 u 0 0 u 0 
2 2 u 0 0 0 2 2 0 0 2 d 0 u u 0 2 u 0 0 0 0 2 u 0 0 2 0 0 u u 0 
2 2 u 0 0 0 2 d 0 u 2 2 0 0 u 0 2 u 0 0 0 0 2 0 0 u 2 u 0 0 u 0 
2 u u u 0 0 2 2 0 0 2 2 0 u u d 2 0 0 0 0 0 d u 0 0 2 u 0 0 u 0 
2 u u u 0 0 2 2 0 u 2 2 0 0 u d 2 0 0 0 0 0 2 u 0 0 d u 0 0 u 0 
2 d u 0 0 u 2 2 0 0 2 d u u 0 0 2 u 0 u 0 0 2 0 0 0 2 u 0 0 u 0 
2 d u 0 0 u 2 d u u 2 2 0 0 0 0 2 u 0 u 0 0 2 u 0 0 2 0 0 0 u 0 
2 2 u 0 0 0 2 2 0 d 2 2 0 u u 0 2 u u 0 0 0 u 0 0 0 2 u 0 0 0 0 
2 2 u 0 0 0 2 2 0 u 2 2 0 d u 0 2 u u 0 0 0 2 u 0 0 u 0 0 0 0 0 
2 2 u u 0 0 2 2 0 0 2 2 2 u u 0 2 0 0 0 0 0 2 u 0 0 0 0 0 0 u 0 
2 2 u u 0 0 2 2 2 u 2 2 0 0 u 0 2 0 0 0 0 0 0 0 0 0 2 u 0 0 u 0 
2 2 u u 0 0 2 2 0 0 u 2 0 u u d 2 u 0 0 0 u d 0 0 0 2 u 0 0 0 0 
2 2 u u 0 0 u 2 0 u 2 2 0 0 u d 2 u 0 0 0 u 2 u 0 0 d 0 0 0 0 0 
2 2 u u 0 0 2 2 0 0 2 d 0 u 2 0 u u 0 0 0 0 2 0 u 0 2 u 0 0 0 0 
2 2 u u 0 0 2 d 0 u 2 2 0 0 2 0 u u 0 0 0 0 2 u 0 0 2 0 u 0 0 0 
2 2 u u 0 0 2 2 0 u 2 d 0 0 2 0 u u 0 0 0 0 2 u u 0 2 0 0 0 0 0 
2 2 u u 0 0 2 d 0 0 2 2 0 u 2 0 u u 0 0 0 0 2 0 0 0 2 u u 0 0 0 
2 0 u 0 u 0 2 2 2 u 2 2 0 0 0 u 2 0 0 0 0 0 2 0 0 0 2 u 0 0 u 0 
2 0 u 0 u 0 2 2 0 0 2 2 2 u 0 u 2 0 0 0 0 0 2 u 0 0 2 0 0 0 u 0 
2 2 0 u 0 0 2 d 0 u 2 d u 0 u 0 2 0 u 0 0 0 2 0 u 0 2 u 0 0 u 0 
2 2 0 u 0 0 2 d u 0 2 d 0 u u 0 2 0 u 0 0 0 2 u 0 0 2 0 u 0 u 0 
2 2 0 u 0 0 2 d 0 0 2 d u u u 0 2 0 u 0 0 0 2 u u 0 2 0 0 0 u 0 
2 2 0 u 0 0 2 d u u 2 d 0 0 u 0 2 0 u 0 0 0 2 0 0 0 2 u u 0 u 0 
2 2 2 u 0 0 2 2 0 0 2 u 0 u u 0 2 d 0 0 0 0 2 u 0 0 u 0 0 0 u 0 
2 2 2 u 0 0 2 u 0 u 2 2 0 0 u 0 2 d 0 0 0 0 u 0 0 0 2 u 0 0 u 0 
2 2 u u 0 0 2 2 0 0 2 2 0 u u 0 2 u 0 d 0 0 0 u 0 0 2 0 0 0 u 0 
2 2 u u 0 0 2 2 0 u 2 2 0 0 u 0 2 u 0 d 0 0 2 0 0 0 0 u 0 0 u 0 
2 u u u u 0 2 u 0 0 2 2 0 u 0 0 2 0 0 0 d 0 2 0 d 0 2 u 0 0 u 0 
2 u u u u 0 2 2 0 u 2 u 0 0 0 0 2 0 0 0 d 0 2 u 0 0 2 0 d 0 u 0 
2 d u 0 0 0 2 2 0 u 2 u 0 0 0 0 2 u u 0 0 0 2 0 0 0 2 u d 0 u u 
2 d u 0 0 0 2 u 0 0 2 2 0 u 0 0 2 u u 0 0 0 2 u d 0 2 0 0 0 u u 
2 d u 0 0 0 2 2 0 0 2 u 0 u 0 0 2 u u 0 0 0 2 u 0 0 2 0 d 0 u u 
2 d u 0 0 0 2 u 0 u 2 2 0 0 0 0 2 u u 0 0 0 2 0 d 0 2 u 0 0 u u 
2 2 u 0 0 0 2 2 0 0 2 2 0 2 u 0 2 u u 0 0 0 2 0 0 0 u u 0 0 0 0 
2 2 u 0 0 0 2 2 0 2 2 2 0 0 u 0 2 u u 0 0 0 u u 0 0 2 0 0 0 0 0 
2 2 u u 0 0 u 2 0 u 2 2 0 0 u d d u 0 0 0 0 2 u 0 0 2 0 0 u 0 0 
2 2 u u 0 0 2 2 0 0 u 2 0 u u d d u 0 0 0 0 2 0 0 u 2 u 0 0 0 0 
d 2 u u 0 0 2 2 0 0 2 u 0 u u 0 2 d 0 0 0 0 2 u 0 0 2 0 0 u u 0 
d 2 u u 0 0 2 u 0 u 2 2 0 0 u 0 2 d 0 0 0 0 2 0 0 u 2 u 0 0 u 0 
2 u 0 0 0 0 2 2 0 u 2 2 2 0 0 0 2 u 0 0 0 0 2 0 0 0 2 u 0 0 u u 
2 u 0 0 0 0 2 2 2 0 2 2 0 u 0 0 2 u 0 0 0 0 2 u 0 0 2 0 0 0 u u 
2 0 u 0 u 0 2 2 2 0 2 2 0 u 0 u 2 0 0 0 0 0 2 u 0 0 2 0 0 0 u 0 
2 0 u 0 u 0 2 2 0 u 2 2 2 0 0 u 2 0 0 0 0 0 2 0 0 0 2 u 0 0 u 0 
2 2 2 0 0 0 u 2 0 u 2 2 0 u u 0 2 u 0 0 0 0 2 0 0 0 2 u 0 0 0 0 
2 2 2 0 0 0 2 2 0 u u 2 0 u u 0 2 u 0 0 0 0 2 u 0 0 2 0 0 0 0 0 
2 u 0 0 0 0 2 2 0 0 2 2 2 u 0 0 2 u 0 0 0 0 2 u 0 0 2 0 0 0 u u 
2 u 0 0 0 0 2 2 2 u 2 2 0 0 0 0 2 u 0 0 0 0 2 0 0 0 2 u 0 0 u u 
2 2 2 0 0 0 2 2 0 0 2 2 0 u u 0 2 u 0 0 0 0 u u 0 0 2 u 0 0 0 0 
2 2 2 0 0 0 2 2 0 u 2 2 0 0 u 0 2 u 0 0 0 0 2 u 0 0 u u 0 0 0 0 
2 u 2 u 0 0 2 2 0 0 2 2 0 u u 0 2 u 0 0 0 0 2 0 0 0 d u 0 u 0 0 
2 u 2 u 0 0 2 2 0 u 2 2 0 0 u 0 2 u 0 0 0 0 d u 0 u 2 0 0 0 0 0 
2 u 2 u 0 0 2 2 0 u 2 2 0 0 u 0 2 u 0 0 0 0 2 u 0 0 d 0 0 u 0 0 
2 u 2 u 0 0 2 2 0 0 2 2 0 u u 0 2 u 0 0 0 0 d 0 0 u 2 u 0 0 0 0 
2 2 u u 0 0 u 2 0 0 2 2 0 u u d 2 u 0 0 0 u 2 0 0 0 d u 0 0 0 0 
2 2 u u 0 0 2 2 0 u u 2 0 0 u d 2 u 0 0 0 u d u 0 0 2 0 0 0 0 0 
2 2 u u 0 0 2 2 0 u 2 0 0 0 u 0 2 0 0 0 0 2 2 0 0 0 2 u 0 0 u 0 
2 2 u u 0 0 2 0 0 0 2 2 0 u u 0 2 0 0 0 0 2 2 u 0 0 2 0 0 0 u 0 
2 2 0 0 u 0 2 2 0 0 2 2 0 u 0 0 2 u u 0 0 0 2 0 0 0 2 u 0 0 u 0 
2 2 0 0 u 0 2 2 0 u 2 2 0 0 0 0 2 u u 0 0 0 2 u 0 0 2 0 0 0 u 0 
2 2 u u 0 0 2 2 0 0 2 2 0 0 0 0 2 0 0 0 0 u 2 u 0 u 2 0 0 0 u 0 
2 2 u u 0 0 2 2 0 0 2 2 0 0 0 0 2 0 0 0 0 u 2 0 0 0 2 u 0 u u 0 
2 2 u u 0 0 2 2 0 0 2 2 0 u u 0 2 u 0 d 0 0 2 u 0 0 0 0 0 0 u 0 
2 2 u u 0 0 2 2 0 u 2 2 0 0 u 0 2 u 0 d 0 0 0 0 0 0 2 u 0 0 u 0 
d 2 u u 0 0 2 2 0 u 2 2 0 0 u d 2 0 0 0 0 0 u 0 0 0 2 u 0 u u 0 
d 2 u u 0 0 2 2 0 0 2 2 0 u u d 2 0 0 0 0 0 2 u 0 u u 0 0 0 u 0 
2 2 u u 0 0 2 d 0 u 2 u 0 0 u 0 2 0 0 0 0 0 2 0 u 0 2 u d 0 0 u 
2 2 u u 0 0 2 u 0 0 2 d 0 u u 0 2 0 0 0 0 0 2 u d 0 2 0 u 0 0 u 
2 2 u u 0 0 2 2 0 0 2 2 0 u d 0 2 u 0 0 0 0 u u 0 0 2 u 0 0 0 0 
2 2 u u 0 0 2 2 0 u 2 2 0 0 d 0 2 u 0 0 0 0 2 u 0 0 u u 0 0 0 0 
2 2 u u 0 0 2 2 0 0 2 0 0 u u 0 2 0 0 0 0 2 2 u 0 0 2 0 0 0 u 0 
2 2 u u 0 0 2 0 0 u 2 2 0 0 u 0 2 0 0 0 0 2 2 0 0 0 2 u 0 0 u 0 
2 2 u u 0 0 2 d 0 0 2 u 0 u u 0 2 0 0 0 0 0 2 u u 0 2 0 d 0 0 u 
2 2 u u 0 0 2 u 0 u 2 d 0 0 u 0 2 0 0 0 0 0 2 0 d 0 2 u u 0 0 u 
2 2 u u 0 0 u 2 0 0 2 2 0 0 u 0 2 u 0 0 0 0 2 2 0 u 2 0 0 0 0 0 
2 2 u u 0 0 2 2 0 0 u 2 0 0 u 0 2 u 0 0 0 0 2 0 0 0 2 2 0 u 0 0 
2 d u 0 0 0 2 2 0 0 2 2 0 u u 0 2 u u u 0 0 2 0 0 0 2 u 0 0 0 0 
2 d u 0 0 0 2 2 0 u 2 2 0 0 u 0 2 u u u 0 0 2 u 0 0 2 0 0 0 0 0 
2 2 u u d 0 2 2 0 u u 2 0 0 u 0 d u 0 0 0 0 2 u 0 0 2 0 0 u 0 0 
2 2 u u d 0 u 2 0 0 2 2 0 u u 0 d u 0 0 0 0 2 0 0 u 2 u 0 0 0 0 
2 2 u 2 0 0 2 2 0 0 2 2 0 u 0 0 2 u 0 0 0 0 2 u 0 0 u u 0 0 0 0 
2 2 u 2 0 0 2 2 0 u 2 2 0 0 0 0 2 u 0 0 0 0 u u 0 0 2 u 0 0 0 0 
2 0 u u 0 0 2 2 0 0 2 2 0 u u 0 2 u d 0 0 u 2 0 0 0 2 u 0 0 0 0 
2 0 u u 0 0 2 2 0 u 2 2 0 0 u 0 2 u d 0 0 u 2 u 0 0 2 0 0 0 0 0 
2 d 2 u 0 0 2 2 0 0 u 2 u u u 0 2 0 0 0 0 0 2 u 0 0 2 0 0 0 u 0 
2 d 2 u 0 0 u 2 u u 2 2 0 0 u 0 2 0 0 0 0 0 2 0 0 0 2 u 0 0 u 0 
2 2 u u 0 0 2 2 0 u d 2 u 0 u 0 2 0 0 0 0 0 2 0 0 0 u u d 0 u 0 
2 2 u u 0 0 d 2 u 0 2 2 0 u u 0 2 0 0 0 0 0 u u d 0 2 0 0 0 u 0 
2 d 2 u 0 0 2 2 0 u u 2 u 0 u 0 2 0 0 0 0 0 2 0 0 0 2 u 0 0 u 0 
2 d 2 u 0 0 u 2 u 0 2 2 0 u u 0 2 0 0 0 0 0 2 u 0 0 2 0 0 0 u 0 
2 2 u u 0 0 2 2 0 0 2 u 0 u u u 2 d 0 0 0 0 d u 0 0 2 0 0 0 u 0 
2 2 u u 0 0 2 u 0 u 2 2 0 0 u u 2 d 0 0 0 0 2 0 0 0 d u 0 0 u 0 
2 2 u u 0 0 2 2 0 0 d 2 u u u 0 2 0 0 0 0 0 2 u 0 0 u 0 d 0 u 0 
2 2 u u 0 0 d 2 u u 2 2 0 0 u 0 2 0 0 0 0 0 u 0 d 0 2 u 0 0 u 0 
2 2 u 0 0 0 2 2 0 0 2 u 0 u u 0 2 0 0 d 0 0 2 u 0 0 2 u 0 0 u 0 
2 2 u 0 0 0 2 u 0 u 2 2 0 0 u 0 2 0 0 d 0 0 2 u 0 0 2 u 0 0 u 0 
2 2 u u 0 0 2 2 0 u 2 2 0 0 u 0 d 0 0 0 u 0 2 0 0 0 u u 0 d u 0 
2 2 u u 0 0 2 2 0 0 2 2 0 u u 0 d 0 0 0 u 0 u u 0 d 2 0 0 0 u 0 
2 2 u u 0 0 u 2 0 0 2 2 0 u u d d u 0 0 0 0 2 0 0 0 2 u 0 u 0 0 
2 2 u u 0 0 2 2 0 u u 2 0 0 u d d u 0 0 0 0 2 u 0 u 2 0 0 0 0 0 
2 2 u u 0 0 2 2 0 0 2 2 0 u u 0 d 0 0 0 u 0 2 u 0 0 u 0 0 d u 0 
2 2 u u 0 0 2 2 0 u 2 2 0 0 u 0 d 0 0 0 u 0 u 0 0 d 2 u 0 0 u 0 
2 2 u u 0 0 u 2 0 0 2 2 0 u u u 2 u 0 0 0 d 2 0 0 0 2 0 0 0 0 0 
2 2 u u 0 0 2 2 0 u u 2 0 0 u u 2 u 0 0 0 d 2 0 0 0 2 0 0 0 0 0 
2 2 u u u 0 2 2 0 u 2 u 0 0 u 0 2 0 0 0 0 0 d 0 0 0 2 u 0 0 2 0 
2 2 u u u 0 2 u 0 0 2 2 0 u u 0 2 0 0 0 0 0 2 u 0 0 d 0 0 0 2 0 
2 2 u u 0 0 2 2 0 0 2 2 0 u d 0 u 0 0 0 0 u 2 u 0 0 2 0 0 0 u 0 
2 2 u u 0 0 2 2 0 u 2 2 0 0 d 0 u 0 0 0 0 u 2 0 0 0 2 u 0 0 u 0 
2 2 2 u 0 0 2 2 0 u 2 u 0 0 u 0 2 d 0 0 0 0 2 0 0 0 u u 0 0 u 0 
2 2 2 u 0 0 2 u 0 0 2 2 0 u u 0 2 d 0 0 0 0 u u 0 0 2 0 0 0 u 0 
d 2 u u 0 0 2 2 0 0 2 2 0 u u d 2 0 0 0 0 0 u u 0 0 2 0 0 u u 0 
d 2 u u 0 0 2 2 0 u 2 2 0 0 u d 2 0 0 0 0 0 2 0 0 u u u 0 0 u 0 
2 2 2 u 0 0 2 2 0 0 2 u 0 u u 0 2 0 0 0 0 0 u u 0 0 2 0 0 0 2 0 
2 2 2 u 0 0 2 u 0 u 2 2 0 0 u 0 2 0 0 0 0 0 2 0 0 0 u u 0 0 2 0 
2 2 u u 0 0 d 2 0 0 2 2 0 u u u u u 0 0 0 0 2 0 0 0 2 u 0 d 0 0 
2 2 u u 0 0 2 2 0 u d 2 0 0 u u u u 0 0 0 0 2 u 0 d 2 0 0 0 0 0 
u 2 u u 0 0 2 2 0 0 2 2 0 u 2 0 d u 0 0 0 0 2 0 0 0 2 u 0 0 u 0 
u 2 u u 0 0 2 2 0 u 2 2 0 0 2 0 d u 0 0 0 0 2 u 0 0 2 0 0 0 u 0 
2 d u u 0 0 2 2 0 0 2 u 0 u 0 u 2 0 0 0 u 0 2 u 0 0 2 0 d 0 u 0 
2 d u u 0 0 2 u 0 u 2 2 0 0 0 u 2 0 0 0 u 0 2 0 d 0 2 u 0 0 u 0 
2 2 u u 0 0 d 2 0 u 2 2 0 0 u u u u 0 0 0 0 2 u 0 0 2 0 0 d 0 0 
2 2 u u 0 0 2 2 0 0 d 2 0 u u u u u 0 0 0 0 2 0 0 d 2 u 0 0 0 0 
2 2 u u 0 0 d 2 0 0 u 2 0 u u 0 2 0 d 0 0 0 2 u 0 0 2 0 0 0 u u 
2 2 u u 0 0 u 2 0 u d 2 0 0 u 0 2 0 d 0 0 0 2 0 0 0 2 u 0 0 u u 
2 2 u u 0 0 2 2 0 0 2 2 0 u u 0 u d 0 0 0 u 2 0 0 0 2 u 0 0 0 0 
2 2 u u 0 0 2 2 0 u 2 2 0 0 u 0 u d 0 0 0 u 2 u 0 0 2 0 0 0 0 0 
2 2 u u 0 0 u d 0 0 2 2 0 u u 0 2 0 0 0 0 0 2 2 u 0 2 0 0 0 u 0 
2 2 u u 0 0 2 2 0 u u d 0 0 u 0 2 0 0 0 0 0 2 0 0 0 2 2 u 0 u 0 
2 u u u 0 0 2 2 0 u 2 d 0 0 u 0 2 0 0 0 0 0 2 0 u 0 2 u 0 0 u d 
2 u u u 0 0 2 d 0 0 2 2 0 u u 0 2 0 0 0 0 0 2 u 0 0 2 0 u 0 u d 
2 2 u u 0 0 2 2 0 0 u 2 u u u 0 2 0 0 0 0 0 2 d 0 0 2 0 0 0 u 0 
2 2 u u 0 0 u 2 u u 2 2 0 0 u 0 2 0 0 0 0 0 2 0 0 0 2 d 0 0 u 0 
2 2 u u 0 u d 2 0 0 2 d 0 u u u 2 u 0 0 0 0 2 0 0 0 2 u 0 0 0 0 
2 2 u u 0 u 2 d 0 u d 2 0 0 u u 2 u 0 0 0 0 2 u 0 0 2 0 0 0 0 0 
2 u u u 0 0 2 2 0 0 2 d 0 u u 0 2 0 0 0 0 0 2 u u 0 2 0 0 0 u d 
2 u u u 0 0 2 d 0 u 2 2 0 0 u 0 2 0 0 0 0 0 2 0 0 0 2 u u 0 u d 
2 2 u u 0 0 2 2 0 0 d u 0 u u 2 2 0 0 0 0 0 2 u 0 0 2 0 0 0 u 0 
2 2 u u 0 0 d u 0 u 2 2 0 0 u 2 2 0 0 0 0 0 2 0 0 0 2 u 0 0 u 0 
2 d u u 0 0 2 2 0 u 2 u 0 0 0 u 2 0 0 0 u 0 2 0 0 0 2 u d 0 u 0 
2 d u u 0 0 2 u 0 0 2 2 0 u 0 u 2 0 0 0 u 0 2 u d 0 2 0 0 0 u 0 
2 2 u u 0 0 u 2 0 0 d 2 0 u u 0 2 0 d 0 0 0 2 u 0 0 2 0 0 0 u u 
2 2 u u 0 0 d 2 0 u u 2 0 0 u 0 2 0 d 0 0 0 2 0 0 0 2 u 0 0 u u 
2 2 u u 0 0 2 2 0 0 2 u 0 u 0 0 2 0 0 0 0 d 2 u u 0 2 0 0 0 u 0 
2 2 u u 0 0 2 u 0 u 2 2 0 0 0 0 2 0 0 0 0 d 2 0 0 0 2 u u 0 u 0 
2 2 u 0 0 0 2 2 0 0 2 u 0 u 0 u 2 u 0 0 0 0 2 u 0 0 2 0 0 d 0 u 
2 2 u 0 0 0 2 u 0 u 2 2 0 0 0 u 2 u 0 0 0 0 2 0 0 d 2 u 0 0 0 u 
2 2 u u u 0 2 d 0 u 2 2 0 u 0 0 2 u 0 0 0 0 2 u 0 0 2 0 0 0 0 0 
2 2 u u u 0 2 2 0 u 2 d 0 u 0 0 2 u 0 0 0 0 2 0 0 0 2 u 0 0 0 0 
2 2 2 u 0 0 u 2 0 0 2 2 0 u u 0 2 u 0 0 0 0 2 0 0 0 2 0 0 0 0 u 
2 2 2 u 0 0 2 2 0 u u 2 0 0 u 0 2 u 0 0 0 0 2 0 0 0 2 0 0 0 0 u 
2 2 u u d 0 2 2 0 0 u 2 0 u u 0 d u 0 0 0 0 2 0 0 0 2 u 0 u 0 0 
2 2 u u d 0 u 2 0 u 2 2 0 0 u 0 d u 0 0 0 0 2 u 0 u 2 0 0 0 0 0 
d 2 u u 0 0 2 2 0 0 2 2 0 0 u 0 2 0 0 u 0 0 2 0 u 0 2 u 0 0 u 0 
d 2 u u 0 0 2 2 0 0 2 2 0 0 u 0 2 0 0 u 0 0 2 u 0 0 2 0 u 0 u 0 
2 2 u 2 u 0 u d 0 0 2 2 0 u u 0 2 u 0 0 0 0 2 0 0 0 2 u 0 0 0 0 
2 2 u 2 u 0 2 2 0 u u d 0 0 u 0 2 u 0 0 0 0 2 u 0 0 2 0 0 0 0 0 
2 2 u u 0 0 u d 0 u 2 2 0 0 u 0 2 0 0 0 0 0 2 d u 0 2 u 0 0 u 0 
2 2 u u 0 0 2 2 0 0 u d 0 u u 0 2 0 0 0 0 0 2 u 0 0 2 d u 0 u 0 
2 u 0 0 0 0 2 u 0 0 2 2 0 u 0 u 2 u u 0 d 0 2 u d 0 2 0 0 0 0 u 
2 u 0 0 0 0 2 2 0 u 2 u 0 0 0 u 2 u u 0 d 0 2 0 0 0 2 u d 0 0 u 
2 u 0 0 0 0 2 u 0 u 2 2 0 0 0 u 2 u u 0 d 0 2 0 d 0 2 u 0 0 0 u 
2 u 0 0 0 0 2 2 0 0 2 u 0 u 0 u 2 u u 0 d 0 2 u 0 0 2 0 d 0 0 u 
2 2 u u 0 0 2 u u u 2 2 0 0 u 0 2 0 0 0 0 0 d 0 d 0 2 u 0 0 u 0 
2 2 u u 0 0 2 2 0 0 2 u u u u 0 2 0 0 0 0 0 2 u 0 0 d 0 d 0 u 0 
2 2 u u 0 0 2 2 0 u 2 u 0 0 0 0 2 0 0 0 0 d 2 0 u 0 2 u 0 0 u 0 
2 2 u u 0 0 2 u 0 0 2 2 0 u 0 0 2 0 0 0 0 d 2 u 0 0 2 0 u 0 u 0 
2 2 u u 0 0 d u 2 0 2 2 0 u u 0 2 u 0 0 0 0 2 0 0 0 2 u 0 0 0 0 
2 2 u u 0 0 2 2 0 u d u 2 0 u 0 2 u 0 0 0 0 2 u 0 0 2 0 0 0 0 0 
2 2 u u 0 0 d u 2 u 2 2 0 0 u 0 2 u 0 0 0 0 2 u 0 0 2 0 0 0 0 0 
2 2 u u 0 0 2 2 0 0 d u 2 u u 0 2 u 0 0 0 0 2 0 0 0 2 u 0 0 0 0 
2 2 u u 0 0 2 2 0 u 2 2 0 0 0 u 2 u 0 0 0 0 2 0 u 0 2 0 0 0 0 0 
2 2 u u 0 0 2 2 0 0 2 2 0 u 0 u 2 u 0 0 0 0 2 0 0 0 2 0 u 0 0 0 
2 2 0 u 0 0 2 u 0 0 2 2 0 u u 0 2 u 0 u 0 0 2 0 d 0 2 u 0 0 0 0 
2 2 0 u 0 0 2 2 0 u 2 u 0 0 u 0 2 u 0 u 0 0 2 u 0 0 2 0 d 0 0 0 
2 u u 0 0 0 2 0 0 0 2 2 0 u 0 u 2 u 0 0 d 0 2 u 2 0 2 0 0 0 u 0 
2 u u 0 0 0 2 2 0 u 2 0 0 0 0 u 2 u 0 0 d 0 2 0 0 0 2 u 2 0 u 0 
d u 2 u 0 u 2 2 0 0 2 2 0 u u 0 2 u 0 0 0 0 2 0 0 0 2 u 0 0 0 0 
d u 2 u 0 u 2 2 0 u 2 2 0 0 u 0 2 u 0 0 0 0 2 u 0 0 2 0 0 0 0 0 
2 2 u 0 0 0 2 2 0 u 2 d 0 0 u 0 2 u 0 0 0 0 2 u u 0 2 0 0 0 u 0 
2 2 u 0 0 0 2 d 0 0 2 2 0 u u 0 2 u 0 0 0 0 2 0 0 0 2 u u 0 u 0 
2 u u 0 0 0 2 0 0 u 2 2 0 0 0 u 2 u 0 0 d 0 2 0 2 0 2 u 0 0 u 0 
2 u u 0 0 0 2 2 0 0 2 0 0 u 0 u 2 u 0 0 d 0 2 u 0 0 2 0 2 0 u 0 
2 u u u 0 d 2 2 0 u 2 u d 0 u 0 2 0 0 u 0 0 2 u 0 0 2 0 0 0 0 0 
2 u u u 0 d 2 u d 0 2 2 0 u u 0 2 0 0 u 0 0 2 0 0 0 2 u 0 0 0 0 
2 2 u u 0 0 d 2 0 0 u 2 0 u u 0 2 0 0 0 0 u 2 u 0 0 2 0 0 0 2 0 
2 2 u u 0 0 u 2 0 u d 2 0 0 u 0 2 0 0 0 0 u 2 0 0 0 2 u 0 0 2 0 
2 2 u u 0 0 2 0 0 u 2 2 2 0 u 0 2 0 0 0 0 0 2 0 0 0 2 u 0 0 u 0 
2 2 u u 0 0 2 2 2 0 2 0 0 u u 0 2 0 0 0 0 0 2 u 0 0 2 0 0 0 u 0 
2 2 0 u 0 0 2 2 0 0 2 u 0 u u 0 2 u 0 u 0 0 2 0 0 0 2 u d 0 0 0 
2 2 0 u 0 0 2 u 0 u 2 2 0 0 u 0 2 u 0 u 0 0 2 u d 0 2 0 0 0 0 0 
2 d 0 0 0 u 2 2 0 0 2 2 0 u u 0 2 u u 0 0 0 2 u 0 0 2 0 0 0 u 0 
2 d 0 0 0 u 2 2 0 u 2 2 0 0 u 0 2 u u 0 0 0 2 0 0 0 2 u 0 0 u 0 
2 d u u 0 u 2 2 0 0 2 2 0 u u 0 2 0 0 0 0 0 2 u 0 0 d 0 0 u u 0 
2 d u u 0 u 2 2 0 u 2 2 0 0 u 0 2 0 0 0 0 0 d 0 0 u 2 u 0 0 u 0 
2 2 u u 0 d 2 0 0 u 2 2 0 0 0 0 2 u 0 0 0 0 2 0 0 0 2 u 0 0 u u 
2 2 u u 0 d 2 2 0 0 2 0 0 u 0 0 2 u 0 0 0 0 2 u 0 0 2 0 0 0 u u 
2 2 u u 0 0 2 0 0 0 2 2 2 u u 0 2 0 0 0 0 0 2 u 0 0 2 0 0 0 u 0 
2 2 u u 0 0 2 2 2 u 2 0 0 0 u 0 2 0 0 0 0 0 2 0 0 0 2 u 0 0 u 0 
2 2 u 0 0 0 2 2 0 u 2 u 0 0 0 u 2 u 0 0 0 0 2 0 0 0 2 u 0 d 0 u 
2 2 u 0 0 0 2 u 0 0 2 2 0 u 0 u 2 u 0 0 0 0 2 u 0 d 2 0 0 0 0 u 
2 d u u 0 u 2 2 0 u 2 2 0 0 u 0 2 0 0 0 0 0 2 0 0 0 d u 0 u u 0 
2 d u u 0 u 2 2 0 0 2 2 0 u u 0 2 0 0 0 0 0 d u 0 u 2 0 0 0 u 0 
2 2 u u 0 u 2 d 0 0 d 2 0 u u u 2 u 0 0 0 0 2 0 0 0 2 u 0 0 0 0 
2 2 u u 0 u d 2 0 u 2 d 0 0 u u 2 u 0 0 0 0 2 u 0 0 2 0 0 0 0 0 
2 2 u 2 0 0 2 d 0 u 2 2 0 0 u 0 u u 0 0 0 0 2 u u 0 2 0 0 0 0 0 
2 2 u 2 0 0 2 2 0 0 2 d 0 u u 0 u u 0 0 0 0 2 0 0 0 2 u u 0 0 0 
2 2 u u 0 0 2 2 0 u u 2 u 0 u 0 2 0 0 0 0 0 2 0 0 0 2 d 0 0 u 0 
2 2 u u 0 0 u 2 u 0 2 2 0 u u 0 2 0 0 0 0 0 2 d 0 0 2 0 0 0 u 0 
2 2 u 2 0 0 2 d 0 0 2 2 0 u u 0 u u 0 0 0 0 2 0 u 0 2 u 0 0 0 0 
2 2 u 2 0 0 2 2 0 u 2 d 0 0 u 0 u u 0 0 0 0 2 u 0 0 2 0 u 0 0 0 
2 2 u u 0 0 2 u 0 u d 2 0 0 u 0 2 u 0 0 0 0 2 u 0 d 2 0 0 u 0 0 
2 2 u u 0 0 d 2 0 0 2 u 0 u u 0 2 u 0 0 0 0 2 0 0 u 2 u 0 d 0 0 
2 d u 0 u 0 2 2 0 0 2 2 0 u u u 2 0 0 0 0 u 2 u 0 0 2 0 0 0 0 0 
2 d u 0 u 0 2 2 0 u 2 2 0 0 u u 2 0 0 0 0 u 2 0 0 0 2 u 0 0 0 0 
2 2 u u 0 0 2 u u 0 2 2 0 u u 0 2 0 0 0 0 0 d u d 0 2 0 0 0 u 0 
2 2 u u 0 0 2 2 0 u 2 u u 0 u 0 2 0 0 0 0 0 2 0 0 0 d u d 0 u 0 
2 2 u 2 0 0 2 u 0 0 2 u 0 u 2 0 2 0 0 0 0 0 2 u 0 0 2 0 0 0 0 u 
2 2 u 2 0 0 2 u 0 u 2 u 0 0 2 0 2 0 0 0 0 0 2 0 0 0 2 u 0 0 0 u 
2 2 u u 0 0 2 u 0 0 d 2 0 u u 0 2 u 0 0 0 0 2 0 0 d 2 u 0 u 0 0 
2 2 u u 0 0 d 2 0 u 2 u 0 0 u 0 2 u 0 0 0 0 2 u 0 u 2 0 0 d 0 0 
2 2 2 u 0 0 2 2 0 u 2 u 0 0 u 0 2 0 0 0 0 0 u 0 0 0 2 u 0 0 2 0 
2 2 2 u 0 0 2 u 0 0 2 2 0 u u 0 2 0 0 0 0 0 2 u 0 0 u 0 0 0 2 0 
2 2 u u d 0 2 2 0 0 u 2 0 u u 0 2 u 0 0 0 u 2 0 0 0 d u 0 0 0 0 
2 2 u u d 0 u 2 0 u 2 2 0 0 u 0 2 u 0 0 0 u d u 0 0 2 0 0 0 0 0 
2 2 u u u 0 2 2 0 0 2 2 0 0 u 0 d 0 0 0 0 0 2 0 u 0 2 u 0 0 u 0 
2 2 u u u 0 2 2 0 0 2 2 0 0 u 0 d 0 0 0 0 0 2 u 0 0 2 0 u 0 u 0 
d 2 u u 0 0 2 2 0 u u 2 0 0 u 0 2 u 0 0 0 0 2 u u 0 2 0 0 0 0 d 
d 2 u u 0 0 u 2 0 0 2 2 0 u u 0 2 u 0 0 0 0 2 0 0 0 2 u u 0 0 d 
2 2 u u d 0 u 2 0 0 2 2 0 u u 0 2 u 0 0 0 u d 0 0 0 2 u 0 0 0 0 
2 2 u u d 0 2 2 0 u u 2 0 0 u 0 2 u 0 0 0 u 2 u 0 0 d 0 0 0 0 0 
2 2 0 u 0 0 u 2 0 0 2 2 0 u u 0 2 u 0 u 0 0 2 d 0 0 2 u 0 0 0 0 
2 2 0 u 0 0 2 2 0 u u 2 0 0 u 0 2 u 0 u 0 0 2 u 0 0 2 d 0 0 0 0 
2 u 0 u 0 0 2 d 0 u 2 2 0 0 u u 2 0 u 0 0 d 2 0 u 0 2 u 0 0 0 0 
2 u 0 u 0 0 2 2 0 0 2 d 0 u u u 2 0 u 0 0 d 2 u 0 0 2 0 u 0 0 0 
2 2 0 u 0 0 2 2 0 0 2 2 u u u 0 2 u 0 u 0 0 2 0 0 0 d u 0 0 0 0 
2 2 0 u 0 0 2 2 u u 2 2 0 0 u 0 2 u 0 u 0 0 d u 0 0 2 0 0 0 0 0 
2 u 0 u 0 0 2 d 0 0 2 2 0 u u u 2 0 u 0 0 d 2 u u 0 2 0 0 0 0 0 
2 u 0 u 0 0 2 2 0 u 2 d 0 0 u u 2 0 u 0 0 d 2 0 0 0 2 u u 0 0 0 
2 2 u u 0 0 u 2 0 0 d 2 0 u u 0 2 0 0 0 0 u 2 u 0 0 2 0 0 0 2 0 
2 2 u u 0 0 d 2 0 u u 2 0 0 u 0 2 0 0 0 0 u 2 0 0 0 2 u 0 0 2 0 
2 2 u u 0 0 2 2 0 0 2 u 0 u 0 0 2 0 0 0 0 u 2 2 0 0 2 0 0 0 u 0 
2 2 u u 0 0 2 u 0 u 2 2 0 0 0 0 2 0 0 0 0 u 2 0 0 0 2 2 0 0 u 0 
d 2 u u 0 0 2 2 0 0 u 2 0 u u 0 2 u 0 0 0 0 2 0 u 0 2 u 0 0 0 d 
d 2 u u 0 0 u 2 0 u 2 2 0 0 u 0 2 u 0 0 0 0 2 u 0 0 2 0 u 0 0 d 
d 2 u u 0 0 2 2 0 0 2 2 0 u 0 0 2 0 u 0 0 0 2 u 0 0 2 0 0 0 u u 
d 2 u u 0 0 2 2 0 u 2 2 0 0 0 0 2 0 u 0 0 0 2 0 0 0 2 u 0 0 u u 
2 2 u u 0 0 2 2 d 0 2 d 0 u u 0 u 0 0 0 0 0 2 u 0 0 2 0 0 0 u u 
2 2 u u 0 0 2 d 0 u 2 2 d 0 u 0 u 0 0 0 0 0 2 0 0 0 2 u 0 0 u u 
2 u u u 0 d 2 2 0 0 2 u d u u 0 2 0 0 u 0 0 2 0 0 0 2 u 0 0 0 0 
2 u u u 0 d 2 u d u 2 2 0 0 u 0 2 0 0 u 0 0 2 u 0 0 2 0 0 0 0 0 
2 d u u 0 0 2 0 0 0 2 2 0 u 0 0 2 u 0 0 u 0 2 0 2 0 2 u 0 0 u 0 
2 d u u 0 0 2 2 0 u 2 0 0 0 0 0 2 u 0 0 u 0 2 u 0 0 2 0 2 0 u 0 
2 u u u 0 0 2 d 0 0 2 2 0 u u 0 2 0 0 0 0 0 2 u 0 0 2 0 0 u u d 
2 u u u 0 0 2 2 0 u 2 d 0 0 u 0 2 0 0 0 0 0 2 0 0 u 2 u 0 0 u d 
2 2 u u 0 0 2 2 0 u 2 0 2 0 u 0 2 0 0 u 0 0 2 u 0 0 2 0 0 0 0 0 
2 2 u u 0 0 2 0 2 0 2 2 0 u u 0 2 0 0 u 0 0 2 0 0 0 2 u 0 0 0 0 
2 2 u d 0 0 2 u 0 0 2 u 0 u u 0 2 u 0 0 0 0 2 u 0 0 2 0 0 0 2 0 
2 2 u d 0 0 2 u 0 u 2 u 0 0 u 0 2 u 0 0 0 0 2 0 0 0 2 u 0 0 2 0 
2 d u u 0 0 2 0 0 u 2 2 0 0 0 0 2 u 0 0 u 0 2 u 2 0 2 0 0 0 u 0 
2 d u u 0 0 2 2 0 0 2 0 0 u 0 0 2 u 0 0 u 0 2 0 0 0 2 u 2 0 u 0 
2 d u 0 0 0 2 u 0 u 2 u 0 0 u 0 2 u 0 0 u 0 2 0 d 0 2 u 0 d u 0 
2 d u 0 0 0 2 u 0 0 2 u 0 u u 0 2 u 0 0 u 0 2 u 0 d 2 0 d 0 u 0 
2 u u u 0 0 2 d 0 u 2 2 0 0 u 0 2 0 0 0 0 0 2 0 0 0 2 u 0 u u d 
2 u u u 0 0 2 2 0 0 2 d 0 u u 0 2 0 0 0 0 0 2 u 0 u 2 0 0 0 u d 
2 2 u u 0 0 2 2 0 0 2 0 2 u u 0 2 0 0 u 0 0 2 0 0 0 2 u 0 0 0 0 
2 2 u u 0 0 2 0 2 u 2 2 0 0 u 0 2 0 0 u 0 0 2 u 0 0 2 0 0 0 0 0 
2 d u 0 0 0 2 u 0 0 2 u 0 u u 0 2 u 0 0 u 0 2 u d 0 2 0 0 d u 0 
2 d u 0 0 0 2 u 0 u 2 u 0 0 u 0 2 u 0 0 u 0 2 0 0 d 2 u d 0 u 0 
2 u 0 0 0 0 2 u 0 u 2 2 0 0 u 0 2 0 0 u 2 0 2 0 d 0 2 u 0 0 u 0 
2 u 0 0 0 0 2 2 0 0 2 u 0 u u 0 2 0 0 u 2 0 2 u 0 0 2 0 d 0 u 0 
2 2 u 0 0 0 2 u 0 u 2 u 0 0 0 0 2 0 0 u 0 0 2 0 d 0 2 u d 0 u u 
2 2 u 0 0 0 2 u 0 0 2 u 0 u 0 0 2 0 0 u 0 0 2 u d 0 2 0 d 0 u u 
2 2 u u 0 0 2 2 d u 2 d 0 0 u 0 u 0 0 0 0 0 2 0 0 0 2 u 0 0 u u 
2 2 u u 0 0 2 d 0 0 2 2 d u u 0 u 0 0 0 0 0 2 u 0 0 2 0 0 0 u u 
2 u 0 0 0 0 2 2 0 u 2 2 0 0 u u 2 0 u u d 0 2 0 0 0 2 u 0 0 0 0 
2 u 0 0 0 0 2 2 0 0 2 2 0 u u u 2 0 u u d 0 2 u 0 0 2 0 0 0 0 0 
2 u 0 0 0 0 2 u 0 0 2 2 0 u u 0 2 0 0 u 2 0 2 u d 0 2 0 0 0 u 0 
2 u 0 0 0 0 2 2 0 u 2 u 0 0 u 0 2 0 0 u 2 0 2 0 0 0 2 u d 0 u 0 
2 2 0 0 0 u 2 2 0 u 2 u d 0 0 0 2 u 0 0 0 0 2 0 0 0 2 u 0 0 u u 
2 2 0 0 0 u 2 u d 0 2 2 0 u 0 0 2 u 0 0 0 0 2 u 0 0 2 0 0 0 u u 
2 2 u u 0 0 2 2 0 0 2 d u u u 0 2 u 0 0 0 0 2 0 0 0 u u 0 d 0 0 
2 2 u u 0 0 2 d u u 2 2 0 0 u 0 2 u 0 0 0 0 u u 0 d 2 0 0 0 0 0 
2 2 0 0 0 u 2 2 0 0 2 u d u 0 0 2 u 0 0 0 0 2 u 0 0 2 0 0 0 u u 
2 2 0 0 0 u 2 u d u 2 2 0 0 0 0 2 u 0 0 0 0 2 0 0 0 2 u 0 0 u u 
2 2 u 0 u u 2 2 0 0 2 2 0 u u u d 0 0 0 0 0 2 u 0 0 2 0 0 0 0 0 
2 2 u 0 u u 2 2 0 u 2 2 0 0 u u d 0 0 0 0 0 2 0 0 0 2 u 0 0 0 0 
2 2 0 u u 0 2 2 0 0 2 2 0 u u 0 2 u 0 0 0 0 2 0 0 0 d u 0 u 0 0 
2 2 0 u u 0 2 2 0 u 2 2 0 0 u 0 2 u 0 0 0 0 d u 0 u 2 0 0 0 0 0 
d 2 u u 0 u 2 2 0 0 2 2 0 u u 0 d 0 0 0 u 0 2 u 0 0 2 0 0 0 u 0 
d 2 u u 0 u 2 2 0 u 2 2 0 0 u 0 d 0 0 0 u 0 2 0 0 0 2 u 0 0 u 0 
2 2 u u 0 0 2 2 0 u 2 d u 0 u 0 2 u 0 0 0 0 2 u 0 0 u 0 0 d 0 0 
2 2 u u 0 0 2 d u 0 2 2 0 u u 0 2 u 0 0 0 0 u 0 0 d 2 u 0 0 0 0 
2 2 u 0 0 0 2 d 0 u 2 0 0 0 u 0 2 u 0 0 0 0 2 0 u 0 2 u u d u 0 
2 2 u 0 0 0 2 0 0 0 2 d 0 u u 0 2 u 0 0 0 0 2 u u d 2 0 u 0 u 0 
2 2 0 0 u 0 2 2 0 0 2 u 0 u 0 u 2 u u 0 0 0 2 0 0 0 2 u d 0 0 0 
2 2 0 0 u 0 2 u 0 u 2 2 0 0 0 u 2 u u 0 0 0 2 u d 0 2 0 0 0 0 0 
2 2 u 0 0 0 2 d 0 0 2 0 0 u u 0 2 u 0 0 0 0 2 u u 0 2 0 u d u 0 
2 2 u 0 0 0 2 0 0 u 2 d 0 0 u 0 2 u 0 0 0 0 2 0 u d 2 u u 0 u 0 
2 d u 0 0 0 2 2 0 u 2 2 0 0 0 u 2 u 0 0 0 u 2 0 0 0 2 u 0 0 0 u 
2 d u 0 0 0 2 2 0 0 2 2 0 u 0 u 2 u 0 0 0 u 2 u 0 0 2 0 0 0 0 u 
2 2 0 0 u 0 2 u 0 0 2 2 0 u 0 u 2 u u 0 0 0 2 0 d 0 2 u 0 0 0 0 
2 2 0 0 u 0 2 2 0 u 2 u 0 0 0 u 2 u u 0 0 0 2 u 0 0 2 0 d 0 0 0 
2 2 u u 0 0 d 2 0 0 u 2 0 u u 0 2 0 0 0 0 d 2 u 0 0 2 0 0 0 u u 
2 2 u u 0 0 u 2 0 u d 2 0 0 u 0 2 0 0 0 0 d 2 0 0 0 2 u 0 0 u u 
2 2 u u 0 0 2 2 0 u 2 u u 0 u 0 d 0 0 0 d 0 2 0 0 0 2 u 0 0 u 0 
2 2 u u 0 0 2 u u 0 2 2 0 u u 0 d 0 0 0 d 0 2 u 0 0 2 0 0 0 u 0 
2 d u u 0 u 2 2 0 u 2 2 0 0 u 0 2 u 0 0 0 0 u u d 0 2 0 0 0 0 0 
2 d u u 0 u 2 2 0 0 2 2 0 u u 0 2 u 0 0 0 0 2 0 0 0 u u d 0 0 0 
2 d u u 0 u 2 2 0 0 2 2 0 u u 0 2 u 0 0 0 0 u 0 d 0 2 u 0 0 0 0 
2 d u u 0 u 2 2 0 u 2 2 0 0 u 0 2 u 0 0 0 0 2 u 0 0 u 0 d 0 0 0 
2 2 u u 0 0 2 2 0 0 2 u u u u 0 d 0 0 0 d 0 2 u 0 0 2 0 0 0 u 0 
2 2 u u 0 0 2 u u u 2 2 0 0 u 0 d 0 0 0 d 0 2 0 0 0 2 u 0 0 u 0 
2 2 0 u 0 0 2 2 0 u 2 2 u 0 u 0 2 u 0 u 0 0 2 u 0 0 d 0 0 0 0 0 
2 2 0 u 0 0 2 2 u 0 2 2 0 u u 0 2 u 0 u 0 0 d 0 0 0 2 u 0 0 0 0 
2 2 u u 0 0 u 2 0 0 d 2 0 u u 0 2 0 0 0 0 d 2 u 0 0 2 0 0 0 u u 
2 2 u u 0 0 d 2 0 u u 2 0 0 u 0 2 0 0 0 0 d 2 0 0 0 2 u 0 0 u u 
2 u u u 0 d 2 2 0 0 2 2 0 u u 0 2 u 0 0 0 0 d 0 u 0 2 u 0 0 0 0 
2 u u u 0 d 2 2 0 u 2 2 0 0 u 0 2 u 0 0 0 0 2 u 0 0 d 0 u 0 0 0 
2 u u u 0 d 2 2 0 u 2 2 0 0 u 0 2 u 0 0 0 0 d u u 0 2 0 0 0 0 0 
2 u u u 0 d 2 2 0 0 2 2 0 u u 0 2 u 0 0 0 0 2 0 0 0 d u u 0 0 0 
d 2 u u 0 0 u 2 0 u 2 2 0 0 u 0 2 u 0 d 0 0 2 u u 0 2 0 0 0 0 0 
d 2 u u 0 0 2 2 0 0 u 2 0 u u 0 2 u 0 d 0 0 2 0 0 0 2 u u 0 0 0 
2 0 u 0 u 0 2 2 0 0 2 2 0 u 0 u 2 0 0 0 0 2 2 u 0 0 2 0 0 0 u 0 
2 0 u 0 u 0 2 2 0 u 2 2 0 0 0 u 2 0 0 0 0 2 2 0 0 0 2 u 0 0 u 0 
d 2 u u 0 0 u 2 0 0 2 2 0 u u 0 2 u 0 d 0 0 2 0 u 0 2 u 0 0 0 0 
d 2 u u 0 0 2 2 0 u u 2 0 0 u 0 2 u 0 d 0 0 2 u 0 0 2 0 u 0 0 0 
2 2 u u 0 0 2 2 0 0 2 2 0 0 u u u u 0 0 0 0 2 u 0 0 2 0 0 d 0 0 
2 2 u u 0 0 2 2 0 0 2 2 0 0 u u u u 0 0 0 0 2 0 0 d 2 u 0 0 0 0 
2 2 0 u 0 0 2 2 0 0 u 2 0 u u 0 2 u 0 u 0 0 2 0 0 0 2 2 0 0 0 0 
2 2 0 u 0 0 u 2 0 u 2 2 0 0 u 0 2 u 0 u 0 0 2 2 0 0 2 0 0 0 0 0 
2 2 u 0 0 0 2 d 0 u 2 d 0 0 0 0 2 0 0 u 0 0 2 0 u 0 2 u u 0 u u 
2 2 u 0 0 0 2 d 0 0 2 d 0 u 0 0 2 0 0 u 0 0 2 u u 0 2 0 u 0 u u 
2 2 u u 0 0 2 2 0 u 2 u 0 0 0 0 2 0 0 0 0 u 2 d 0 0 2 u 0 0 u 0 
2 2 u u 0 0 2 u 0 0 2 2 0 u 0 0 2 0 0 0 0 u 2 u 0 0 2 d 0 0 u 0 
2 u u 0 u 0 2 2 0 0 2 2 0 u 0 0 2 u d 0 0 0 2 0 0 0 2 u 0 0 u 0 
2 u u 0 u 0 2 2 0 u 2 2 0 0 0 0 2 u d 0 0 0 2 u 0 0 2 0 0 0 u 0 
2 2 u u 0 d 2 0 0 0 2 2 0 u 0 0 2 u 0 0 0 0 2 u 0 0 2 0 0 0 u u 
2 2 u u 0 d 2 2 0 u 2 0 0 0 0 0 2 u 0 0 0 0 2 0 0 0 2 u 0 0 u u 
2 d u u 0 0 2 2 u u 2 2 0 0 u 0 u u 0 0 0 0 2 u d 0 2 0 0 0 0 0 
2 d u u 0 0 2 2 0 0 2 2 u u u 0 u u 0 0 0 0 2 0 0 0 2 u d 0 0 0 
d 2 u u 0 0 2 2 0 0 2 u 0 u u 0 2 u u 0 0 0 2 0 0 0 2 u d 0 0 0 
d 2 u u 0 0 2 u 0 u 2 2 0 0 u 0 2 u u 0 0 0 2 u d 0 2 0 0 0 0 0 
2 2 u u 0 0 2 2 0 u 2 0 0 0 u 0 2 u 0 2 0 0 2 u 0 0 2 0 0 0 0 0 
2 2 u u 0 0 2 0 0 0 2 2 0 u u 0 2 u 0 2 0 0 2 0 0 0 2 u 0 0 0 0 
2 2 0 u 0 0 u 2 0 u 2 2 0 0 u 0 2 0 0 0 u 0 2 0 d 0 2 u 0 0 u 0 
2 2 0 u 0 0 2 2 0 0 u 2 0 u u 0 2 0 0 0 u 0 2 u 0 0 2 0 d 0 u 0 
2 2 0 u 0 0 u 2 0 0 2 2 0 u u 0 2 0 0 0 u 0 2 u d 0 2 0 0 0 u 0 
2 2 0 u 0 0 2 2 0 u u 2 0 0 u 0 2 0 0 0 u 0 2 0 0 0 2 u d 0 u 0 
2 d u u 0 0 2 2 u 0 2 2 0 u u 0 u u 0 0 0 0 2 0 d 0 2 u 0 0 0 0 
2 d u u 0 0 2 2 0 u 2 2 u 0 u 0 u u 0 0 0 0 2 u 0 0 2 0 d 0 0 0 
d 2 u u 0 0 2 2 0 u 2 u 0 0 u 0 2 u u 0 0 0 2 u 0 0 2 0 d 0 0 0 
d 2 u u 0 0 2 u 0 0 2 2 0 u u 0 2 u u 0 0 0 2 0 d 0 2 u 0 0 0 0 
d 2 u u 0 0 2 u 0 u 2 2 0 0 u 0 2 0 0 0 0 0 2 0 0 0 2 u 0 u 2 0 
d 2 u u 0 0 2 2 0 0 2 u 0 u u 0 2 0 0 0 0 0 2 u 0 u 2 0 0 0 2 0 
2 2 u u 0 0 2 2 0 u 2 d u 0 u 0 d 0 0 0 0 u 2 0 0 0 2 u 0 0 u 0 
2 2 u u 0 0 2 d u 0 2 2 0 u u 0 d 0 0 0 0 u 2 u 0 0 2 0 0 0 u 0 
2 2 0 u u 0 2 2 0 u 2 2 0 0 u 0 2 u 0 0 0 0 2 u 0 0 d 0 0 u 0 0 
2 2 0 u u 0 2 2 0 0 2 2 0 u u 0 2 u 0 0 0 0 d 0 0 u 2 u 0 0 0 0 
2 2 u u 0 0 2 2 0 0 2 d u u u 0 d 0 0 0 0 u 2 u 0 0 2 0 0 0 u 0 
2 2 u u 0 0 2 d u u 2 2 0 0 u 0 d 0 0 0 0 u 2 0 0 0 2 u 0 0 u 0 
2 2 u 0 0 0 2 2 0 u 2 u 0 0 u 0 2 0 0 0 0 0 2 u 0 0 2 u 0 0 u d 
2 2 u 0 0 0 2 u 0 0 2 2 0 u u 0 2 0 0 0 0 0 2 u 0 0 2 u 0 0 u d 
2 2 u 0 0 0 2 0 0 u 2 2 0 0 u u 2 u 0 0 0 0 2 0 0 0 2 u 0 0 u d 
2 2 u 0 0 0 2 2 0 0 2 0 0 u u u 2 u 0 0 0 0 2 u 0 0 2 0 0 0 u d 
2 2 u u 0 0 2 2 0 u d u 0 0 u 2 2 0 0 0 0 0 2 0 0 0 2 u 0 0 u 0 
2 2 u u 0 0 d u 0 0 2 2 0 u u 2 2 0 0 0 0 0 2 u 0 0 2 0 0 0 u 0 
2 u 0 0 u 0 2 2 0 u 2 2 0 0 0 u 2 0 u 0 d 0 2 0 0 0 2 u 0 0 u 0 
2 u 0 0 u 0 2 2 0 0 2 2 0 u 0 u 2 0 u 0 d 0 2 u 0 0 2 0 0 0 u 0 
d 2 u u 0 0 2 u 0 0 2 2 0 u u 0 2 0 0 0 0 0 2 u 0 0 2 0 0 u 2 0 
d 2 u u 0 0 2 2 0 u 2 u 0 0 u 0 2 0 0 0 0 0 2 0 0 u 2 u 0 0 2 0 
2 2 u u 0 0 2 2 0 0 2 d u u u 0 d u 0 0 u 0 2 0 0 0 2 u 0 0 0 0 
2 2 u u 0 0 2 d u u 2 2 0 0 u 0 d u 0 0 u 0 2 u 0 0 2 0 0 0 0 0 
u 2 u u 0 0 2 2 0 0 d 2 0 u u 0 2 u 0 0 0 0 2 u 0 0 2 0 0 d u 0 
u 2 u u 0 0 d 2 0 u 2 2 0 0 u 0 2 u 0 0 0 0 2 0 0 d 2 u 0 0 u 0 
u 2 u u 0 0 2 2 0 u d 2 0 0 u 0 2 u 0 0 0 0 2 0 0 0 2 u 0 d u 0 
u 2 u u 0 0 d 2 0 0 2 2 0 u u 0 2 u 0 0 0 0 2 u 0 d 2 0 0 0 u 0 
2 2 u u u 0 2 2 0 0 u 2 0 u u 0 2 u 0 0 0 d 2 0 0 0 2 0 0 0 0 0 
2 2 u u u 0 u 2 0 u 2 2 0 0 u 0 2 u 0 0 0 d 2 0 0 0 2 0 0 0 0 0 
u 2 u u 0 0 2 2 0 0 2 2 0 u 0 0 2 0 0 0 u 0 2 u 0 0 2 0 0 0 2 0 
u 2 u u 0 0 2 2 0 u 2 2 0 0 0 0 2 0 0 0 u 0 2 0 0 0 2 u 0 0 2 0 
2 2 u u 0 0 2 d u 0 2 2 0 u u 0 d u 0 0 u 0 2 0 0 0 2 u 0 0 0 0 
2 2 u u 0 0 2 2 0 u 2 d u 0 u 0 d u 0 0 u 0 2 u 0 0 2 0 0 0 0 0 
2 2 u d 0 0 2 2 0 0 2 2 0 u u 0 2 u 0 0 0 0 u u 0 0 2 u 0 0 0 0 
2 2 u d 0 0 2 2 0 u 2 2 0 0 u 0 2 u 0 0 0 0 2 u 0 0 u u 0 0 0 0 
2 2 u 0 0 0 2 2 0 0 2 2 0 u 2 0 2 u 0 0 0 0 2 u 0 0 u u 0 0 0 0 
2 2 u 0 0 0 2 2 0 u 2 2 0 0 2 0 2 u 0 0 0 0 u u 0 0 2 u 0 0 0 0 
2 0 u 0 0 0 2 d 0 0 2 2 0 u u 0 2 0 0 u 2 0 2 u u 0 2 0 0 0 u 0 
2 0 u 0 0 0 2 2 0 u 2 d 0 0 u 0 2 0 0 u 2 0 2 0 0 0 2 u u 0 u 0 
2 0 u 0 0 0 2 d 0 u 2 2 0 0 u 0 2 0 0 u 2 0 2 0 u 0 2 u 0 0 u 0 
2 0 u 0 0 0 2 2 0 0 2 d 0 u u 0 2 0 0 u 2 0 2 u 0 0 2 0 u 0 u 0 
2 u u u 0 0 2 2 0 u 2 d 0 0 u 0 2 u 0 0 0 0 2 0 0 0 2 u 0 d u 0 
2 u u u 0 0 2 d 0 0 2 2 0 u u 0 2 u 0 0 0 0 2 u 0 d 2 0 0 0 u 0 
2 2 u u 0 0 2 2 0 0 2 2 0 u u 0 2 0 0 0 0 0 u 2 0 0 d u 0 0 u 0 
2 2 u u 0 0 2 2 0 u 2 2 0 0 u 0 2 0 0 0 0 0 d u 0 0 u 2 0 0 u 0 
2 u u u 0 0 2 0 0 0 2 2 0 u u u 2 0 0 0 0 d 2 u 2 0 2 0 0 0 0 0 
2 u u u 0 0 2 2 0 u 2 0 0 0 u u 2 0 0 0 0 d 2 0 0 0 2 u 2 0 0 0 
2 u u u 0 0 2 0 0 u 2 2 0 0 u u 2 0 0 0 0 d 2 0 2 0 2 u 0 0 0 0 
2 u u u 0 0 2 2 0 0 2 0 0 u u u 2 0 0 0 0 d 2 u 0 0 2 0 2 0 0 0 
2 2 u 0 0 0 2 0 0 0 2 2 0 u 0 2 2 u 0 0 0 0 2 u 0 0 2 0 0 0 u u 
2 2 u 0 0 0 2 2 0 u 2 0 0 0 0 2 2 u 0 0 0 0 2 0 0 0 2 u 0 0 u u 
2 2 u 2 u 0 u d 0 u 2 2 0 0 u 0 2 u 0 0 0 0 2 u 0 0 2 0 0 0 0 0 
2 2 u 2 u 0 2 2 0 0 u d 0 u u 0 2 u 0 0 0 0 2 0 0 0 2 u 0 0 0 0 
2 2 u u 0 0 2 2 0 u 2 d d 0 u 0 u 0 0 0 u 0 2 0 0 0 2 u 0 0 u 0 
2 2 u u 0 0 2 d d 0 2 2 0 u u 0 u 0 0 0 u 0 2 u 0 0 2 0 0 0 u 0 
2 2 u u 0 0 2 d 0 0 u 2 0 u u 0 2 u 0 0 0 0 2 0 0 u 2 u 0 d 0 0 
2 2 u u 0 0 u 2 0 u 2 d 0 0 u 0 2 u 0 0 0 0 2 u 0 d 2 0 0 u 0 0 
2 2 u u u 0 2 2 0 0 d 2 0 u u 0 u u 0 0 0 0 2 0 0 0 2 u 0 d 0 0 
2 2 u u u 0 d 2 0 u 2 2 0 0 u 0 u u 0 0 0 0 2 u 0 d 2 0 0 0 0 0 
2 0 u 0 0 2 2 2 0 0 2 2 0 u 0 0 2 u 0 0 0 0 2 u 0 0 2 0 0 0 u u 
2 0 u 0 0 2 2 2 0 u 2 2 0 0 0 0 2 u 0 0 0 0 2 0 0 0 2 u 0 0 u u 
2 u u 0 0 0 2 2 0 u 2 2 0 0 0 u 2 0 0 u 0 d 2 0 0 0 2 u 0 0 0 u 
2 u u 0 0 0 2 2 0 0 2 2 0 u 0 u 2 0 0 u 0 d 2 u 0 0 2 0 0 0 0 u 
2 d u 0 0 0 2 2 0 u 2 2 u u u 0 2 0 0 0 0 0 2 0 0 0 2 u 0 0 u 0 
2 d u 0 0 0 2 2 u u 2 2 0 u u 0 2 0 0 0 0 0 2 u 0 0 2 0 0 0 u 0 
2 2 u 0 0 0 2 0 0 u 2 2 0 0 0 2 2 u 0 0 0 0 2 0 0 0 2 u 0 0 u u 
2 2 u 0 0 0 2 2 0 0 2 0 0 u 0 2 2 u 0 0 0 0 2 u 0 0 2 0 0 0 u u 
2 2 u u 0 0 2 2 0 0 2 d d u u 0 u 0 0 0 u 0 2 u 0 0 2 0 0 0 u 0 
2 2 u u 0 0 2 d d u 2 2 0 0 u 0 u 0 0 0 u 0 2 0 0 0 2 u 0 0 u 0 
2 u u u 0 0 2 2 0 0 2 d 0 u u 0 2 u 0 0 0 0 2 u 0 0 2 0 0 d u 0 
2 u u u 0 0 2 d 0 u 2 2 0 0 u 0 2 u 0 0 0 0 2 0 0 d 2 u 0 0 u 0 
2 2 u u 0 0 2 d 0 u u 2 0 0 u 0 2 u 0 0 0 0 2 u 0 u 2 0 0 d 0 0 
2 2 u u 0 0 u 2 0 0 2 d 0 u u 0 2 u 0 0 0 0 2 0 0 d 2 u 0 u 0 0 
2 2 u u u 0 2 2 0 u d 2 0 0 u 0 u u 0 0 0 0 2 u 0 0 2 0 0 d 0 0 
2 2 u u u 0 d 2 0 0 2 2 0 u u 0 u u 0 0 0 0 2 0 0 d 2 u 0 0 0 0 
2 2 u d 0 0 2 2 0 0 u 2 u u u 0 2 0 0 0 0 0 2 u 0 0 2 0 0 0 u 0 
2 2 u d 0 0 u 2 u u 2 2 0 0 u 0 2 0 0 0 0 0 2 0 0 0 2 u 0 0 u 0 
2 2 u u 0 d 2 u 0 0 2 2 0 u u 0 2 0 0 0 d 0 u u 0 0 2 0 0 0 u 0 
2 2 u u 0 d 2 2 0 u 2 u 0 0 u 0 2 0 0 0 d 0 2 0 0 0 u u 0 0 u 0 
2 2 u u 0 0 2 2 0 0 2 2 0 u u 0 2 0 0 0 0 0 d 2 0 0 u u 0 0 u 0 
2 2 u u 0 0 2 2 0 u 2 2 0 0 u 0 2 0 0 0 0 0 u u 0 0 d 2 0 0 u 0 
2 2 u u 0 d 2 2 0 0 2 u 0 u u 0 2 0 0 0 d 0 2 u 0 0 u 0 0 0 u 0 
2 2 u u 0 d 2 u 0 u 2 2 0 0 u 0 2 0 0 0 d 0 u 0 0 0 2 u 0 0 u 0 
2 2 u 0 u 0 2 u d u 2 2 0 0 0 u 2 u 0 0 0 0 2 u 0 0 2 0 0 0 0 0 
2 2 u 0 u 0 2 2 0 0 2 u d u 0 u 2 u 0 0 0 0 2 0 0 0 2 u 0 0 0 0 
2 2 u u 0 0 2 2 0 0 2 2 0 u u 0 2 0 0 0 0 0 u u 0 d u 0 0 d u 0 
2 2 u u 0 0 2 2 0 u 2 2 0 0 u 0 2 0 0 0 0 0 u 0 0 d u u 0 d u 0 
2 2 u u 0 0 2 2 0 0 2 2 0 u u 0 2 0 0 0 0 0 d u 0 u d 0 0 u u 0 
2 2 u u 0 0 2 2 0 u 2 2 0 0 u 0 2 0 0 0 0 0 d 0 0 u d u 0 u u 0 
2 d 0 0 0 0 2 d 0 0 2 2 0 u 0 u 2 u u 0 u 0 2 u u 0 2 0 0 0 u 0 
2 d 0 0 0 0 2 2 0 u 2 d 0 0 0 u 2 u u 0 u 0 2 0 0 0 2 u u 0 u 0 
2 2 u u 0 0 2 2 0 0 2 0 0 u u 0 2 u 0 0 0 0 2 0 0 0 2 u 0 0 0 2 
2 2 u u 0 0 2 0 0 u 2 2 0 0 u 0 2 u 0 0 0 0 2 u 0 0 2 0 0 0 0 2 
2 d 0 0 0 0 2 d 0 u 2 2 0 0 0 u 2 u u 0 u 0 2 0 u 0 2 u 0 0 u 0 
2 d 0 0 0 0 2 2 0 0 2 d 0 u 0 u 2 u u 0 u 0 2 u 0 0 2 0 u 0 u 0 
2 2 u u 0 0 2 2 0 0 2 2 0 u d 0 u u 0 0 u 0 2 0 0 0 2 u 0 0 0 0 
2 2 u u 0 0 2 2 0 u 2 2 0 0 d 0 u u 0 0 u 0 2 u 0 0 2 0 0 0 0 0 
2 2 0 u 0 0 2 2 0 d 2 2 0 u u 0 2 u 0 0 0 0 2 0 0 0 u u 0 0 0 u 
2 2 0 u 0 0 2 2 0 u 2 2 0 d u 0 2 u 0 0 0 0 u u 0 0 2 0 0 0 0 u 
2 2 0 u 0 0 2 2 0 0 2 2 0 2 u 0 2 u 0 0 0 0 u 0 0 0 2 u 0 0 0 u 
2 2 0 u 0 0 2 2 0 2 2 2 0 0 u 0 2 u 0 0 0 0 2 u 0 0 u 0 0 0 0 u 
2 u 2 0 0 0 2 u d u 2 2 0 0 0 0 2 u 0 0 0 0 2 0 0 0 2 u 0 0 u u 
2 u 2 0 0 0 2 2 0 0 2 u d u 0 0 2 u 0 0 0 0 2 u 0 0 2 0 0 0 u u 
2 2 0 u u 0 2 u 0 0 2 d 0 u u 0 2 0 u 0 0 0 2 0 d 0 2 u u 0 0 0 
2 2 0 u u 0 2 d 0 u 2 u 0 0 u 0 2 0 u 0 0 0 2 u u 0 2 0 d 0 0 0 
2 2 u u u 0 2 2 0 0 2 2 0 0 u 0 u u 0 0 0 0 2 0 0 0 2 u 0 d 0 0 
2 2 u u u 0 2 2 0 0 2 2 0 0 u 0 u u 0 0 0 0 2 u 0 d 2 0 0 0 0 0 
2 2 u u 0 0 2 2 0 0 2 0 0 u u 0 2 u 0 2 0 0 2 0 0 0 2 u 0 0 0 0 
2 2 u u 0 0 2 0 0 u 2 2 0 0 u 0 2 u 0 2 0 0 2 u 0 0 2 0 0 0 0 0 
2 2 u 0 0 0 2 u d 0 2 d u u 0 0 2 u 0 u 0 0 2 0 0 0 2 u 0 0 u 0 
2 2 u 0 0 0 2 d u u 2 u d 0 0 0 2 u 0 u 0 0 2 u 0 0 2 0 0 0 u 0 
2 2 u 0 0 0 2 d u 0 2 u d u 0 0 2 u 0 u 0 0 2 0 0 0 2 u 0 0 u 0 
2 2 u 0 0 0 2 u d u 2 d u 0 0 0 2 u 0 u 0 0 2 u 0 0 2 0 0 0 u 0 
2 u 2 0 0 0 2 u d 0 2 2 0 u 0 0 2 u 0 0 0 0 2 u 0 0 2 0 0 0 u u 
2 u 2 0 0 0 2 2 0 u 2 u d 0 0 0 2 u 0 0 0 0 2 0 0 0 2 u 0 0 u u 
2 2 0 u u 0 2 u 0 u 2 d 0 0 u 0 2 0 u 0 0 0 2 u d 0 2 0 u 0 0 0 
2 2 0 u u 0 2 d 0 0 2 u 0 u u 0 2 0 u 0 0 0 2 0 u 0 2 u d 0 0 0 
2 2 u u d 0 2 2 0 u u 2 0 0 u 0 2 0 0 0 0 0 2 0 u 0 2 u 0 0 0 0 
2 2 u u d 0 u 2 0 0 2 2 0 u u 0 2 0 0 0 0 0 2 u 0 0 2 0 u 0 0 0 
2 2 u 0 0 0 2 0 0 0 2 2 0 u u u 2 u 0 0 0 0 2 u 0 0 2 0 0 0 u d 
2 2 u 0 0 0 2 2 0 u 2 0 0 0 u u 2 u 0 0 0 0 2 0 0 0 2 u 0 0 u d 
d 2 u u 0 0 2 2 0 u 2 d 0 0 u 0 2 0 0 0 0 u 2 0 0 0 2 u 0 u u 0 
d 2 u u 0 0 2 d 0 0 2 2 0 u u 0 2 0 0 0 0 u 2 u 0 u 2 0 0 0 u 0 
2 d u 0 0 0 2 2 0 u 2 u d 0 u 0 2 u u 0 0 0 2 0 0 0 2 u 0 0 u 0 
2 d u 0 0 0 2 u d 0 2 2 0 u u 0 2 u u 0 0 0 2 u 0 0 2 0 0 0 u 0 
u 2 u u u 0 2 2 0 0 2 2 0 u u 0 2 0 0 0 0 0 2 0 d 0 2 0 0 0 u 0 
u 2 u u u 0 2 2 0 u 2 2 0 0 u 0 2 0 0 0 0 0 2 0 0 0 2 0 d 0 u 0 
2 d u 0 0 0 2 2 0 0 2 u d u u 0 2 u u 0 0 0 2 u 0 0 2 0 0 0 u 0 
2 d u 0 0 0 2 u d u 2 2 0 0 u 0 2 u u 0 0 0 2 0 0 0 2 u 0 0 u 0 
2 2 u u u 0 2 d 0 u 2 2 0 0 u 0 u 0 0 0 0 0 2 0 0 d 2 u 0 0 u 0 
2 2 u u u 0 2 2 0 0 2 d 0 u u 0 u 0 0 0 0 0 2 u 0 0 2 0 0 d u 0 
d 2 u u 0 0 2 2 0 0 2 d 0 u u 0 2 0 0 0 0 u 2 u 0 0 2 0 0 u u 0 
d 2 u u 0 0 2 d 0 u 2 2 0 0 u 0 2 0 0 0 0 u 2 0 0 u 2 u 0 0 u 0 
2 2 u 0 u 0 2 u d 0 2 2 0 u 0 u 2 u 0 0 0 0 2 0 0 0 2 u 0 0 0 0 
2 2 u 0 u 0 2 2 0 u 2 u d 0 0 u 2 u 0 0 0 0 2 u 0 0 2 0 0 0 0 0 
2 2 u u 0 0 0 2 0 u 2 2 0 0 u 0 2 u 0 d 0 0 2 0 0 0 2 u 0 0 u 0 
2 2 u u 0 0 2 2 0 0 0 2 0 u u 0 2 u 0 d 0 0 2 u 0 0 2 0 0 0 u 0 
2 2 u u 0 0 2 2 0 0 2 0 0 u u 0 2 u 0 0 0 0 2 0 2 0 2 u 0 0 0 0 
2 2 u u 0 0 2 0 0 u 2 2 0 0 u 0 2 u 0 0 0 0 2 u 0 0 2 0 2 0 0 0 
2 2 2 2 0 0 2 2 0 0 u u 0 u u 0 2 0 0 0 0 0 2 u 0 0 2 0 0 0 u 0 
2 2 2 2 0 0 u u 0 u 2 2 0 0 u 0 2 0 0 0 0 0 2 0 0 0 2 u 0 0 u 0 
2 2 u u 0 0 2 2 0 u 2 0 0 0 u 0 2 u 0 0 0 0 2 u 2 0 2 0 0 0 0 0 
2 2 u u 0 0 2 0 0 0 2 2 0 u u 0 2 u 0 0 0 0 2 0 0 0 2 u 2 0 0 0 
2 2 u u 0 0 2 2 0 0 2 2 0 u u 0 2 d 0 u 0 0 0 u 0 0 2 0 0 0 u 0 
2 2 u u 0 0 2 2 0 u 2 2 0 0 u 0 2 d 0 u 0 0 2 0 0 0 0 u 0 0 u 0 
2 d u u 0 d 2 2 0 0 2 2 0 u u 0 u u 0 0 u 0 2 0 0 0 2 u 0 0 0 0 
2 d u u 0 d 2 2 0 u 2 2 0 0 u 0 u u 0 0 u 0 2 u 0 0 2 0 0 0 0 0 
2 2 u 2 0 0 2 2 0 0 u 2 0 u u 0 u 0 0 0 0 0 2 u 0 0 2 0 d 0 u 0 
2 2 u 2 0 0 u 2 0 u 2 2 0 0 u 0 u 0 0 0 0 0 2 0 d 0 2 u 0 0 u 0 
2 2 u 0 0 0 2 2 0 0 2 d 0 u u 0 2 u 0 0 0 0 2 0 u 0 2 u 0 0 u 0 
2 2 u 0 0 0 2 d 0 u 2 2 0 0 u 0 2 u 0 0 0 0 2 u 0 0 2 0 u 0 u 0 
2 2 0 u 0 0 2 0 0 0 2 2 0 u 0 0 2 0 u 0 0 0 2 u 2 0 2 0 0 0 u u 
2 2 0 u 0 0 2 2 0 u 2 0 0 0 0 0 2 0 u 0 0 0 2 0 0 0 2 u 2 0 u u 
2 2 u u 0 0 0 2 0 0 2 2 0 u u 0 2 u 0 d 0 0 2 u 0 0 2 0 0 0 u 0 
2 2 u u 0 0 2 2 0 u 0 2 0 0 u 0 2 u 0 d 0 0 2 0 0 0 2 u 0 0 u 0 
2 2 0 0 0 d 2 2 0 u 2 2 0 0 u u u u u 0 0 0 2 0 0 0 2 u 0 0 0 0 
2 2 0 0 0 d 2 2 0 0 2 2 0 u u u u u u 0 0 0 2 u 0 0 2 0 0 0 0 0 
2 2 0 u 0 0 2 0 0 u 2 2 0 0 0 0 2 0 u 0 0 0 2 0 2 0 2 u 0 0 u u 
2 2 0 u 0 0 2 2 0 0 2 0 0 u 0 0 2 0 u 0 0 0 2 u 0 0 2 0 2 0 u u 
2 2 u 2 0 0 2 2 0 u u 2 0 0 u 0 u 0 0 0 0 0 2 0 0 0 2 u d 0 u 0 
2 2 u 2 0 0 u 2 0 0 2 2 0 u u 0 u 0 0 0 0 0 2 u d 0 2 0 0 0 u 0 
2 2 2 u 0 0 2 2 0 0 u 2 0 u u 0 2 u 0 u 0 0 2 0 0 0 2 0 0 0 0 0 
2 2 2 u 0 0 u 2 0 u 2 2 0 0 u 0 2 u 0 u 0 0 2 0 0 0 2 0 0 0 0 0 
2 2 u u u 0 2 2 0 0 d 2 0 u u 0 2 u 0 0 0 d 2 0 0 0 u u 0 0 0 0 
2 2 u u u 0 d 2 0 u 2 2 0 0 u 0 2 u 0 0 0 d u u 0 0 2 0 0 0 0 0 
2 2 0 u 0 0 2 2 0 u 2 u 0 0 u 0 2 u 0 0 0 d 2 u 0 0 2 0 0 u 0 0 
2 2 0 u 0 0 2 u 0 0 2 2 0 u u 0 2 u 0 0 0 d 2 0 0 u 2 u 0 0 0 0 
2 2 u u u 0 d 2 0 0 2 2 0 u u 0 2 u 0 0 0 d u 0 0 0 2 u 0 0 0 0 
2 2 u u u 0 2 2 0 u d 2 0 0 u 0 2 u 0 0 0 d 2 u 0 0 u 0 0 0 0 0 
2 2 u u 0 u 2 d 0 0 2 2 0 u u 0 2 u 0 0 0 d u 0 0 0 2 u 0 0 0 0 
2 2 u u 0 u 2 2 0 u 2 d 0 0 u 0 2 u 0 0 0 d 2 u 0 0 u 0 0 0 0 0 
2 2 u u u 0 2 d 0 0 2 2 0 u u 0 u 0 0 0 0 0 2 u 0 d 2 0 0 0 u 0 
2 2 u u u 0 2 2 0 u 2 d 0 0 u 0 u 0 0 0 0 0 2 0 0 0 2 u 0 d u 0 
d 2 u u 0 u 2 2 0 0 2 2 0 u u 0 u u 0 0 0 d 2 0 0 0 2 u 0 0 0 0 
d 2 u u 0 u 2 2 0 u 2 2 0 0 u 0 u u 0 0 0 d 2 u 0 0 2 0 0 0 0 0 
2 2 u u 0 0 2 2 0 0 2 2 0 u u 0 u 0 d u 0 0 2 0 0 0 2 u 0 0 0 0 
2 2 u u 0 0 2 2 0 u 2 2 0 0 u 0 u 0 d u 0 0 2 u 0 0 2 0 0 0 0 0 
u 2 u 0 0 0 2 2 0 0 2 2 0 u u 0 2 u 0 u d 0 2 0 0 0 2 u 0 0 0 0 
u 2 u 0 0 0 2 2 0 u 2 2 0 0 u 0 2 u 0 u d 0 2 u 0 0 2 0 0 0 0 0 
2 2 u u 0 0 2 2 0 u 2 u d 0 u 0 2 u 0 0 0 0 2 u 0 0 d 0 0 u 0 0 
2 2 u u 0 0 2 u d 0 2 2 0 u u 0 2 u 0 0 0 0 d 0 0 u 2 u 0 0 0 0 
2 u u u 0 0 2 2 0 u 2 2 0 0 0 0 2 0 0 0 0 0 2 0 0 u 2 u 0 d u 0 
2 u u u 0 0 2 2 0 0 2 2 0 u 0 0 2 0 0 0 0 0 2 u 0 d 2 0 0 u u 0 
2 d u u 0 u 2 d u u 2 u d 0 u 0 2 0 0 0 0 0 2 0 0 0 2 u 0 0 u 0 
2 d u u 0 u 2 u d 0 2 d u u u 0 2 0 0 0 0 0 2 u 0 0 2 0 0 0 u 0 
2 2 u u 0 0 2 2 0 0 2 u d u u 0 2 u 0 0 0 0 2 0 0 0 d u 0 u 0 0 
2 2 u u 0 0 2 u d u 2 2 0 0 u 0 2 u 0 0 0 0 d u 0 u 2 0 0 0 0 0 
2 2 u u 0 0 u 2 0 0 2 2 0 u 2 0 2 d 0 0 0 0 2 u 0 0 u 0 0 0 u 0 
2 2 u u 0 0 2 2 0 u u 2 0 0 2 0 2 d 0 0 0 0 u 0 0 0 2 u 0 0 u 0 
u 2 2 u 0 0 u 2 d 0 2 2 0 u u 0 2 u 0 0 0 0 2 0 0 0 2 u 0 0 0 0 
u 2 2 u 0 0 2 2 0 u u 2 d 0 u 0 2 u 0 0 0 0 2 u 0 0 2 0 0 0 0 0 
2 d u u 0 u 2 d u 0 2 u d u u 0 2 0 0 0 0 0 2 u 0 0 2 0 0 0 u 0 
2 d u u 0 u 2 u d u 2 d u 0 u 0 2 0 0 0 0 0 2 0 0 0 2 u 0 0 u 0 
2 2 2 2 0 0 2 2 0 u u u 0 0 u 0 2 0 0 0 0 0 2 0 0 0 2 u 0 0 u 0 
2 2 2 2 0 0 u u 0 0 2 2 0 u u 0 2 0 0 0 0 0 2 u 0 0 2 0 0 0 u 0 
2 2 u u 0 u 2 2 0 0 2 d 0 u u 0 2 u 0 0 0 d 2 0 0 0 u u 0 0 0 0 
2 2 u u 0 u 2 d 0 u 2 2 0 0 u 0 2 u 0 0 0 d u u 0 0 2 0 0 0 0 0 
2 2 u 2 0 0 2 2 0 u u 2 0 0 u 0 2 0 0 u 0 0 2 0 0 0 2 0 0 0 u 0 
2 2 u 2 0 0 u 2 0 0 2 2 0 u u 0 2 0 0 u 0 0 2 0 0 0 2 0 0 0 u 0 
u d u 2 u 0 2 2 0 0 2 2 0 u u 0 2 0 0 0 0 0 2 u 0 0 2 0 0 0 u 0 
u d u 2 u 0 2 2 0 u 2 2 0 0 u 0 2 0 0 0 0 0 2 0 0 0 2 u 0 0 u 0 
2 2 u 2 0 0 2 2 0 0 u 2 0 u u 0 2 0 0 0 0 0 u u 0 0 2 0 0 0 2 0 
2 2 u 2 0 0 u 2 0 u 2 2 0 0 u 0 2 0 0 0 0 0 2 0 0 0 u u 0 0 2 0 
2 2 u u d 0 2 2 0 0 u 2 0 u u 0 2 0 0 0 0 0 2 u u 0 2 0 0 0 0 0 
2 2 u u d 0 u 2 0 u 2 2 0 0 u 0 2 0 0 0 0 0 2 0 0 0 2 u u 0 0 0 
2 2 u d u 0 2 u 0 0 2 2 0 0 u u 2 u 0 0 0 0 2 0 0 0 2 u 0 0 0 0 
2 2 u d u 0 2 2 0 0 2 u 0 0 u u 2 u 0 0 0 0 2 u 0 0 2 0 0 0 0 0 
2 2 u u 0 0 2 2 0 u 2 2 u 0 0 0 2 0 0 0 0 0 2 0 0 0 2 u 0 u 0 0 
2 2 u u 0 0 2 2 u 0 2 2 0 u 0 0 2 0 0 0 0 0 2 u 0 u 2 0 0 0 0 0 
d 2 u u 0 0 2 2 0 u u 2 0 0 u 0 2 d 0 0 0 0 2 0 0 0 2 u 0 u u 0 
d 2 u u 0 0 u 2 0 0 2 2 0 u u 0 2 d 0 0 0 0 2 u 0 u 2 0 0 0 u 0 
2 2 u u 0 0 2 2 0 0 u 2 0 u 0 0 2 u 0 0 0 0 2 0 0 0 2 u d 0 u 0 
2 2 u u 0 0 u 2 0 u 2 2 0 0 0 0 2 u 0 0 0 0 2 u d 0 2 0 0 0 u 0 
d 2 u u 0 0 2 2 0 0 2 2 0 u 0 0 2 u 0 0 0 u 2 0 0 0 2 u 0 0 u 0 
d 2 u u 0 0 2 2 0 u 2 2 0 0 0 0 2 u 0 0 0 u 2 u 0 0 2 0 0 0 u 0 
u 2 2 u 0 0 u 2 d u 2 2 0 0 u 0 2 u 0 0 0 0 2 u 0 0 2 0 0 0 0 0 
u 2 2 u 0 0 2 2 0 0 u 2 d u u 0 2 u 0 0 0 0 2 0 0 0 2 u 0 0 0 0 
2 2 u 0 0 0 u 2 0 0 2 2 0 u u 0 2 u u 0 0 0 2 d 0 0 2 u 0 0 0 0 
2 2 u 0 0 0 2 2 0 u u 2 0 0 u 0 2 u u 0 0 0 2 u 0 0 2 d 0 0 0 0 
2 2 2 u 0 0 2 u 0 0 2 2 0 u u 0 2 0 0 0 0 0 2 u 0 0 d 0 0 0 u u 
2 2 2 u 0 0 2 2 0 u 2 u 0 0 u 0 2 0 0 0 0 0 d 0 0 0 2 u 0 0 u u 
2 u 0 u 0 0 2 u 0 u 2 2 0 0 u u 2 0 0 0 2 0 2 0 d 0 2 u 0 0 0 0 
2 u 0 u 0 0 2 2 0 0 2 u 0 u u u 2 0 0 0 2 0 2 u 0 0 2 0 d 0 0 0 
2 u 0 u 0 0 2 u 0 0 2 2 0 u u u 2 0 0 0 2 0 2 u d 0 2 0 0 0 0 0 
2 u 0 u 0 0 2 2 0 u 2 u 0 0 u u 2 0 0 0 2 0 2 0 0 0 2 u d 0 0 0 
2 u u 0 0 0 2 0 0 u 2 2 0 0 u 0 2 u 0 0 0 d 2 0 2 0 2 u 0 0 u 0 
2 u u 0 0 0 2 2 0 0 2 0 0 u u 0 2 u 0 0 0 d 2 u 0 0 2 0 2 0 u 0 
2 u u u 0 0 2 2 0 0 2 2 0 u 0 0 2 0 0 0 0 0 2 u 0 u 2 0 0 d u 0 
2 u u u 0 0 2 2 0 u 2 2 0 0 0 0 2 0 0 0 0 0 2 0 0 d 2 u 0 u u 0 
2 2 u 0 0 0 2 2 0 0 u 2 0 u u 0 2 u u 0 0 0 2 0 0 0 2 2 0 0 0 0 
2 2 u 0 0 0 u 2 0 u 2 2 0 0 u 0 2 u u 0 0 0 2 2 0 0 2 0 0 0 0 0 
2 u u 0 0 0 2 0 0 0 2 2 0 u u 0 2 u 0 0 0 d 2 u 2 0 2 0 0 0 u 0 
2 u u 0 0 0 2 2 0 u 2 0 0 0 u 0 2 u 0 0 0 d 2 0 0 0 2 u 2 0 u 0 
2 2 u u 0 0 2 2 0 0 2 2 u u 0 0 2 0 0 0 0 0 2 u 0 0 2 0 0 u 0 0 
2 2 u u 0 0 2 2 u u 2 2 0 0 0 0 2 0 0 0 0 0 2 0 0 u 2 u 0 0 0 0 
2 2 u u 0 0 2 2 0 u 2 0 0 0 u 0 2 u 0 0 0 0 2 u 0 0 2 0 0 0 0 2 
2 2 u u 0 0 2 0 0 0 2 2 0 u u 0 2 u 0 0 0 0 2 0 0 0 2 u 0 0 0 2 
2 2 0 u u 0 2 2 0 0 2 d 0 u 0 0 2 0 u 0 0 0 2 0 0 0 2 u u 0 0 u 
2 2 0 u u 0 2 d 0 u 2 2 0 0 0 0 2 0 u 0 0 0 2 u u 0 2 0 0 0 0 u 
2 2 2 u 0 0 u 2 0 0 2 u 0 u 2 0 2 0 0 0 0 0 2 u 0 0 2 0 0 0 u 0 
2 2 2 u 0 0 2 u 0 u u 2 0 0 2 0 2 0 0 0 0 0 2 0 0 0 2 u 0 0 u 0 
2 2 0 u 0 0 2 2 0 u 2 2 0 0 u u 2 0 0 0 0 0 2 0 u 0 2 0 0 0 u 0 
2 2 0 u 0 0 2 2 0 0 2 2 0 u u u 2 0 0 0 0 0 2 0 0 0 2 0 u 0 u 0 
2 2 u u 0 0 2 2 0 u u 2 0 0 0 0 2 u 0 0 0 0 2 u 0 0 2 0 d 0 u 0 
2 2 u u 0 0 u 2 0 0 2 2 0 u 0 0 2 u 0 0 0 0 2 0 d 0 2 u 0 0 u 0 
u 2 u u 0 0 2 2 0 u 2 2 0 0 u u 2 0 0 0 0 0 2 0 d 0 2 0 0 0 u 0 
u 2 u u 0 0 2 2 0 0 2 2 0 u u u 2 0 0 0 0 0 2 0 0 0 2 0 d 0 u 0 
u d u u 0 0 2 2 0 0 2 2 0 u 2 u 2 0 0 0 0 0 2 u 0 0 2 0 0 0 u 0 
u d u u 0 0 2 2 0 u 2 2 0 0 2 u 2 0 0 0 0 0 2 0 0 0 2 u 0 0 u 0 
2 d u u 0 0 2 2 0 u 2 d 0 0 u 0 2 u 0 0 0 u 2 u 0 0 2 0 0 u 0 0 
2 d u u 0 0 2 d 0 0 2 2 0 u u 0 2 u 0 0 0 u 2 0 0 u 2 u 0 0 0 0 
u 2 u 0 0 0 2 2 0 0 2 2 0 u u 0 2 0 0 0 0 0 2 u 0 0 2 u d 0 u 0 
u 2 u 0 0 0 2 2 0 u 2 2 0 0 u 0 2 0 0 0 0 0 2 u d 0 2 u 0 0 u 0 
2 2 u u 2 0 2 2 0 0 u d 0 u u 0 2 0 0 0 0 0 2 u 0 0 2 0 0 0 u 0 
2 2 u u 2 0 u d 0 u 2 2 0 0 u 0 2 0 0 0 0 0 2 0 0 0 2 u 0 0 u 0 
2 2 u u 0 0 2 d u 0 2 d u u u 0 2 0 0 0 0 0 2 u 0 0 2 0 0 0 0 u 
2 2 u u 0 0 2 d u u 2 d u 0 u 0 2 0 0 0 0 0 2 0 0 0 2 u 0 0 0 u 
2 d u u 0 0 2 2 0 0 2 d 0 u u 0 2 u 0 0 0 u 2 0 0 0 2 u 0 u 0 0 
2 d u u 0 0 2 d 0 u 2 2 0 0 u 0 2 u 0 0 0 u 2 u 0 u 2 0 0 0 0 0 
2 2 u u 0 0 d 2 0 0 2 u 0 u u 0 2 0 0 0 0 d 2 u 0 0 2 0 0 0 u u 
2 2 u u 0 0 2 u 0 u d 2 0 0 u 0 2 0 0 0 0 d 2 0 0 0 2 u 0 0 u u 
2 2 u u 0 0 2 2 0 0 u 2 0 u 2 0 2 0 0 u 0 0 2 0 0 0 2 0 0 0 u 0 
2 2 u u 0 0 u 2 0 u 2 2 0 0 2 0 2 0 0 u 0 0 2 0 0 0 2 0 0 0 u 0 
2 2 0 u u 0 2 d 0 0 2 2 0 u 0 0 2 0 u 0 0 0 2 0 u 0 2 u 0 0 0 u 
2 2 0 u u 0 2 2 0 u 2 d 0 0 0 0 2 0 u 0 0 0 2 u 0 0 2 0 u 0 0 u 
2 u 0 u 0 0 2 d 0 0 2 2 0 u 0 0 2 u 0 0 2 0 2 0 u 0 2 u 0 0 u 0 
2 u 0 u 0 0 2 2 0 u 2 d 0 0 0 0 2 u 0 0 2 0 2 u 0 0 2 0 u 0 u 0 
2 2 2 u 0 0 2 u 0 u 2 2 0 0 u 0 2 0 0 0 0 0 2 0 0 0 d u 0 0 u u 
2 2 2 u 0 0 2 2 0 0 2 u 0 u u 0 2 0 0 0 0 0 d u 0 0 2 0 0 0 u u 
2 2 u d 0 0 2 2 0 u u 2 u 0 u 0 2 0 0 0 0 0 2 0 0 0 2 u 0 0 u 0 
2 2 u d 0 0 u 2 u 0 2 2 0 u u 0 2 0 0 0 0 0 2 u 0 0 2 0 0 0 u 0 
2 2 u 0 0 u 2 d 0 0 2 u 0 u u 0 d u 0 0 0 0 2 u u 0 2 0 d 0 u 0 
2 2 u 0 0 u 2 u 0 u 2 d 0 0 u 0 d u 0 0 0 0 2 0 d 0 2 u u 0 u 0 
2 2 u u 2 0 2 2 0 u u d 0 0 u 0 2 0 0 0 0 0 2 0 0 0 2 u 0 0 u 0 
2 2 u u 2 0 u d 0 0 2 2 0 u u 0 2 0 0 0 0 0 2 u 0 0 2 0 0 0 u 0 
2 2 u u 0 0 2 d 0 u 2 2 0 0 u u 2 0 u 0 0 0 2 0 0 0 2 0 0 0 u 0 
2 2 u u 0 0 2 2 0 0 2 d 0 u u u 2 0 u 0 0 0 2 0 0 0 2 0 0 0 u 0 
2 2 u u 0 u 2 2 0 0 2 d 0 u u 0 2 0 0 0 0 u 2 u 0 0 d 0 0 0 u 0 
2 2 u u 0 u 2 d 0 u 2 2 0 0 u 0 2 0 0 0 0 u d 0 0 0 2 u 0 0 u 0 
2 2 u 0 0 d 2 u 0 u 2 d 0 0 u 0 u u 0 0 0 0 2 0 d 0 2 u u 0 u 0 
2 2 u 0 0 d 2 d 0 0 2 u 0 u u 0 u u 0 0 0 0 2 u u 0 2 0 d 0 u 0 
2 u 0 u 0 0 2 d 0 u 2 2 0 0 0 0 2 u 0 0 2 0 2 u u 0 2 0 0 0 u 0 
2 u 0 u 0 0 2 2 0 0 2 d 0 u 0 0 2 u 0 0 2 0 2 0 0 0 2 u u 0 u 0 
2 2 u 0 0 d 2 u 0 0 2 d 0 u u 0 u u 0 0 0 0 2 u d 0 2 0 u 0 u 0 
2 2 u 0 0 d 2 d 0 u 2 u 0 0 u 0 u u 0 0 0 0 2 0 u 0 2 u d 0 u 0 
2 2 u 0 0 u 2 d 0 u 2 u 0 0 u 0 d u 0 0 0 0 2 0 u 0 2 u d 0 u 0 
2 2 u 0 0 u 2 u 0 0 2 d 0 u u 0 d u 0 0 0 0 2 u d 0 2 0 u 0 u 0 
2 2 u u 0 0 2 2 0 0 2 2 0 u u 0 2 d 0 u 0 0 2 u 0 0 0 0 0 0 u 0 
2 2 u u 0 0 2 2 0 u 2 2 0 0 u 0 2 d 0 u 0 0 0 0 0 0 2 u 0 0 u 0 
2 2 u u 0 0 d 2 0 u 2 u 0 0 u 0 2 0 0 0 0 d 2 0 0 0 2 u 0 0 u u 
2 2 u u 0 0 2 u 0 0 d 2 0 u u 0 2 0 0 0 0 d 2 u 0 0 2 0 0 0 u u 
d 2 u u 0 0 2 2 0 0 u 2 0 u u 0 2 d 0 0 0 0 2 u 0 0 2 0 0 u u 0 
d 2 u u 0 0 u 2 0 u 2 2 0 0 u 0 2 d 0 0 0 0 2 0 0 u 2 u 0 0 u 0 
2 2 u u 0 u 2 d 0 0 2 2 0 u u 0 2 0 0 0 0 u d u 0 0 2 0 0 0 u 0 
2 2 u u 0 u 2 2 0 u 2 d 0 0 u 0 2 0 0 0 0 u 2 0 0 0 d u 0 0 u 0 
2 2 u u 0 0 u 2 0 0 2 2 0 u 2 0 u 0 0 0 0 0 2 u 0 0 2 0 d 0 u 0 
2 2 u u 0 0 2 2 0 u u 2 0 0 2 0 u 0 0 0 0 0 2 0 d 0 2 u 0 0 u 0 
2 u 0 u 0 0 2 2 0 0 2 2 0 u u 0 2 0 0 0 0 0 2 u d u 2 0 0 0 u 0 
2 u 0 u 0 0 2 2 0 u 2 2 0 0 u 0 2 0 0 0 0 0 2 0 0 0 2 u d u u 0 
2 u 0 u 0 0 2 2 0 0 2 2 0 u u 0 2 0 0 0 0 0 2 u 0 0 2 0 0 0 u 2 
2 u 0 u 0 0 2 2 0 u 2 2 0 0 u 0 2 0 0 0 0 0 2 0 0 0 2 u 0 0 u 2 
2 2 u u 0 0 u 2 0 u 2 2 0 0 2 0 u 0 0 0 0 0 2 0 0 0 2 u d 0 u 0 
2 2 u u 0 0 2 2 0 0 u 2 0 u 2 0 u 0 0 0 0 0 2 u d 0 2 0 0 0 u 0 
2 2 u 2 0 0 2 2 0 0 2 u 0 u u 0 2 u 0 0 0 0 d 0 0 0 2 u 0 0 0 u 
2 2 u 2 0 0 2 u 0 u 2 2 0 0 u 0 2 u 0 0 0 0 2 u 0 0 d 0 0 0 0 u 
2 u u 0 0 0 2 d 0 u 2 2 0 0 0 0 2 u 0 0 0 d 2 0 u 0 2 u 0 0 u u 
2 u u 0 0 0 2 2 0 0 2 d 0 u 0 0 2 u 0 0 0 d 2 u 0 0 2 0 u 0 u u 
2 u 0 u 0 0 2 2 0 u 2 2 0 0 u 0 2 0 0 0 0 0 2 0 d u 2 u 0 0 u 0 
2 u 0 u 0 0 2 2 0 0 2 2 0 u u 0 2 0 0 0 0 0 2 u 0 0 2 0 d u u 0 
2 u u 0 0 0 2 d 0 0 2 2 0 u 0 0 2 u 0 0 0 d 2 u u 0 2 0 0 0 u u 
2 u u 0 0 0 2 2 0 u 2 d 0 0 0 0 2 u 0 0 0 d 2 0 0 0 2 u u 0 u u 
2 2 0 u 0 0 2 2 0 0 2 u 0 u u 0 2 u 0 0 0 d 2 0 0 0 2 u 0 u 0 0 
2 2 0 u 0 0 2 u 0 u 2 2 0 0 u 0 2 u 0 0 0 d 2 u 0 u 2 0 0 0 0 0 
u 2 u 0 0 0 2 2 0 u 2 2 0 0 u 0 2 0 0 0 0 0 2 0 0 0 2 u 0 2 u 0 
u 2 u 0 0 0 2 2 0 0 2 2 0 u u 0 2 0 0 0 0 0 2 u 0 2 2 0 0 0 u 0 
2 2 u u 0 0 d 2 0 u 2 2 0 u u 0 2 0 0 0 0 0 2 u 0 0 u d 0 0 u 0 
2 2 u u 0 0 2 2 0 u d 2 0 u u 0 2 0 0 0 0 0 u d 0 0 2 u 0 0 u 0 
2 d u u 0 0 2 2 u 0 2 2 0 u u 0 2 0 0 0 0 0 2 u 0 0 2 0 0 u 0 0 
2 d u u 0 0 2 2 0 u 2 2 u 0 u 0 2 0 0 0 0 0 2 0 0 u 2 u 0 0 0 0 
2 d u u 0 0 2 2 u 0 2 2 0 u u 0 2 u 0 0 0 0 2 0 0 0 d u 0 0 0 u 
2 d u u 0 0 2 2 0 u 2 2 u 0 u 0 2 u 0 0 0 0 d u 0 0 2 0 0 0 0 u 
2 d u u 0 0 2 2 u u 2 2 0 0 u 0 2 u 0 0 0 0 2 u 0 0 d 0 0 0 0 u 
2 d u u 0 0 2 2 0 0 2 2 u u u 0 2 u 0 0 0 0 d 0 0 0 2 u 0 0 0 u 
2 2 u u 0 0 2 u 0 0 2 u 0 u 0 u 2 0 0 0 0 0 2 u d 0 2 0 d 0 u 0 
2 2 u u 0 0 2 u 0 u 2 u 0 0 0 u 2 0 0 0 0 0 2 0 d 0 2 u d 0 u 0 
2 2 2 u 0 0 u 2 0 u 2 u 0 0 2 0 2 0 0 0 0 0 2 0 0 0 2 u 0 0 u 0 
2 2 2 u 0 0 2 u 0 0 u 2 0 u 2 0 2 0 0 0 0 0 2 u 0 0 2 0 0 0 u 0 
2 2 u u 0 0 2 2 0 0 2 2 0 u u 0 d 0 u u 0 0 2 0 0 0 2 u 0 0 0 0 
2 2 u u 0 0 2 2 0 u 2 2 0 0 u 0 d 0 u u 0 0 2 u 0 0 2 0 0 0 0 0 
2 2 0 u u 0 2 2 0 u d 2 u 0 u 0 2 u 0 0 0 0 2 u 0 0 2 0 0 0 0 0 
2 2 0 u u 0 d 2 u 0 2 2 0 u u 0 2 u 0 0 0 0 2 0 0 0 2 u 0 0 0 0 
2 2 u u 0 0 2 2 0 u 2 u 0 0 u u 2 0 0 0 0 0 2 0 0 0 2 0 0 0 u d 
2 2 u u 0 0 2 u 0 0 2 2 0 u u u 2 0 0 0 0 0 2 0 0 0 2 0 0 0 u d 
u 2 u u 0 d 2 2 0 0 2 2 0 u u 0 u 0 d 0 0 0 2 u 0 0 2 0 0 0 u 0 
u 2 u u 0 d 2 2 0 u 2 2 0 0 u 0 u 0 d 0 0 0 2 0 0 0 2 u 0 0 u 0 
2 2 0 0 0 u 2 2 0 u 2 2 0 0 u u d u u 0 0 0 2 0 0 0 2 u 0 0 0 0 
2 2 0 0 0 u 2 2 0 0 2 2 0 u u u d u u 0 0 0 2 u 0 0 2 0 0 0 0 0 
2 2 u 0 0 u 2 u 0 0 2 2 0 u 0 0 d u 0 0 0 0 2 u d 0 2 0 0 0 u u 
2 2 u 0 0 u 2 2 0 u 2 u 0 0 0 0 d u 0 0 0 0 2 0 0 0 2 u d 0 u u 
2 2 0 0 u 0 2 2 0 0 2 d 0 u 0 u 2 u u 0 0 0 2 0 0 0 2 u u 0 0 0 
2 2 0 0 u 0 2 d 0 u 2 2 0 0 0 u 2 u u 0 0 0 2 u u 0 2 0 0 0 0 0 
d 2 u u 0 0 2 2 0 0 2 2 0 u 0 0 2 u u 0 0 0 2 0 0 0 2 u 0 0 0 u 
d 2 u u 0 0 2 2 0 u 2 2 0 0 0 0 2 u u 0 0 0 2 u 0 0 2 0 0 0 0 u 
u 2 u u 0 0 2 2 0 u d 2 0 0 u 0 2 u 0 0 0 0 2 u d 0 2 0 0 0 0 u 
u 2 u u 0 0 d 2 0 0 2 2 0 u u 0 2 u 0 0 0 0 2 0 0 0 2 u d 0 0 u 
2 2 u 0 0 u 2 u 0 u 2 2 0 0 0 0 d u 0 0 0 0 2 0 d 0 2 u 0 0 u u 
2 2 u 0 0 u 2 2 0 0 2 u 0 u 0 0 d u 0 0 0 0 2 u 0 0 2 0 d 0 u u 
2 2 u u 0 0 2 2 0 0 u 2 0 u 2 0 2 d 0 0 0 0 u u 0 0 2 0 0 0 u 0 
2 2 u u 0 0 u 2 0 u 2 2 0 0 2 0 2 d 0 0 0 0 2 0 0 0 u u 0 0 u 0 
2 d u u 0 0 2 2 u u 2 2 0 0 u 0 2 u 0 u 0 0 d u 0 0 2 0 0 0 0 0 
2 d u u 0 0 2 2 0 0 2 2 u u u 0 2 u 0 u 0 0 2 0 0 0 d u 0 0 0 0 
2 2 u 0 0 d 2 2 0 0 2 2 0 u u 0 u u 0 u 0 0 2 0 0 0 2 u 0 0 0 0 
2 2 u 0 0 d 2 2 0 u 2 2 0 0 u 0 u u 0 u 0 0 2 u 0 0 2 0 0 0 0 0 
d 2 u u 0 0 2 2 0 u u 2 0 0 u 0 2 0 u 0 0 0 2 0 0 0 2 u d 0 u 0 
d 2 u u 0 0 u 2 0 0 2 2 0 u u 0 2 0 u 0 0 0 2 u d 0 2 0 0 0 u 0 
d 2 u u 0 0 2 2 0 0 u 2 0 u u 0 2 0 u 0 0 0 2 u 0 0 2 0 d 0 u 0 
d 2 u u 0 0 u 2 0 u 2 2 0 0 u 0 2 0 u 0 0 0 2 0 d 0 2 u 0 0 u 0 
u 2 u u u 0 2 2 0 0 2 2 0 u u 0 2 0 0 0 d 0 2 0 0 0 2 u 0 0 0 0 
u 2 u u u 0 2 2 0 u 2 2 0 0 u 0 2 0 0 0 d 0 2 u 0 0 2 0 0 0 0 0 
2 2 u u 0 0 u 2 0 d 2 2 0 u u 0 2 0 0 0 0 0 2 u 0 0 d u 0 0 u 0 
2 2 u u 0 0 2 2 0 u u 2 0 d u 0 2 0 0 0 0 0 d u 0 0 2 u 0 0 u 0 
2 2 0 0 u 0 2 2 0 u 2 d 0 0 0 u 2 u u 0 0 0 2 u 0 0 2 0 u 0 0 0 
2 2 0 0 u 0 2 d 0 0 2 2 0 u 0 u 2 u u 0 0 0 2 0 u 0 2 u 0 0 0 0 
2 d u u 0 0 2 2 u u 2 2 0 0 u 0 2 0 0 0 0 0 2 0 0 0 2 u 0 u 0 0 
2 d u u 0 0 2 2 0 0 2 2 u u u 0 2 0 0 0 0 0 2 u 0 u 2 0 0 0 0 0 
2 2 u u 0 0 2 d 0 u 2 0 d 0 u 0 2 u 0 0 0 0 2 u u 0 2 0 u 0 0 0 
2 2 u u 0 0 2 0 d 0 2 d 0 u u 0 2 u 0 0 0 0 2 0 u 0 2 u u 0 0 0 
2 2 u u 0 u 2 d 0 0 2 2 0 u u 0 2 0 u 0 0 0 d u 0 0 2 0 0 0 u 0 
2 2 u u 0 u 2 2 0 u 2 d 0 0 u 0 2 0 u 0 0 0 2 0 0 0 d u 0 0 u 0 
2 2 u 2 0 0 2 2 0 u u 2 0 0 u 0 2 0 0 0 0 0 u 0 0 0 2 u 0 0 2 0 
2 2 u 2 0 0 u 2 0 0 2 2 0 u u 0 2 0 0 0 0 0 2 u 0 0 u 0 0 0 2 0 
2 2 u u 0 0 2 d 0 0 2 0 d u u 0 2 u 0 0 0 0 2 0 u 0 2 u u 0 0 0 
2 2 u u 0 0 2 0 d u 2 d 0 0 u 0 2 u 0 0 0 0 2 u u 0 2 0 u 0 0 0 
2 2 u u 0 u 2 d 0 u 2 2 0 0 u 0 2 0 u 0 0 0 d 0 0 0 2 u 0 0 u 0 
2 2 u u 0 u 2 2 0 0 2 d 0 u u 0 2 0 u 0 0 0 2 u 0 0 d 0 0 0 u 0 
2 2 2 u 0 0 2 2 0 u u 2 0 u 0 0 2 u 0 0 0 0 2 0 0 0 2 u 0 0 0 0 
2 2 2 u 0 0 u 2 0 u 2 2 0 u 0 0 2 u 0 0 0 0 2 u 0 0 2 0 0 0 0 0 
2 2 u u 0 0 2 2 0 d u 2 0 u u 0 2 0 0 0 0 0 d u 0 0 2 u 0 0 u 0 
2 2 u u 0 0 u 2 0 u 2 2 0 d u 0 2 0 0 0 0 0 2 u 0 0 d u 0 0 u 0 
2 2 0 u u 0 2 2 0 0 d 2 u u u 0 2 u 0 0 0 0 2 0 0 0 2 u 0 0 0 0 
2 2 0 u u 0 d 2 u u 2 2 0 0 u 0 2 u 0 0 0 0 2 u 0 0 2 0 0 0 0 0 
2 2 u u 0 0 2 2 0 0 u d 0 u 2 u 2 u 0 0 0 0 2 0 0 0 2 u 0 0 0 0 
2 2 u u 0 0 u d 0 u 2 2 0 0 2 u 2 u 0 0 0 0 2 u 0 0 2 0 0 0 0 0 
u 2 u 0 0 0 2 2 0 0 2 2 0 u u 0 2 0 0 0 0 0 2 u 0 0 2 0 0 2 u 0 
u 2 u 0 0 0 2 2 0 u 2 2 0 0 u 0 2 0 0 0 0 0 2 0 0 2 2 u 0 0 u 0 
2 2 u u 0 0 2 u 0 0 2 2 0 u 2 0 2 u 0 u 0 0 2 0 0 0 d u 0 0 0 0 
2 2 u u 0 0 2 2 0 u 2 u 0 0 2 0 2 u 0 u 0 0 d u 0 0 2 0 0 0 0 0 
2 2 u u 0 0 2 2 0 0 0 2 0 u u 0 2 0 d u 0 0 2 u 0 0 2 0 0 0 u 0 
2 2 u u 0 0 0 2 0 u 2 2 0 0 u 0 2 0 d u 0 0 2 0 0 0 2 u 0 0 u 0 
2 2 0 u 0 0 2 2 0 0 2 2 0 0 u 0 2 u 0 u 0 0 2 0 0 0 2 u 0 u 0 0 
2 2 0 u 0 0 2 2 0 0 2 2 0 0 u 0 2 u 0 u 0 0 2 u 0 u 2 0 0 0 0 0 
u 2 u u 0 0 2 2 0 0 d 2 0 u u 0 2 u 0 0 0 0 2 0 d 0 2 u 0 0 0 u 
u 2 u u 0 0 d 2 0 u 2 2 0 0 u 0 2 u 0 0 0 0 2 u 0 0 2 0 d 0 0 u 
2 2 u u 0 0 2 2 0 u d 2 0 u u 0 2 0 0 0 0 0 u u 0 0 2 d 0 0 u 0 
2 2 u u 0 0 d 2 0 u 2 2 0 u u 0 2 0 0 0 0 0 2 d 0 0 u u 0 0 u 0 
2 2 2 u 0 0 2 2 0 0 2 2 0 u 0 0 2 u 0 0 0 0 2 u 0 0 u u 0 0 0 0 
2 2 2 u 0 0 2 2 0 u 2 2 0 0 0 0 2 u 0 0 0 0 u u 0 0 2 u 0 0 0 0 
2 d u 0 0 0 2 d 0 u 2 2 0 0 0 0 2 u u 0 0 0 2 0 u 0 2 u 0 0 u u 
2 d u 0 0 0 2 2 0 0 2 d 0 u 0 0 2 u u 0 0 0 2 u 0 0 2 0 u 0 u u 
2 d u 0 0 0 2 d 0 0 2 2 0 u 0 0 2 u u 0 0 0 2 u u 0 2 0 0 0 u u 
2 d u 0 0 0 2 2 0 u 2 d 0 0 0 0 2 u u 0 0 0 2 0 0 0 2 u u 0 u u 
2 d u 0 0 0 2 2 0 u 2 u 0 0 0 0 2 u 0 u u 0 2 u 0 0 2 0 0 d u 0 
2 d u 0 0 0 2 u 0 0 2 2 0 u 0 0 2 u 0 u u 0 2 0 0 d 2 u 0 0 u 0 
2 d u 0 0 0 2 2 0 0 2 u 0 u 0 0 2 u 0 u u 0 2 0 0 0 2 u 0 d u 0 
2 d u 0 0 0 2 u 0 u 2 2 0 0 0 0 2 u 0 u u 0 2 u 0 d 2 0 0 0 u 0 
2 2 u u 0 0 2 2 0 0 2 2 0 0 0 0 2 u u 0 0 0 2 u 0 0 2 0 u 0 0 0 
2 2 u u 0 0 2 2 0 0 2 2 0 0 0 0 2 u u 0 0 0 2 0 u 0 2 u 0 0 0 0 
2 2 u u 0 0 d 2 u 0 2 d u u u 0 2 0 0 0 0 0 2 u 0 0 2 0 0 0 u 0 
2 2 u u 0 0 2 d u u d 2 u 0 u 0 2 0 0 0 0 0 2 0 0 0 2 u 0 0 u 0 
2 2 u u 0 0 2 2 0 u 0 2 0 0 u 0 2 0 d u 0 0 2 0 0 0 2 u 0 0 u 0 
2 2 u u 0 0 0 2 0 0 2 2 0 u u 0 2 0 d u 0 0 2 u 0 0 2 0 0 0 u 0 
2 2 u 0 u 0 2 0 0 u 2 2 0 0 0 u 2 u 0 0 0 0 2 u 2 0 2 0 0 0 0 0 
2 2 u 0 u 0 2 2 0 0 2 0 0 u 0 u 2 u 0 0 0 0 2 0 0 0 2 u 2 0 0 0 
2 2 u u 0 0 2 2 d 0 2 2 0 u 0 0 u u 0 0 0 0 2 0 0 0 2 u u 0 0 0 
2 2 u u 0 0 2 2 0 u 2 2 d 0 0 0 u u 0 0 0 0 2 u u 0 2 0 0 0 0 0 
2 2 u u 0 0 d 2 u u 2 d u 0 u 0 2 0 0 0 0 0 2 0 0 0 2 u 0 0 u 0 
2 2 u u 0 0 2 d u 0 d 2 u u u 0 2 0 0 0 0 0 2 u 0 0 2 0 0 0 u 0 
u 2 u u 0 d 2 2 0 0 2 2 0 u u 0 d u 0 0 0 u 2 0 0 0 2 u 0 0 0 0 
u 2 u u 0 d 2 2 0 u 2 2 0 0 u 0 d u 0 0 0 u 2 u 0 0 2 0 0 0 0 0 
u 2 u u 0 0 d 2 0 u 2 2 0 0 u 0 2 u 0 u 0 0 2 u d 0 2 0 0 0 0 0 
u 2 u u 0 0 2 2 0 0 d 2 0 u u 0 2 u 0 u 0 0 2 0 0 0 2 u d 0 0 0 
2 2 u u 0 0 2 2 0 u 2 2 0 u 0 0 u u 0 0 0 0 2 0 0 0 2 u d 0 0 0 
2 2 u u 0 0 2 2 0 u 2 2 0 u 0 0 u u 0 0 0 0 2 u d 0 2 0 0 0 0 0 
2 2 u 0 0 0 2 u 0 u 2 2 0 0 u 0 d u u 0 0 0 2 0 d 0 2 u 0 0 u 0 
2 2 u 0 0 0 2 2 0 0 2 u 0 u u 0 d u u 0 0 0 2 u 0 0 2 0 d 0 u 0 
2 2 u 0 0 0 2 u 0 0 2 2 0 u u 0 d u u 0 0 0 2 u d 0 2 0 0 0 u 0 
2 2 u 0 0 0 2 2 0 u 2 u 0 0 u 0 d u u 0 0 0 2 0 0 0 2 u d 0 u 0 
2 2 u 0 d 0 2 2 0 0 u 2 u u u 0 2 0 0 0 0 0 2 u 0 0 2 0 0 0 u 0 
2 2 u 0 d 0 u 2 u u 2 2 0 0 u 0 2 0 0 0 0 0 2 0 0 0 2 u 0 0 u 0 
2 2 u u d 0 2 2 0 0 2 2 0 u u u 2 u 0 0 0 0 d 0 0 0 u u 0 0 0 0 
2 2 u u d 0 2 2 0 u 2 2 0 0 u u 2 u 0 0 0 0 u u 0 0 d 0 0 0 0 0 
2 2 u 0 u 0 2 0 0 0 2 2 0 u 0 u 2 u 0 0 0 0 2 0 2 0 2 u 0 0 0 0 
2 2 u 0 u 0 2 2 0 u 2 0 0 0 0 u 2 u 0 0 0 0 2 u 0 0 2 0 2 0 0 0 
2 2 u 0 0 0 2 d 0 0 2 u d u u 0 2 u 0 0 0 0 2 u 0 u 2 0 0 0 u 0 
2 2 u 0 0 0 2 u d u 2 d 0 0 u 0 2 u 0 0 0 0 2 0 0 0 2 u 0 u u 0 
2 2 u 0 d 0 2 2 0 u u 2 u 0 u 0 2 0 0 0 0 0 2 0 0 0 2 u 0 0 u 0 
2 2 u 0 d 0 u 2 u 0 2 2 0 u u 0 2 0 0 0 0 0 2 u 0 0 2 0 0 0 u 0 
2 2 u 0 0 0 2 d 0 u 2 u d 0 u 0 2 u 0 0 0 0 2 0 0 u 2 u 0 0 u 0 
2 2 u 0 0 0 2 u d 0 2 d 0 u u 0 2 u 0 0 0 0 2 u 0 0 2 0 0 u u 0 
2 2 u u 0 0 u 2 d 0 2 u d u u 0 2 0 0 0 0 0 2 u 0 0 2 0 0 0 u 0 
2 2 u u 0 0 2 u d u u 2 d 0 u 0 2 0 0 0 0 0 2 0 0 0 2 u 0 0 u 0 
2 2 u u 0 0 u 2 d u 2 u d 0 u 0 2 0 0 0 0 0 2 0 0 0 2 u 0 0 u 0 
2 2 u u 0 0 2 u d 0 u 2 d u u 0 2 0 0 0 0 0 2 u 0 0 2 0 0 0 u 0 
2 d u u u 0 2 2 0 0 2 2 0 u u 0 2 u 0 0 0 0 2 0 0 0 2 0 0 u 0 0 
2 d u u u 0 2 2 0 u 2 2 0 0 u 0 2 u 0 0 0 0 2 0 0 u 2 0 0 0 0 0 
2 2 u u 0 0 2 2 d u 2 2 0 0 0 0 u u 0 0 0 0 2 u 0 0 2 0 u 0 0 0 
2 2 u u 0 0 2 2 0 0 2 2 d u 0 0 u u 0 0 0 0 2 0 u 0 2 u 0 0 0 0 
u 2 u u 0 0 d 2 0 0 2 2 0 u u 0 2 u 0 u 0 0 2 0 d 0 2 u 0 0 0 0 
u 2 u u 0 0 2 2 0 u d 2 0 0 u 0 2 u 0 u 0 0 2 u 0 0 2 0 d 0 0 0 
2 2 u 2 0 0 2 2 0 u 2 2 u 0 u 0 d 0 0 0 0 0 2 0 0 0 u u 0 0 u 0 
2 2 u 2 0 0 2 2 u 0 2 2 0 u u 0 d 0 0 0 0 0 u u 0 0 2 0 0 0 u 0 
2 d u u 0 0 2 2 u 0 2 2 0 u u 0 2 u 0 u 0 0 d 0 0 0 2 u 0 0 0 0 
2 d u u 0 0 2 2 0 u 2 2 u 0 u 0 2 u 0 u 0 0 2 u 0 0 d 0 0 0 0 0 
2 2 u 0 0 0 2 u 0 0 2 d u u u 0 2 u 0 0 0 0 2 u d 0 2 0 0 0 0 u 
2 2 u 0 0 0 2 d u u 2 u 0 0 u 0 2 u 0 0 0 0 2 0 0 0 2 u d 0 0 u 
2 u u u 0 u 2 2 0 0 2 2 0 u u 0 d u 0 0 d 0 2 0 0 0 2 u 0 0 0 0 
2 u u u 0 u 2 2 0 u 2 2 0 0 u 0 d u 0 0 d 0 2 u 0 0 2 0 0 0 0 0 
2 d u u 0 u 2 2 0 u 2 0 2 0 u 0 2 0 0 0 0 0 2 0 0 0 2 u 0 0 u 0 
2 d u u 0 u 2 0 2 0 2 2 0 u u 0 2 0 0 0 0 0 2 u 0 0 2 0 0 0 u 0 
2 d u u 0 u 2 2 0 0 2 0 2 u u 0 2 0 0 0 0 0 2 u 0 0 2 0 0 0 u 0 
2 d u u 0 u 2 0 2 u 2 2 0 0 u 0 2 0 0 0 0 0 2 0 0 0 2 u 0 0 u 0 
2 u u 0 0 0 2 u 0 0 2 d 0 u u 0 2 u 0 0 d 0 2 u d 0 2 0 0 u u 0 
2 u u 0 0 0 2 d 0 u 2 u 0 0 u 0 2 u 0 0 d 0 2 0 0 u 2 u d 0 u 0 
2 u u 0 0 0 2 u 0 u 2 d 0 0 u 0 2 u 0 0 d 0 2 0 d 0 2 u 0 u u 0 
2 u u 0 0 0 2 d 0 0 2 u 0 u u 0 2 u 0 0 d 0 2 u 0 u 2 0 d 0 u 0 
2 2 u 0 0 0 2 u 0 u 2 d u 0 u 0 2 u 0 0 0 0 2 0 d 0 2 u 0 0 0 u 
2 2 u 0 0 0 2 d u 0 2 u 0 u u 0 2 u 0 0 0 0 2 u 0 0 2 0 d 0 0 u 
2 2 u 2 0 0 2 2 0 0 2 2 u u u 0 d 0 0 0 0 0 2 u 0 0 u 0 0 0 u 0 
2 2 u 2 0 0 2 2 u u 2 2 0 0 u 0 d 0 0 0 0 0 u 0 0 0 2 u 0 0 u 0 
2 2 u u 0 0 2 2 u 0 2 2 0 u 0 0 d 0 0 0 0 0 2 u 0 0 2 u 0 0 u 0 
2 2 u u 0 0 2 2 0 u 2 2 u 0 0 0 d 0 0 0 0 0 2 u 0 0 2 u 0 0 u 0 
2 2 u u 0 0 d 2 0 0 2 2 0 u 2 0 2 0 0 0 0 0 u u 0 0 2 0 0 0 u u 
2 2 u u 0 0 2 2 0 u d 2 0 0 2 0 2 0 0 0 0 0 2 0 0 0 u u 0 0 u u 
2 d u u 0 0 2 2 u u 2 2 0 0 u 0 d u 0 0 0 0 2 u u 0 2 0 0 0 0 0 
2 d u u 0 0 2 2 0 0 2 2 u u u 0 d u 0 0 0 0 2 0 0 0 2 u u 0 0 0 
2 d u u 0 0 2 2 u 0 2 2 0 u u 0 d u 0 0 0 0 2 0 u 0 2 u 0 0 0 0 
2 d u u 0 0 2 2 0 u 2 2 u 0 u 0 d u 0 0 0 0 2 u 0 0 2 0 u 0 0 0 
2 2 2 0 u 0 2 2 0 u 2 2 0 0 u u u 0 0 0 0 0 2 0 0 0 2 u 0 0 0 0 
2 2 2 0 u 0 2 2 0 0 2 2 0 u u u u 0 0 0 0 0 2 u 0 0 2 0 0 0 0 0 
2 2 u u 0 0 u 2 u 0 2 2 0 u u 0 d d 0 0 0 0 2 u 0 0 2 0 0 0 u 0 
2 2 u u 0 0 2 2 0 u u 2 u 0 u 0 d d 0 0 0 0 2 0 0 0 2 u 0 0 u 0 
u 2 2 u 0 0 2 2 0 0 2 2 0 u u 0 d u 0 0 u 0 2 0 0 0 2 u 0 0 0 0 
u 2 2 u 0 0 2 2 0 u 2 2 0 0 u 0 d u 0 0 u 0 2 u 0 0 2 0 0 0 0 0 
2 2 u u 0 0 u 2 0 u d 2 0 2 u 0 2 0 0 0 0 0 2 u 0 0 2 0 0 0 u 0 
2 2 u u 0 0 d 2 0 2 u 2 0 u u 0 2 0 0 0 0 0 2 0 0 0 2 u 0 0 u 0 
2 2 u u 0 0 2 2 0 0 2 u 0 u u u 2 0 0 d 0 0 2 0 0 0 2 0 0 0 u 0 
2 2 u u 0 0 2 u 0 u 2 2 0 0 u u 2 0 0 d 0 0 2 0 0 0 2 0 0 0 u 0 
d 2 u u 0 0 u 2 0 u 2 2 0 0 u 0 2 0 0 0 0 0 2 0 0 0 2 u 0 u 2 0 
d 2 u u 0 0 2 2 0 0 u 2 0 u u 0 2 0 0 0 0 0 2 u 0 u 2 0 0 0 2 0 
2 2 u u 0 0 2 2 0 0 d 2 0 u 2 0 2 0 0 0 0 0 2 u 0 0 u 0 0 0 u u 
2 2 u u 0 0 d 2 0 u 2 2 0 0 2 0 2 0 0 0 0 0 u 0 0 0 2 u 0 0 u u 
2 2 u u 0 0 d 2 0 u u 2 0 2 u 0 2 0 0 0 0 0 2 u 0 0 2 0 0 0 u 0 
2 2 u u 0 0 u 2 0 2 d 2 0 u u 0 2 0 0 0 0 0 2 0 0 0 2 u 0 0 u 0 
2 2 0 u 0 0 2 0 0 0 2 u 0 u u 0 2 0 u 0 0 0 2 u 2 0 2 0 d 0 u 0 
2 2 0 u 0 0 2 u 0 u 2 0 0 0 u 0 2 0 u 0 0 0 2 0 d 0 2 u 2 0 u 0 
2 2 0 u 0 0 2 0 0 u 2 u 0 0 u 0 2 0 u 0 0 0 2 0 2 0 2 u d 0 u 0 
2 2 0 u 0 0 2 u 0 0 2 0 0 u u 0 2 0 u 0 0 0 2 u d 0 2 0 2 0 u 0 
2 2 u 0 d 0 2 2 0 u 2 2 0 0 u 0 2 u 0 0 0 0 2 u 0 0 u 0 0 u 0 0 
2 2 u 0 d 0 2 2 0 0 2 2 0 u u 0 2 u 0 0 0 0 u 0 0 u 2 u 0 0 0 0 
d 2 u u 0 0 u 2 0 0 2 2 0 u u 0 2 0 0 0 0 0 2 u 0 0 2 0 0 u 2 0 
d 2 u u 0 0 2 2 0 u u 2 0 0 u 0 2 0 0 0 0 0 2 0 0 u 2 u 0 0 2 0 
2 2 u u 0 0 2 2 0 u 2 2 0 0 0 u 2 u 0 0 0 0 2 u 0 0 u 0 0 d 0 0 
2 2 u u 0 0 2 2 0 0 2 2 0 u 0 u 2 u 0 0 0 0 u 0 0 d 2 u 0 0 0 0 
u 2 u u 0 0 2 2 0 u 2 2 0 0 u u 2 0 0 0 0 0 d 0 0 0 2 u 0 d u 0 
u 2 u u 0 0 2 2 0 0 2 2 0 u u u 2 0 0 0 0 0 2 u 0 d d 0 0 0 u 0 
2 2 u u 0 0 2 2 0 0 2 2 0 u 0 u 2 u 0 0 0 0 2 0 0 0 u u 0 d 0 0 
2 2 u u 0 0 2 2 0 u 2 2 0 0 0 u 2 u 0 0 0 0 u u 0 d 2 0 0 0 0 0 
2 2 u 0 0 0 2 2 u u 2 2 0 0 u 0 d 0 0 0 0 0 2 u 0 0 2 u 0 0 u 0 
2 2 u 0 0 0 2 2 0 0 2 2 u u u 0 d 0 0 0 0 0 2 u 0 0 2 u 0 0 u 0 
2 2 u u 0 0 d 2 0 0 d 2 0 u u 0 2 0 0 0 0 0 2 u u 0 2 0 u 0 u 0 
2 2 u u 0 0 d 2 0 u d 2 0 0 u 0 2 0 0 0 0 0 2 0 u 0 2 u u 0 u 0 
2 2 u u 0 0 u 2 0 0 2 2 0 u u u 2 2 0 0 0 0 2 0 0 0 2 0 0 0 0 0 
2 2 u u 0 0 2 2 0 u u 2 0 0 u u 2 2 0 0 0 0 2 0 0 0 2 0 0 0 0 0 
2 2 u u 0 0 2 2 0 0 u 2 u u u 0 d d 0 0 0 0 2 u 0 0 2 0 0 0 u 0 
2 2 u u 0 0 u 2 u u 2 2 0 0 u 0 d d 0 0 0 0 2 0 0 0 2 u 0 0 u 0 
2 2 u 0 0 0 2 2 0 u 2 u 0 u 2 0 2 u 0 0 0 0 2 0 0 0 2 u 0 0 0 0 
2 2 u 0 0 0 2 u 0 u 2 2 0 u 2 0 2 u 0 0 0 0 2 u 0 0 2 0 0 0 0 0 
2 2 2 u 0 0 2 2 0 u 2 u 0 0 u 0 2 u 0 0 0 0 2 0 0 0 d u 0 0 u 0 
2 2 2 u 0 0 2 u 0 0 2 2 0 u u 0 2 u 0 0 0 0 d u 0 0 2 0 0 0 u 0 
2 2 u 0 0 2 2 u 0 0 2 0 0 u u 0 2 u 0 0 0 0 2 u d 0 2 0 0 0 u 0 
2 2 u 0 0 2 2 0 0 u 2 u 0 0 u 0 2 u 0 0 0 0 2 0 0 0 2 u d 0 u 0 
2 2 u u 0 0 2 2 0 0 u 2 0 u u u 2 u 0 0 0 0 2 0 0 0 2 0 0 0 d 0 
2 2 u u 0 0 u 2 0 u 2 2 0 0 u u 2 u 0 0 0 0 2 0 0 0 2 0 0 0 d 0 
2 2 u u 0 0 2 2 0 u 2 2 0 2 u 0 2 0 0 0 0 0 u u 0 0 d 0 0 0 u 0 
2 2 u u 0 0 2 2 0 2 2 2 0 u u 0 2 0 0 0 0 0 d 0 0 0 u u 0 0 u 0 
2 2 u u u 0 2 u 0 0 d 2 0 u 2 0 2 u 0 0 0 0 2 0 0 0 2 u 0 0 0 0 
2 2 u u u 0 d 2 0 u 2 u 0 0 2 0 2 u 0 0 0 0 2 u 0 0 2 0 0 0 0 0 
2 d u u 0 0 2 2 u 0 2 2 0 u u 0 2 u 0 0 0 d u 0 0 0 2 u 0 0 0 0 
2 d u u 0 0 2 2 0 u 2 2 u 0 u 0 2 u 0 0 0 d 2 u 0 0 u 0 0 0 0 0 
2 u u 0 u 0 2 2 0 0 2 2 0 u u u 2 0 0 0 d 0 2 u 0 0 2 0 0 0 0 0 
2 u u 0 u 0 2 2 0 u 2 2 0 0 u u 2 0 0 0 d 0 2 0 0 0 2 u 0 0 0 0 
2 u 0 u 0 0 2 2 0 0 2 2 0 u u 0 2 0 0 0 0 0 2 u u d 2 0 0 0 u 0 
2 u 0 u 0 0 2 2 0 u 2 2 0 0 u 0 2 0 0 0 0 0 2 0 0 0 2 u u d u 0 
2 u 0 0 0 0 2 d 0 u 2 2 0 0 u 0 2 u 2 0 0 0 2 0 u 0 2 u 0 0 u 0 
2 u 0 0 0 0 2 2 0 0 2 d 0 u u 0 2 u 2 0 0 0 2 u 0 0 2 0 u 0 u 0 
2 u 0 0 0 0 2 d 0 0 2 2 0 u u 0 2 u 2 0 0 0 2 u u 0 2 0 0 0 u 0 
2 u 0 0 0 0 2 2 0 u 2 d 0 0 u 0 2 u 2 0 0 0 2 0 0 0 2 u u 0 u 0 
2 2 u 0 0 0 2 2 0 u 2 2 0 u u 0 u u 0 0 0 0 2 u 0 0 2 0 d 0 0 0 
2 2 u 0 0 0 2 2 0 u 2 2 0 u u 0 u u 0 0 0 0 2 0 d 0 2 u 0 0 0 0 
2 2 2 u 0 0 2 2 0 0 2 u 0 u u 0 2 u 0 0 0 0 2 u 0 0 d 0 0 0 u 0 
2 2 2 u 0 0 2 u 0 u 2 2 0 0 u 0 2 u 0 0 0 0 d 0 0 0 2 u 0 0 u 0 
2 2 u d 0 0 2 2 0 u 2 u 0 u u 0 2 u 0 0 0 0 2 u 0 0 2 0 0 0 0 0 
2 2 u d 0 0 2 u 0 u 2 2 0 u u 0 2 u 0 0 0 0 2 0 0 0 2 u 0 0 0 0 
2 2 u u 0 0 u d 0 0 2 2 0 u 2 u 2 u 0 0 0 0 2 0 0 0 2 u 0 0 0 0 
2 2 u u 0 0 2 2 0 u u d 0 0 2 u 2 u 0 0 0 0 2 u 0 0 2 0 0 0 0 0 
2 2 2 u 0 0 2 2 0 0 d 2 0 u u 0 2 0 u 0 0 0 2 u 0 0 u 0 0 0 u 0 
2 2 2 u 0 0 d 2 0 u 2 2 0 0 u 0 2 0 u 0 0 0 u 0 0 0 2 u 0 0 u 0 
2 0 u 0 0 0 2 u 0 u 2 2 0 0 u 0 2 u 0 0 u d 2 0 d 0 2 u 0 0 u 0 
2 0 u 0 0 0 2 2 0 0 2 u 0 u u 0 2 u 0 0 u d 2 u 0 0 2 0 d 0 u 0 
2 2 u u u 0 2 2 0 u d 2 0 0 u 0 2 0 0 0 0 0 2 0 u 0 2 u 0 0 0 0 
2 2 u u u 0 d 2 0 0 2 2 0 u u 0 2 0 0 0 0 0 2 u 0 0 2 0 u 0 0 0 
2 0 u 0 0 0 2 u 0 0 2 2 0 u u 0 2 u 0 0 u d 2 u d 0 2 0 0 0 u 0 
2 0 u 0 0 0 2 2 0 u 2 u 0 0 u 0 2 u 0 0 u d 2 0 0 0 2 u d 0 u 0 
2 2 u 0 d 0 2 2 0 0 2 2 0 u u 0 2 u 0 0 0 0 2 0 0 0 u u 0 u 0 0 
2 2 u 0 d 0 2 2 0 u 2 2 0 0 u 0 2 u 0 0 0 0 u u 0 u 2 0 0 0 0 0 
u 2 u u 0 0 2 2 0 0 2 2 0 u u u 2 0 0 0 0 0 d u 0 0 2 0 0 d u 0 
u 2 u u 0 0 2 2 0 u 2 2 0 0 u u 2 0 0 0 0 0 2 0 0 d d u 0 0 u 0 
2 d u u 0 0 2 2 u u 2 2 0 0 u 0 2 u 0 0 0 d u u 0 0 2 0 0 0 0 0 
2 d u u 0 0 2 2 0 0 2 2 u u u 0 2 u 0 0 0 d 2 0 0 0 u u 0 0 0 0 
2 2 2 u 0 0 d 2 0 0 2 2 0 u u 0 2 0 u 0 0 0 u u 0 0 2 0 0 0 u 0 
2 2 2 u 0 0 2 2 0 u d 2 0 0 u 0 2 0 u 0 0 0 2 0 0 0 u u 0 0 u 0 
2 2 u u 0 0 u 2 0 0 u 2 0 u u 0 2 0 0 0 0 0 2 u d 0 2 0 d 0 u 0 
2 2 u u 0 0 u 2 0 u u 2 0 0 u 0 2 0 0 0 0 0 2 0 d 0 2 u d 0 u 0 
2 2 u 0 0 2 2 u 0 u 2 0 0 0 u 0 2 u 0 0 0 0 2 0 d 0 2 u 0 0 u 0 
2 2 u 0 0 2 2 0 0 0 2 u 0 u u 0 2 u 0 0 0 0 2 u 0 0 2 0 d 0 u 0 
u 2 u u 0 0 2 2 0 u 2 2 0 0 0 0 2 0 0 0 0 0 2 u 0 0 2 u d 0 u 0 
u 2 u u 0 0 2 2 0 0 2 2 0 u 0 0 2 0 0 0 0 0 2 u d 0 2 u 0 0 u 0 
2 2 u u 0 0 2 2 0 u d u 0 0 u 0 2 u 0 0 0 d 2 0 0 0 2 u 0 0 u 0 
2 2 u u 0 0 d u 0 0 2 2 0 u u 0 2 u 0 0 0 d 2 u 0 0 2 0 0 0 u 0 
2 2 u u 0 0 2 2 0 0 d u 0 u u 0 2 u 0 0 0 d 2 u 0 0 2 0 0 0 u 0 
2 2 u u 0 0 d u 0 u 2 2 0 0 u 0 2 u 0 0 0 d 2 0 0 0 2 u 0 0 u 0 
2 d u u 0 u 2 2 0 0 2 2 0 u u 0 u u 0 0 d 0 2 0 0 0 2 u 0 0 0 0 
2 d u u 0 u 2 2 0 u 2 2 0 0 u 0 u u 0 0 d 0 2 u 0 0 2 0 0 0 0 0 
d 2 u 2 0 0 u 2 u u 2 2 0 0 u 0 2 0 0 0 0 0 2 0 0 0 2 u 0 0 u 0 
d 2 u 2 0 0 2 2 0 0 u 2 u u u 0 2 0 0 0 0 0 2 u 0 0 2 0 0 0 u 0 
2 u 0 u 0 0 2 2 0 0 2 2 0 u 0 u 2 0 u 0 0 d 2 u 0 0 2 0 0 0 u 0 
2 u 0 u 0 0 2 2 0 u 2 2 0 0 0 u 2 0 u 0 0 d 2 0 0 0 2 u 0 0 u 0 
2 u 0 u 0 0 2 2 0 u 2 2 0 0 u 0 2 0 0 0 0 0 2 0 u d 2 u 0 0 u 0 
2 u 0 u 0 0 2 2 0 0 2 2 0 u u 0 2 0 0 0 0 0 2 u 0 0 2 0 u d u 0 
2 2 0 0 0 u 2 2 0 0 2 2 0 u 0 0 d u u u 0 0 2 0 0 0 2 u 0 0 u 0 
2 2 0 0 0 u 2 2 0 u 2 2 0 0 0 0 d u u u 0 0 2 u 0 0 2 0 0 0 u 0 
2 2 u 0 0 d 2 d 0 0 2 2 0 u 0 0 u u 0 0 0 0 2 u u 0 2 0 0 0 u u 
2 2 u 0 0 d 2 2 0 u 2 d 0 0 0 0 u u 0 0 0 0 2 0 0 0 2 u u 0 u u 
2 2 u 0 0 d 2 d 0 u 2 2 0 0 0 0 u u 0 0 0 0 2 0 u 0 2 u 0 0 u u 
2 2 u 0 0 d 2 2 0 0 2 d 0 u 0 0 u u 0 0 0 0 2 u 0 0 2 0 u 0 u u 
2 u u u 0 2 2 0 0 0 2 2 0 u u u 2 0 0 0 d 0 2 u 0 0 2 0 0 0 0 0 
2 u u u 0 2 2 2 0 u 2 0 0 0 u u 2 0 0 0 d 0 2 0 0 0 2 u 0 0 0 0 
2 2 u u u 0 2 2 0 0 d 2 0 u u 0 2 0 0 0 0 0 2 u u 0 2 0 0 0 0 0 
2 2 u u u 0 d 2 0 u 2 2 0 0 u 0 2 0 0 0 0 0 2 0 0 0 2 u u 0 0 0 
2 2 u 0 u 0 2 d 0 u 2 d 0 0 u 0 2 0 0 0 0 0 2 0 u 0 2 u u 0 u 0 
2 2 u 0 u 0 2 d 0 0 2 d 0 u u 0 2 0 0 0 0 0 2 u u 0 2 0 u 0 u 0 
2 u u u 0 2 2 0 0 u 2 2 0 0 u u 2 0 0 0 d 0 2 0 0 0 2 u 0 0 0 0 
2 u u u 0 2 2 2 0 0 2 0 0 u u u 2 0 0 0 d 0 2 u 0 0 2 0 0 0 0 0 
2 2 u u 0 0 2 u 0 u 2 d 0 0 u 0 2 u 0 0 0 u 2 u 0 0 2 0 0 0 d 0 
2 2 u u 0 0 2 d 0 0 2 u 0 u u 0 2 u 0 0 0 u 2 0 0 0 2 u 0 0 d 0 
2 2 0 0 0 0 2 2 0 0 2 u 0 0 2 u 2 u u 0 0 0 2 u 0 0 2 0 0 0 u 0 
2 2 0 0 0 0 2 u 0 0 2 2 0 0 2 u 2 u u 0 0 0 2 0 0 0 2 u 0 0 u 0 
2 2 u 0 u 0 2 d u u 2 u d 0 0 u 2 0 0 0 0 0 2 0 0 0 2 u 0 0 u 0 
2 2 u 0 u 0 2 u d 0 2 d u u 0 u 2 0 0 0 0 0 2 u 0 0 2 0 0 0 u 0 
2 2 u 0 u 0 2 u 0 u 2 2 0 0 d u 2 0 0 0 0 0 2 0 u 0 2 u 0 0 0 0 
2 2 u 0 u 0 2 2 0 0 2 u 0 u d u 2 0 0 0 0 0 2 u 0 0 2 0 u 0 0 0 
2 2 u 0 u 0 2 d u 0 2 u d u 0 u 2 0 0 0 0 0 2 u 0 0 2 0 0 0 u 0 
2 2 u 0 u 0 2 u d u 2 d u 0 0 u 2 0 0 0 0 0 2 0 0 0 2 u 0 0 u 0 
2 2 u u 0 0 2 2 0 u 2 2 0 2 u 0 2 0 0 0 0 0 d u 0 0 u 0 0 0 u 0 
2 2 u u 0 0 2 2 0 2 2 2 0 u u 0 2 0 0 0 0 0 u 0 0 0 d u 0 0 u 0 
2 2 u 0 0 0 2 2 0 0 2 0 0 u u u 2 u 0 0 0 0 2 u 0 0 2 0 u d 0 0 
2 2 u 0 0 0 2 0 0 u 2 2 0 0 u u 2 u 0 0 0 0 2 0 u d 2 u 0 0 0 0 
2 2 u u 0 0 u 2 0 u 2 u 0 0 u 0 2 u 0 d 0 0 2 u 0 0 2 0 0 0 d 0 
2 2 u u 0 0 2 u 0 0 u 2 0 u u 0 2 u 0 d 0 0 2 0 0 0 2 u 0 0 d 0 
2 2 0 d 0 0 2 u 0 0 2 2 0 0 u u 2 u u 0 0 0 2 u 0 0 2 0 0 0 u 0 
2 2 0 d 0 0 2 2 0 0 2 u 0 0 u u 2 u u 0 0 0 2 0 0 0 2 u 0 0 u 0 
2 d u 0 0 0 2 2 0 u 2 u d 0 u 0 2 u 0 0 u 0 2 0 0 0 2 u 0 0 u 0 
2 d u 0 0 0 2 u d 0 2 2 0 u u 0 2 u 0 0 u 0 2 u 0 0 2 0 0 0 u 0 
2 2 u 0 u 0 2 u 0 0 2 2 0 u d u 2 0 0 0 0 0 2 u u 0 2 0 0 0 0 0 
2 2 u 0 u 0 2 2 0 u 2 u 0 0 d u 2 0 0 0 0 0 2 0 0 0 2 u u 0 0 0 
2 d u 0 0 0 2 2 0 0 2 u d u u 0 2 u 0 0 u 0 2 u 0 0 2 0 0 0 u 0 
2 d u 0 0 0 2 u d u 2 2 0 0 u 0 2 u 0 0 u 0 2 0 0 0 2 u 0 0 u 0 
2 u u u 0 d 2 2 0 0 2 2 0 u u 0 2 0 0 0 0 0 2 u 0 0 u 0 0 d u 0 
2 u u u 0 d 2 2 0 u 2 2 0 0 u 0 2 0 0 0 0 0 u 0 0 d 2 u 0 0 u 0 
d 2 u 2 0 0 u 2 u 0 2 2 0 u u 0 2 0 0 0 0 0 2 u 0 0 2 0 0 0 u 0 
d 2 u 2 0 0 2 2 0 u u 2 u 0 u 0 2 0 0 0 0 0 2 0 0 0 2 u 0 0 u 0 
2 2 u u 0 0 2 2 0 0 u 2 0 u 0 0 2 u 0 0 0 0 2 0 0 0 2 u 0 u 0 d 
2 2 u u 0 0 u 2 0 u 2 2 0 0 0 0 2 u 0 0 0 0 2 u 0 u 2 0 0 0 0 d 
2 u u u 0 d 2 2 0 u 2 2 0 0 u 0 2 0 0 0 0 0 2 0 0 0 u u 0 d u 0 
2 u u u 0 d 2 2 0 0 2 2 0 u u 0 2 0 0 0 0 0 u u 0 d 2 0 0 0 u 0 
2 2 u u 0 0 2 u 0 0 2 d 0 u u 0 2 u 0 0 0 u 2 0 0 0 2 u 0 0 d 0 
2 2 u u 0 0 2 d 0 u 2 u 0 0 u 0 2 u 0 0 0 u 2 u 0 0 2 0 0 0 d 0 
2 2 u u 0 0 d 2 0 0 2 d 0 u u 0 2 u 0 u 0 0 2 0 0 0 2 u 0 0 u 0 
2 2 u u 0 0 2 d 0 u d 2 0 0 u 0 2 u 0 u 0 0 2 u 0 0 2 0 0 0 u 0 
2 2 0 u 0 0 2 2 0 0 u 2 0 u u 0 2 u 0 0 0 0 2 d 0 0 2 u 0 0 0 u 
2 2 0 u 0 0 u 2 0 u 2 2 0 0 u 0 2 u 0 0 0 0 2 u 0 0 2 d 0 0 0 u 
2 2 u u 0 0 u 2 0 0 2 2 0 u 2 0 2 0 0 0 0 0 2 u 0 u 2 0 0 0 0 0 
2 2 u u 0 0 2 2 0 u u 2 0 0 2 0 2 0 0 0 0 0 2 0 0 0 2 u 0 u 0 0 
2 2 u 0 0 0 2 2 0 u 2 0 0 0 u u 2 u 0 0 0 0 2 0 0 0 2 u u d 0 0 
2 2 u 0 0 0 2 0 0 0 2 2 0 u u u 2 u 0 0 0 0 2 u u d 2 0 0 0 0 0 
d 2 0 u 0 0 2 2 0 0 2 2 0 u u 0 2 0 0 0 0 0 2 u 0 0 2 0 u u u 0 
d 2 0 u 0 0 2 2 0 u 2 2 0 0 u 0 2 0 0 0 0 0 2 0 u u 2 u 0 0 u 0 
2 2 0 0 0 0 2 2 0 u 2 u 0 0 0 0 2 u 0 0 0 u 2 0 0 0 2 u d 0 u u 
2 2 0 0 0 0 2 u 0 0 2 2 0 u 0 0 2 u 0 0 0 u 2 u d 0 2 0 0 0 u u 
2 2 u u 0 0 2 u u 0 2 2 0 u u 0 2 0 0 0 0 0 2 d 0 0 2 0 0 0 u 0 
2 2 u u 0 0 2 2 0 u 2 u u 0 u 0 2 0 0 0 0 0 2 0 0 0 2 d 0 0 u 0 
2 2 0 0 0 0 2 2 0 0 2 u 0 u 0 0 2 u 0 0 0 u 2 u 0 0 2 0 d 0 u u 
2 2 0 0 0 0 2 u 0 u 2 2 0 0 0 0 2 u 0 0 0 u 2 0 d 0 2 u 0 0 u u 
u 2 0 u 0 0 2 2 0 0 2 2 0 u u 0 2 0 0 0 d u 2 u 0 0 2 0 0 0 u 0 
u 2 0 u 0 0 2 2 0 u 2 2 0 0 u 0 2 0 0 0 d u 2 0 0 0 2 u 0 0 u 0 
2 2 u u 0 0 2 2 0 u u 2 0 0 0 0 2 u 0 0 0 0 2 u 0 0 2 0 0 u 0 d 
2 2 u u 0 0 u 2 0 0 2 2 0 u 0 0 2 u 0 0 0 0 2 0 0 u 2 u 0 0 0 d 
2 2 u u 0 0 d 2 0 u 2 d 0 0 u 0 2 u 0 u 0 0 2 u 0 0 2 0 0 0 u 0 
2 2 u u 0 0 2 d 0 0 d 2 0 u u 0 2 u 0 u 0 0 2 0 0 0 2 u 0 0 u 0 
2 2 u u u 0 2 2 0 0 2 2 0 0 u 0 2 2 0 0 0 0 2 0 0 0 u u 0 0 0 0 
2 2 u u u 0 2 2 0 0 2 2 0 0 u 0 2 2 0 0 0 0 u u 0 0 2 0 0 0 0 0 
2 2 u u 0 0 2 2 0 u 2 u 0 u u 0 2 0 0 d 0 0 2 u 0 0 2 0 0 0 0 0 
2 2 u u 0 0 2 u 0 u 2 2 0 u u 0 2 0 0 d 0 0 2 0 0 0 2 u 0 0 0 0 
2 2 u 0 0 0 2 d 0 u 2 d u 0 u 0 2 0 0 u 0 0 2 0 u 0 2 u 0 0 u 0 
2 2 u 0 0 0 2 d u 0 2 d 0 u u 0 2 0 0 u 0 0 2 u 0 0 2 0 u 0 u 0 
2 2 u u 0 0 d 2 0 0 u 2 0 u u 0 2 u 0 d 0 0 2 0 0 0 2 u 0 0 0 u 
2 2 u u 0 0 u 2 0 u d 2 0 0 u 0 2 u 0 d 0 0 2 u 0 0 2 0 0 0 0 u 
2 2 2 u 0 0 d 2 0 0 u 2 0 u u u 2 0 0 0 0 0 2 u 0 0 2 0 0 0 u 0 
2 2 2 u 0 0 u 2 0 u d 2 0 0 u u 2 0 0 0 0 0 2 0 0 0 2 u 0 0 u 0 
2 2 u u 0 0 2 u d u 2 2 0 0 u 0 2 0 0 0 0 0 2 0 0 0 u u 0 d u 0 
2 2 u u 0 0 2 2 0 0 2 u d u u 0 2 0 0 0 0 0 u u 0 d 2 0 0 0 u 0 
2 2 u u 0 0 2 u d 0 2 2 0 u u 0 2 0 0 0 0 0 2 u 0 0 u 0 0 d u 0 
2 2 u u 0 0 2 2 0 u 2 u d 0 u 0 2 0 0 0 0 0 u 0 0 d 2 u 0 0 u 0 
2 2 2 u 0 0 d 2 0 u u 2 0 0 u u 2 0 0 0 0 0 2 0 0 0 2 u 0 0 u 0 
2 2 2 u 0 0 u 2 0 0 d 2 0 u u u 2 0 0 0 0 0 2 u 0 0 2 0 0 0 u 0 
2 2 u u 0 0 2 u u u 2 2 0 0 u 0 2 0 0 0 0 0 2 0 0 0 2 d 0 0 u 0 
2 2 u u 0 0 2 2 0 0 2 u u u u 0 2 0 0 0 0 0 2 d 0 0 2 0 0 0 u 0 
2 d 2 u 0 0 2 2 0 0 2 2 0 u u 0 u u 0 0 0 u 2 0 0 0 2 u 0 0 0 0 
2 d 2 u 0 0 2 2 0 u 2 2 0 0 u 0 u u 0 0 0 u 2 u 0 0 2 0 0 0 0 0 
2 2 u u 0 0 u 2 0 0 2 u 0 u u 0 2 2 0 0 0 0 2 0 0 0 2 u 0 0 0 d 
2 2 u u 0 0 2 u 0 u u 2 0 0 u 0 2 2 0 0 0 0 2 u 0 0 2 0 0 0 0 d 
2 2 u u 0 0 u 2 0 0 2 2 0 u 0 0 2 0 d 0 0 0 2 u 0 0 2 u 0 0 u 0 
2 2 u u 0 0 2 2 0 u u 2 0 0 0 0 2 0 d 0 0 0 2 u 0 0 2 u 0 0 u 0 
2 2 u u 0 0 u 2 0 u 2 2 0 0 2 0 2 0 0 0 0 0 2 0 0 u 2 u 0 0 0 0 
2 2 u u 0 0 2 2 0 0 u 2 0 u 2 0 2 0 0 0 0 0 2 u 0 0 2 0 0 u 0 0 
2 2 u u 0 0 2 2 0 u 2 2 0 0 u 0 d 0 0 0 0 u 2 0 0 0 u u 0 d u 0 
2 2 u u 0 0 2 2 0 0 2 2 0 u u 0 d 0 0 0 0 u u u 0 d 2 0 0 0 u 0 
2 2 u u 0 0 2 2 0 0 2 2 0 u u 0 d 0 0 0 0 u 2 u 0 0 u 0 0 d u 0 
2 2 u u 0 0 2 2 0 u 2 2 0 0 u 0 d 0 0 0 0 u u 0 0 d 2 u 0 0 u 0 
d 2 0 u 0 0 2 2 0 0 2 2 0 u u 0 2 0 0 0 0 0 2 u u u 2 0 0 0 u 0 
d 2 0 u 0 0 2 2 0 u 2 2 0 0 u 0 2 0 0 0 0 0 2 0 0 0 2 u u u u 0 
2 u u 0 0 d 2 2 0 0 2 u 0 u u 0 2 0 0 u 0 0 2 u 0 0 2 0 d 0 u 0 
2 u u 0 0 d 2 u 0 u 2 2 0 0 u 0 2 0 0 u 0 0 2 0 d 0 2 u 0 0 u 0 
2 2 u u 0 0 2 2 0 0 2 2 0 u 0 u 2 0 0 0 0 0 2 u 0 0 u 0 0 d u 0 
2 2 u u 0 0 2 2 0 u 2 2 0 0 0 u 2 0 0 0 0 0 u 0 0 d 2 u 0 0 u 0 
d 2 u u 0 d 2 u u 0 2 2 0 u u 0 2 0 0 0 0 0 2 u 0 0 2 0 0 0 u 0 
d 2 u u 0 d 2 2 0 u 2 u u 0 u 0 2 0 0 0 0 0 2 0 0 0 2 u 0 0 u 0 
2 d u u 0 u 2 2 0 0 2 2 0 u u 0 u 0 d 0 0 0 2 u 0 0 2 0 0 0 u 0 
2 d u u 0 u 2 2 0 u 2 2 0 0 u 0 u 0 d 0 0 0 2 0 0 0 2 u 0 0 u 0 
2 u u 0 0 d 2 2 0 u 2 u 0 0 u 0 2 0 0 u 0 0 2 0 0 0 2 u d 0 u 0 
2 u u 0 0 d 2 u 0 0 2 2 0 u u 0 2 0 0 u 0 0 2 u d 0 2 0 0 0 u 0 
2 0 u u 0 2 2 2 0 0 2 2 0 u u 0 2 0 0 0 0 0 2 u 0 0 2 0 0 0 0 u 
2 0 u u 0 2 2 2 0 u 2 2 0 0 u 0 2 0 0 0 0 0 2 0 0 0 2 u 0 0 0 u 
2 u 0 0 0 0 2 2 0 0 2 2 0 u 0 0 2 u u 0 0 d 2 u 0 0 2 0 0 0 u u 
2 u 0 0 0 0 2 2 0 u 2 2 0 0 0 0 2 u u 0 0 d 2 0 0 0 2 u 0 0 u u 
d 2 u u 0 d 2 u u u 2 2 0 0 u 0 2 0 0 0 0 0 2 0 0 0 2 u 0 0 u 0 
d 2 u u 0 d 2 2 0 0 2 u u u u 0 2 0 0 0 0 0 2 u 0 0 2 0 0 0 u 0 
2 2 u 0 0 0 2 u 0 u 2 0 0 0 u 0 2 u 0 0 0 0 2 0 d 0 2 u u d u 0 
2 2 u 0 0 0 2 0 0 0 2 u 0 u u 0 2 u 0 0 0 0 2 u u d 2 0 d 0 u 0 
2 2 0 u 0 0 u 2 0 0 2 2 0 u u 0 2 u 0 0 0 0 2 0 0 0 2 2 0 0 0 u 
2 2 0 u 0 0 2 2 0 u u 2 0 0 u 0 2 u 0 0 0 0 2 2 0 0 2 0 0 0 0 u 
2 d u u 0 0 2 2 0 u 2 2 u u 0 0 2 0 0 0 0 0 2 u 0 0 2 0 0 0 u 0 
2 d u u 0 0 2 2 u u 2 2 0 u 0 0 2 0 0 0 0 0 2 0 0 0 2 u 0 0 u 0 
2 2 u 0 0 0 2 u 0 0 2 0 0 u u 0 2 u 0 0 0 0 2 u d 0 2 0 u d u 0 
2 2 u 0 0 0 2 0 0 u 2 u 0 0 u 0 2 u 0 0 0 0 2 0 u d 2 u d 0 u 0 
2 2 u u 0 0 2 u d 0 2 2 0 u u 0 2 u 0 0 0 0 u 0 d 0 2 u 0 0 0 0 
2 2 u u 0 0 2 2 0 u 2 u d 0 u 0 2 u 0 0 0 0 2 u 0 0 u 0 d 0 0 0 
2 u u u 0 0 d 2 0 u 2 2 0 0 u 0 2 u 0 0 d 0 2 u u 0 2 0 0 0 0 0 
2 u u u 0 0 2 2 0 0 d 2 0 u u 0 2 u 0 0 d 0 2 0 0 0 2 u u 0 0 0 
2 2 0 u u 0 2 u 0 u 2 2 0 0 0 0 2 0 u 0 0 0 2 u d 0 2 0 0 0 0 u 
2 2 0 u u 0 2 2 0 0 2 u 0 u 0 0 2 0 u 0 0 0 2 0 0 0 2 u d 0 0 u 
2 u u u 0 0 d 2 0 0 2 2 0 u u 0 2 u 0 0 d 0 2 0 u 0 2 u 0 0 0 0 
2 u u u 0 0 2 2 0 u d 2 0 0 u 0 2 u 0 0 d 0 2 u 0 0 2 0 u 0 0 0 
2 u u u 0 0 2 0 0 0 2 2 0 u 0 0 2 u 0 0 d 0 2 0 2 0 2 u 0 0 u 0 
2 u u u 0 0 2 2 0 u 2 0 0 0 0 0 2 u 0 0 d 0 2 u 0 0 2 0 2 0 u 0 
2 2 u u 0 0 2 2 0 u 2 2 0 0 u 0 2 u 0 0 0 0 d 0 0 0 u u 0 0 2 0 
2 2 u u 0 0 2 2 0 0 2 2 0 u u 0 2 u 0 0 0 0 u u 0 0 d 0 0 0 2 0 
2 2 u 0 0 0 2 2 0 0 u 2 0 u u 0 2 0 d 0 0 0 2 u 0 0 2 u 0 0 u 0 
2 2 u 0 0 0 u 2 0 u 2 2 0 0 u 0 2 0 d 0 0 0 2 u 0 0 2 u 0 0 u 0 
2 2 u u 0 0 u 2 0 u 2 2 u 0 u 0 d 0 0 0 0 0 2 0 0 0 2 u 0 0 2 0 
2 2 u u 0 0 2 2 u 0 u 2 0 u u 0 d 0 0 0 0 0 2 u 0 0 2 0 0 0 2 0 
2 u u u 0 0 2 0 0 u 2 2 0 0 0 0 2 u 0 0 d 0 2 u 2 0 2 0 0 0 u 0 
2 u u u 0 0 2 2 0 0 2 0 0 u 0 0 2 u 0 0 d 0 2 0 0 0 2 u 2 0 u 0 
2 2 u 2 0 0 2 u 0 0 2 2 0 u u 0 2 u 0 0 0 0 2 0 0 0 d u 0 0 0 u 
2 2 u 2 0 0 2 2 0 u 2 u 0 0 u 0 2 u 0 0 0 0 d u 0 0 2 0 0 0 0 u 
2 2 0 u 0 0 2 2 0 0 2 u 0 u u 0 2 u 0 0 0 0 2 0 d 0 2 u 0 0 0 u 
2 2 0 u 0 0 2 u 0 u 2 2 0 0 u 0 2 u 0 0 0 0 2 u 0 0 2 0 d 0 0 u 
2 2 u u 0 0 2 u d u 2 2 0 0 u 0 2 u 0 0 0 0 u u d 0 2 0 0 0 0 0 
2 2 u u 0 0 2 2 0 0 2 u d u u 0 2 u 0 0 0 0 2 0 0 0 u u d 0 0 0 
2 2 0 u 0 0 2 2 0 0 2 2 0 0 u 0 2 u 0 0 0 0 2 u 0 0 2 0 0 u u 0 
2 2 0 u 0 0 2 2 0 0 2 2 0 0 u 0 2 u 0 0 0 0 2 0 0 u 2 u 0 0 u 0 
2 2 u 0 0 0 2 d 0 0 2 d u u u 0 2 0 0 u 0 0 2 u u 0 2 0 0 0 u 0 
2 2 u 0 0 0 2 d u u 2 d 0 0 u 0 2 0 0 u 0 0 2 0 0 0 2 u u 0 u 0 
2 2 0 u 0 0 2 2 0 u 2 u 0 0 u 0 2 u 0 0 0 0 2 u d 0 2 0 0 0 0 u 
2 2 0 u 0 0 2 u 0 0 2 2 0 u u 0 2 u 0 0 0 0 2 0 0 0 2 u d 0 0 u 
2 2 u u 0 0 2 2 0 u 2 2 u 0 2 0 d 0 0 0 0 0 u 0 0 0 2 u 0 0 u 0 
2 2 u u 0 0 2 2 u 0 2 2 0 u 2 0 d 0 0 0 0 0 2 u 0 0 u 0 0 0 u 0 
2 2 u u 0 0 u 2 u 0 2 2 0 u d 0 2 0 0 0 0 0 2 u 0 0 2 0 0 0 u 0 
2 2 u u 0 0 2 2 0 u u 2 u 0 d 0 2 0 0 0 0 0 2 0 0 0 2 u 0 0 u 0 
2 2 u 0 0 0 2 2 0 0 2 2 0 0 u 0 2 u 0 0 0 u 2 u 0 u 2 0 0 0 0 0 
2 2 u 0 0 0 2 2 0 0 2 2 0 0 u 0 2 u 0 0 0 u 2 0 0 0 2 u 0 u 0 0 
2 u u u 0 0 2 d 0 u 2 d 0 0 u u 2 0 0 0 d 0 2 0 u 0 2 u u 0 0 0 
2 u u u 0 0 2 d 0 0 2 d 0 u u u 2 0 0 0 d 0 2 u u 0 2 0 u 0 0 0 
2 2 u u 0 0 2 2 0 0 u 2 0 u u u 2 u 0 0 0 d d 0 0 0 2 u 0 0 0 0 
2 2 u u 0 0 u 2 0 u 2 2 0 0 u u 2 u 0 0 0 d 2 u 0 0 d 0 0 0 0 0 
2 2 u u 0 0 u 2 0 0 2 u 0 u u 0 2 u 0 d 0 0 2 0 0 0 2 u 0 0 d 0 
2 2 u u 0 0 2 u 0 u u 2 0 0 u 0 2 u 0 d 0 0 2 u 0 0 2 0 0 0 d 0 
2 2 u u 0 0 2 2 0 u 2 u 0 u u 0 2 0 0 0 0 0 2 0 0 0 2 u 0 0 0 d 
2 2 u u 0 0 2 u 0 u 2 2 0 u u 0 2 0 0 0 0 0 2 u 0 0 2 0 0 0 0 d 
2 2 u u u 0 2 2 0 0 2 2 0 0 u 0 2 u 0 0 0 0 u 0 0 0 2 u 0 0 d 0 
2 2 u u u 0 2 2 0 0 2 2 0 0 u 0 2 u 0 0 0 0 2 u 0 0 u 0 0 0 d 0 
d u u u 0 0 2 2 0 0 2 2 0 u u 0 2 0 d 0 u 0 2 u 0 0 2 0 0 0 u 0 
d u u u 0 0 2 2 0 u 2 2 0 0 u 0 2 0 d 0 u 0 2 0 0 0 2 u 0 0 u 0 
2 2 u d 0 0 2 2 0 0 2 2 0 u u 0 u u u 0 0 0 2 0 0 0 2 u 0 0 0 0 
2 2 u d 0 0 2 2 0 u 2 2 0 0 u 0 u u u 0 0 0 2 u 0 0 2 0 0 0 0 0 
2 2 0 u 0 0 d 2 0 0 2 2 0 u u 0 2 0 0 0 u 0 2 u u 0 2 0 0 0 u 0 
2 2 0 u 0 0 2 2 0 u d 2 0 0 u 0 2 0 0 0 u 0 2 0 0 0 2 u u 0 u 0 
2 2 0 u 0 0 d 2 0 u 2 2 0 0 u 0 2 0 0 0 u 0 2 0 u 0 2 u 0 0 u 0 
2 2 0 u 0 0 2 2 0 0 d 2 0 u u 0 2 0 0 0 u 0 2 u 0 0 2 0 u 0 u 0 
2 2 u u 0 0 u 2 0 0 2 2 0 u u u 2 u 0 0 0 d 2 0 0 0 d u 0 0 0 0 
2 2 u u 0 0 2 2 0 u u 2 0 0 u u 2 u 0 0 0 d d u 0 0 2 0 0 0 0 0 
2 2 u u 0 0 2 u d u 2 2 0 0 0 u 2 0 0 0 0 0 2 0 0 0 2 u 0 0 0 u 
2 2 u u 0 0 2 2 0 0 2 u d u 0 u 2 0 0 0 0 0 2 u 0 0 2 0 0 0 0 u 
u 2 0 u 0 0 2 2 0 u 2 2 0 0 u 0 2 u 0 0 0 0 2 u 0 0 2 0 0 2 0 0 
u 2 0 u 0 0 2 2 0 0 2 2 0 u u 0 2 u 0 0 0 0 2 0 0 2 2 u 0 0 0 0 
2 u 0 0 0 d 2 2 0 u 2 2 0 0 u 0 2 u u 0 0 0 2 0 0 0 2 u 0 0 u 0 
2 u 0 0 0 d 2 2 0 0 2 2 0 u u 0 2 u u 0 0 0 2 u 0 0 2 0 0 0 u 0 
2 2 0 u u 0 2 u 0 0 2 2 0 u 0 0 2 0 u 0 0 0 2 0 d 0 2 u 0 0 0 u 
2 2 0 u u 0 2 2 0 u 2 u 0 0 0 0 2 0 u 0 0 0 2 u 0 0 2 0 d 0 0 u 
2 2 u u 0 0 2 2 0 0 2 2 0 0 u u 2 u 0 0 0 0 2 0 0 0 u u 0 0 d 0 
2 2 u u 0 0 2 2 0 0 2 2 0 0 u u 2 u 0 0 0 0 u u 0 0 2 0 0 0 d 0 
d 2 u u 0 d 2 2 0 0 2 2 0 u u 0 u 0 u 0 0 0 2 u 0 0 2 0 0 0 u 0 
d 2 u u 0 d 2 2 0 u 2 2 0 0 u 0 u 0 u 0 0 0 2 0 0 0 2 u 0 0 u 0 
u 2 0 0 0 0 2 2 0 0 2 d 0 u u 0 2 u u 0 d 0 2 u 0 0 2 0 u 0 u 0 
u 2 0 0 0 0 2 d 0 u 2 2 0 0 u 0 2 u u 0 d 0 2 0 u 0 2 u 0 0 u 0 
2 2 u u 0 0 2 2 0 0 2 2 0 u u 0 2 u 0 0 0 0 d u 0 0 u 0 0 0 2 0 
2 2 u u 0 0 2 2 0 u 2 2 0 0 u 0 2 u 0 0 0 0 u 0 0 0 d u 0 0 2 0 
u 2 0 0 0 0 2 2 0 u 2 d 0 0 u 0 2 u u 0 d 0 2 0 0 0 2 u u 0 u 0 
u 2 0 0 0 0 2 d 0 0 2 2 0 u u 0 2 u u 0 d 0 2 u u 0 2 0 0 0 u 0 
2 2 u u 0 0 d 2 0 u 2 u 0 0 u 0 2 0 0 u 0 0 2 0 0 0 2 u 0 0 2 0 
2 2 u u 0 0 2 u 0 0 d 2 0 u u 0 2 0 0 u 0 0 2 u 0 0 2 0 0 0 2 0 
2 2 u u 0 0 2 2 0 0 2 2 0 u u 0 2 u 0 0 0 0 u 0 0 d d u 0 u 0 0 
2 2 u u 0 0 2 2 0 u 2 2 0 0 u 0 2 u 0 0 0 0 d u 0 u u 0 0 d 0 0 
2 2 u 0 0 0 2 d 0 0 2 2 0 u 0 u 2 0 0 0 0 0 2 u 0 0 2 u 0 0 u u 
2 2 u 0 0 0 2 2 0 u 2 d 0 0 0 u 2 0 0 0 0 0 2 u 0 0 2 u 0 0 u u 
2 2 u u u 0 2 2 0 0 2 2 0 u u d 2 u 0 0 0 0 u 0 0 0 d u 0 0 0 0 
2 2 u u u 0 2 2 0 u 2 2 0 0 u d 2 u 0 0 0 0 d u 0 0 u 0 0 0 0 0 
2 2 u u 0 0 2 2 0 0 2 u 0 u 2 0 2 u 0 u 0 0 d 0 0 0 2 u 0 0 0 0 
2 2 u u 0 0 2 u 0 u 2 2 0 0 2 0 2 u 0 u 0 0 2 u 0 0 d 0 0 0 0 0 
2 2 u u 0 0 2 2 0 0 2 2 0 u u 0 2 u 0 0 0 0 d 0 0 u u u 0 d 0 0 
2 2 u u 0 0 2 2 0 u 2 2 0 0 u 0 2 u 0 0 0 0 u u 0 d d 0 0 u 0 0 
2 2 u 2 0 0 d 2 0 0 2 u 0 u u u 2 u 0 0 0 0 2 0 0 0 2 u 0 0 0 0 
2 2 u 2 0 0 2 u 0 u d 2 0 0 u u 2 u 0 0 0 0 2 u 0 0 2 0 0 0 0 0 
2 2 u u 0 0 2 u d 0 2 2 0 u 0 u 2 0 0 0 0 0 2 u 0 0 2 0 0 0 0 u 
2 2 u u 0 0 2 2 0 u 2 u d 0 0 u 2 0 0 0 0 0 2 0 0 0 2 u 0 0 0 u 
2 u u u 0 d 2 2 0 0 2 2 0 u u 0 d u 0 0 u 0 2 0 0 0 2 u 0 0 0 0 
2 u u u 0 d 2 2 0 u 2 2 0 0 u 0 d u 0 0 u 0 2 u 0 0 2 0 0 0 0 0 
2 2 u 0 0 0 2 2 0 u 2 d 0 0 u 0 2 u 0 u 0 0 2 u 0 0 2 u 0 0 0 0 
2 2 u 0 0 0 2 d 0 0 2 2 0 u u 0 2 u 0 u 0 0 2 u 0 0 2 u 0 0 0 0 
2 2 u u 0 0 2 2 0 0 2 2 u u 2 0 d 0 0 0 0 0 u u 0 0 2 0 0 0 u 0 
2 2 u u 0 0 2 2 u u 2 2 0 0 2 0 d 0 0 0 0 0 2 0 0 0 u u 0 0 u 0 
2 2 0 u 0 0 d 2 0 0 2 2 u u u u 2 u 0 0 0 0 2 0 0 0 2 u 0 0 0 0 
2 2 0 u 0 0 2 2 u u d 2 0 0 u u 2 u 0 0 0 0 2 u 0 0 2 0 0 0 0 0 
u 2 u u 0 0 2 2 u 0 2 2 0 u u 0 2 0 0 0 0 0 2 u 0 0 2 0 d 0 0 0 
u 2 u u 0 0 2 2 0 u 2 2 u 0 u 0 2 0 0 0 0 0 2 0 d 0 2 u 0 0 0 0 
u 2 u u 0 0 2 2 u u 2 2 0 0 u 0 2 0 0 0 0 0 2 0 0 0 2 u d 0 0 0 
u 2 u u 0 0 2 2 0 0 2 2 u u u 0 2 0 0 0 0 0 2 u d 0 2 0 0 0 0 0 
2 2 u u 0 0 2 2 0 0 2 2 0 u u 0 2 u 0 0 0 0 u u 0 0 2 d 0 0 0 0 
2 2 u u 0 0 2 2 0 u 2 2 0 0 u 0 2 u 0 0 0 0 2 d 0 0 u u 0 0 0 0 
2 2 0 u 0 0 d 2 0 u 2 2 u 0 u u 2 u 0 0 0 0 2 u 0 0 2 0 0 0 0 0 
2 2 0 u 0 0 2 2 u 0 d 2 0 u u u 2 u 0 0 0 0 2 0 0 0 2 u 0 0 0 0 
u 2 0 u 0 0 2 2 0 0 2 2 0 u u 0 2 u 0 0 0 0 2 0 0 0 2 u 0 2 0 0 
u 2 0 u 0 0 2 2 0 u 2 2 0 0 u 0 2 u 0 0 0 0 2 u 0 2 2 0 0 0 0 0 
2 2 u u 0 0 u 2 0 0 2 2 u u u 0 d 0 0 0 0 0 2 u 0 0 2 0 0 0 2 0 
2 2 u u 0 0 2 2 u u u 2 0 0 u 0 d 0 0 0 0 0 2 0 0 0 2 u 0 0 2 0 
2 0 u u 0 2 2 2 0 0 2 0 0 u u 0 2 0 0 0 2 0 2 u 0 0 2 0 0 0 u 0 
2 0 u u 0 2 2 0 0 u 2 2 0 0 u 0 2 0 0 0 2 0 2 0 0 0 2 u 0 0 u 0 
2 0 u u 0 2 2 2 0 u 2 0 0 0 u 0 2 0 0 0 2 0 2 0 0 0 2 u 0 0 u 0 
2 0 u u 0 2 2 0 0 0 2 2 0 u u 0 2 0 0 0 2 0 2 u 0 0 2 0 0 0 u 0 
2 u 0 0 u 0 2 2 0 0 2 2 0 u u 0 2 u u 0 d 0 2 0 0 0 2 u 0 0 0 0 
2 u 0 0 u 0 2 2 0 u 2 2 0 0 u 0 2 u u 0 d 0 2 u 0 0 2 0 0 0 0 0 
2 2 u 0 0 d 2 2 0 u 2 u u 0 u 0 2 0 0 0 0 0 2 0 0 0 2 u 0 0 u 0 
2 2 u 0 0 d 2 u u 0 2 2 0 u u 0 2 0 0 0 0 0 2 u 0 0 2 0 0 0 u 0 
2 2 u u 0 0 u 2 0 u 2 u 0 0 u 0 2 2 0 0 0 0 2 u 0 0 2 0 0 0 0 d 
2 2 u u 0 0 2 u 0 0 u 2 0 u u 0 2 2 0 0 0 0 2 0 0 0 2 u 0 0 0 d 
2 2 u u 0 0 2 2 0 0 2 2 0 u u 0 2 0 u 0 0 0 u u 0 0 2 d 0 0 0 0 
2 2 u u 0 0 2 2 0 u 2 2 0 0 u 0 2 0 u 0 0 0 2 d 0 0 u u 0 0 0 0 
2 u 0 u 0 0 2 u 0 0 2 2 0 u u u 2 0 u 0 0 d 2 u d 0 2 0 0 0 0 0 
2 u 0 u 0 0 2 2 0 u 2 u 0 0 u u 2 0 u 0 0 d 2 0 0 0 2 u d 0 0 0 
2 u 0 u 0 0 2 u 0 u 2 2 0 0 u u 2 0 u 0 0 d 2 0 d 0 2 u 0 0 0 0 
2 u 0 u 0 0 2 2 0 0 2 u 0 u u u 2 0 u 0 0 d 2 u 0 0 2 0 d 0 0 0 
2 2 u u 0 0 2 2 0 u 2 d 0 0 u u u 0 0 0 0 0 2 0 0 d 2 u 0 0 u 0 
2 2 u u 0 0 2 d 0 0 2 2 0 u u u u 0 0 0 0 0 2 u 0 0 2 0 0 d u 0 
2 2 u u 0 0 2 2 0 u 2 u 0 0 0 0 2 0 0 0 0 u 2 0 d 0 2 u 0 0 u 0 
2 2 u u 0 0 2 u 0 0 2 2 0 u 0 0 2 0 0 0 0 u 2 u 0 0 2 0 d 0 u 0 
2 2 u 0 0 0 2 2 0 u 2 u d 0 0 0 2 u 0 u 0 0 2 u 0 0 2 0 0 0 0 u 
2 2 u 0 0 0 2 u d 0 2 2 0 u 0 0 2 u 0 u 0 0 2 0 0 0 2 u 0 0 0 u 
2 2 u u 0 0 2 2 0 0 2 u 0 u 0 0 2 0 0 0 0 u 2 u d 0 2 0 0 0 u 0 
2 2 u u 0 0 2 u 0 u 2 2 0 0 0 0 2 0 0 0 0 u 2 0 0 0 2 u d 0 u 0 
d 2 u u 0 0 2 2 0 0 2 2 0 u 2 0 u u 0 0 0 0 2 0 0 0 2 u 0 0 u 0 
d 2 u u 0 0 2 2 0 u 2 2 0 0 2 0 u u 0 0 0 0 2 u 0 0 2 0 0 0 u 0 
2 0 u 0 0 0 2 d 0 u 2 2 0 0 u 0 2 u 0 0 u d 2 0 u 0 2 u 0 0 u 0 
2 0 u 0 0 0 2 2 0 0 2 d 0 u u 0 2 u 0 0 u d 2 u 0 0 2 0 u 0 u 0 
2 0 u 0 0 0 2 d 0 0 2 2 0 u u 0 2 u 0 0 u d 2 u u 0 2 0 0 0 u 0 
2 0 u 0 0 0 2 2 0 u 2 d 0 0 u 0 2 u 0 0 u d 2 0 0 0 2 u u 0 u 0 
d 2 u u 0 0 2 2 u u u 2 0 0 2 0 2 0 0 0 0 0 2 0 0 0 2 u 0 0 u 0 
d 2 u u 0 0 u 2 0 0 2 2 u u 2 0 2 0 0 0 0 0 2 u 0 0 2 0 0 0 u 0 
2 2 u u 0 0 2 2 0 0 u d 0 u u 0 2 u 0 0 0 0 2 0 0 0 2 u 0 0 d u 
2 2 u u 0 0 u d 0 u 2 2 0 0 u 0 2 u 0 0 0 0 2 u 0 0 2 0 0 0 d u 
2 u 0 u 0 0 2 d 0 u 2 2 0 0 u u 2 0 0 0 2 0 2 0 u 0 2 u 0 0 0 0 
2 u 0 u 0 0 2 2 0 0 2 d 0 u u u 2 0 0 0 2 0 2 u 0 0 2 0 u 0 0 0 
2 u 0 u 0 0 2 d 0 0 2 2 0 u u u 2 0 0 0 2 0 2 u u 0 2 0 0 0 0 0 
2 u 0 u 0 0 2 2 0 u 2 d 0 0 u u 2 0 0 0 2 0 2 0 0 0 2 u u 0 0 0 
2 2 u u 0 0 d 2 0 d 2 2 0 u u 0 2 0 0 0 0 0 2 u 0 0 u u 0 0 u 0 
2 2 u u 0 0 2 2 0 u d 2 0 d u 0 2 0 0 0 0 0 u u 0 0 2 u 0 0 u 0 
2 2 u 0 0 0 2 2 0 0 2 u d u 0 0 2 u 0 u 0 0 2 0 0 0 2 u 0 0 0 u 
2 2 u 0 0 0 2 u d u 2 2 0 0 0 0 2 u 0 u 0 0 2 u 0 0 2 0 0 0 0 u 
2 2 u u u 0 u 2 0 u 2 2 0 0 u 0 2 2 0 0 0 0 2 0 0 0 2 0 0 0 0 0 
2 2 u u u 0 2 2 0 0 u 2 0 u u 0 2 2 0 0 0 0 2 0 0 0 2 0 0 0 0 0 
u 2 u u 0 0 2 2 u u 2 2 d 0 0 0 2 u 0 0 0 0 2 u 0 0 2 0 0 0 0 0 
u 2 u u 0 0 2 2 d 0 2 2 u u 0 0 2 u 0 0 0 0 2 0 0 0 2 u 0 0 0 0 
2 2 u u d 0 2 2 0 0 2 2 0 u u u 2 u 0 0 0 0 u 0 0 0 d u 0 0 0 0 
2 2 u u d 0 2 2 0 u 2 2 0 0 u u 2 u 0 0 0 0 d u 0 0 u 0 0 0 0 0 
2 2 u u 0 0 u d 0 u 2 2 0 0 u 0 2 u 0 0 0 0 2 u d u 2 0 0 0 0 0 
2 2 u u 0 0 2 2 0 0 u d 0 u u 0 2 u 0 0 0 0 2 0 0 0 2 u d u 0 0 
d 2 u u 0 0 2 2 u 0 u 2 0 u 2 0 2 0 0 0 0 0 2 u 0 0 2 0 0 0 u 0 
d 2 u u 0 0 u 2 0 u 2 2 u 0 2 0 2 0 0 0 0 0 2 0 0 0 2 u 0 0 u 0 
2 2 u u 0 0 2 2 0 0 d 2 0 u u u 2 0 0 0 0 u 2 0 0 0 2 0 0 0 u 0 
2 2 u u 0 0 d 2 0 u 2 2 0 0 u u 2 0 0 0 0 u 2 0 0 0 2 0 0 0 u 0 
d 2 u u 0 0 2 2 0 0 2 u 0 u u 0 2 0 0 0 d 0 2 u 0 0 2 0 u 0 u 0 
d 2 u u 0 0 2 u 0 u 2 2 0 0 u 0 2 0 0 0 d 0 2 0 u 0 2 u 0 0 u 0 
d 2 u u 0 0 2 2 0 u 2 u 0 0 u 0 2 0 0 0 d 0 2 0 0 0 2 u u 0 u 0 
d 2 u u 0 0 2 u 0 0 2 2 0 u u 0 2 0 0 0 d 0 2 u u 0 2 0 0 0 u 0 
u 2 u u 0 0 2 2 u 0 2 2 d u 0 0 2 u 0 0 0 0 2 0 0 0 2 u 0 0 0 0 
u 2 u u 0 0 2 2 d u 2 2 u 0 0 0 2 u 0 0 0 0 2 u 0 0 2 0 0 0 0 0 
2 2 u u 0 0 u 2 0 u 2 2 0 u u 0 2 0 0 0 0 0 2 u 0 0 d d 0 0 u 0 
2 2 u u 0 0 2 2 0 u u 2 0 u u 0 2 0 0 0 0 0 d d 0 0 2 u 0 0 u 0 
2 2 u u 0 0 2 2 0 0 2 2 0 u u 0 2 0 0 0 0 d 2 u u 0 u 0 0 0 0 0 
2 2 u u 0 0 2 2 0 u 2 2 0 0 u 0 2 0 0 0 0 d u 0 0 0 2 u u 0 0 0 
2 2 u u 0 0 2 2 0 0 2 d 0 u u u u 0 0 0 0 0 2 u 0 d 2 0 0 0 u 0 
2 2 u u 0 0 2 d 0 u 2 2 0 0 u u u 0 0 0 0 0 2 0 0 0 2 u 0 d u 0 
2 2 u u 0 0 2 2 0 u u d 0 0 u 0 2 d 0 0 0 u 2 0 0 0 2 u 0 0 u 0 
2 2 u u 0 0 u d 0 0 2 2 0 u u 0 2 d 0 0 0 u 2 u 0 0 2 0 0 0 u 0 
2 2 u u 0 0 2 2 0 0 2 2 0 0 2 0 2 0 0 0 0 0 u 0 0 0 2 u 0 0 u u 
2 2 u u 0 0 2 2 0 0 2 2 0 0 2 0 2 0 0 0 0 0 2 u 0 0 u 0 0 0 u u 
2 u u 0 0 0 2 2 0 0 2 d 0 u 0 0 2 u d 0 0 0 2 u 0 0 2 0 u 0 u u 
2 u u 0 0 0 2 d 0 u 2 2 0 0 0 0 2 u d 0 0 0 2 0 u 0 2 u 0 0 u u 
2 u u 0 0 0 2 2 0 u 2 d 0 0 0 0 2 u d 0 0 0 2 0 0 0 2 u u 0 u u 
2 u u 0 0 0 2 d 0 0 2 2 0 u 0 0 2 u d 0 0 0 2 u u 0 2 0 0 0 u u 
2 2 u u 0 0 2 2 0 0 u d 0 u u 0 2 d 0 0 0 u 2 u 0 0 2 0 0 0 u 0 
2 2 u u 0 0 u d 0 u 2 2 0 0 u 0 2 d 0 0 0 u 2 0 0 0 2 u 0 0 u 0 
2 2 u u 0 0 2 2 0 u 2 2 0 0 u 0 2 0 0 0 0 d 2 0 u 0 u u 0 0 0 0 
2 2 u u 0 0 2 2 0 0 2 2 0 u u 0 2 0 0 0 0 d u u 0 0 2 0 u 0 0 0 
2 2 u u 0 0 2 2 0 0 2 2 0 0 u u 2 2 0 0 0 0 u 0 0 0 2 u 0 0 0 0 
2 2 u u 0 0 2 2 0 0 2 2 0 0 u u 2 2 0 0 0 0 2 u 0 0 u 0 0 0 0 0 
2 2 u u 0 0 2 2 0 0 2 2 0 u u 0 2 u 0 0 0 0 2 2 0 0 u 0 0 0 0 0 
2 2 u u 0 0 2 2 0 u 2 2 0 0 u 0 2 u 0 0 0 0 u 0 0 0 2 2 0 0 0 0 
2 2 0 0 0 0 2 u 0 0 2 2 0 u u u 2 u 0 0 0 u 2 u d 0 2 0 0 0 0 0 
2 2 0 0 0 0 2 2 0 u 2 u 0 0 u u 2 u 0 0 0 u 2 0 0 0 2 u d 0 0 0 
2 2 0 u 0 0 2 2 0 0 d 2 0 u u 0 2 u 0 0 u 0 2 0 0 0 2 u 0 u 0 0 
2 2 0 u 0 0 d 2 0 u 2 2 0 0 u 0 2 u 0 0 u 0 2 u 0 u 2 0 0 0 0 0 
2 2 u u 0 0 u d 0 0 2 2 0 u u 0 2 u 0 0 0 0 2 0 d u 2 u 0 0 0 0 
2 2 u u 0 0 2 2 0 u u d 0 0 u 0 2 u 0 0 0 0 2 u 0 0 2 0 d u 0 0 
2 2 0 0 0 0 2 0 0 u 2 2 0 0 u 2 2 u u 0 0 0 2 0 0 0 2 u 0 0 u 0 
2 2 0 0 0 0 2 2 0 0 2 0 0 u u 2 2 u u 0 0 0 2 u 0 0 2 0 0 0 u 0 
2 2 0 u 0 0 2 2 0 u d 2 0 0 u 0 2 u 0 0 u 0 2 u 0 0 2 0 0 u 0 0 
2 2 0 u 0 0 d 2 0 0 2 2 0 u u 0 2 u 0 0 u 0 2 0 0 u 2 u 0 0 0 0 
2 2 u u 0 0 u 2 u u 2 2 0 0 d 0 2 0 0 0 0 0 2 0 0 0 2 u 0 0 u 0 
2 2 u u 0 0 2 2 0 0 u 2 u u d 0 2 0 0 0 0 0 2 u 0 0 2 0 0 0 u 0 
2 2 u u u 0 2 2 0 0 2 2 0 0 u 0 u u 0 0 0 0 2 u d 0 2 0 0 0 0 0 
2 2 u u u 0 2 2 0 0 2 2 0 0 u 0 u u 0 0 0 0 2 0 0 0 2 u d 0 0 0 
2 2 0 0 0 0 2 u 0 u 2 2 0 0 u u 2 u 0 0 0 u 2 0 d 0 2 u 0 0 0 0 
2 2 0 0 0 0 2 2 0 0 2 u 0 u u u 2 u 0 0 0 u 2 u 0 0 2 0 d 0 0 0 
2 2 u u 0 0 2 2 0 u u 2 0 u u 0 2 0 0 0 0 0 d u 0 0 2 d 0 0 u 0 
2 2 u u 0 0 u 2 0 u 2 2 0 u u 0 2 0 0 0 0 0 2 d 0 0 d u 0 0 u 0 
2 2 u u 0 0 u 2 u 0 2 2 0 u u 0 2 0 0 0 0 0 d u 0 d 2 0 0 0 u 0 
2 2 u u 0 0 2 2 0 u u 2 u 0 u 0 2 0 0 0 0 0 2 0 0 0 d u 0 d u 0 
2 2 u u 0 0 2 2 0 0 2 2 0 u u 0 u 0 0 d 0 0 2 u 0 0 u 0 0 d u 0 
2 2 u u 0 0 2 2 0 u 2 2 0 0 u 0 u 0 0 d 0 0 u 0 0 d 2 u 0 0 u 0 
2 2 u u 0 0 2 2 0 0 2 2 0 u u 0 2 0 u 0 0 0 2 2 0 0 u 0 0 0 0 0 
2 2 u u 0 0 2 2 0 u 2 2 0 0 u 0 2 0 u 0 0 0 u 0 0 0 2 2 0 0 0 0 
u 2 u u 0 0 2 2 0 0 2 2 d u u 0 2 0 0 0 0 0 2 u 0 u 2 0 0 0 0 0 
u 2 u u 0 0 2 2 d u 2 2 0 0 u 0 2 0 0 0 0 0 2 0 0 0 2 u 0 u 0 0 
2 u 0 0 0 d 2 2 0 u 2 2 0 0 u 0 u u u 0 d 0 2 0 0 0 2 u 0 0 u 0 
2 u 0 0 0 d 2 2 0 0 2 2 0 u u 0 u u u 0 d 0 2 u 0 0 2 0 0 0 u 0 
u 2 u u 0 0 2 2 0 u 2 2 d 0 u 0 2 0 0 0 0 0 2 0 0 u 2 u 0 0 0 0 
u 2 u u 0 0 2 2 d 0 2 2 0 u u 0 2 0 0 0 0 0 2 u 0 0 2 0 0 u 0 0 
2 d u 0 0 u 2 2 0 0 2 d 0 u u 0 2 u 0 0 0 0 2 u 0 0 2 0 u 0 u 0 
2 d u 0 0 u 2 d 0 u 2 2 0 0 u 0 2 u 0 0 0 0 2 0 u 0 2 u 0 0 u 0 
u d 2 u 0 u 2 2 0 0 2 2 0 u u 0 2 u 0 0 0 0 2 0 0 0 2 u 0 0 0 0 
u d 2 u 0 u 2 2 0 u 2 2 0 0 u 0 2 u 0 0 0 0 2 u 0 0 2 0 0 0 0 0 
2 d u 0 0 u 2 2 0 u 2 d 0 0 u 0 2 u 0 0 0 0 2 0 0 0 2 u u 0 u 0 
2 d u 0 0 u 2 d 0 0 2 2 0 u u 0 2 u 0 0 0 0 2 u u 0 2 0 0 0 u 0 
2 2 0 0 0 0 2 0 0 0 2 2 0 u u 2 2 u u 0 0 0 2 u 0 0 2 0 0 0 u 0 
2 2 0 0 0 0 2 2 0 u 2 0 0 0 u 2 2 u u 0 0 0 2 0 0 0 2 u 0 0 u 0 
2 2 u u 0 0 2 2 0 u 2 2 0 0 u 0 2 0 0 0 0 0 u d 0 0 2 u 0 0 u 0 
2 2 u u 0 0 2 2 0 0 2 2 0 u u 0 2 0 0 0 0 0 2 u 0 0 u d 0 0 u 0 
2 2 u 0 0 d 2 2 0 0 2 u u u u 0 2 0 0 0 0 0 2 u 0 0 2 0 0 0 u 0 
2 2 u 0 0 d 2 u u u 2 2 0 0 u 0 2 0 0 0 0 0 2 0 0 0 2 u 0 0 u 0 
2 2 u u 0 0 u 2 u u 2 2 0 0 u 0 2 0 0 0 0 0 d 0 0 d 2 u 0 0 u 0 
2 2 u u 0 0 2 2 0 0 u 2 u u u 0 2 0 0 0 0 0 2 u 0 0 d 0 0 d u 0 
2 0 u 0 0 0 2 d 0 u 2 2 0 0 u 0 2 u 0 0 d u 2 0 u 0 2 u 0 0 u 0 
2 0 u 0 0 0 2 2 0 0 2 d 0 u u 0 2 u 0 0 d u 2 u 0 0 2 0 u 0 u 0 
2 0 u 0 0 0 2 d 0 0 2 2 0 u u 0 2 u 0 0 d u 2 u u 0 2 0 0 0 u 0 
2 0 u 0 0 0 2 2 0 u 2 d 0 0 u 0 2 u 0 0 d u 2 0 0 0 2 u u 0 u 0 
2 2 0 u d 0 2 2 0 0 2 2 0 u u 0 2 0 0 0 0 0 u u u 0 2 0 0 0 u 0 
2 2 0 u d 0 2 2 0 u 2 2 0 0 u 0 2 0 0 0 0 0 2 0 0 0 u u u 0 u 0 
2 2 u 2 0 0 2 2 0 0 2 2 0 0 u 0 2 0 0 0 0 0 u u 0 0 2 0 0 0 u u 
2 2 u 2 0 0 2 2 0 0 2 2 0 0 u 0 2 0 0 0 0 0 2 0 0 0 u u 0 0 u u 
2 2 u u 0 0 2 2 0 d d 2 0 u u 0 2 0 0 0 0 0 u u 0 0 2 u 0 0 u 0 
2 2 u u 0 0 d 2 0 u 2 2 0 d u 0 2 0 0 0 0 0 2 u 0 0 u u 0 0 u 0 
2 u 2 u 0 0 2 2 0 u 2 2 0 0 u 0 2 0 0 0 0 0 u 0 d 0 2 u 0 0 u 0 
2 u 2 u 0 0 2 2 0 0 2 2 0 u u 0 2 0 0 0 0 0 2 u 0 0 u 0 d 0 u 0 
2 u 2 u 0 0 2 2 0 0 2 2 0 u u 0 2 0 0 0 0 0 u u d 0 2 0 0 0 u 0 
2 u 2 u 0 0 2 2 0 u 2 2 0 0 u 0 2 0 0 0 0 0 2 0 0 0 u u d 0 u 0 
2 2 u u 0 0 u d 0 0 2 2 0 u u 0 2 u 0 0 0 0 2 0 0 0 2 u 0 0 2 0 
2 2 u u 0 0 2 2 0 u u d 0 0 u 0 2 u 0 0 0 0 2 u 0 0 2 0 0 0 2 0 
2 2 u u 0 0 2 2 0 u 2 2 0 0 u 0 u 0 0 d 0 0 2 0 0 0 u u 0 d u 0 
2 2 u u 0 0 2 2 0 0 2 2 0 u u 0 u 0 0 d 0 0 u u 0 d 2 0 0 0 u 0 
2 2 u u 0 0 d 2 0 0 2 2 0 u u d 2 u 0 0 0 u 2 0 0 0 u u 0 0 0 0 
2 2 u u 0 0 2 2 0 u d 2 0 0 u d 2 u 0 0 0 u u u 0 0 2 0 0 0 0 0 
2 2 u u 0 0 2 2 0 u 2 2 0 0 0 u 2 0 0 0 0 0 2 0 0 0 u u 0 d u 0 
2 2 u u 0 0 2 2 0 0 2 2 0 u 0 u 2 0 0 0 0 0 u u 0 d 2 0 0 0 u 0 
2 2 u u u 0 d 2 0 0 2 u 0 u 2 0 2 u 0 0 0 0 2 0 0 0 2 u 0 0 0 0 
2 2 u u u 0 2 u 0 u d 2 0 0 2 0 2 u 0 0 0 0 2 u 0 0 2 0 0 0 0 0 
2 d 0 0 0 u 2 d u 0 2 2 0 u u 0 2 u u 0 0 0 2 u 0 0 2 0 0 0 u 0 
2 d 0 0 0 u 2 2 0 u 2 d u 0 u 0 2 u u 0 0 0 2 0 0 0 2 u 0 0 u 0 
2 u u u 0 0 2 2 d u 2 2 0 0 u 0 d u 0 0 0 0 2 u u 0 2 0 0 0 0 0 
2 u u u 0 0 2 2 0 0 2 2 d u u 0 d u 0 0 0 0 2 0 0 0 2 u u 0 0 0 
2 d u u u 0 2 d 0 u 2 2 0 0 0 0 2 0 0 0 u 0 2 u u 0 2 0 0 0 u 0 
2 d u u u 0 2 2 0 0 2 d 0 u 0 0 2 0 0 0 u 0 2 0 0 0 2 u u 0 u 0 
2 d 0 0 0 u 2 d u u 2 2 0 0 u 0 2 u u 0 0 0 2 0 0 0 2 u 0 0 u 0 
2 d 0 0 0 u 2 2 0 0 2 d u u u 0 2 u u 0 0 0 2 u 0 0 2 0 0 0 u 0 
2 2 0 u d 0 2 2 0 u 2 2 0 0 u 0 2 0 0 0 0 0 u 0 u 0 2 u 0 0 u 0 
2 2 0 u d 0 2 2 0 0 2 2 0 u u 0 2 0 0 0 0 0 2 u 0 0 u 0 u 0 u 0 
2 u u u 0 0 2 2 d 0 2 2 0 u u 0 d u 0 0 0 0 2 0 u 0 2 u 0 0 0 0 
2 u u u 0 0 2 2 0 u 2 2 d 0 u 0 d u 0 0 0 0 2 u 0 0 2 0 u 0 0 0 
2 d u u 0 0 2 2 0 u 2 2 0 0 u u 2 0 0 0 0 0 d 0 0 0 2 u 0 u u 0 
2 d u u 0 0 2 2 0 0 2 2 0 u u u 2 0 0 0 0 0 2 u 0 u d 0 0 0 u 0 
u 2 u u 0 0 2 2 0 u 2 u 0 0 u 0 2 0 0 0 0 d 2 0 0 0 2 u 0 d u 0 
u 2 u u 0 0 2 u 0 0 2 2 0 u u 0 2 0 0 0 0 d 2 u 0 d 2 0 0 0 u 0 
2 2 2 u 0 0 2 2 0 0 2 2 0 0 u 0 2 u 0 0 0 0 u 0 0 0 2 u 0 0 0 u 
2 2 2 u 0 0 2 2 0 0 2 2 0 0 u 0 2 u 0 0 0 0 2 u 0 0 u 0 0 0 0 u 
2 2 u u 0 0 2 2 0 u 2 2 0 u 0 0 2 u 0 0 0 0 u 0 0 0 2 u 0 0 d 0 
2 2 u u 0 0 2 2 0 u 2 2 0 u 0 0 2 u 0 0 0 0 2 u 0 0 u 0 0 0 d 0 
2 2 u 0 0 d 2 u 0 0 2 2 0 u 0 0 u u 0 u 0 0 2 0 d 0 2 u 0 0 u 0 
2 2 u 0 0 d 2 2 0 u 2 u 0 0 0 0 u u 0 u 0 0 2 u 0 0 2 0 d 0 u 0 
2 2 u u 0 0 d 2 0 0 u 2 0 u u 0 2 0 u 0 0 0 2 u 0 0 2 0 0 0 u d 
2 2 u u 0 0 u 2 0 u d 2 0 0 u 0 2 0 u 0 0 0 2 0 0 0 2 u 0 0 u d 
2 d u u u 0 2 d 0 0 2 2 0 u 0 0 2 0 0 0 u 0 2 0 u 0 2 u 0 0 u 0 
2 d u u u 0 2 2 0 u 2 d 0 0 0 0 2 0 0 0 u 0 2 u 0 0 2 0 u 0 u 0 
2 2 u u 0 0 d u 0 0 2 2 0 u u 0 2 u 0 0 0 0 2 0 u d 2 u 0 0 0 0 
2 2 u u 0 0 2 2 0 u d u 0 0 u 0 2 u 0 0 0 0 2 u 0 0 2 0 u d 0 0 
2 2 u u u 0 u 2 0 0 2 2 0 u u 0 2 u 0 0 0 0 2 0 0 0 2 0 0 0 d 0 
2 2 u u u 0 2 2 0 u u 2 0 0 u 0 2 u 0 0 0 0 2 0 0 0 2 0 0 0 d 0 
2 2 u u 0 0 d u 0 u 2 2 0 0 u 0 2 u 0 0 0 0 2 u u d 2 0 0 0 0 0 
2 2 u u 0 0 2 2 0 0 d u 0 u u 0 2 u 0 0 0 0 2 0 0 0 2 u u d 0 0 
2 2 u u 0 0 2 2 0 u u d 0 0 u 0 2 u 0 0 0 0 2 u 0 0 2 0 0 0 d u 
2 2 u u 0 0 u d 0 0 2 2 0 u u 0 2 u 0 0 0 0 2 0 0 0 2 u 0 0 d u 
2 d u u 0 0 2 2 0 0 d 2 0 u u 0 2 u 0 0 u 0 2 0 0 0 2 u 0 u 0 0 
2 d u u 0 0 d 2 0 u 2 2 0 0 u 0 2 u 0 0 u 0 2 u 0 u 2 0 0 0 0 0 
2 2 u u 0 0 2 2 0 0 2 2 0 u u 0 u 0 0 0 0 0 u u 0 0 2 0 0 d u d 
2 2 u u 0 0 2 2 0 u 2 2 0 0 u 0 u 0 0 0 0 0 2 0 0 d u u 0 0 u d 
2 2 u u 0 0 2 2 0 0 2 2 0 u u 0 0 0 d 0 u 0 2 u 0 0 2 0 0 0 u 0 
2 2 u u 0 0 2 2 0 u 2 2 0 0 u 0 0 0 d 0 u 0 2 0 0 0 2 u 0 0 u 0 
2 d u u 0 0 2 2 0 u d 2 0 0 u 0 2 u 0 0 u 0 2 u 0 0 2 0 0 u 0 0 
2 d u u 0 0 d 2 0 0 2 2 0 u u 0 2 u 0 0 u 0 2 0 0 u 2 u 0 0 0 0 
2 2 u u 0 0 2 2 0 0 d 2 0 u u d 2 u 0 0 0 u u 0 0 0 2 u 0 0 0 0 
2 2 u u 0 0 d 2 0 u 2 2 0 0 u d 2 u 0 0 0 u 2 u 0 0 u 0 0 0 0 0 
2 0 u u 2 0 2 2 0 0 2 2 0 u u 0 2 0 0 0 0 0 2 u 0 0 2 0 0 0 0 u 
2 0 u u 2 0 2 2 0 u 2 2 0 0 u 0 2 0 0 0 0 0 2 0 0 0 2 u 0 0 0 u 
2 2 u u 0 0 u 2 0 0 d 2 0 u u 0 2 0 u 0 0 0 2 u 0 0 2 0 0 0 u d 
2 2 u u 0 0 d 2 0 u u 2 0 0 u 0 2 0 u 0 0 0 2 0 0 0 2 u 0 0 u d 
2 2 0 u 0 0 2 2 0 0 2 2 0 u u d 2 0 0 0 0 0 2 u u 0 u 0 0 0 u 0 
2 2 0 u 0 0 2 2 0 u 2 2 0 0 u d 2 0 0 0 0 0 u 0 0 0 2 u u 0 u 0 
2 2 u u 0 0 2 2 0 u 2 2 0 0 u 0 d 0 0 u 0 0 2 0 0 0 d u 0 u u 0 
2 2 u u 0 0 2 2 0 0 2 2 0 u u 0 d 0 0 u 0 0 d u 0 u 2 0 0 0 u 0 
d 2 u u 0 0 2 2 0 u 2 u 0 0 u 0 2 u 0 0 0 0 2 u u 0 2 0 0 0 d 0 
d 2 u u 0 0 2 u 0 0 2 2 0 u u 0 2 u 0 0 0 0 2 0 0 0 2 u u 0 d 0 
u 2 u u 0 0 2 2 0 0 2 u 0 u u 0 2 0 0 0 0 d 2 u 0 0 2 0 0 d u 0 
u 2 u u 0 0 2 u 0 u 2 2 0 0 u 0 2 0 0 0 0 d 2 0 0 d 2 u 0 0 u 0 
2 u u u 0 0 2 2 0 0 2 2 0 u 0 0 2 u 0 0 d 0 2 0 0 0 2 u 0 0 0 u 
2 u u u 0 0 2 2 0 u 2 2 0 0 0 0 2 u 0 0 d 0 2 u 0 0 2 0 0 0 0 u 
2 0 0 u 0 0 2 2 0 0 2 2 0 u u u 2 0 u 0 u d 2 u 0 0 2 0 0 0 0 0 
2 0 0 u 0 0 2 2 0 u 2 2 0 0 u u 2 0 u 0 u d 2 0 0 0 2 u 0 0 0 0 
2 2 u 2 d 0 u u 0 0 2 2 0 u u 0 2 0 0 0 0 0 2 u 0 0 2 0 0 0 u 0 
2 2 u 2 d 0 2 2 0 u u u 0 0 u 0 2 0 0 0 0 0 2 0 0 0 2 u 0 0 u 0 
2 2 u u 0 0 2 2 0 0 2 2 0 u u 0 d 0 0 u 0 0 2 u 0 0 d 0 0 u u 0 
2 2 u u 0 0 2 2 0 u 2 2 0 0 u 0 d 0 0 u 0 0 d 0 0 u 2 u 0 0 u 0 
2 2 u u 0 0 d 2 0 0 2 u 0 u u 0 2 0 0 u 0 0 2 u 0 0 2 0 0 0 2 0 
2 2 u u 0 0 2 u 0 u d 2 0 0 u 0 2 0 0 u 0 0 2 0 0 0 2 u 0 0 2 0 
2 2 u u 0 0 2 2 0 u 2 2 0 0 u 0 u 0 0 0 0 0 u 0 0 0 2 u 0 d u d 
2 2 u u 0 0 2 2 0 0 2 2 0 u u 0 u 0 0 0 0 0 2 u 0 d u 0 0 0 u d 
d 2 u u 0 0 2 2 0 0 2 u 0 u u 0 2 u 0 0 0 0 2 0 u 0 2 u 0 0 d 0 
d 2 u u 0 0 2 u 0 u 2 2 0 0 u 0 2 u 0 0 0 0 2 u 0 0 2 0 u 0 d 0 
2 2 u u 0 0 2 2 0 0 2 2 0 u u 0 2 0 0 0 0 0 u 2 0 0 2 0 0 0 u 0 
2 2 u u 0 0 2 2 0 u 2 2 0 0 u 0 2 0 0 0 0 0 2 0 0 0 u 2 0 0 u 0 
2 2 u 0 u 0 2 2 0 0 2 u 0 0 2 u 2 u 0 0 0 0 2 0 0 0 2 u 0 0 0 0 
2 2 u 0 u 0 2 u 0 0 2 2 0 0 2 u 2 u 0 0 0 0 2 u 0 0 2 0 0 0 0 0 
u d u u 0 0 2 2 0 0 2 2 0 u u 0 2 0 u 0 d 0 2 u 0 0 2 0 0 0 u 0 
u d u u 0 0 2 2 0 u 2 2 0 0 u 0 2 0 u 0 d 0 2 0 0 0 2 u 0 0 u 0 
2 2 u u 0 0 u 2 0 0 d 2 0 u u 0 2 u 0 d 0 0 2 0 0 0 2 u 0 0 0 u 
2 2 u u 0 0 d 2 0 u u 2 0 0 u 0 2 u 0 d 0 0 2 u 0 0 2 0 0 0 0 u 
2 2 u 0 0 d 2 u 0 u 2 2 0 0 0 0 u u 0 u 0 0 2 u d 0 2 0 0 0 u 0 
2 2 u 0 0 d 2 2 0 0 2 u 0 u 0 0 u u 0 u 0 0 2 0 0 0 2 u d 0 u 0 
2 2 u u 0 0 d 2 d u 2 2 0 0 u 0 2 0 0 0 0 0 u 0 0 u 2 u 0 0 u 0 
2 2 u u 0 0 2 2 0 0 d 2 d u u 0 2 0 0 0 0 0 2 u 0 0 u 0 0 u u 0 
2 2 0 u 0 0 2 2 0 u 2 2 0 0 u d 2 0 0 0 0 0 2 0 u 0 u u 0 0 u 0 
2 2 0 u 0 0 2 2 0 0 2 2 0 u u d 2 0 0 0 0 0 u u 0 0 2 0 u 0 u 0 
2 2 u u u 0 d 2 0 0 2 d 0 u u u 2 0 0 0 0 0 2 u 0 0 2 0 0 0 u 0 
2 2 u u u 0 2 d 0 u d 2 0 0 u u 2 0 0 0 0 0 2 0 0 0 2 u 0 0 u 0 
2 2 u u 0 0 u 2 0 0 d 2 0 u u 0 2 u 0 u 0 0 2 0 0 0 2 u 0 0 0 d 
2 2 u u 0 0 d 2 0 u u 2 0 0 u 0 2 u 0 u 0 0 2 u 0 0 2 0 0 0 0 d 
2 2 u u 0 0 2 2 0 0 0 2 0 u u 0 2 0 u d 0 0 2 u 0 0 2 0 0 0 u 0 
2 2 u u 0 0 0 2 0 u 2 2 0 0 u 0 2 0 u d 0 0 2 0 0 0 2 u 0 0 u 0 
2 u u u 0 0 2 2 d 0 2 2 0 u u 0 u u 0 0 0 0 2 0 d 0 2 u 0 0 0 0 
2 u u u 0 0 2 2 0 u 2 2 d 0 u 0 u u 0 0 0 0 2 u 0 0 2 0 d 0 0 0 
2 u u u 0 0 2 2 d u 2 2 0 0 u 0 u u 0 0 0 0 2 u d 0 2 0 0 0 0 0 
2 u u u 0 0 2 2 0 0 2 2 d u u 0 u u 0 0 0 0 2 0 0 0 2 u d 0 0 0 
2 u u 0 0 0 2 d 0 u 2 2 0 0 u u 2 0 0 u d 0 2 0 u 0 2 u 0 0 0 0 
2 u u 0 0 0 2 2 0 0 2 d 0 u u u 2 0 0 u d 0 2 u 0 0 2 0 u 0 0 0 
2 2 u u 0 0 d 2 d 0 2 2 0 u u 0 2 0 0 0 0 0 u u 0 u 2 0 0 0 u 0 
2 2 u u 0 0 2 2 0 u d 2 d 0 u 0 2 0 0 0 0 0 2 0 0 0 u u 0 u u 0 
2 2 u u 0 0 u d 0 u 2 2 0 0 u 0 2 u 0 0 0 0 2 u 0 0 2 0 0 0 2 0 
2 2 u u 0 0 2 2 0 0 u d 0 u u 0 2 u 0 0 0 0 2 0 0 0 2 u 0 0 2 0 
d 2 u u 0 0 2 u 0 u 2 2 0 0 u 0 2 2 0 0 0 0 2 u u 0 2 0 0 0 0 0 
d 2 u u 0 0 2 2 0 0 2 u 0 u u 0 2 2 0 0 0 0 2 0 0 0 2 u u 0 0 0 
2 2 u u 0 0 2 2 0 u 2 2 0 0 u 0 2 0 2 0 0 0 2 0 0 0 0 u 0 0 u 0 
2 2 u u 0 0 2 2 0 0 2 2 0 u u 0 2 0 2 0 0 0 0 u 0 0 2 0 0 0 u 0 
2 2 u u 0 0 2 2 0 u 0 2 0 0 u 0 2 0 u d 0 0 2 0 0 0 2 u 0 0 u 0 
2 2 u u 0 0 0 2 0 0 2 2 0 u u 0 2 0 u d 0 0 2 u 0 0 2 0 0 0 u 0 
2 d u 0 0 0 2 u 0 0 2 d 0 u u 0 2 u 0 0 0 u 2 u d 0 2 0 u 0 u 0 
2 d u 0 0 0 2 d 0 u 2 u 0 0 u 0 2 u 0 0 0 u 2 0 u 0 2 u d 0 u 0 
2 d u 0 0 0 2 u 0 u 2 d 0 0 u 0 2 u 0 0 0 u 2 0 d 0 2 u u 0 u 0 
2 d u 0 0 0 2 d 0 0 2 u 0 u u 0 2 u 0 0 0 u 2 u u 0 2 0 d 0 u 0 
2 u u u 0 0 2 2 d 0 2 2 0 u u 0 2 u 0 0 0 u d 0 0 0 2 u 0 0 0 0 
2 u u u 0 0 2 2 0 u 2 2 d 0 u 0 2 u 0 0 0 u 2 u 0 0 d 0 0 0 0 0 
2 2 u 2 0 0 2 d 0 0 2 2 0 u u 0 2 u 0 u 0 0 u 0 0 0 2 u 0 0 0 0 
2 2 u 2 0 0 2 2 0 u 2 d 0 0 u 0 2 u 0 u 0 0 2 u 0 0 u 0 0 0 0 0 
2 d u u 0 0 2 2 0 0 2 2 0 u u u 2 0 0 0 0 0 d u 0 0 2 0 0 u u 0 
2 d u u 0 0 2 2 0 u 2 2 0 0 u u 2 0 0 0 0 0 2 0 0 u d u 0 0 u 0 
2 2 u u 0 0 2 2 0 0 2 2 0 u u 0 2 0 2 0 0 0 2 u 0 0 0 0 0 0 u 0 
2 2 u u 0 0 2 2 0 u 2 2 0 0 u 0 2 0 2 0 0 0 0 0 0 0 2 u 0 0 u 0 
2 2 u u 0 0 2 2 0 u 2 2 0 0 u 0 2 u 0 0 0 0 2 u 0 0 d 0 0 u 0 0 
2 2 u u 0 0 2 2 0 0 2 2 0 u u 0 2 u 0 0 0 0 d 0 0 u 2 u 0 0 0 0 
2 2 u u u 0 d 2 0 u 2 d 0 0 u u 2 0 0 0 0 0 2 0 0 0 2 u 0 0 u 0 
2 2 u u u 0 2 d 0 0 d 2 0 u u u 2 0 0 0 0 0 2 u 0 0 2 0 0 0 u 0 
2 u u 0 0 0 2 2 0 u 2 d 0 0 0 0 2 u 0 u d 0 2 u 0 0 2 0 0 u u 0 
2 u u 0 0 0 2 d 0 0 2 2 0 u 0 0 2 u 0 u d 0 2 0 0 u 2 u 0 0 u 0 
2 u u u 0 0 2 2 d u 2 2 0 0 u 0 2 u 0 0 0 u d u 0 0 2 0 0 0 0 0 
2 u u u 0 0 2 2 0 0 2 2 d u u 0 2 u 0 0 0 u 2 0 0 0 d u 0 0 0 0 
u 2 2 0 0 0 2 d u u 2 2 0 0 0 0 2 u 0 0 0 0 2 0 0 0 2 u 0 0 u u 
u 2 2 0 0 0 2 2 0 0 2 d u u 0 0 2 u 0 0 0 0 2 u 0 0 2 0 0 0 u u 
u 2 2 0 0 0 2 d u 0 2 2 0 u 0 0 2 u 0 0 0 0 2 u 0 0 2 0 0 0 u u 
u 2 2 0 0 0 2 2 0 u 2 d u 0 0 0 2 u 0 0 0 0 2 0 0 0 2 u 0 0 u u 
2 u u 0 0 0 2 d 0 0 2 2 0 u u u 2 0 0 u d 0 2 u u 0 2 0 0 0 0 0 
2 u u 0 0 0 2 2 0 u 2 d 0 0 u u 2 0 0 u d 0 2 0 0 0 2 u u 0 0 0 
2 2 0 u 0 0 u 2 0 0 2 2 0 u u 0 2 0 0 0 0 0 2 u 0 0 2 0 0 d u u 
2 2 0 u 0 0 2 2 0 u u 2 0 0 u 0 2 0 0 0 0 0 2 0 0 d 2 u 0 0 u u 
2 2 0 u 0 0 u 2 0 u 2 2 0 0 u 0 2 0 0 0 0 0 2 0 0 0 2 u 0 d u u 
2 2 0 u 0 0 2 2 0 0 u 2 0 u u 0 2 0 0 0 0 0 2 u 0 d 2 0 0 0 u u 
2 2 u u 0 0 d 2 d u 2 2 0 0 u 0 u u 0 0 0 0 2 0 0 0 2 u 0 0 u 0 
2 2 u u 0 0 2 2 0 0 d 2 d u u 0 u u 0 0 0 0 2 u 0 0 2 0 0 0 u 0 
2 u u 0 0 0 2 2 0 0 2 d 0 u 0 0 2 u 0 u d 0 2 0 0 0 2 u 0 u u 0 
2 u u 0 0 0 2 d 0 u 2 2 0 0 0 0 2 u 0 u d 0 2 u 0 u 2 0 0 0 u 0 
d 2 u u 0 0 2 u 0 0 2 2 0 u u 0 2 2 0 0 0 0 2 0 u 0 2 u 0 0 0 0 
d 2 u u 0 0 2 2 0 u 2 u 0 0 u 0 2 2 0 0 0 0 2 u 0 0 2 0 u 0 0 0 
2 2 u u 0 0 2 2 0 u 2 2 0 0 u 0 2 0 0 u 0 u 2 0 0 0 d 0 0 0 u 0 
2 2 u u 0 0 2 2 0 0 2 2 0 u u 0 2 0 0 u 0 u d 0 0 0 2 0 0 0 u 0 
2 2 u u 0 0 d 2 d 0 2 2 0 u u 0 u u 0 0 0 0 2 u 0 0 2 0 0 0 u 0 
2 2 u u 0 0 2 2 0 u d 2 d 0 u 0 u u 0 0 0 0 2 0 0 0 2 u 0 0 u 0 
2 0 u u 0 0 2 2 0 0 2 2 0 u u 0 2 u 0 0 0 0 2 0 0 0 2 u 0 0 0 2 
2 0 u u 0 0 2 2 0 u 2 2 0 0 u 0 2 u 0 0 0 0 2 u 0 0 2 0 0 0 0 2 
2 2 u u 0 0 2 2 0 u 2 2 0 0 u 0 d u u 0 0 0 2 u 0 0 u 0 d 0 0 0 
2 2 u u 0 0 2 2 0 0 2 2 0 u u 0 d u u 0 0 0 u 0 d 0 2 u 0 0 0 0 
2 2 u u 0 0 2 2 0 0 2 2 0 u u 0 d u u 0 0 0 2 0 0 0 u u d 0 0 0 
2 2 u u 0 0 2 2 0 u 2 2 0 0 u 0 d u u 0 0 0 u u d 0 2 0 0 0 0 0 
2 d u u 0 0 2 2 0 0 2 2 u u u 0 2 0 d 0 0 0 2 u 0 0 u 0 0 0 u 0 
2 d u u 0 0 2 2 u u 2 2 0 0 u 0 2 0 d 0 0 0 u 0 0 0 2 u 0 0 u 0 
2 2 u u 0 0 2 2 0 u 2 0 0 0 u 0 2 2 0 0 0 u 2 u 0 0 2 0 0 0 0 0 
2 2 u u 0 0 2 0 0 0 2 2 0 u u 0 2 2 0 0 0 u 2 0 0 0 2 u 0 0 0 0 
2 d u u 0 0 2 2 u 0 2 2 0 u u 0 2 0 d 0 0 0 u u 0 0 2 0 0 0 u 0 
2 d u u 0 0 2 2 0 u 2 2 u 0 u 0 2 0 d 0 0 0 2 0 0 0 u u 0 0 u 0 
2 2 u u 0 0 d 2 u 0 2 2 0 u u 0 2 0 0 0 0 0 u u 0 d 2 0 0 0 u 0 
2 2 u u 0 0 2 2 0 u d 2 u 0 u 0 2 0 0 0 0 0 2 0 0 0 u u 0 d u 0 
2 2 0 0 0 0 2 2 0 0 2 2 0 u u 0 u u u 0 d 0 2 u 0 0 2 0 0 0 u 0 
2 2 0 0 0 0 2 2 0 u 2 2 0 0 u 0 u u u 0 d 0 2 0 0 0 2 u 0 0 u 0 
2 u u u u 0 2 2 0 0 2 2 0 u 0 u 2 0 d 0 0 0 2 0 0 0 2 u 0 0 0 0 
2 u u u u 0 2 2 0 u 2 2 0 0 0 u 2 0 d 0 0 0 2 u 0 0 2 0 0 0 0 0 
2 0 u 0 0 0 2 2 0 u 2 2 0 0 0 0 2 0 0 u 2 0 2 0 0 0 2 u 0 0 u u 
2 0 u 0 0 0 2 2 0 0 2 2 0 u 0 0 2 0 0 u 2 0 2 u 0 0 2 0 0 0 u u 
2 2 u u 0 0 2 2 0 0 2 0 0 u u 0 2 2 0 0 0 u 2 0 0 0 2 u 0 0 0 0 
2 2 u u 0 0 2 0 0 u 2 2 0 0 u 0 2 2 0 0 0 u 2 u 0 0 2 0 0 0 0 0 
2 2 u u 0 0 d 2 u u 2 2 0 0 u 0 2 0 0 0 0 0 u 0 0 d 2 u 0 0 u 0 
2 2 u u 0 0 2 2 0 0 d 2 u u u 0 2 0 0 0 0 0 2 u 0 0 u 0 0 d u 0 
2 d u u 0 0 u 2 0 0 2 2 0 u u 0 2 u 0 0 u 0 2 0 d 0 2 u 0 0 0 0 
2 d u u 0 0 2 2 0 u u 2 0 0 u 0 2 u 0 0 u 0 2 u 0 0 2 0 d 0 0 0 
2 u u u 0 0 2 2 0 0 2 2 d u u 0 2 0 0 0 0 0 2 u u 0 2 0 0 0 0 0 
2 u u u 0 0 2 2 d u 2 2 0 0 u 0 2 0 0 0 0 0 2 0 0 0 2 u u 0 0 0 
2 2 0 u 0 0 2 2 0 0 u 2 0 u u 0 2 0 0 u 0 0 2 u 0 0 2 0 0 d u 0 
2 2 0 u 0 0 u 2 0 u 2 2 0 0 u 0 2 0 0 u 0 0 2 0 0 d 2 u 0 0 u 0 
2 d u u 0 0 u 2 0 u 2 2 0 0 u 0 2 u 0 0 u 0 2 u d 0 2 0 0 0 0 0 
2 d u u 0 0 2 2 0 0 u 2 0 u u 0 2 u 0 0 u 0 2 0 0 0 2 u d 0 0 0 
2 2 0 u 0 0 2 2 0 u u 2 0 0 u 0 2 0 0 u 0 0 2 0 0 0 2 u 0 d u 0 
2 2 0 u 0 0 u 2 0 0 2 2 0 u u 0 2 0 0 u 0 0 2 u 0 d 2 0 0 0 u 0 
2 2 u 0 0 2 2 d 0 u 2 0 0 0 u 0 2 u 0 0 0 0 2 0 u 0 2 u 0 0 u 0 
2 2 u 0 0 2 2 0 0 0 2 d 0 u u 0 2 u 0 0 0 0 2 u 0 0 2 0 u 0 u 0 
2 2 u u 0 0 2 2 0 0 2 2 0 u u 0 2 u 0 0 0 2 0 0 0 0 2 u 0 0 0 0 
2 2 u u 0 0 2 2 0 u 2 2 0 0 u 0 2 u 0 0 0 2 2 u 0 0 0 0 0 0 0 0 
u 2 u u 0 0 2 2 0 u 2 d 0 0 u 0 2 u 0 0 0 0 2 0 0 0 2 u 0 d u 0 
u 2 u u 0 0 2 d 0 0 2 2 0 u u 0 2 u 0 0 0 0 2 u 0 d 2 0 0 0 u 0 
2 u u u 0 0 2 2 0 u 2 2 d 0 u 0 2 0 0 0 0 0 2 0 u 0 2 u 0 0 0 0 
2 u u u 0 0 2 2 d 0 2 2 0 u u 0 2 0 0 0 0 0 2 u 0 0 2 0 u 0 0 0 
2 2 u 0 0 2 2 d 0 0 2 0 0 u u 0 2 u 0 0 0 0 2 u u 0 2 0 0 0 u 0 
2 2 u 0 0 2 2 0 0 u 2 d 0 0 u 0 2 u 0 0 0 0 2 0 0 0 2 u u 0 u 0 
2 2 u d 0 0 2 u 0 u 2 2 0 0 u u 2 u 0 0 0 0 2 0 0 0 2 0 0 0 u 0 
2 2 u d 0 0 2 2 0 0 2 u 0 u u u 2 u 0 0 0 0 2 0 0 0 2 0 0 0 u 0 
u 2 0 u 0 0 2 2 0 0 2 2 0 u u 0 2 0 0 0 0 0 2 u u d 2 0 0 0 u 0 
u 2 0 u 0 0 2 2 0 u 2 2 0 0 u 0 2 0 0 0 0 0 2 0 0 0 2 u u d u 0 
u 2 u u 0 0 2 2 0 0 2 d 0 u u 0 2 u 0 0 0 0 2 u 0 0 2 0 0 d u 0 
u 2 u u 0 0 2 d 0 u 2 2 0 0 u 0 2 u 0 0 0 0 2 0 0 d 2 u 0 0 u 0 
2 2 u 2 d 0 2 2 0 0 u u 0 u u 0 2 0 0 0 0 0 2 u 0 0 2 0 0 0 u 0 
2 2 u 2 d 0 u u 0 u 2 2 0 0 u 0 2 0 0 0 0 0 2 0 0 0 2 u 0 0 u 0 
2 2 u 0 u 0 2 d 0 u 2 2 0 u u 0 2 u 0 0 0 0 2 0 0 0 2 u 0 0 0 0 
2 2 u 0 u 0 2 2 0 u 2 d 0 u u 0 2 u 0 0 0 0 2 u 0 0 2 0 0 0 0 0 
2 2 u u 0 0 2 2 0 0 2 2 0 u u 0 2 u 0 0 0 0 d 0 u 0 d u u 0 0 0 
2 2 u u 0 0 2 2 0 u 2 2 0 0 u 0 2 u 0 0 0 0 d u u 0 d 0 u 0 0 0 
2 2 u u 0 0 2 2 0 u u 2 0 0 u d u u 0 0 0 0 2 u d 0 2 0 0 0 0 0 
2 2 u u 0 0 u 2 0 0 2 2 0 u u d u u 0 0 0 0 2 0 0 0 2 u d 0 0 0 
2 2 u u 0 0 d 2 0 0 u 2 0 u u 0 2 u 0 0 0 0 2 0 u 0 2 u d 0 0 0 
2 2 u u 0 0 u 2 0 u d 2 0 0 u 0 2 u 0 0 0 0 2 u d 0 2 0 u 0 0 0 
2 2 u u 0 0 2 2 0 u 2 2 0 u 0 0 2 2 0 0 0 0 2 0 0 0 u u 0 0 0 0 
2 2 u u 0 0 2 2 0 u 2 2 0 u 0 0 2 2 0 0 0 0 u u 0 0 2 0 0 0 0 0 
2 0 u 0 0 0 2 2 2 u 2 2 0 0 0 0 2 u 0 u 0 0 2 u 0 0 2 0 0 0 u 0 
2 0 u 0 0 0 2 2 0 0 2 2 2 u 0 0 2 u 0 u 0 0 2 0 0 0 2 u 0 0 u 0 
2 u u u 0 0 2 2 0 0 2 2 0 u u u 2 0 0 0 0 0 2 0 0 0 2 0 0 d u 0 
2 u u u 0 0 2 2 0 u 2 2 0 0 u u 2 0 0 0 0 0 2 0 0 d 2 0 0 0 u 0 
2 0 u 0 0 0 2 2 2 0 2 2 0 u 0 0 2 u 0 u 0 0 2 0 0 0 2 u 0 0 u 0 
2 0 u 0 0 0 2 2 0 u 2 2 2 0 0 0 2 u 0 u 0 0 2 u 0 0 2 0 0 0 u 0 
2 2 2 0 0 0 2 2 0 u 2 2 0 0 0 u u 0 0 u 0 0 2 0 0 0 2 u 0 0 u 0 
2 2 2 0 0 0 2 2 0 0 2 2 0 u 0 u u 0 0 u 0 0 2 u 0 0 2 0 0 0 u 0 
2 2 u u 0 0 2 2 0 0 2 2 0 u u 0 2 u 0 0 0 2 2 0 0 0 0 u 0 0 0 0 
2 2 u u 0 0 2 2 0 u 2 2 0 0 u 0 2 u 0 0 0 2 0 u 0 0 2 0 0 0 0 0 
2 2 u u 0 0 2 2 0 0 u 2 0 u u d u u 0 0 0 0 2 0 d 0 2 u 0 0 0 0 
2 2 u u 0 0 u 2 0 u 2 2 0 0 u d u u 0 0 0 0 2 u 0 0 2 0 d 0 0 0 
2 2 u u 0 0 u 2 0 0 d 2 0 u u 0 2 u 0 0 0 0 2 0 d 0 2 u u 0 0 0 
2 2 u u 0 0 d 2 0 u u 2 0 0 u 0 2 u 0 0 0 0 2 u u 0 2 0 d 0 0 0 
u 2 0 u 0 0 2 2 0 u 2 2 0 0 u 0 2 0 0 0 0 0 2 0 u d 2 u 0 0 u 0 
u 2 0 u 0 0 2 2 0 0 2 2 0 u u 0 2 0 0 0 0 0 2 u 0 0 2 0 u d u 0 
2 2 2 u u 0 2 2 0 0 0 2 0 u u 0 2 0 0 0 0 0 2 u 0 0 2 0 0 0 u 0 
2 2 2 u u 0 0 2 0 u 2 2 0 0 u 0 2 0 0 0 0 0 2 0 0 0 2 u 0 0 u 0 
2 d u 0 u u 2 2 0 0 2 d u u 0 u 2 0 0 0 0 0 2 u 0 0 2 0 0 0 u 0 
2 d u 0 u u 2 d u u 2 2 0 0 0 u 2 0 0 0 0 0 2 0 0 0 2 u 0 0 u 0 
2 2 u u u 0 d 2 0 0 2 2 0 u u 0 2 0 0 0 0 u 2 0 0 0 2 0 0 0 u 0 
2 2 u u u 0 2 2 0 u d 2 0 0 u 0 2 0 0 0 0 u 2 0 0 0 2 0 0 0 u 0 
2 2 2 u u 0 2 2 0 u 0 2 0 0 u 0 2 0 0 0 0 0 2 0 0 0 2 u 0 0 u 0 
2 2 2 u u 0 0 2 0 0 2 2 0 u u 0 2 0 0 0 0 0 2 u 0 0 2 0 0 0 u 0 
2 2 0 u u 0 2 d 0 0 2 d 0 u u 0 2 0 u 0 0 0 2 0 u 0 2 u u 0 0 0 
2 2 0 u u 0 2 d 0 u 2 d 0 0 u 0 2 0 u 0 0 0 2 u u 0 2 0 u 0 0 0 
2 0 0 u 0 0 2 2 0 u 2 2 0 0 u u 2 0 u 0 d u 2 0 0 0 2 u 0 0 0 0 
2 0 0 u 0 0 2 2 0 0 2 2 0 u u u 2 0 u 0 d u 2 u 0 0 2 0 0 0 0 0 
2 2 u 0 0 0 2 d 0 u 2 2 0 u u u 2 0 0 0 0 0 2 0 0 0 2 u 0 0 0 u 
2 2 u 0 0 0 2 2 0 u 2 d 0 u u u 2 0 0 0 0 0 2 u 0 0 2 0 0 0 0 u 
2 u u u 0 0 2 u d 0 2 d u u u u 2 0 0 0 d 0 2 u 0 0 2 0 0 0 0 0 
2 u u u 0 0 2 d u u 2 u d 0 u u 2 0 0 0 d 0 2 0 0 0 2 u 0 0 0 0 
2 u u u 0 0 2 u d u 2 d u 0 u u 2 0 0 0 d 0 2 0 0 0 2 u 0 0 0 0 
2 u u u 0 0 2 d u 0 2 u d u u u 2 0 0 0 d 0 2 u 0 0 2 0 0 0 0 0 
2 2 u 0 0 0 2 u 0 0 2 2 0 u u 0 2 u u 0 0 0 2 0 d 0 2 u 0 0 0 0 
2 2 u 0 0 0 2 2 0 u 2 u 0 0 u 0 2 u u 0 0 0 2 u 0 0 2 0 d 0 0 0 
2 2 u u 0 0 2 2 0 0 2 2 0 u u 0 2 0 0 u 0 0 2 0 0 0 u u 0 d 0 0 
2 2 u u 0 0 2 2 0 u 2 2 0 0 u 0 2 0 0 u 0 0 u u 0 d 2 0 0 0 0 0 
2 u u 0 u 0 2 2 0 0 2 2 0 u 0 0 2 0 0 u d 0 2 0 0 0 2 u 0 0 0 u 
2 u u 0 u 0 2 2 0 u 2 2 0 0 0 0 2 0 0 u d 0 2 u 0 0 2 0 0 0 0 u 
2 u 0 u u 0 2 d 0 u 2 2 0 0 u 0 2 0 u 0 d 0 2 u u 0 2 0 0 0 0 0 
2 u 0 u u 0 2 2 0 0 2 d 0 u u 0 2 0 u 0 d 0 2 0 0 0 2 u u 0 0 0 
2 2 u 0 0 0 2 u 0 u 2 2 0 0 u 0 2 u u 0 0 0 2 u d 0 2 0 0 0 0 0 
2 2 u 0 0 0 2 2 0 0 2 u 0 u u 0 2 u u 0 0 0 2 0 0 0 2 u d 0 0 0 
2 2 u 0 0 u 2 d 0 u 2 2 0 u u 0 2 u 0 0 0 0 2 0 0 0 2 u 0 0 0 0 
2 2 u 0 0 u 2 2 0 u 2 d 0 u u 0 2 u 0 0 0 0 2 u 0 0 2 0 0 0 0 0 
2 d u u u 0 2 2 0 u 2 2 0 0 u 0 2 0 0 0 0 0 2 0 0 0 d u 0 u u 0 
2 d u u u 0 2 2 0 0 2 2 0 u u 0 2 0 0 0 0 0 d u 0 u 2 0 0 0 u 0 
2 2 u 2 0 0 u 2 0 0 u 2 0 u 2 0 2 u 0 0 0 0 2 0 0 0 2 u 0 0 0 0 
2 2 u 2 0 0 u 2 0 u u 2 0 0 2 0 2 u 0 0 0 0 2 u 0 0 2 0 0 0 0 0 
2 2 u u 0 0 2 2 0 0 2 2 0 u u 0 u 0 0 0 u 0 2 u 0 0 2 0 0 0 d 0 
2 2 u u 0 0 2 2 0 u 2 2 0 0 u 0 u 0 0 0 u 0 2 0 0 0 2 u 0 0 d 0 
2 u 0 u 0 0 2 2 0 0 2 2 0 u u 0 2 0 0 0 2 0 2 u 0 0 2 0 0 0 0 u 
2 u 0 u 0 0 2 2 0 u 2 2 0 0 u 0 2 0 0 0 2 0 2 0 0 0 2 u 0 0 0 u 
2 2 u u d 0 2 u 0 u 2 2 0 0 u 0 d 0 0 0 0 0 2 0 0 u 2 u 0 0 u 0 
2 2 u u d 0 2 2 0 0 2 u 0 u u 0 d 0 0 0 0 0 2 u 0 0 2 0 0 u u 0 
2 d u 0 u u 2 d u 0 2 2 0 u 0 u 2 0 0 0 0 0 2 u 0 0 2 0 0 0 u 0 
2 d u 0 u u 2 2 0 u 2 d u 0 0 u 2 0 0 0 0 0 2 0 0 0 2 u 0 0 u 0 
2 2 0 u 0 0 2 2 0 d 2 2 0 u u 0 2 u 0 0 0 0 2 0 0 0 u u 0 0 u 0 
2 2 0 u 0 0 2 2 0 u 2 2 0 d u 0 2 u 0 0 0 0 u u 0 0 2 0 0 0 u 0 
2 2 u u 0 0 2 2 0 0 2 d 0 u 2 0 2 u 0 0 0 0 2 0 0 0 u u 0 0 0 u 
2 2 u u 0 0 2 d 0 u 2 2 0 0 2 0 2 u 0 0 0 0 u u 0 0 2 0 0 0 0 u 
2 u 0 u u 0 2 d 0 0 2 2 0 u u 0 2 0 u 0 d 0 2 0 u 0 2 u 0 0 0 0 
2 u 0 u u 0 2 2 0 u 2 d 0 0 u 0 2 0 u 0 d 0 2 u 0 0 2 0 u 0 0 0 
2 2 u u 0 0 2 2 0 u 2 2 0 0 u 0 2 0 0 u 0 0 2 u 0 0 u 0 0 d 0 0 
2 2 u u 0 0 2 2 0 0 2 2 0 u u 0 2 0 0 u 0 0 u 0 0 d 2 u 0 0 0 0 
2 d u u u 0 2 2 0 0 2 2 0 u u 0 2 0 0 0 0 0 2 u 0 0 d 0 0 u u 0 
2 d u u u 0 2 2 0 u 2 2 0 0 u 0 2 0 0 0 0 0 d 0 0 u 2 u 0 0 u 0 
2 2 u u d 0 2 2 0 0 d 2 0 u u 0 2 u 0 0 0 u 2 0 0 0 u u 0 0 0 0 
2 2 u u d 0 d 2 0 u 2 2 0 0 u 0 2 u 0 0 0 u u u 0 0 2 0 0 0 0 0 
2 u 2 u 0 0 2 2 0 0 2 2 0 u u 0 d 0 u 0 0 0 2 u 0 0 2 0 0 0 u 0 
2 u 2 u 0 0 2 2 0 u 2 2 0 0 u 0 d 0 u 0 0 0 2 0 0 0 2 u 0 0 u 0 
2 2 u 2 0 0 2 u 0 0 d 2 0 u u u 2 u 0 0 0 0 2 0 0 0 2 u 0 0 0 0 
2 2 u 2 0 0 d 2 0 u 2 u 0 0 u u 2 u 0 0 0 0 2 u 0 0 2 0 0 0 0 0 
2 d u 0 0 0 2 0 0 u 2 2 0 0 u 0 2 u u 0 0 0 2 0 2 0 2 u 0 0 u 0 
2 d u 0 0 0 2 2 0 0 2 0 0 u u 0 2 u u 0 0 0 2 u 0 0 2 0 2 0 u 0 
2 d u 0 0 0 2 0 0 0 2 2 0 u u 0 2 u u 0 0 0 2 u 2 0 2 0 0 0 u 0 
2 d u 0 0 0 2 2 0 u 2 0 0 0 u 0 2 u u 0 0 0 2 0 0 0 2 u 2 0 u 0 
2 2 u u d 0 d 2 0 0 2 2 0 u u 0 2 u 0 0 0 u u 0 0 0 2 u 0 0 0 0 
2 2 u u d 0 2 2 0 u d 2 0 0 u 0 2 u 0 0 0 u 2 u 0 0 u 0 0 0 0 0 
2 2 u u 0 0 2 2 0 u d 2 0 0 0 0 2 0 0 u 0 0 2 0 u 0 2 u 0 0 u 0 
2 2 u u 0 0 d 2 0 0 2 2 0 u 0 0 2 0 0 u 0 0 2 u 0 0 2 0 u 0 u 0 
d 2 u 0 0 0 2 2 u u 2 2 0 u u 0 2 0 0 0 0 0 2 u 0 0 2 0 0 0 u 0 
d 2 u 0 0 0 2 2 0 u 2 2 u u u 0 2 0 0 0 0 0 2 0 0 0 2 u 0 0 u 0 
2 2 u u 0 0 0 2 0 u 2 2 0 0 u 0 2 d 0 u 0 0 2 0 0 0 2 u 0 0 u 0 
2 2 u u 0 0 2 2 0 0 0 2 0 u u 0 2 d 0 u 0 0 2 u 0 0 2 0 0 0 u 0 
2 d u 0 0 0 2 2 0 u 2 2 0 0 0 u 2 0 0 u u 0 2 0 0 0 2 u 0 0 0 u 
2 d u 0 0 0 2 2 0 0 2 2 0 u 0 u 2 0 0 u u 0 2 u 0 0 2 0 0 0 0 u 
2 2 u u 0 0 2 2 0 0 2 2 0 0 u u u u 0 0 0 0 2 0 d 0 2 u 0 0 0 0 
2 2 u u 0 0 2 2 0 0 2 2 0 0 u u u u 0 0 0 0 2 u 0 0 2 0 d 0 0 0 
2 2 u u 0 0 2 2 u 0 2 2 0 u 0 0 2 u 0 0 0 0 u 0 0 0 2 u 0 0 d 0 
2 2 u u 0 0 2 2 0 u 2 2 u 0 0 0 2 u 0 0 0 0 2 u 0 0 u 0 0 0 d 0 
2 2 u 0 0 u 2 d 0 0 2 2 0 u 0 0 d u 0 u 0 0 2 0 u 0 2 u 0 0 u 0 
2 2 u 0 0 u 2 2 0 u 2 d 0 0 0 0 d u 0 u 0 0 2 u 0 0 2 0 u 0 u 0 
2 u 0 u 0 0 2 2 0 0 2 2 0 u u 0 2 0 0 2 0 0 2 u 0 0 2 0 0 0 u 0 
2 u 0 u 0 0 2 2 0 u 2 2 0 0 u 0 2 0 0 2 0 0 2 0 0 0 2 u 0 0 u 0 
2 2 u 2 0 0 2 2 0 0 2 d 0 u u 0 2 u 0 u 0 0 2 0 0 0 u u 0 0 0 0 
2 2 u 2 0 0 2 d 0 u 2 2 0 0 u 0 2 u 0 u 0 0 u u 0 0 2 0 0 0 0 0 
2 2 u u d 0 u 2 0 u 2 2 0 0 u 0 u u 0 0 0 0 2 u d 0 2 0 0 0 0 0 
2 2 u u d 0 2 2 0 0 u 2 0 u u 0 u u 0 0 0 0 2 0 0 0 2 u d 0 0 0 
2 2 u 0 d 0 2 2 0 u 2 2 0 0 u 0 2 u 0 0 0 0 u u u 0 2 0 0 0 0 0 
2 2 u 0 d 0 2 2 0 0 2 2 0 u u 0 2 u 0 0 0 0 2 0 0 0 u u u 0 0 0 
2 2 0 u 0 0 2 2 0 0 2 2 0 2 u 0 2 u 0 0 0 0 u 0 0 0 2 u 0 0 u 0 
2 2 0 u 0 0 2 2 0 2 2 2 0 0 u 0 2 u 0 0 0 0 2 u 0 0 u 0 0 0 u 0 
2 2 0 u 0 0 2 2 0 u d 2 0 0 u 0 2 u 0 0 0 u 2 u 0 0 2 0 0 u 0 0 
2 2 0 u 0 0 d 2 0 0 2 2 0 u u 0 2 u 0 0 0 u 2 0 0 u 2 u 0 0 0 0 
2 2 u u 0 0 2 u d 0 2 d u u u 0 2 0 0 u 0 0 2 0 0 0 2 u 0 0 0 0 
2 2 u u 0 0 2 d u u 2 u d 0 u 0 2 0 0 u 0 0 2 u 0 0 2 0 0 0 0 0 
2 2 u u 0 0 2 u d u 2 d u 0 u 0 2 0 0 u 0 0 2 u 0 0 2 0 0 0 0 0 
2 2 u u 0 0 2 d u 0 2 u d u u 0 2 0 0 u 0 0 2 0 0 0 2 u 0 0 0 0 
2 2 u u d 0 u 2 0 0 2 2 0 u u 0 u u 0 0 0 0 2 0 d 0 2 u 0 0 0 0 
2 2 u u d 0 2 2 0 u u 2 0 0 u 0 u u 0 0 0 0 2 u 0 0 2 0 d 0 0 0 
2 2 u u 0 0 0 2 0 0 2 2 0 u u 0 2 d 0 u 0 0 2 u 0 0 2 0 0 0 u 0 
2 2 u u 0 0 2 2 0 u 0 2 0 0 u 0 2 d 0 u 0 0 2 0 0 0 2 u 0 0 u 0 
2 2 0 u 0 0 2 2 0 0 d 2 0 u u 0 2 u 0 0 0 u 2 0 0 0 2 u 0 u 0 0 
2 2 0 u 0 0 d 2 0 u 2 2 0 0 u 0 2 u 0 0 0 u 2 u 0 u 2 0 0 0 0 0 
2 2 u u u 0 d 2 0 0 2 2 0 u u 0 2 0 0 0 0 0 2 u 0 0 u 0 0 0 2 0 
2 2 u u u 0 2 2 0 u d 2 0 0 u 0 2 0 0 0 0 0 u 0 0 0 2 u 0 0 2 0 
2 2 u u 0 0 2 2 0 u 2 2 d 0 0 0 u 0 0 0 0 0 2 0 0 u 2 u 0 0 u 0 
2 2 u u 0 0 2 2 d 0 2 2 0 u 0 0 u 0 0 0 0 0 2 u 0 0 2 0 0 u u 0 
u 2 u u 0 0 2 2 d 0 2 2 0 u u 0 2 0 0 0 0 0 2 u 0 0 2 0 u 0 0 0 
u 2 u u 0 0 2 2 0 u 2 2 d 0 u 0 2 0 0 0 0 0 2 0 u 0 2 u 0 0 0 0 
u 2 u u 0 0 2 2 d u 2 2 0 0 u 0 2 0 0 0 0 0 2 0 0 0 2 u u 0 0 0 
u 2 u u 0 0 2 2 0 0 2 2 d u u 0 2 0 0 0 0 0 2 u u 0 2 0 0 0 0 0 
u 2 2 u 0 0 2 2 0 0 2 2 0 u u 0 u u 0 0 d 0 2 0 0 0 2 u 0 0 0 0 
u 2 2 u 0 0 2 2 0 u 2 2 0 0 u 0 u u 0 0 d 0 2 u 0 0 2 0 0 0 0 0 
2 2 u u 0 0 2 2 0 u 2 2 0 0 u 0 2 0 0 0 0 u d 0 0 0 2 u 0 u 0 0 
2 2 u u 0 0 2 2 0 0 2 2 0 u u 0 2 0 0 0 0 u 2 u 0 u d 0 0 0 0 0 
2 2 u u 0 0 u 2 0 u 2 d 0 0 u 0 2 0 0 0 0 u 2 0 0 0 2 u 0 0 2 0 
2 2 u u 0 0 2 d 0 0 u 2 0 u u 0 2 0 0 0 0 u 2 u 0 0 2 0 0 0 2 0 
2 2 u u 0 0 2 2 0 0 2 2 0 u u 0 2 u 0 0 0 0 2 0 0 0 d u 0 u 0 0 
2 2 u u 0 0 2 2 0 u 2 2 0 0 u 0 2 u 0 0 0 0 d u 0 u 2 0 0 0 0 0 
2 2 u 0 d 0 2 2 0 0 2 2 0 u u 0 2 u 0 0 0 0 u 0 u 0 2 u 0 0 0 0 
2 2 u 0 d 0 2 2 0 u 2 2 0 0 u 0 2 u 0 0 0 0 2 u 0 0 u 0 u 0 0 0 
2 2 u u 0 0 2 2 0 0 u 2 0 u u d 2 u 0 0 0 0 d u 0 0 2 0 0 0 u 0 
2 2 u u 0 0 u 2 0 u 2 2 0 0 u d 2 u 0 0 0 0 2 0 0 0 d u 0 0 u 0 
2 u u u 0 0 2 2 d 0 2 2 0 u u 0 2 u 0 0 0 0 2 0 0 0 u u 0 0 0 d 
2 u u u 0 0 2 2 0 u 2 2 d 0 u 0 2 u 0 0 0 0 u u 0 0 2 0 0 0 0 d 
2 u u u 0 0 2 2 d u 2 2 0 0 u 0 2 u 0 0 0 0 2 u 0 0 u 0 0 0 0 d 
2 u u u 0 0 2 2 0 0 2 2 d u u 0 2 u 0 0 0 0 u 0 0 0 2 u 0 0 0 d 
2 u u 0 0 0 2 2 0 u 2 2 0 0 u 0 2 u 0 0 0 d 2 0 0 0 2 u 0 0 0 u 
2 u u 0 0 0 2 2 0 0 2 2 0 u u 0 2 u 0 0 0 d 2 u 0 0 2 0 0 0 0 u 
2 2 u u 0 0 2 2 0 0 2 2 0 u u 0 2 0 0 0 0 u d u 0 0 2 0 0 u 0 0 
2 2 u u 0 0 2 2 0 u 2 2 0 0 u 0 2 0 0 0 0 u 2 0 0 u d u 0 0 0 0 
2 2 u u 0 0 2 2 0 0 u 2 0 u u u 2 u 0 d 0 0 d 0 0 0 2 u 0 0 0 0 
2 2 u u 0 0 u 2 0 u 2 2 0 0 u u 2 u 0 d 0 0 2 u 0 0 d 0 0 0 0 0 
2 2 0 u 0 u 2 u 0 0 2 2 0 u 0 0 d u u 0 0 0 2 0 d 0 2 u 0 0 u 0 
2 2 0 u 0 u 2 2 0 u 2 u 0 0 0 0 d u u 0 0 0 2 u 0 0 2 0 d 0 u 0 
2 2 u u u 0 d 2 0 u 2 2 0 0 u 0 2 0 0 0 0 0 2 0 0 0 u u 0 0 2 0 
2 2 u u u 0 2 2 0 0 d 2 0 u u 0 2 0 0 0 0 0 u u 0 0 2 0 0 0 2 0 
2 2 u u u 0 2 2 0 0 2 2 0 u u d 2 u 0 0 0 0 d 0 0 0 u u 0 0 0 0 
2 2 u u u 0 2 2 0 u 2 2 0 0 u d 2 u 0 0 0 0 u u 0 0 d 0 0 0 0 0 
2 2 u u 0 0 u 2 0 0 2 d 0 u u 0 2 0 0 0 0 u 2 u 0 0 2 0 0 0 2 0 
2 2 u u 0 0 2 d 0 u u 2 0 0 u 0 2 0 0 0 0 u 2 0 0 0 2 u 0 0 2 0 
2 2 0 u 0 u 2 u 0 u 2 2 0 0 0 0 d u u 0 0 0 2 u d 0 2 0 0 0 u 0 
2 2 0 u 0 u 2 2 0 0 2 u 0 u 0 0 d u u 0 0 0 2 0 0 0 2 u d 0 u 0 
d 2 u u 0 0 2 2 u u 2 2 0 u 0 0 2 0 0 0 0 0 2 0 0 0 2 u 0 0 u 0 
d 2 u u 0 0 2 2 0 u 2 2 u u 0 0 2 0 0 0 0 0 2 u 0 0 2 0 0 0 u 0 
2 2 u 0 0 u 2 d 0 u 2 2 0 0 0 0 d u 0 u 0 0 2 u u 0 2 0 0 0 u 0 
2 2 u 0 0 u 2 2 0 0 2 d 0 u 0 0 d u 0 u 0 0 2 0 0 0 2 u u 0 u 0 
2 2 u u 0 0 2 2 0 0 2 2 0 u u 0 2 u 0 0 0 0 u 0 d 0 u u d 0 0 0 
2 2 u u 0 0 2 2 0 u 2 2 0 0 u 0 2 u 0 0 0 0 u u d 0 u 0 d 0 0 0 
2 2 0 u 0 d 2 d 0 0 2 2 0 u 0 0 u u u 0 0 0 2 0 u 0 2 u 0 0 u 0 
2 2 0 u 0 d 2 2 0 u 2 d 0 0 0 0 u u u 0 0 0 2 u 0 0 2 0 u 0 u 0 
2 2 0 0 0 0 2 2 0 0 2 2 0 u u 0 2 u 0 u 0 u 2 0 0 0 2 u 0 0 0 0 
2 2 0 0 0 0 2 2 0 u 2 2 0 0 u 0 2 u 0 u 0 u 2 u 0 0 2 0 0 0 0 0 
d 2 u u 0 0 2 2 0 0 2 2 u u u 0 2 d 0 0 0 0 2 u 0 0 u 0 0 0 u 0 
d 2 u u 0 0 2 2 u u 2 2 0 0 u 0 2 d 0 0 0 0 u 0 0 0 2 u 0 0 u 0 
2 2 0 u 0 d 2 d 0 u 2 2 0 0 0 0 u u u 0 0 0 2 u u 0 2 0 0 0 u 0 
2 2 0 u 0 d 2 2 0 0 2 d 0 u 0 0 u u u 0 0 0 2 0 0 0 2 u u 0 u 0 
2 2 u u 0 2 2 0 0 0 2 2 0 u u 0 2 0 0 0 0 0 2 u 0 0 2 0 0 0 0 u 
2 2 u u 0 2 2 2 0 u 2 0 0 0 u 0 2 0 0 0 0 0 2 0 0 0 2 u 0 0 0 u 
2 2 0 0 0 d 2 2 0 0 2 2 0 u 0 0 u u u u 0 0 2 0 0 0 2 u 0 0 u 0 
2 2 0 0 0 d 2 2 0 u 2 2 0 0 0 0 u u u u 0 0 2 u 0 0 2 0 0 0 u 0 
u 2 u u 0 0 2 2 0 0 2 2 0 u 2 0 d 0 0 0 0 0 2 u 0 0 2 0 0 0 u u 
u 2 u u 0 0 2 2 0 u 2 2 0 0 2 0 d 0 0 0 0 0 2 0 0 0 2 u 0 0 u u 
2 2 u u 0 0 2 2 0 0 d 2 0 u u u d u 0 0 0 0 2 0 u 0 2 u 0 0 0 0 
2 2 u u 0 0 d 2 0 u 2 2 0 0 u u d u 0 0 0 0 2 u 0 0 2 0 u 0 0 0 
u 2 u u 0 0 u 2 0 u 2 2 0 0 u 0 2 u d 0 0 0 2 u d 0 2 0 0 0 0 0 
u 2 u u 0 0 2 2 0 0 u 2 0 u u 0 2 u d 0 0 0 2 0 0 0 2 u d 0 0 0 
2 2 u u 0 0 u 2 0 0 2 2 0 u u d 2 u 0 0 0 0 2 u 0 0 d 0 0 0 u 0 
2 2 u u 0 0 2 2 0 u u 2 0 0 u d 2 u 0 0 0 0 d 0 0 0 2 u 0 0 u 0 
2 2 u u 0 0 d 2 0 0 2 2 0 u 2 0 2 u 0 0 0 0 u 0 0 0 2 u 0 0 u 0 
2 2 u u 0 0 2 2 0 u d 2 0 0 2 0 2 u 0 0 0 0 2 u 0 0 u 0 0 0 u 0 
2 2 u u 0 0 2 2 u u 2 2 0 0 0 0 2 u 0 0 0 0 u u 0 0 2 0 0 0 d 0 
2 2 u u 0 0 2 2 0 0 2 2 u u 0 0 2 u 0 0 0 0 2 0 0 0 u u 0 0 d 0 
2 2 u u 0 0 u 2 0 0 2 2 0 2 u 0 2 u 0 0 0 0 2 u 0 0 2 0 0 0 0 0 
2 2 u u 0 0 2 2 0 2 u 2 0 0 u 0 2 u 0 0 0 0 2 0 0 0 2 u 0 0 0 0 
u 2 u u 0 0 u 2 0 0 2 2 0 u u 0 2 u d 0 0 0 2 0 d 0 2 u 0 0 0 0 
u 2 u u 0 0 2 2 0 u u 2 0 0 u 0 2 u d 0 0 0 2 u 0 0 2 0 d 0 0 0 
2 2 u u 0 0 2 2 0 u d 2 0 0 u u d u 0 0 0 0 2 u u 0 2 0 0 0 0 0 
2 2 u u 0 0 d 2 0 0 2 2 0 u u u d u 0 0 0 0 2 0 0 0 2 u u 0 0 0 
2 2 u u 0 0 2 2 0 u 2 d 0 0 0 0 2 0 0 0 u 0 2 u 0 0 2 u 0 0 u 0 
2 2 u u 0 0 2 d 0 0 2 2 0 u 0 0 2 0 0 0 u 0 2 u 0 0 2 u 0 0 u 0 
2 2 u u 0 u 2 d 0 u 2 2 0 0 u 0 2 0 0 0 u 0 d 0 0 0 2 u 0 0 u 0 
2 2 u u 0 u 2 2 0 0 2 d 0 u u 0 2 0 0 0 u 0 2 u 0 0 d 0 0 0 u 0 
2 2 u u 0 u 2 d 0 0 2 2 0 u u 0 2 0 0 0 u 0 d u 0 0 2 0 0 0 u 0 
2 2 u u 0 u 2 2 0 u 2 d 0 0 u 0 2 0 0 0 u 0 2 0 0 0 d u 0 0 u 0 
2 2 u u 0 0 2 2 0 0 2 2 0 u u 0 u 0 0 0 0 d 2 u 0 0 d 0 0 u u 0 
2 2 u u 0 0 2 2 0 u 2 2 0 0 u 0 u 0 0 0 0 d d 0 0 u 2 u 0 0 u 0 
2 2 u u 0 0 2 2 0 u 2 2 0 0 u 0 u 0 0 0 0 d 2 0 0 0 d u 0 u u 0 
2 2 u u 0 0 2 2 0 0 2 2 0 u u 0 u 0 0 0 0 d d u 0 u 2 0 0 0 u 0 
2 2 0 0 0 0 2 u 0 0 2 2 0 u 2 0 2 u u 0 0 0 2 u u 0 2 0 0 0 0 0 
2 2 0 0 0 0 2 2 0 u 2 u 0 0 2 0 2 u u 0 0 0 2 0 0 0 2 u u 0 0 0 
d u u u 0 0 2 2 0 0 2 2 0 u u 0 2 0 0 0 2 0 2 u 0 0 2 0 0 0 u 0 
d u u u 0 0 2 2 0 u 2 2 0 0 u 0 2 0 0 0 2 0 2 0 0 0 2 u 0 0 u 0 
2 2 u u u 0 d 2 0 u 2 2 0 0 u 0 d u 0 0 0 0 2 u u 0 2 0 0 0 0 0 
2 2 u u u 0 2 2 0 0 d 2 0 u u 0 d u 0 0 0 0 2 0 0 0 2 u u 0 0 0 
2 2 u 0 0 0 2 d 0 0 2 2 0 u u 0 2 0 0 0 0 u 2 u 0 u 2 0 0 0 u 0 
2 2 u 0 0 0 2 2 0 u 2 d 0 0 u 0 2 0 0 0 0 u 2 0 0 0 2 u 0 u u 0 
2 2 u u d 0 2 u 0 0 2 2 0 u u 0 d 0 0 0 0 0 2 u 0 u 2 0 0 0 u 0 
2 2 u u d 0 2 2 0 u 2 u 0 0 u 0 d 0 0 0 0 0 2 0 0 0 2 u 0 u u 0 
2 2 u 0 0 0 2 2 0 u 2 2 0 d u 0 2 u 0 0 0 0 2 0 0 0 u u 0 0 u 0 
2 2 u 0 0 0 2 2 0 d 2 2 0 u u 0 2 u 0 0 0 0 u u 0 0 2 0 0 0 u 0 
2 2 u u 0 0 2 d 0 0 2 2 0 u 2 0 2 u 0 0 0 0 u 0 0 0 2 u 0 0 0 u 
2 2 u u 0 0 2 2 0 u 2 d 0 0 2 0 2 u 0 0 0 0 2 u 0 0 u 0 0 0 0 u 
2 2 u 2 0 0 2 u 0 0 u 2 0 u 2 0 2 u 0 0 0 0 2 0 0 0 2 u 0 0 0 0 
2 2 u 2 0 0 u 2 0 u 2 u 0 0 2 0 2 u 0 0 0 0 2 u 0 0 2 0 0 0 0 0 
2 2 0 0 0 0 2 2 0 0 2 2 0 u 0 u 2 0 0 u 0 u 2 u 0 0 2 0 0 0 u 0 
2 2 0 0 0 0 2 2 0 u 2 2 0 0 0 u 2 0 0 u 0 u 2 0 0 0 2 u 0 0 u 0 
2 2 u 2 0 0 u 2 0 0 2 u 0 u 2 0 2 u 0 0 0 0 2 0 0 0 2 u 0 0 0 0 
2 2 u 2 0 0 2 u 0 u u 2 0 0 2 0 2 u 0 0 0 0 2 u 0 0 2 0 0 0 0 0 
2 2 2 u 0 0 2 2 0 0 u 2 0 u u 0 2 u 0 u 0 0 2 0 0 0 d u 0 0 0 0 
2 2 2 u 0 0 u 2 0 u 2 2 0 0 u 0 2 u 0 u 0 0 d u 0 0 2 0 0 0 0 0 
2 u u u 0 0 2 2 0 0 2 u 0 u u 0 2 u 0 0 0 d 2 0 0 0 2 u 0 d 0 0 
2 u u u 0 0 2 u 0 u 2 2 0 0 u 0 2 u 0 0 0 d 2 u 0 d 2 0 0 0 0 0 
u 2 u u 0 0 2 2 d u 2 2 0 0 u 0 2 u 0 0 0 0 d 0 0 0 2 u 0 0 u 0 
u 2 u u 0 0 2 2 0 0 2 2 d u u 0 2 u 0 0 0 0 2 u 0 0 d 0 0 0 u 0 
u 2 u u 0 0 2 2 d 0 2 2 0 u u 0 2 u 0 0 0 0 d u 0 0 2 0 0 0 u 0 
u 2 u u 0 0 2 2 0 u 2 2 d 0 u 0 2 u 0 0 0 0 2 0 0 0 d u 0 0 u 0 
2 2 0 0 0 0 2 u 0 u 2 2 0 0 2 0 2 u u 0 0 0 2 0 u 0 2 u 0 0 0 0 
2 2 0 0 0 0 2 2 0 0 2 u 0 u 2 0 2 u u 0 0 0 2 u 0 0 2 0 u 0 0 0 
2 2 u u 0 0 2 2 0 0 2 2 d u 0 0 u 0 0 0 0 0 2 u 0 u 2 0 0 0 u 0 
2 2 u u 0 0 2 2 d u 2 2 0 0 0 0 u 0 0 0 0 0 2 0 0 0 2 u 0 u u 0 
2 2 u u d 0 d 2 0 0 2 2 0 u u 0 2 u 0 0 0 0 2 0 0 0 u u 0 0 0 u 
2 2 u u d 0 2 2 0 u d 2 0 0 u 0 2 u 0 0 0 0 u u 0 0 2 0 0 0 0 u 
2 u 0 0 0 0 2 2 0 0 2 2 0 u 0 0 2 0 0 u 2 0 2 u 0 0 2 0 0 0 u u 
2 u 0 0 0 0 2 2 0 u 2 2 0 0 0 0 2 0 0 u 2 0 2 0 0 0 2 u 0 0 u u 
2 0 u u 0 0 2 2 0 u 2 u d 0 u 0 2 0 0 0 2 0 2 0 0 0 2 u 0 0 u 0 
2 0 u u 0 0 2 u d 0 2 2 0 u u 0 2 0 0 0 2 0 2 u 0 0 2 0 0 0 u 0 
d 2 u u 0 0 2 2 u 0 2 2 0 u u 0 2 d 0 0 0 0 u u 0 0 2 0 0 0 u 0 
d 2 u u 0 0 2 2 0 u 2 2 u 0 u 0 2 d 0 0 0 0 2 0 0 0 u u 0 0 u 0 
2 2 0 u 0 0 2 2 0 u u 2 0 0 u 0 2 u 0 0 0 d 2 u 0 0 2 0 0 u 0 0 
2 2 0 u 0 0 u 2 0 0 2 2 0 u u 0 2 u 0 0 0 d 2 0 0 u 2 u 0 0 0 0 
2 0 u u 0 0 2 2 0 0 2 u d u u 0 2 0 0 0 2 0 2 u 0 0 2 0 0 0 u 0 
2 0 u u 0 0 2 u d u 2 2 0 0 u 0 2 0 0 0 2 0 2 0 0 0 2 u 0 0 u 0 
2 2 u 0 0 0 2 u 0 0 2 d 0 u u u 2 0 0 u 0 0 2 u d 0 2 0 u 0 0 0 
2 2 u 0 0 0 2 d 0 u 2 u 0 0 u u 2 0 0 u 0 0 2 0 u 0 2 u d 0 0 0 
2 2 u 0 0 0 2 2 0 u 2 2 0 u u 0 2 u 0 0 0 0 u u 0 0 2 0 0 0 d 0 
2 2 u 0 0 0 2 2 0 u 2 2 0 u u 0 2 u 0 0 0 0 2 0 0 0 u u 0 0 d 0 
d 2 u u 0 u 2 2 0 0 2 2 0 u u 0 u 0 0 0 d 0 2 u 0 0 2 0 0 0 u 0 
d 2 u u 0 u 2 2 0 u 2 2 0 0 u 0 u 0 0 0 d 0 2 0 0 0 2 u 0 0 u 0 
2 2 u u 0 0 u 2 0 2 2 2 0 0 u 0 2 0 0 0 0 0 2 0 0 0 2 u 0 0 u 0 
2 2 u u 0 0 2 2 0 0 u 2 0 2 u 0 2 0 0 0 0 0 2 u 0 0 2 0 0 0 u 0 
2 2 u u 0 0 2 u 0 u 2 0 d 0 u 0 2 u 0 0 0 0 2 u d 0 2 0 u 0 0 0 
2 2 u u 0 0 2 0 d 0 2 u 0 u u 0 2 u 0 0 0 0 2 0 u 0 2 u d 0 0 0 
2 u u 0 0 0 2 u 0 u 2 2 0 0 u u 2 0 0 u d 0 2 0 d 0 2 u 0 0 0 0 
2 u u 0 0 0 2 2 0 0 2 u 0 u u u 2 0 0 u d 0 2 u 0 0 2 0 d 0 0 0 
2 u u 0 0 0 2 u 0 0 2 2 0 u u u 2 0 0 u d 0 2 u d 0 2 0 0 0 0 0 
2 u u 0 0 0 2 2 0 u 2 u 0 0 u u 2 0 0 u d 0 2 0 0 0 2 u d 0 0 0 
2 2 u 0 0 0 2 2 0 u 2 2 0 0 u u 2 0 0 0 0 0 d 0 0 0 2 u 0 u u 0 
2 2 u 0 0 0 2 2 0 0 2 2 0 u u u 2 0 0 0 0 0 2 u 0 u d 0 0 0 u 0 
2 2 u u 0 0 2 u 0 0 2 0 d u u 0 2 u 0 0 0 0 2 0 d 0 2 u u 0 0 0 
2 2 u u 0 0 2 0 d u 2 u 0 0 u 0 2 u 0 0 0 0 2 u u 0 2 0 d 0 0 0 
2 2 u 0 0 0 2 2 d 0 2 2 0 u u 0 u 0 0 0 0 0 2 u 0 u 2 0 0 0 u 0 
2 2 u 0 0 0 2 2 0 u 2 2 d 0 u 0 u 0 0 0 0 0 2 0 0 0 2 u 0 u u 0 
2 2 u 0 0 0 2 d 0 u 2 2 0 0 u 0 2 0 0 0 0 u 2 0 0 u 2 u 0 0 u 0 
2 2 u 0 0 0 2 2 0 0 2 d 0 u u 0 2 0 0 0 0 u 2 u 0 0 2 0 0 u u 0 
2 2 u u 0 0 2 2 0 0 2 2 0 u d 0 2 u 0 0 0 0 u 0 u 0 2 u 0 0 0 0 
2 2 u u 0 0 2 2 0 u 2 2 0 0 d 0 2 u 0 0 0 0 2 u 0 0 u 0 u 0 0 0 
2 u u u 0 0 2 2 d u 2 2 0 0 u 0 2 u 0 d 0 0 u u 0 0 2 0 0 0 0 0 
2 u u u 0 0 2 2 0 0 2 2 d u u 0 2 u 0 d 0 0 2 0 0 0 u u 0 0 0 0 
2 u u u 0 0 2 2 d 0 2 2 0 u u 0 2 u 0 d 0 0 u 0 0 0 2 u 0 0 0 0 
2 u u u 0 0 2 2 0 u 2 2 d 0 u 0 2 u 0 d 0 0 2 u 0 0 u 0 0 0 0 0 
2 2 u u u 0 d 2 0 0 2 2 0 u u 0 d u 0 0 0 0 2 0 u 0 2 u 0 0 0 0 
2 2 u u u 0 2 2 0 u d 2 0 0 u 0 d u 0 0 0 0 2 u 0 0 2 0 u 0 0 0 
2 2 0 u 0 0 d 2 0 u 2 2 0 0 u 0 2 u 0 0 0 0 2 u 0 0 2 0 0 u 0 u 
2 2 0 u 0 0 2 2 0 0 d 2 0 u u 0 2 u 0 0 0 0 2 0 0 u 2 u 0 0 0 u 
2 2 u 0 0 0 2 2 0 u 2 u 0 0 u 0 2 u 0 0 0 0 2 u u 0 2 0 0 0 d 0 
2 2 u 0 0 0 2 u 0 0 2 2 0 u u 0 2 u 0 0 0 0 2 0 0 0 2 u u 0 d 0 
2 2 u 0 0 0 u 2 0 0 2 2 0 u u 0 2 u 0 u 0 0 2 0 d 0 2 u 0 0 0 0 
2 2 u 0 0 0 2 2 0 u u 2 0 0 u 0 2 u 0 u 0 0 2 u 0 0 2 0 d 0 0 0 
u 2 u u 0 0 2 2 0 0 2 d 0 u u 0 2 u 0 0 0 0 2 0 d 0 2 u 0 0 u 0 
u 2 u u 0 0 2 d 0 u 2 2 0 0 u 0 2 u 0 0 0 0 2 u 0 0 2 0 d 0 u 0 
u 2 u u 0 0 2 2 0 u 2 d 0 0 u 0 2 u 0 0 0 0 2 u d 0 2 0 0 0 u 0 
u 2 u u 0 0 2 d 0 0 2 2 0 u u 0 2 u 0 0 0 0 2 0 0 0 2 u d 0 u 0 
2 2 u 0 0 0 2 d 0 0 2 d u u u 0 2 u 0 0 0 0 2 u u 0 2 0 0 0 0 u 
2 2 u 0 0 0 2 d u u 2 d 0 0 u 0 2 u 0 0 0 0 2 0 0 0 2 u u 0 0 u 
2 2 u u 0 2 2 0 0 u 2 2 0 0 u 0 2 0 0 0 0 0 2 0 0 0 2 u 0 0 0 u 
2 2 u u 0 2 2 2 0 0 2 0 0 u u 0 2 0 0 0 0 0 2 u 0 0 2 0 0 0 0 u 
2 2 2 u 0 0 u 2 0 0 2 2 0 u u 0 2 u 0 u 0 0 d 0 0 0 2 u 0 0 0 0 
2 2 2 u 0 0 2 2 0 u u 2 0 0 u 0 2 u 0 u 0 0 2 u 0 0 d 0 0 0 0 0 
2 2 u u 0 0 d 2 0 0 u 2 0 u u 0 2 0 0 0 0 0 2 2 0 0 2 u 0 0 u 0 
2 2 u u 0 0 u 2 0 u d 2 0 0 u 0 2 0 0 0 0 0 2 u 0 0 2 2 0 0 u 0 
2 2 u u 0 0 2 2 0 u 2 2 0 0 d 0 2 u 0 0 0 0 u u u 0 2 0 0 0 0 0 
2 2 u u 0 0 2 2 0 0 2 2 0 u d 0 2 u 0 0 0 0 2 0 0 0 u u u 0 0 0 
2 2 u u 0 0 u 2 0 0 d 2 0 u u 0 2 0 0 0 0 0 2 2 0 0 2 u 0 0 u 0 
2 2 u u 0 0 d 2 0 u u 2 0 0 u 0 2 0 0 0 0 0 2 u 0 0 2 2 0 0 u 0 
2 2 u u 0 0 2 2 0 0 2 2 0 u u 0 0 0 0 0 0 0 2 u 0 0 2 0 0 0 u 2 
2 2 u u 0 0 2 2 0 u 2 2 0 0 u 0 0 0 0 0 0 0 2 0 0 0 2 u 0 0 u 2 
2 2 u u 0 0 2 u 0 0 2 2 0 u 2 0 2 u 0 0 0 0 u 0 0 0 2 u 0 0 0 d 
2 2 u u 0 0 2 2 0 u 2 u 0 0 2 0 2 u 0 0 0 0 2 u 0 0 u 0 0 0 0 d 
2 d u u 0 u 2 2 0 0 2 2 0 u u 0 2 u 0 0 0 0 d 0 u 0 2 u 0 0 0 0 
2 d u u 0 u 2 2 0 u 2 2 0 0 u 0 2 u 0 0 0 0 2 u 0 0 d 0 u 0 0 0 
2 d u u 0 u 2 2 0 u 2 2 0 0 u 0 2 u 0 0 0 0 d u u 0 2 0 0 0 0 0 
2 d u u 0 u 2 2 0 0 2 2 0 u u 0 2 u 0 0 0 0 2 0 0 0 d u u 0 0 0 
2 2 u u 0 0 2 2 0 0 2 2 u u 0 0 2 0 0 u 0 0 2 0 0 0 2 0 0 0 u 0 
2 2 u u 0 0 2 2 u u 2 2 0 0 0 0 2 0 0 u 0 0 2 0 0 0 2 0 0 0 u 0 
2 2 u 0 0 0 2 u 0 u 2 d 0 0 u u 2 0 0 u 0 0 2 0 d 0 2 u u 0 0 0 
2 2 u 0 0 0 2 d 0 0 2 u 0 u u u 2 0 0 u 0 0 2 u u 0 2 0 d 0 0 0 
u d u u 0 0 2 2 0 u 2 2 0 0 u 0 2 0 0 0 0 0 2 0 0 0 2 u 0 2 u 0 
u d u u 0 0 2 2 0 0 2 2 0 u u 0 2 0 0 0 0 0 2 u 0 2 2 0 0 0 u 0 
2 2 u u 0 0 2 2 0 0 d 2 0 u 0 0 2 0 0 u 0 0 2 u u 0 2 0 0 0 u 0 
2 2 u u 0 0 d 2 0 u 2 2 0 0 0 0 2 0 0 u 0 0 2 0 0 0 2 u u 0 u 0 
2 u u u 0 0 2 2 0 u 2 u 0 0 u 0 2 u 0 0 0 d 2 u 0 0 2 0 0 d 0 0 
2 u u u 0 0 2 u 0 0 2 2 0 u u 0 2 u 0 0 0 d 2 0 0 d 2 u 0 0 0 0 
2 2 u u 0 u 2 2 0 u u 2 0 0 u 0 2 0 0 d 0 0 2 0 0 0 d u 0 0 u 0 
2 2 u u 0 u u 2 0 0 2 2 0 u u 0 2 0 0 d 0 0 d u 0 0 2 0 0 0 u 0 
2 2 u u 0 0 2 2 0 d u 2 0 u u 0 2 u 0 0 0 0 2 u 0 0 2 0 0 0 0 0 
2 2 u u 0 0 u 2 0 u 2 2 0 d u 0 2 u 0 0 0 0 2 0 0 0 2 u 0 0 0 0 
2 2 u u 0 0 2 2 0 0 u 2 u u u 0 2 0 0 0 0 0 2 u 0 0 2 0 0 0 d 0 
2 2 u u 0 0 u 2 u u 2 2 0 0 u 0 2 0 0 0 0 0 2 0 0 0 2 u 0 0 d 0 
2 d u u u 0 d 2 u u 2 2 0 0 u 0 2 u 0 0 0 0 2 u 0 0 2 0 0 0 0 0 
2 d u u u 0 2 2 0 0 d 2 u u u 0 2 u 0 0 0 0 2 0 0 0 2 u 0 0 0 0 
2 2 u 0 0 0 2 2 0 0 2 2 0 2 u 0 2 u 0 0 0 0 2 u 0 0 u 0 0 0 u 0 
2 2 u 0 0 0 2 2 0 2 2 2 0 0 u 0 2 u 0 0 0 0 u 0 0 0 2 u 0 0 u 0 
2 2 u u 0 u 2 d 0 u u 2 0 0 2 0 2 u 0 0 0 0 2 u 0 0 2 0 0 0 0 0 
2 2 u u 0 u u 2 0 0 2 d 0 u 2 0 2 u 0 0 0 0 2 0 0 0 2 u 0 0 0 0 
2 2 u u 0 0 2 2 0 0 2 2 0 u u 0 2 0 0 0 0 u 2 0 0 0 d 0 0 0 u u 
2 2 u u 0 0 2 2 0 u 2 2 0 0 u 0 2 0 0 0 0 u d 0 0 0 2 0 0 0 u u 
2 u u 0 0 0 2 d 0 u 2 d 0 0 u 0 2 u 0 0 0 d 2 0 u 0 2 u u 0 u 0 
2 u u 0 0 0 2 d 0 0 2 d 0 u u 0 2 u 0 0 0 d 2 u u 0 2 0 u 0 u 0 
2 2 u 0 0 0 2 d 0 u 2 d u 0 u 0 2 u 0 0 0 0 2 0 u 0 2 u 0 0 0 u 
2 2 u 0 0 0 2 d u 0 2 d 0 u u 0 2 u 0 0 0 0 2 u 0 0 2 0 u 0 0 u 
2 2 u u 0 0 2 d u 0 2 2 0 u u 0 2 u 0 0 0 0 d 0 u 0 2 u 0 0 0 0 
2 2 u u 0 0 2 2 0 u 2 d u 0 u 0 2 u 0 0 0 0 2 u 0 0 d 0 u 0 0 0 
2 2 u u 0 0 2 2 0 u u 2 u 0 u 0 2 0 0 0 0 0 2 0 0 0 2 u 0 0 d 0 
2 2 u u 0 0 u 2 u 0 2 2 0 u u 0 2 0 0 0 0 0 2 u 0 0 2 0 0 0 d 0 
2 2 u u 0 u 2 2 0 0 u 2 0 u u 0 2 0 0 d 0 0 2 u 0 0 d 0 0 0 u 0 
2 2 u u 0 u u 2 0 u 2 2 0 0 u 0 2 0 0 d 0 0 d 0 0 0 2 u 0 0 u 0 
2 2 u u 0 u 2 d 0 0 u 2 0 u 2 0 2 u 0 0 0 0 2 0 0 0 2 u 0 0 0 0 
2 2 u u 0 u u 2 0 u 2 d 0 0 2 0 2 u 0 0 0 0 2 u 0 0 2 0 0 0 0 0 
u d u u 0 0 2 2 0 0 2 2 0 u u 0 2 0 0 0 0 0 2 u 0 0 2 0 0 2 u 0 
u d u u 0 0 2 2 0 u 2 2 0 0 u 0 2 0 0 0 0 0 2 0 0 2 2 u 0 0 u 0 
d u u u 0 0 2 2 0 u 2 2 0 0 u 0 2 0 0 0 0 0 2 0 0 0 2 u 0 2 u 0 
d u u u 0 0 2 2 0 0 2 2 0 u u 0 2 0 0 0 0 0 2 u 0 2 2 0 0 0 u 0 
2 2 u u 0 0 d 2 0 0 u 2 0 u u 0 2 u 0 u 0 0 2 0 0 0 2 u 0 0 0 d 
2 2 u u 0 0 u 2 0 u d 2 0 0 u 0 2 u 0 u 0 0 2 u 0 0 2 0 0 0 0 d 
2 u 0 0 0 u 2 2 0 u 2 d d 0 u 0 2 u u 0 0 0 2 0 0 0 2 u 0 0 u 0 
2 u 0 0 0 u 2 d d 0 2 2 0 u u 0 2 u u 0 0 0 2 u 0 0 2 0 0 0 u 0 
2 2 u 0 0 0 u 2 0 u 2 2 0 0 u 0 2 u 0 u 0 0 2 u d 0 2 0 0 0 0 0 
2 2 u 0 0 0 2 2 0 0 u 2 0 u u 0 2 u 0 u 0 0 2 0 0 0 2 u d 0 0 0 
2 2 u u 0 0 2 0 0 0 2 2 0 u 0 u 2 u 0 0 0 0 2 0 2 0 2 u 0 0 0 0 
2 2 u u 0 0 2 2 0 u 2 0 0 0 0 u 2 u 0 0 0 0 2 u 0 0 2 0 2 0 0 0 
2 2 0 u 0 0 d 2 0 0 2 2 0 u u 0 2 u 0 0 0 0 2 0 0 0 2 u 0 u 0 u 
2 2 0 u 0 0 2 2 0 u d 2 0 0 u 0 2 u 0 0 0 0 2 u 0 u 2 0 0 0 0 u 
2 2 u u 0 0 u 2 0 u 2 2 0 d u 0 2 0 u 0 0 0 2 0 0 0 2 u 0 0 0 0 
2 2 u u 0 0 2 2 0 d u 2 0 u u 0 2 0 u 0 0 0 2 u 0 0 2 0 0 0 0 0 
2 2 u u u 0 2 2 0 0 u 2 0 u u 0 2 u 0 0 0 d 2 0 0 0 d u 0 0 0 0 
2 2 u u u 0 u 2 0 u 2 2 0 0 u 0 2 u 0 0 0 d d u 0 0 2 0 0 0 0 0 
2 2 u u 0 0 2 2 0 u 2 2 0 0 u 0 d u 0 0 0 0 u u 0 0 2 0 0 u 0 d 
2 2 u u 0 0 2 2 0 0 2 2 0 u u 0 d u 0 0 0 0 2 0 0 u u u 0 0 0 d 
2 2 u u 0 u u 2 0 0 2 2 0 u u 0 2 0 0 0 0 0 2 u 0 0 d 0 0 0 u d 
2 2 u u 0 u 2 2 0 u u 2 0 0 u 0 2 0 0 0 0 0 d 0 0 0 2 u 0 0 u d 
2 u 0 0 0 u 2 2 0 0 2 d d u u 0 2 u u 0 0 0 2 u 0 0 2 0 0 0 u 0 
2 u 0 0 0 u 2 d d u 2 2 0 0 u 0 2 u u 0 0 0 2 0 0 0 2 u 0 0 u 0 
d u u u 0 0 2 2 0 0 2 2 0 u u 0 2 0 0 0 0 0 2 u 0 0 2 0 0 2 u 0 
d u u u 0 0 2 2 0 u 2 2 0 0 u 0 2 0 0 0 0 0 2 0 0 2 2 u 0 0 u 0 
2 2 u u 0 0 2 d 0 0 2 2 0 0 u 0 2 0 0 0 0 0 2 u u 0 2 0 0 u u 0 
2 2 u u 0 0 2 2 0 0 2 d 0 0 u 0 2 0 0 0 0 0 2 0 0 u 2 u u 0 u 0 
2 2 u u 0 0 2 d u u 2 2 0 0 u 0 2 u 0 0 0 0 d u u 0 2 0 0 0 0 0 
2 2 u u 0 0 2 2 0 0 2 d u u u 0 2 u 0 0 0 0 2 0 0 0 d u u 0 0 0 
2 2 u u u 0 u 2 0 0 2 2 0 u u 0 2 u 0 0 0 d d 0 0 0 2 u 0 0 0 0 
2 2 u u u 0 2 2 0 u u 2 0 0 u 0 2 u 0 0 0 d 2 u 0 0 d 0 0 0 0 0 
2 d u u 0 0 2 u 0 0 2 d 0 u 0 0 2 u 0 0 u 0 2 0 d 0 2 u u 0 u 0 
2 d u u 0 0 2 d 0 u 2 u 0 0 0 0 2 u 0 0 u 0 2 u u 0 2 0 d 0 u 0 
2 d u u 0 0 2 u 0 u 2 d 0 0 0 0 2 u 0 0 u 0 2 u d 0 2 0 u 0 u 0 
2 d u u 0 0 2 d 0 0 2 u 0 u 0 0 2 u 0 0 u 0 2 0 u 0 2 u d 0 u 0 
2 2 u u 0 0 u 2 0 d 2 2 0 u u 0 2 0 0 0 0 0 2 u 0 0 2 0 0 0 u 0 
2 2 u u 0 0 2 2 0 u u 2 0 d u 0 2 0 0 0 0 0 2 0 0 0 2 u 0 0 u 0 
2 2 u u 0 0 2 2 0 0 u 2 0 u 0 0 2 0 0 d 0 0 2 u u 0 2 0 0 0 u 0 
2 2 u u 0 0 u 2 0 u 2 2 0 0 0 0 2 0 0 d 0 0 2 0 0 0 2 u u 0 u 0 
2 0 u 0 0 0 2 u 0 u 2 2 0 0 u 0 2 u 0 0 d u 2 0 d 0 2 u 0 0 u 0 
2 0 u 0 0 0 2 2 0 0 2 u 0 u u 0 2 u 0 0 d u 2 u 0 0 2 0 d 0 u 0 
2 u u u 0 u 2 d d u 2 2 0 0 u 0 2 0 0 0 0 0 2 0 0 0 2 u 0 0 0 u 
2 u u u 0 u 2 2 0 0 2 d d u u 0 2 0 0 0 0 0 2 u 0 0 2 0 0 0 0 u 
2 d u u u 0 2 2 0 0 2 2 0 u u 0 2 0 0 0 0 0 2 u 0 0 d u 0 0 u 0 
2 d u u u 0 2 2 0 u 2 2 0 0 u 0 2 0 0 0 0 0 d u 0 0 2 u 0 0 u 0 
2 0 u 0 0 0 2 u 0 0 2 2 0 u u 0 2 u 0 0 d u 2 u d 0 2 0 0 0 u 0 
2 0 u 0 0 0 2 2 0 u 2 u 0 0 u 0 2 u 0 0 d u 2 0 0 0 2 u d 0 u 0 
2 2 u u 0 u 2 2 0 0 u 2 0 u u 0 2 0 0 0 0 0 d u 0 0 2 0 0 0 u d 
2 2 u u 0 u u 2 0 u 2 2 0 0 u 0 2 0 0 0 0 0 2 0 0 0 d u 0 0 u d 
2 2 0 u 0 0 2 2 0 0 u 2 0 u u 0 2 u 0 0 0 d 2 0 0 0 2 u 0 u 0 0 
2 2 0 u 0 0 u 2 0 u 2 2 0 0 u 0 2 u 0 0 0 d 2 u 0 u 2 0 0 0 0 0 
2 2 u u 0 0 2 d u u 2 2 0 0 u 0 d u u 0 0 0 2 u 0 0 2 0 0 0 0 0 
2 2 u u 0 0 2 2 0 0 2 d u u u 0 d u u 0 0 0 2 0 0 0 2 u 0 0 0 0 
2 2 u 0 0 0 2 2 d u 2 2 0 0 u 0 u 0 0 0 0 0 2 0 0 u 2 u 0 0 u 0 
2 2 u 0 0 0 2 2 0 0 2 2 d u u 0 u 0 0 0 0 0 2 u 0 0 2 0 0 u u 0 
2 2 u 0 0 0 2 2 0 0 2 2 0 u u u 2 0 0 0 0 0 d u 0 0 2 0 0 u u 0 
2 2 u 0 0 0 2 2 0 u 2 2 0 0 u u 2 0 0 0 0 0 2 0 0 u d u 0 0 u 0 
2 2 u u 0 0 2 2 0 0 d 2 0 u u u 2 d 0 0 0 0 u u 0 0 2 0 0 0 u 0 
2 2 u u 0 0 d 2 0 u 2 2 0 0 u u 2 d 0 0 0 0 2 0 0 0 u u 0 0 u 0 
2 2 u u 0 0 u 2 0 0 2 2 0 u 2 0 2 u 0 0 0 0 d 0 0 0 2 u 0 0 u 0 
2 2 u u 0 0 2 2 0 u u 2 0 0 2 0 2 u 0 0 0 0 2 u 0 0 d 0 0 0 u 0 
2 u u 0 u 0 2 2 0 u 2 d 0 0 0 u 2 0 0 0 d 0 2 0 0 0 2 u 0 u u 0 
2 u u 0 u 0 2 d 0 0 2 2 0 u 0 u 2 0 0 0 d 0 2 u 0 u 2 0 0 0 u 0 
2 u u 0 u 0 2 2 0 0 2 d 0 u 0 u 2 0 0 0 d 0 2 u 0 0 2 0 0 u u 0 
2 u u 0 u 0 2 d 0 u 2 2 0 0 0 u 2 0 0 0 d 0 2 0 0 u 2 u 0 0 u 0 
2 2 0 u u 0 2 2 0 0 2 2 0 u u 0 2 0 0 0 0 0 2 0 u 0 2 0 0 0 u 0 
2 2 0 u u 0 2 2 0 u 2 2 0 0 u 0 2 0 0 0 0 0 2 0 0 0 2 0 u 0 u 0 
2 2 u u 0 0 2 2 0 0 2 2 0 u u 0 d u 0 0 0 0 u 0 0 0 2 u 0 u 0 d 
2 2 u u 0 0 2 2 0 u 2 2 0 0 u 0 d u 0 0 0 0 2 u 0 u u 0 0 0 0 d 
2 d u u u 0 d 2 u 0 2 2 0 u u 0 2 u 0 0 0 0 2 0 0 0 2 u 0 0 0 0 
2 d u u u 0 2 2 0 u d 2 u 0 u 0 2 u 0 0 0 0 2 u 0 0 2 0 0 0 0 0 
2 2 2 u 0 0 2 2 0 0 2 2 0 u u u 2 0 0 0 0 0 2 0 0 0 u 0 0 0 u 0 
2 2 2 u 0 0 2 2 0 u 2 2 0 0 u u 2 0 0 0 0 0 u 0 0 0 2 0 0 0 u 0 
2 2 u u 0 0 2 2 0 u 2 u 0 0 u d d 0 0 0 0 0 2 0 0 u 2 u 0 0 u 0 
2 2 u u 0 0 2 u 0 0 2 2 0 u u d d 0 0 0 0 0 2 u 0 0 2 0 0 u u 0 
2 2 u 2 0 u 2 2 0 0 u d 0 u u 0 2 u 0 0 0 0 2 0 0 0 2 u 0 0 0 0 
2 2 u 2 0 u u d 0 u 2 2 0 0 u 0 2 u 0 0 0 0 2 u 0 0 2 0 0 0 0 0 
2 2 u u 0 0 2 d u 0 2 2 0 u u 0 d u u 0 0 0 2 0 0 0 2 u 0 0 0 0 
2 2 u u 0 0 2 2 0 u 2 d u 0 u 0 d u u 0 0 0 2 u 0 0 2 0 0 0 0 0 
2 2 u u 0 0 2 2 0 u u 2 0 0 0 0 2 0 0 d 0 0 2 0 u 0 2 u 0 0 u 0 
2 2 u u 0 0 u 2 0 0 2 2 0 u 0 0 2 0 0 d 0 0 2 u 0 0 2 0 u 0 u 0 
2 2 u u 0 0 2 2 0 0 2 2 0 u u 0 2 u 0 0 0 0 u 0 d 0 2 u 0 0 0 0 
2 2 u u 0 0 2 2 0 u 2 2 0 0 u 0 2 u 0 0 0 0 2 u 0 0 u 0 d 0 0 0 
2 u u u 0 u 2 d d 0 2 2 0 u u 0 2 0 0 0 0 0 2 u 0 0 2 0 0 0 0 u 
2 u u u 0 u 2 2 0 u 2 d d 0 u 0 2 0 0 0 0 0 2 0 0 0 2 u 0 0 0 u 
2 2 u 0 0 0 2 2 0 d 2 2 0 u u 0 2 0 0 0 0 u u u 0 0 2 0 0 0 u 0 
2 2 u 0 0 0 2 2 0 u 2 2 0 d u 0 2 0 0 0 0 u 2 0 0 0 u u 0 0 u 0 
2 2 u 2 0 u u d 0 0 2 2 0 u u 0 2 u 0 0 0 0 2 0 0 0 2 u 0 0 0 0 
2 2 u 2 0 u 2 2 0 u u d 0 0 u 0 2 u 0 0 0 0 2 u 0 0 2 0 0 0 0 0 
2 2 2 u 0 0 2 u 0 u d 2 0 0 u u 2 u 0 0 0 0 2 u 0 0 2 0 0 0 0 0 
2 2 2 u 0 0 d 2 0 0 2 u 0 u u u 2 u 0 0 0 0 2 0 0 0 2 u 0 0 0 0 
2 2 u u 0 0 2 2 0 u d 2 d 0 u 0 2 0 0 0 0 0 2 0 0 0 u u u 0 u 0 
2 2 u u 0 0 d 2 d 0 2 2 0 u u 0 2 0 0 0 0 0 u u u 0 2 0 0 0 u 0 
2 2 u u 0 0 2 2 0 0 d 2 d u u 0 2 0 0 0 0 0 2 u 0 0 u 0 u 0 u 0 
2 2 u u 0 0 d 2 d u 2 2 0 0 u 0 2 0 0 0 0 0 u 0 u 0 2 u 0 0 u 0 
2 2 2 0 0 0 2 2 0 0 2 2 0 u u 0 2 0 0 0 0 0 u u u 0 2 0 0 0 u 0 
2 2 2 0 0 0 2 2 0 u 2 2 0 0 u 0 2 0 0 0 0 0 2 0 0 0 u u u 0 u 0 
2 2 u u 0 0 u 2 0 0 2 2 0 2 u 0 2 0 u 0 0 0 2 u 0 0 2 0 0 0 0 0 
2 2 u u 0 0 2 2 0 2 u 2 0 0 u 0 2 0 u 0 0 0 2 0 0 0 2 u 0 0 0 0 
2 2 0 u 0 0 2 2 0 u 2 2 u 0 u 0 2 u 0 0 0 d 2 u 0 0 u 0 0 0 0 0 
2 2 0 u 0 0 2 2 u 0 2 2 0 u u 0 2 u 0 0 0 d u 0 0 0 2 u 0 0 0 0 
2 2 u 0 0 0 2 2 0 u 2 2 0 0 u d 2 0 0 0 0 0 u 0 0 0 2 u 0 u u 0 
2 2 u 0 0 0 2 2 0 0 2 2 0 u u d 2 0 0 0 0 0 2 u 0 u u 0 0 0 u 0 
2 2 2 0 0 0 2 2 0 u 2 2 0 0 u 0 2 0 0 0 0 0 u 0 u 0 2 u 0 0 u 0 
2 2 2 0 0 0 2 2 0 0 2 2 0 u u 0 2 0 0 0 0 0 2 u 0 0 u 0 u 0 u 0 
2 2 u 0 0 0 2 2 0 0 2 2 0 u u d 2 0 0 0 0 0 u u 0 0 2 0 0 u u 0 
2 2 u 0 0 0 2 2 0 u 2 2 0 0 u d 2 0 0 0 0 0 2 0 0 u u u 0 0 u 0 
2 2 2 u 0 0 2 2 0 0 2 2 0 0 u 0 2 u 0 u 0 0 2 0 0 0 u u 0 0 0 0 
2 2 2 u 0 0 2 2 0 0 2 2 0 0 u 0 2 u 0 u 0 0 u u 0 0 2 0 0 0 0 0 
2 2 u u 0 0 2 0 0 u 2 2 0 0 0 u 2 u 0 0 0 0 2 u 2 0 2 0 0 0 0 0 
2 2 u u 0 0 2 2 0 0 2 0 0 u 0 u 2 u 0 0 0 0 2 0 0 0 2 u 2 0 0 0 
d u u u 0 2 2 2 0 0 2 2 0 u u 0 2 u 0 0 0 0 2 0 0 0 2 u 0 0 0 0 
d u u u 0 2 2 2 0 u 2 2 0 0 u 0 2 u 0 0 0 0 2 u 0 0 2 0 0 0 0 0 
2 2 u u 0 0 2 2 0 u 2 2 0 0 u 0 d u 0 d 0 0 2 u 0 0 u 0 0 u 0 0 
2 2 u u 0 0 2 2 0 0 2 2 0 u u 0 d u 0 d 0 0 u 0 0 u 2 u 0 0 0 0 
2 2 u u 0 0 2 d u u 2 2 0 0 u 0 u 0 0 0 0 d 2 0 0 0 2 u 0 0 u 0 
2 2 u u 0 0 2 2 0 0 2 d u u u 0 u 0 0 0 0 d 2 u 0 0 2 0 0 0 u 0 
2 2 u u 0 0 2 d u 0 2 2 0 u u 0 u 0 0 0 0 d 2 u 0 0 2 0 0 0 u 0 
2 2 u u 0 0 2 2 0 u 2 d u 0 u 0 u 0 0 0 0 d 2 0 0 0 2 u 0 0 u 0 
2 2 u 0 0 0 2 2 0 0 2 u 0 u u 0 2 u 0 0 0 0 2 0 u 0 2 u 0 0 d 0 
2 2 u 0 0 0 2 u 0 u 2 2 0 0 u 0 2 u 0 0 0 0 2 u 0 0 2 0 u 0 d 0 
2 2 u 0 0 0 2 2 0 u 2 2 0 u u 0 2 u 0 0 d 0 u 0 0 0 2 u 0 0 0 0 
2 2 u 0 0 0 2 2 0 u 2 2 0 u u 0 2 u 0 0 d 0 2 u 0 0 u 0 0 0 0 0 
2 u u u 0 0 2 2 0 u 2 u 0 0 0 u 2 0 0 0 d 0 2 0 0 0 2 u d 0 0 u 
2 u u u 0 0 2 u 0 0 2 2 0 u 0 u 2 0 0 0 d 0 2 u d 0 2 0 0 0 0 u 
2 2 u u 0 0 2 2 0 0 2 2 0 u u 0 2 0 0 0 0 0 2 d 0 0 u 0 u 0 u 0 
2 2 u u 0 0 2 2 0 u 2 2 0 0 u 0 2 0 0 0 0 0 u 0 u 0 2 d 0 0 u 0 
2 2 u u 0 0 2 u 0 u 2 d 0 0 0 u 2 0 0 0 0 0 2 0 d 0 2 u u 0 0 u 
2 2 u u 0 0 2 d 0 0 2 u 0 u 0 u 2 0 0 0 0 0 2 u u 0 2 0 d 0 0 u 
2 2 u u 0 0 2 2 0 u 2 2 0 0 u 0 2 0 0 0 0 0 2 0 0 0 u d u 0 u 0 
2 2 u u 0 0 2 2 0 0 2 2 0 u u 0 2 0 0 0 0 0 u d u 0 2 0 0 0 u 0 
2 2 2 u u 0 d u 0 u 2 2 0 0 u 0 2 u 0 0 0 0 2 u 0 0 2 0 0 0 0 0 
2 2 2 u u 0 2 2 0 0 d u 0 u u 0 2 u 0 0 0 0 2 0 0 0 2 u 0 0 0 0 
2 2 u u 0 0 2 2 0 u u d 0 0 u 0 2 2 0 u 0 0 2 u 0 0 2 0 0 0 0 0 
2 2 u u 0 0 u d 0 0 2 2 0 u u 0 2 2 0 u 0 0 2 0 0 0 2 u 0 0 0 0 
2 u u u 0 0 2 2 0 0 2 u 0 u 0 u 2 0 0 0 d 0 2 u 0 0 2 0 d 0 0 u 
2 u u u 0 0 2 u 0 u 2 2 0 0 0 u 2 0 0 0 d 0 2 0 d 0 2 u 0 0 0 u 
2 2 u u 0 0 2 2 0 u 2 2 0 0 u 0 2 u 0 0 0 0 u u d 0 2 0 0 0 0 0 
2 2 u u 0 0 2 2 0 0 2 2 0 u u 0 2 u 0 0 0 0 2 0 0 0 u u d 0 0 0 
2 2 u u 0 0 2 2 0 u d 2 0 0 u u 2 d 0 0 0 0 u 0 0 0 2 u 0 0 u 0 
2 2 u u 0 0 d 2 0 0 2 2 0 u u u 2 d 0 0 0 0 2 u 0 0 u 0 0 0 u 0 
2 u u u 0 0 2 2 0 u 2 2 0 0 u d 2 0 0 0 0 0 u 0 0 0 2 u 0 d u 0 
2 u u u 0 0 2 2 0 0 2 2 0 u u d 2 0 0 0 0 0 2 u 0 d u 0 0 0 u 0 
2 2 u u 0 0 2 2 0 0 d 2 0 u 2 0 2 u 0 0 0 0 2 0 0 0 u u 0 0 u 0 
2 2 u u 0 0 d 2 0 u 2 2 0 0 2 0 2 u 0 0 0 0 u u 0 0 2 0 0 0 u 0 
2 2 0 u 0 0 2 0 0 u 2 d 0 0 u 0 2 u u 0 0 0 2 u 2 0 2 0 u 0 0 0 
2 2 0 u 0 0 2 d 0 0 2 0 0 u u 0 2 u u 0 0 0 2 0 u 0 2 u 2 0 0 0 
2 2 u 0 0 0 2 2 0 0 2 2 0 2 u 0 2 0 0 0 0 u 2 u 0 0 u 0 0 0 u 0 
2 2 u 0 0 0 2 2 0 2 2 2 0 0 u 0 2 0 0 0 0 u u 0 0 0 2 u 0 0 u 0 
2 2 0 u 0 0 2 0 0 0 2 d 0 u u 0 2 u u 0 0 0 2 0 2 0 2 u u 0 0 0 
2 2 0 u 0 0 2 d 0 u 2 0 0 0 u 0 2 u u 0 0 0 2 u u 0 2 0 2 0 0 0 
2 u u u d 0 2 2 0 0 2 2 0 u u 0 2 0 0 0 0 0 u 2 0 0 2 0 0 0 u 0 
2 u u u d 0 2 2 0 u 2 2 0 0 u 0 2 0 0 0 0 0 2 0 0 0 u 2 0 0 u 0 
2 2 u 0 0 0 2 2 0 u 2 2 0 u u 0 2 2 0 0 0 0 u 0 0 0 2 u 0 0 0 0 
2 2 u 0 0 0 2 2 0 u 2 2 0 u u 0 2 2 0 0 0 0 2 u 0 0 u 0 0 0 0 0 
2 2 0 u 0 0 2 2 0 0 2 2 0 0 u 0 2 u 0 0 0 0 2 u 0 0 2 0 0 u 0 u 
2 2 0 u 0 0 2 2 0 0 2 2 0 0 u 0 2 u 0 0 0 0 2 0 0 u 2 u 0 0 0 u 
2 u u u d 0 2 2 0 u 2 2 0 0 u 0 2 0 0 0 0 0 2 0 0 0 u u 0 d u 0 
2 u u u d 0 2 2 0 0 2 2 0 u u 0 2 0 0 0 0 0 u u 0 d 2 0 0 0 u 0 
2 2 u u 0 0 2 u 0 0 2 d 0 u 0 u 2 0 0 0 0 0 2 u d 0 2 0 u 0 0 u 
2 2 u u 0 0 2 d 0 u 2 u 0 0 0 u 2 0 0 0 0 0 2 0 u 0 2 u d 0 0 u 
2 2 u u 0 0 2 2 0 0 2 2 0 u u 0 2 u d 0 0 0 u 0 0 0 2 0 0 0 0 u 
2 2 u u 0 0 2 2 0 u 2 2 0 0 u 0 2 u d 0 0 0 2 0 0 0 u 0 0 0 0 u 
d 2 u u 0 0 2 2 0 0 2 2 u u u 0 2 0 0 0 0 0 u u 0 0 2 0 0 0 2 0 
d 2 u u 0 0 2 2 u u 2 2 0 0 u 0 2 0 0 0 0 0 2 0 0 0 u u 0 0 2 0 
2 2 u 0 0 0 2 2 0 u 2 2 0 0 u d 2 0 0 0 0 0 2 0 u 0 u u 0 0 u 0 
2 2 u 0 0 0 2 2 0 0 2 2 0 u u d 2 0 0 0 0 0 u u 0 0 2 0 u 0 u 0 
2 2 u u 0 0 d 2 0 0 u 2 0 u u 0 2 u 0 0 0 0 2 u 0 0 2 0 0 0 2 0 
2 2 u u 0 0 u 2 0 u d 2 0 0 u 0 2 u 0 0 0 0 2 0 0 0 2 u 0 0 2 0 
2 2 u u 0 0 d 2 0 u 2 2 0 0 u d 2 u 0 0 0 0 2 0 0 0 u u 0 0 u 0 
2 2 u u 0 0 2 2 0 0 d 2 0 u u d 2 u 0 0 0 0 u u 0 0 2 0 0 0 u 0 
2 u u u d 0 2 2 0 0 2 2 0 u u 0 2 0 0 0 0 0 2 u 0 0 u d 0 0 u 0 
2 u u u d 0 2 2 0 u 2 2 0 0 u 0 2 0 0 0 0 0 u d 0 0 2 u 0 0 u 0 
2 2 0 u 0 0 2 2 0 0 2 2 u u u 0 2 u 0 0 0 d 2 0 0 0 u u 0 0 0 0 
2 2 0 u 0 0 2 2 u u 2 2 0 0 u 0 2 u 0 0 0 d u u 0 0 2 0 0 0 0 0 
2 2 u u 0 0 2 2 0 0 2 2 0 u u 0 2 0 0 0 u 0 u u 0 0 2 d 0 0 0 0 
2 2 u u 0 0 2 2 0 u 2 2 0 0 u 0 2 0 0 0 u 0 2 d 0 0 u u 0 0 0 0 
2 2 u u 0 0 2 2 0 0 2 2 0 u u 0 2 0 0 0 u 0 2 2 0 0 u 0 0 0 0 0 
2 2 u u 0 0 2 2 0 u 2 2 0 0 u 0 2 0 0 0 u 0 u 0 0 0 2 2 0 0 0 0 
2 2 u u 0 0 d 2 0 0 2 2 0 u u d 2 u 0 0 0 0 2 u 0 0 u 0 0 0 u 0 
2 2 u u 0 0 2 2 0 u d 2 0 0 u d 2 u 0 0 0 0 u 0 0 0 2 u 0 0 u 0 
2 2 u d 0 0 2 2 0 u 2 2 0 0 u 0 2 u 0 0 0 0 u u u 0 2 0 0 0 0 0 
2 2 u d 0 0 2 2 0 0 2 2 0 u u 0 2 u 0 0 0 0 2 0 0 0 u u u 0 0 0 
2 2 u u 0 0 2 2 0 0 2 u 0 u 2 0 2 u 0 0 0 0 2 0 0 0 u u 0 0 0 d 
2 2 u u 0 0 2 u 0 u 2 2 0 0 2 0 2 u 0 0 0 0 u u 0 0 2 0 0 0 0 d 
2 2 u u 0 0 2 2 0 0 2 2 0 u u 0 d u 0 d 0 0 2 0 0 0 u u 0 u 0 0 
2 2 u u 0 0 2 2 0 u 2 2 0 0 u 0 d u 0 d 0 0 u u 0 u 2 0 0 0 0 0 
2 2 u u u 0 2 2 0 0 u 2 0 u u 0 2 0 0 0 0 0 d u 0 0 2 0 0 0 2 0 
2 2 u u u 0 u 2 0 u 2 2 0 0 u 0 2 0 0 0 0 0 2 0 0 0 d u 0 0 2 0 
2 2 2 u 0 0 2 u 0 0 d 2 0 u u u 2 u 0 0 0 0 2 0 0 0 2 u 0 0 0 0 
2 2 2 u 0 0 d 2 0 u 2 u 0 0 u u 2 u 0 0 0 0 2 u 0 0 2 0 0 0 0 0 
2 0 0 0 2 0 2 2 0 u 2 2 0 0 u 0 2 u u 0 0 0 2 0 0 0 2 u 0 0 u 0 
2 0 0 0 2 0 2 2 0 0 2 2 0 u u 0 2 u u 0 0 0 2 u 0 0 2 0 0 0 u 0 
2 d u 0 0 0 2 2 0 0 2 d 0 u 0 0 2 u 0 0 u 0 2 u 0 0 2 0 0 u u u 
2 d u 0 0 0 2 d 0 u 2 2 0 0 0 0 2 u 0 0 u 0 2 0 0 u 2 u 0 0 u u 
2 2 u u 0 0 2 2 0 0 2 2 0 u u 0 d u 0 0 0 0 u 0 0 0 2 2 0 0 u 0 
2 2 u u 0 0 2 2 0 u 2 2 0 0 u 0 d u 0 0 0 0 2 2 0 0 u 0 0 0 u 0 
2 0 u u u 0 2 d 0 u 2 2 0 0 u 0 2 0 0 0 2 0 2 u u 0 2 0 0 0 0 0 
2 0 u u u 0 2 2 0 0 2 d 0 u u 0 2 0 0 0 2 0 2 0 0 0 2 u u 0 0 0 
2 2 u d 0 0 2 2 0 0 2 2 0 u u 0 u u 0 0 u 0 2 0 0 0 2 u 0 0 0 0 
2 2 u d 0 0 2 2 0 u 2 2 0 0 u 0 u u 0 0 u 0 2 u 0 0 2 0 0 0 0 0 
2 2 u u 0 0 d 2 0 0 2 u 0 u u 0 2 d 0 0 0 0 2 u 0 0 2 0 0 0 u u 
2 2 u u 0 0 2 u 0 u d 2 0 0 u 0 2 d 0 0 0 0 2 0 0 0 2 u 0 0 u u 
2 2 u u 0 0 2 2 0 0 2 2 0 u u 0 2 u 0 0 0 u d 0 0 0 u u 0 0 0 d 
2 2 u u 0 0 2 2 0 u 2 2 0 0 u 0 2 u 0 0 0 u u u 0 0 d 0 0 0 0 d 
2 2 0 u 0 0 2 2 0 0 2 u 0 u u 0 2 u 0 0 0 u 2 0 0 0 2 u d 0 0 0 
2 2 0 u 0 0 2 u 0 u 2 2 0 0 u 0 2 u 0 0 0 u 2 u d 0 2 0 0 0 0 0 
2 d u 0 0 0 2 2 0 u 2 d 0 0 0 0 2 u 0 0 u 0 2 0 0 0 2 u 0 u u u 
2 d u 0 0 0 2 d 0 0 2 2 0 u 0 0 2 u 0 0 u 0 2 u 0 u 2 0 0 0 u u 
u 2 0 0 0 0 2 2 0 0 2 2 0 u 0 0 2 u 2 0 0 0 2 u 0 0 2 0 0 0 u u 
u 2 0 0 0 0 2 2 0 u 2 2 0 0 0 0 2 u 2 0 0 0 2 0 0 0 2 u 0 0 u u 
2 2 u 0 0 0 2 2 0 u 2 2 0 u u 0 2 0 0 d 0 0 2 0 0 0 u u 0 0 u 0 
2 2 u 0 0 0 2 2 0 u 2 2 0 u u 0 2 0 0 d 0 0 u u 0 0 2 0 0 0 u 0 
2 2 u d 0 0 2 2 0 0 2 2 0 u u 0 2 u 0 0 0 0 u 0 u 0 2 u 0 0 0 0 
2 2 u d 0 0 2 2 0 u 2 2 0 0 u 0 2 u 0 0 0 0 2 u 0 0 u 0 u 0 0 0 
u 2 u u 0 0 2 d 0 0 2 2 0 u u 0 2 0 0 0 d 0 2 u 0 u 2 0 0 0 u 0 
u 2 u u 0 0 2 2 0 u 2 d 0 0 u 0 2 0 0 0 d 0 2 0 0 0 2 u 0 u u 0 
2 u u u 0 0 2 2 0 0 2 2 0 u u d 2 0 0 0 0 0 u u 0 0 2 0 0 d u 0 
2 u u u 0 0 2 2 0 u 2 2 0 0 u d 2 0 0 0 0 0 2 0 0 d u u 0 0 u 0 
2 2 u u 0 0 2 2 0 0 2 2 0 u u 0 d u 0 0 0 0 2 d 0 0 u u 0 0 u 0 
2 2 u u 0 0 2 2 0 u 2 2 0 0 u 0 d u 0 0 0 0 u u 0 0 2 d 0 0 u 0 
2 2 u u 0 0 d 2 0 u u 2 0 0 u 0 2 u 0 0 0 0 2 0 0 0 2 u 0 0 2 0 
2 2 u u 0 0 u 2 0 0 d 2 0 u u 0 2 u 0 0 0 0 2 u 0 0 2 0 0 0 2 0 
2 2 0 u 0 0 2 2 0 u 2 u 0 0 u 0 2 u 0 0 0 u 2 u 0 0 2 0 d 0 0 0 
2 2 0 u 0 0 2 u 0 0 2 2 0 u u 0 2 u 0 0 0 u 2 0 d 0 2 u 0 0 0 0 
u 2 u u 0 0 2 d 0 u 2 2 0 0 u 0 2 0 0 0 d 0 2 0 0 u 2 u 0 0 u 0 
u 2 u u 0 0 2 2 0 0 2 d 0 u u 0 2 0 0 0 d 0 2 u 0 0 2 0 0 u u 0 
d 2 u u 0 0 2 2 u 0 2 2 0 u u 0 2 0 0 0 0 0 2 u 0 0 u 0 0 0 2 0 
d 2 u u 0 0 2 2 0 u 2 2 u 0 u 0 2 0 0 0 0 0 u 0 0 0 2 u 0 0 2 0 
2 0 u u u 0 2 d 0 0 2 2 0 u u 0 2 0 0 0 2 0 2 0 u 0 2 u 0 0 0 0 
2 0 u u u 0 2 2 0 u 2 d 0 0 u 0 2 0 0 0 2 0 2 u 0 0 2 0 u 0 0 0 
2 2 u u 0 0 2 2 0 0 2 2 u 0 u 0 2 0 0 0 0 0 2 u 0 0 2 0 0 0 u 0 
2 2 u u 0 0 2 2 u 0 2 2 0 0 u 0 2 0 0 0 0 0 2 0 0 0 2 u 0 0 u 0 
2 u u u d 0 2 2 0 0 2 2 0 u u 0 2 0 0 0 0 0 2 u 0 0 u 0 0 d u 0 
2 u u u d 0 2 2 0 u 2 2 0 0 u 0 2 0 0 0 0 0 u 0 0 d 2 u 0 0 u 0 
d 2 u u 0 d 2 2 0 0 2 2 0 u u 0 u u 0 0 0 u 2 0 0 0 2 u 0 0 0 0 
d 2 u u 0 d 2 2 0 u 2 2 0 0 u 0 u u 0 0 0 u 2 u 0 0 2 0 0 0 0 0 
2 0 0 0 0 0 2 2 0 u 2 2 0 0 u 2 2 u u 0 0 0 2 0 0 0 2 u 0 0 u 0 
2 0 0 0 0 0 2 2 0 0 2 2 0 u u 2 2 u u 0 0 0 2 u 0 0 2 0 0 0 u 0 
2 2 u u u 0 u 2 0 0 2 2 0 u u 0 2 u 0 0 0 0 2 0 0 0 d u 0 0 0 d 
2 2 u u u 0 2 2 0 u u 2 0 0 u 0 2 u 0 0 0 0 d u 0 0 2 0 0 0 0 d 
2 2 u u 0 0 2 2 0 u 2 d 0 0 u d 2 u 0 0 0 u u u 0 0 2 0 0 0 0 0 
2 2 u u 0 0 2 d 0 0 2 2 0 u u d 2 u 0 0 0 u 2 0 0 0 u u 0 0 0 0 
2 2 u u 0 0 2 2 0 0 2 2 0 u u 0 2 u 0 0 0 u u 0 0 0 d u 0 0 0 d 
2 2 u u 0 0 2 2 0 u 2 2 0 0 u 0 2 u 0 0 0 u d u 0 0 u 0 0 0 0 d 
2 0 u u d 0 2 2 0 u 2 2 0 0 u u 2 u 0 0 0 0 2 0 0 0 2 u 0 0 0 0 
2 0 u u d 0 2 2 0 0 2 2 0 u u u 2 u 0 0 0 0 2 u 0 0 2 0 0 0 0 0 
u 2 0 0 0 0 2 2 0 u 2 2 0 0 0 0 2 u u 0 d 0 2 0 0 0 2 u 0 0 u u 
u 2 0 0 0 0 2 2 0 0 2 2 0 u 0 0 2 u u 0 d 0 2 u 0 0 2 0 0 0 u u 
2 2 0 0 0 0 2 2 0 0 2 0 0 u u 0 2 u u 0 0 0 2 u 0 0 2 0 0 2 u 0 
2 2 0 0 0 0 2 0 0 u 2 2 0 0 u 0 2 u u 0 0 0 2 0 0 2 2 u 0 0 u 0 
2 2 0 0 0 0 2 2 0 u 2 0 0 0 u 0 2 u u 0 0 0 2 0 0 0 2 u 0 2 u 0 
2 2 0 0 0 0 2 0 0 0 2 2 0 u u 0 2 u u 0 0 0 2 u 0 2 2 0 0 0 u 0 
2 0 u 0 0 d 2 2 0 u 2 2 0 0 u 0 u u 0 0 2 0 2 0 0 0 2 u 0 0 u 0 
2 0 u 0 0 d 2 2 0 0 2 2 0 u u 0 u u 0 0 2 0 2 u 0 0 2 0 0 0 u 0 
2 d u u 0 0 2 2 0 0 2 2 0 u u u 2 0 0 0 0 0 d u 0 0 2 u 0 0 u 0 
2 d u u 0 0 2 2 0 u 2 2 0 0 u u 2 0 0 0 0 0 2 u 0 0 d u 0 0 u 0 
2 d u 0 0 0 2 u 0 u 2 u 0 0 u 0 2 u 0 0 0 u 2 0 d 0 2 u d 0 u 0 
2 d u 0 0 0 2 u 0 0 2 u 0 u u 0 2 u 0 0 0 u 2 u d 0 2 0 d 0 u 0 
2 2 u u u 0 2 2 0 u u 2 0 0 u 0 2 0 0 0 0 0 d 0 0 0 2 u 0 0 2 0 
2 2 u u u 0 u 2 0 0 2 2 0 u u 0 2 0 0 0 0 0 2 u 0 0 d 0 0 0 2 0 
u 2 u 0 0 0 2 2 2 0 2 2 0 u u 0 2 u 0 0 0 0 2 0 0 0 2 u 0 0 0 0 
u 2 u 0 0 0 2 2 0 u 2 2 2 0 u 0 2 u 0 0 0 0 2 u 0 0 2 0 0 0 0 0 
2 2 u u 0 0 2 2 0 u 2 0 0 0 u 0 2 0 2 0 0 0 2 0 0 0 2 u 0 0 u 0 
2 2 u u 0 0 2 0 0 0 2 2 0 u u 0 2 0 2 0 0 0 2 u 0 0 2 0 0 0 u 0 
2 2 u u 0 0 2 2 0 0 2 u 0 u u d d 0 0 0 0 0 2 u 0 u 2 0 0 0 u 0 
2 2 u u 0 0 2 u 0 u 2 2 0 0 u d d 0 0 0 0 0 2 0 0 0 2 u 0 u u 0 
2 2 u u 0 0 u 2 0 0 2 2 0 u u u 2 u 0 d 0 0 2 0 0 0 d u 0 0 0 0 
2 2 u u 0 0 2 2 0 u u 2 0 0 u u 2 u 0 d 0 0 d u 0 0 2 0 0 0 0 0 
2 2 u u 0 0 2 2 0 0 2 d 0 u u d 2 u 0 0 0 u u 0 0 0 2 u 0 0 0 0 
2 2 u u 0 0 2 d 0 u 2 2 0 0 u d 2 u 0 0 0 u 2 u 0 0 u 0 0 0 0 0 
2 2 u u 0 0 2 2 0 0 2 u 0 u u u 2 u 0 0 0 d d 0 0 0 2 u 0 0 0 0 
2 2 u u 0 0 2 u 0 u 2 2 0 0 u u 2 u 0 0 0 d 2 u 0 0 d 0 0 0 0 0 
2 2 2 u u 0 d u 0 0 2 2 0 u u 0 2 u 0 0 0 0 2 0 0 0 2 u 0 0 0 0 
2 2 2 u u 0 2 2 0 u d u 0 0 u 0 2 u 0 0 0 0 2 u 0 0 2 0 0 0 0 0 
u 2 u 0 0 0 2 2 2 u 2 2 0 0 u 0 2 u 0 0 0 0 2 u 0 0 2 0 0 0 0 0 
u 2 u 0 0 0 2 2 0 0 2 2 2 u u 0 2 u 0 0 0 0 2 0 0 0 2 u 0 0 0 0 
2 2 u u 0 0 2 2 0 0 u d 0 u u 0 2 2 0 u 0 0 2 0 0 0 2 u 0 0 0 0 
2 2 u u 0 0 u d 0 u 2 2 0 0 u 0 2 2 0 u 0 0 2 u 0 0 2 0 0 0 0 0 
2 u 0 0 0 d 2 u d u 2 2 0 0 u 0 2 u u 0 0 0 2 0 0 0 2 u 0 0 u 0 
2 u 0 0 0 d 2 2 0 0 2 u d u u 0 2 u u 0 0 0 2 u 0 0 2 0 0 0 u 0 
2 2 u u 0 0 2 2 0 0 2 0 0 u u 0 2 0 2 0 0 0 2 u 0 0 2 0 0 0 u 0 
2 2 u u 0 0 2 0 0 u 2 2 0 0 u 0 2 0 2 0 0 0 2 0 0 0 2 u 0 0 u 0 
2 2 u u 0 0 2 u d u 2 2 0 0 u 0 u u 0 0 d 0 2 u 0 0 2 0 0 0 0 0 
2 2 u u 0 0 2 2 0 0 2 u d u u 0 u u 0 0 d 0 2 0 0 0 2 u 0 0 0 0 
2 2 u u 0 0 2 2 0 u 2 u 0 0 u u 2 u 0 0 0 d d u 0 0 2 0 0 0 0 0 
2 2 u u 0 0 2 u 0 0 2 2 0 u u u 2 u 0 0 0 d 2 0 0 0 d u 0 0 0 0 
2 2 2 u 0 0 2 2 0 0 u 2 0 0 u u 2 0 0 0 0 0 2 0 0 0 2 u 0 0 u 0 
2 2 2 u 0 0 u 2 0 0 2 2 0 0 u u 2 0 0 0 0 0 2 u 0 0 2 0 0 0 u 0 
2 2 u 0 0 0 2 2 0 0 2 2 0 u u d 2 0 0 0 0 0 2 u u 0 u 0 0 0 u 0 
2 2 u 0 0 0 2 2 0 u 2 2 0 0 u d 2 0 0 0 0 0 u 0 0 0 2 u u 0 u 0 
2 d u u 0 0 2 2 0 d 2 2 0 u u 0 2 0 0 u 0 0 u u 0 0 2 0 0 0 u 0 
2 d u u 0 0 2 2 0 u 2 2 0 d u 0 2 0 0 u 0 0 2 0 0 0 u u 0 0 u 0 
2 2 u u d 0 2 2 0 0 d 2 0 u u 0 2 u 0 0 0 0 u 0 0 0 2 u 0 0 0 u 
2 2 u u d 0 d 2 0 u 2 2 0 0 u 0 2 u 0 0 0 0 2 u 0 0 u 0 0 0 0 u 
2 2 u u 0 d 2 2 0 0 2 d 0 u u 0 u 0 0 0 0 0 2 u 0 0 2 0 0 u u 0 
2 2 u u 0 d 2 d 0 u 2 2 0 0 u 0 u 0 0 0 0 0 2 0 0 u 2 u 0 0 u 0 
2 2 u u 0 0 2 u d 0 2 2 0 u u 0 u u 0 0 d 0 2 0 0 0 2 u 0 0 0 0 
2 2 u u 0 0 2 2 0 u 2 u d 0 u 0 u u 0 0 d 0 2 u 0 0 2 0 0 0 0 0 
2 2 u u 0 u 2 2 0 u d 2 0 0 u 0 d 0 0 0 0 0 2 0 0 0 2 u 0 u u 0 
2 2 u u 0 u d 2 0 0 2 2 0 u u 0 d 0 0 0 0 0 2 u 0 u 2 0 0 0 u 0 
2 2 u u 0 u 2 2 0 0 d 2 0 u u 0 d 0 0 0 0 0 2 u 0 0 2 0 0 u u 0 
2 2 u u 0 u d 2 0 u 2 2 0 0 u 0 d 0 0 0 0 0 2 0 0 u 2 u 0 0 u 0 
2 2 0 u 0 u 2 2 0 u 2 d u 0 u 0 2 u 0 0 0 0 2 u 0 0 2 0 0 0 0 0 
2 2 0 u 0 u 2 d u 0 2 2 0 u u 0 2 u 0 0 0 0 2 0 0 0 2 u 0 0 0 0 
2 u u u 0 d 2 2 0 u 2 u 0 0 0 0 2 u 0 0 0 0 2 u 0 0 2 0 d 0 u 0 
2 u u u 0 d 2 u 0 0 2 2 0 u 0 0 2 u 0 0 0 0 2 0 d 0 2 u 0 0 u 0 
2 2 u u 0 d 2 2 0 u 2 d 0 0 u 0 u 0 0 0 0 0 2 0 0 0 2 u 0 u u 0 
2 2 u u 0 d 2 d 0 0 2 2 0 u u 0 u 0 0 0 0 0 2 u 0 u 2 0 0 0 u 0 
2 u u u 0 d 2 2 0 0 2 u 0 u 0 0 2 u 0 0 0 0 2 0 0 0 2 u d 0 u 0 
2 u u u 0 d 2 u 0 u 2 2 0 0 0 0 2 u 0 0 0 0 2 u d 0 2 0 0 0 u 0 
u 2 0 u 0 0 2 2 0 0 2 2 0 u u 0 2 0 0 0 u d 2 u 0 0 2 0 0 0 u 0 
u 2 0 u 0 0 2 2 0 u 2 2 0 0 u 0 2 0 0 0 u d 2 0 0 0 2 u 0 0 u 0 
2 2 u d 0 0 2 u 0 0 2 u 0 u d 0 2 u 0 u 0 0 2 0 0 0 2 u 0 0 u 0 
2 2 u d 0 0 2 u 0 u 2 u 0 0 d 0 2 u 0 u 0 0 2 u 0 0 2 0 0 0 u 0 
u 2 u u 0 0 2 2 0 0 2 2 0 0 u 0 2 u 0 0 0 0 2 0 d 0 2 u 0 0 0 u 
u 2 u u 0 0 2 2 0 0 2 2 0 0 u 0 2 u 0 0 0 0 2 u 0 0 2 0 d 0 0 u 
2 2 u u 0 0 2 2 0 u 2 d u 0 u 0 2 u 0 0 0 0 2 u 0 0 d 0 0 u 0 0 
2 2 u u 0 0 2 d u 0 2 2 0 u u 0 2 u 0 0 0 0 d 0 0 u 2 u 0 0 0 0 
2 u 0 0 0 d 2 u d 0 2 2 0 u u 0 2 u u 0 0 0 2 u 0 0 2 0 0 0 u 0 
2 u 0 0 0 d 2 2 0 u 2 u d 0 u 0 2 u u 0 0 0 2 0 0 0 2 u 0 0 u 0 
2 d u u 0 0 2 2 u u d 2 0 0 u u 2 u 0 0 0 0 2 u 0 0 2 0 0 0 0 0 
2 d u u 0 0 d 2 0 0 2 2 u u u u 2 u 0 0 0 0 2 0 0 0 2 u 0 0 0 0 
2 2 0 u 0 u 2 2 0 0 2 d u u u 0 2 u 0 0 0 0 2 0 0 0 2 u 0 0 0 0 
2 2 0 u 0 u 2 d u u 2 2 0 0 u 0 2 u 0 0 0 0 2 u 0 0 2 0 0 0 0 0 
2 u 0 0 0 0 2 2 0 0 2 2 0 u 0 0 2 u 2 u 0 0 2 0 0 0 2 u 0 0 u 0 
2 u 0 0 0 0 2 2 0 u 2 2 0 0 0 0 2 u 2 u 0 0 2 u 0 0 2 0 0 0 u 0 
2 2 u u 0 0 2 2 0 0 2 d u u u 0 2 u 0 0 0 0 2 0 0 0 d u 0 u 0 0 
2 2 u u 0 0 2 d u u 2 2 0 0 u 0 2 u 0 0 0 0 d u 0 u 2 0 0 0 0 0 
2 0 u u 0 0 2 2 0 0 2 2 0 u u 0 2 u 0 2 0 0 2 0 0 0 2 u 0 0 0 0 
2 0 u u 0 0 2 2 0 u 2 2 0 0 u 0 2 u 0 2 0 0 2 u 0 0 2 0 0 0 0 0 
2 d u u 0 0 2 2 u 0 d 2 0 u u u 2 u 0 0 0 0 2 0 0 0 2 u 0 0 0 0 
2 d u u 0 0 d 2 0 u 2 2 u 0 u u 2 u 0 0 0 0 2 u 0 0 2 0 0 0 0 0 
2 d u u 0 0 2 2 0 d 2 2 0 u u 0 2 0 0 0 0 0 2 u 0 0 u 0 0 0 u u 
2 d u u 0 0 2 2 0 u 2 2 0 d u 0 2 0 0 0 0 0 u 0 0 0 2 u 0 0 u u 
d 2 u u 0 0 2 2 0 u 2 2 d 0 u 0 u u 0 0 0 0 2 u 0 0 2 0 u 0 0 0 
d 2 u u 0 0 2 2 d 0 2 2 0 u u 0 u u 0 0 0 0 2 0 u 0 2 u 0 0 0 0 
2 d u 0 0 d 2 u u 0 2 2 0 u 0 0 2 u 0 u 0 0 2 0 0 0 2 u 0 0 u 0 
2 d u 0 0 d 2 2 0 u 2 u u 0 0 0 2 u 0 u 0 0 2 u 0 0 2 0 0 0 u 0 
2 2 u 0 0 0 2 2 0 u 2 2 0 u u 0 2 0 0 0 0 0 2 u 0 0 u 0 0 0 u d 
2 2 u 0 0 0 2 2 0 u 2 2 0 u u 0 2 0 0 0 0 0 u 0 0 0 2 u 0 0 u d 
2 2 0 0 0 0 2 2 0 u 2 d 0 0 0 0 2 u 0 0 u 0 2 0 0 0 2 u 0 u u u 
2 2 0 0 0 0 2 d 0 0 2 2 0 u 0 0 2 u 0 0 u 0 2 u 0 u 2 0 0 0 u u 
2 2 0 0 0 0 2 2 0 0 2 d 0 u 0 0 2 u 0 0 u 0 2 u 0 0 2 0 0 u u u 
2 2 0 0 0 0 2 d 0 u 2 2 0 0 0 0 2 u 0 0 u 0 2 0 0 u 2 u 0 0 u u 
2 2 u u 0 0 2 2 0 0 2 2 0 u u 0 u u 0 0 0 0 d 0 0 0 2 u 0 d 0 u 
2 2 u u 0 0 2 2 0 u 2 2 0 0 u 0 u u 0 0 0 0 2 u 0 d d 0 0 0 0 u 
2 2 u u 0 0 2 2 0 0 u 2 0 u 2 0 2 u 0 0 0 0 2 0 0 0 d u 0 0 u 0 
2 2 u u 0 0 u 2 0 u 2 2 0 0 2 0 2 u 0 0 0 0 d u 0 0 2 0 0 0 u 0 
d 2 u u 0 0 2 2 0 0 2 2 d u u 0 u u 0 0 0 0 2 0 0 0 2 u u 0 0 0 
d 2 u u 0 0 2 2 d u 2 2 0 0 u 0 u u 0 0 0 0 2 u u 0 2 0 0 0 0 0 
2 2 2 u 0 0 2 2 0 0 u 2 0 u u 0 2 u 0 0 0 0 d 0 0 0 2 u 0 0 0 u 
2 2 2 u 0 0 u 2 0 u 2 2 0 0 u 0 2 u 0 0 0 0 2 u 0 0 d 0 0 0 0 u 
2 2 u u 0 0 2 2 d u 2 2 0 0 0 0 u u 0 0 0 0 2 u 0 0 2 u 0 0 0 0 
2 2 u u 0 0 2 2 0 0 2 2 d u 0 0 u u 0 0 0 0 2 u 0 0 2 u 0 0 0 0 
u 2 u u 0 0 2 2 0 0 2 2 0 0 u 0 2 u 0 u 0 0 2 u d 0 2 0 0 0 0 0 
u 2 u u 0 0 2 2 0 0 2 2 0 0 u 0 2 u 0 u 0 0 2 0 0 0 2 u d 0 0 0 
2 2 u u 0 0 2 2 0 u 2 2 0 0 u 0 u u 0 0 0 0 d u 0 0 2 0 0 d 0 u 
2 2 u u 0 0 2 2 0 0 2 2 0 u u 0 u u 0 0 0 0 2 0 0 d d u 0 0 0 u 
2 2 0 0 0 u 2 2 0 0 2 u 0 u u 0 2 u 0 0 0 0 2 u 0 0 2 0 d 0 u 0 
2 2 0 0 0 u 2 u 0 u 2 2 0 0 u 0 2 u 0 0 0 0 2 0 d 0 2 u 0 0 u 0 
2 d u u 0 0 2 2 0 0 2 2 0 2 u 0 2 0 0 u 0 0 2 u 0 0 u 0 0 0 u 0 
2 d u u 0 0 2 2 0 2 2 2 0 0 u 0 2 0 0 u 0 0 u 0 0 0 2 u 0 0 u 0 
2 2 u u 0 0 2 2 0 0 2 2 0 u u 0 2 u 0 d 0 u 2 0 0 0 0 u 0 0 0 0 
2 2 u u 0 0 2 2 0 u 2 2 0 0 u 0 2 u 0 d 0 u 0 u 0 0 2 0 0 0 0 0 
2 2 u 0 0 0 2 2 d 0 2 2 0 u u 0 u u 0 0 0 0 2 u 0 0 2 u 0 0 0 0 
2 2 u 0 0 0 2 2 0 u 2 2 d 0 u 0 u u 0 0 0 0 2 u 0 0 2 u 0 0 0 0 
2 2 u u 0 0 2 2 0 0 u u 0 u 2 d 2 0 0 0 0 0 2 u 0 0 2 0 0 0 u 0 
2 2 u u 0 0 u u 0 u 2 2 0 0 2 d 2 0 0 0 0 0 2 0 0 0 2 u 0 0 u 0 
2 2 0 0 0 u 2 2 0 u 2 u 0 0 u 0 2 u 0 0 0 0 2 0 0 0 2 u d 0 u 0 
2 2 0 0 0 u 2 u 0 0 2 2 0 u u 0 2 u 0 0 0 0 2 u d 0 2 0 0 0 u 0 
2 2 u u 0 0 2 2 0 0 2 2 0 u u 0 2 u 0 d 0 u 0 0 0 0 2 u 0 0 0 0 
2 2 u u 0 0 2 2 0 u 2 2 0 0 u 0 2 u 0 d 0 u 2 u 0 0 0 0 0 0 0 0 
2 2 u 2 0 0 2 2 0 u 2 u 0 0 u 0 d u 0 0 0 0 2 u 0 0 2 0 0 u 0 0 
2 2 u 2 0 0 2 u 0 0 2 2 0 u u 0 d u 0 0 0 0 2 0 0 u 2 u 0 0 0 0 
2 d u 0 0 d 2 2 0 0 2 u u u 0 0 2 u 0 u 0 0 2 0 0 0 2 u 0 0 u 0 
2 d u 0 0 d 2 u u u 2 2 0 0 0 0 2 u 0 u 0 0 2 u 0 0 2 0 0 0 u 0 
u 2 u u 0 0 2 2 0 u 2 d 0 0 u 0 2 0 0 0 u 0 2 0 0 0 2 u d 0 u 0 
u 2 u u 0 0 2 d 0 0 2 2 0 u u 0 2 0 0 0 u 0 2 u d 0 2 0 0 0 u 0 
2 2 u u 0 0 u 2 0 0 2 2 0 u 0 0 2 u 0 0 0 0 2 u 0 0 2 u 0 0 d 0 
2 2 u u 0 0 2 2 0 u u 2 0 0 0 0 2 u 0 0 0 0 2 u 0 0 2 u 0 0 d 0 
2 2 u 0 0 0 2 2 u 0 2 2 0 u u 0 2 2 0 0 0 0 u 0 0 0 2 u 0 0 0 0 
2 2 u 0 0 0 2 2 0 u 2 2 u 0 u 0 2 2 0 0 0 0 2 u 0 0 u 0 0 0 0 0 
u 2 u u 0 0 2 2 0 0 2 d 0 u u 0 2 0 0 0 u 0 2 u 0 0 2 0 d 0 u 0 
u 2 u u 0 0 2 d 0 u 2 2 0 0 u 0 2 0 0 0 u 0 2 0 d 0 2 u 0 0 u 0 
2 2 2 0 0 0 2 2 0 u 2 2 0 0 0 u u u 0 0 0 0 2 0 0 0 2 u 0 0 0 u 
2 2 2 0 0 0 2 2 0 0 2 2 0 u 0 u u u 0 0 0 0 2 u 0 0 2 0 0 0 0 u 
2 2 u u 0 0 u 2 d u 2 2 0 0 u 0 2 0 0 0 0 0 d 0 0 u 2 u 0 0 u 0 
2 2 u u 0 0 2 2 0 0 u 2 d u u 0 2 0 0 0 0 0 2 u 0 0 d 0 0 u u 0 
2 2 2 u 0 0 u 2 0 0 2 2 0 u u 0 2 u 0 0 0 0 2 0 0 0 d u 0 0 0 u 
2 2 2 u 0 0 2 2 0 u u 2 0 0 u 0 2 u 0 0 0 0 d u 0 0 2 0 0 0 0 u 
2 u 0 0 u 0 2 2 0 u 2 2 0 0 u 0 2 0 u 0 0 d 2 0 0 0 2 u 0 0 u 0 
2 u 0 0 u 0 2 2 0 0 2 2 0 u u 0 2 0 u 0 0 d 2 u 0 0 2 0 0 0 u 0 
2 2 u u 0 0 2 2 0 0 2 2 0 u u 0 u u d 0 0 0 2 0 0 0 2 u 0 0 0 0 
2 2 u u 0 0 2 2 0 u 2 2 0 0 u 0 u u d 0 0 0 2 u 0 0 2 0 0 0 0 0 
2 2 u u d 0 2 2 0 u u 2 0 0 u 0 2 0 0 0 0 0 2 u 0 0 2 0 0 u 0 0 
2 2 u u d 0 u 2 0 0 2 2 0 u u 0 2 0 0 0 0 0 2 0 0 u 2 u 0 0 0 0 
2 d u u 0 0 2 2 0 0 2 2 0 2 u 0 2 0 0 0 0 0 u u 0 0 2 0 0 0 u u 
2 d u u 0 0 2 2 0 2 2 2 0 0 u 0 2 0 0 0 0 0 2 0 0 0 u u 0 0 u u 
2 2 u u 0 0 2 2 0 u 2 0 d 0 0 0 2 0 0 0 0 0 2 0 0 0 2 u u 0 u u 
2 2 u u 0 0 2 0 d 0 2 2 0 u 0 0 2 0 0 0 0 0 2 u u 0 2 0 0 0 u u 
2 d u u 0 0 2 u 0 0 2 u 0 u 0 0 2 u 0 0 u 0 2 0 d 0 2 u d 0 u 0 
2 d u u 0 0 2 u 0 u 2 u 0 0 0 0 2 u 0 0 u 0 2 u d 0 2 0 d 0 u 0 
2 2 u u 0 0 u 2 d 0 2 2 0 u u 0 2 0 0 0 0 0 d u 0 u 2 0 0 0 u 0 
2 2 u u 0 0 2 2 0 u u 2 d 0 u 0 2 0 0 0 0 0 2 0 0 0 d u 0 u u 0 
2 2 u u 0 0 2 2 0 0 2 2 0 u u 0 0 0 0 0 d u 2 u 0 0 2 0 0 0 u 0 
2 2 u u 0 0 2 2 0 u 2 2 0 0 u 0 0 0 0 0 d u 2 0 0 0 2 u 0 0 u 0 
2 u u 0 0 0 2 d 0 0 2 u 0 u u 0 2 u 0 0 0 d 2 u u 0 2 0 d 0 u 0 
2 u u 0 0 0 2 u 0 u 2 d 0 0 u 0 2 u 0 0 0 d 2 0 d 0 2 u u 0 u 0 
2 2 u 2 0 0 2 2 0 0 2 u 0 u u 0 d u 0 0 0 0 2 0 0 0 2 u 0 u 0 0 
2 2 u 2 0 0 2 u 0 u 2 2 0 0 u 0 d u 0 0 0 0 2 u 0 u 2 0 0 0 0 0 
d 2 u u u 0 2 2 0 u 2 2 0 0 u 0 2 0 0 0 0 0 d 0 u 0 2 u 0 0 u 0 
d 2 u u u 0 2 2 0 0 2 2 0 u u 0 2 0 0 0 0 0 2 u 0 0 d 0 u 0 u 0 
2 u u 0 0 0 2 d 0 u 2 u 0 0 u 0 2 u 0 0 0 d 2 0 u 0 2 u d 0 u 0 
2 u u 0 0 0 2 u 0 0 2 d 0 u u 0 2 u 0 0 0 d 2 u d 0 2 0 u 0 u 0 
d 2 u u u 0 2 2 0 0 2 2 0 u u 0 2 0 0 0 0 0 d u u 0 2 0 0 0 u 0 
d 2 u u u 0 2 2 0 u 2 2 0 0 u 0 2 0 0 0 0 0 2 0 0 0 d u u 0 u 0 
2 2 u u 0 0 2 2 0 0 2 2 0 u u 0 2 u 0 0 0 d d 0 0 0 u u 0 0 0 u 
2 2 u u 0 0 2 2 0 u 2 2 0 0 u 0 2 u 0 0 0 d u u 0 0 d 0 0 0 0 u 
2 2 u 2 0 0 2 2 0 u 2 2 0 u u 0 u u 0 0 0 0 d 0 0 0 2 u 0 0 0 0 
2 2 u 2 0 0 2 2 0 u 2 2 0 u u 0 u u 0 0 0 0 2 u 0 0 d 0 0 0 0 0 
2 2 u u 0 0 2 2 0 0 2 2 0 u u 0 2 u 0 0 0 d u 0 0 0 d u 0 0 0 u 
2 2 u u 0 0 2 2 0 u 2 2 0 0 u 0 2 u 0 0 0 d d u 0 0 u 0 0 0 0 u 
2 2 u u 0 0 2 2 0 u 2 2 0 u 2 0 u u 0 0 0 0 2 0 0 0 d u 0 0 0 0 
2 2 u u 0 0 2 2 0 u 2 2 0 u 2 0 u u 0 0 0 0 d u 0 0 2 0 0 0 0 0 
2 2 u 0 0 0 2 2 u u 2 2 0 0 u 0 2 2 0 0 0 0 u u 0 0 2 0 0 0 0 0 
2 2 u 0 0 0 2 2 0 0 2 2 u u u 0 2 2 0 0 0 0 2 0 0 0 u u 0 0 0 0 
2 u u u u 0 2 0 0 u 2 2 0 0 u 0 2 0 0 0 d 0 2 u 2 0 2 0 0 0 0 0 
2 u u u u 0 2 2 0 0 2 0 0 u u 0 2 0 0 0 d 0 2 0 0 0 2 u 2 0 0 0 
2 2 u u 0 0 2 2 0 0 u 2 0 u 0 0 2 2 0 0 0 0 2 u 0 0 2 u 0 0 0 0 
2 2 u u 0 0 u 2 0 u 2 2 0 0 0 0 2 2 0 0 0 0 2 u 0 0 2 u 0 0 0 0 
2 u u u u 0 2 0 0 0 2 2 0 u u 0 2 0 0 0 d 0 2 0 2 0 2 u 0 0 0 0 
2 u u u u 0 2 2 0 u 2 0 0 0 u 0 2 0 0 0 d 0 2 u 0 0 2 0 2 0 0 0 
2 2 u u 0 0 2 2 0 0 2 0 d u 0 0 2 0 0 0 0 0 2 u 0 0 2 0 u 0 u u 
2 2 u u 0 0 2 0 d u 2 2 0 0 0 0 2 0 0 0 0 0 2 0 u 0 2 u 0 0 u u 
2 2 0 u 0 0 2 2 0 0 u 2 0 u u 0 2 u 0 0 0 0 2 d 0 0 2 u 0 0 u 0 
2 2 0 u 0 0 u 2 0 u 2 2 0 0 u 0 2 u 0 0 0 0 2 u 0 0 2 d 0 0 u 0 
2 2 u u 0 0 u 2 0 0 2 2 0 2 u 0 d u 0 0 0 0 2 0 0 0 2 u 0 0 u 0 
2 2 u u 0 0 2 2 0 2 u 2 0 0 u 0 d u 0 0 0 0 2 u 0 0 2 0 0 0 u 0 
2 2 u 2 0 0 2 2 0 u 2 u 0 u 0 0 2 u 0 0 0 0 2 0 0 0 2 u 0 0 0 0 
2 2 u 2 0 0 2 u 0 u 2 2 0 u 0 0 2 u 0 0 0 0 2 u 0 0 2 0 0 0 0 0 
2 2 u u 0 0 2 2 0 0 2 2 0 u u 0 2 u 0 u 0 d 2 0 0 0 u 0 0 0 0 0 
2 2 u u 0 0 2 2 0 u 2 2 0 0 u 0 2 u 0 u 0 d u 0 0 0 2 0 0 0 0 0 
2 2 u u 0 0 2 2 0 d u 2 0 u u 0 d u 0 0 0 0 2 0 0 0 2 u 0 0 u 0 
2 2 u u 0 0 u 2 0 u 2 2 0 d u 0 d u 0 0 0 0 2 u 0 0 2 0 0 0 u 0 
u 2 u u 0 0 2 2 d u 2 2 0 0 u 0 2 0 d 0 0 0 u 0 0 0 2 u 0 0 u 0 
u 2 u u 0 0 2 2 0 0 2 2 d u u 0 2 0 d 0 0 0 2 u 0 0 u 0 0 0 u 0 
2 2 u u 0 0 2 u 0 u 2 2 0 0 2 0 d u 0 0 0 0 2 u 0 0 2 0 0 u 0 0 
2 2 u u 0 0 2 2 0 0 2 u 0 u 2 0 d u 0 0 0 0 2 0 0 u 2 u 0 0 0 0 
2 2 0 0 0 0 2 u 0 u 2 2 u 0 d 0 2 u 0 0 0 0 2 0 0 0 2 u 0 0 u u 
2 2 0 0 0 0 2 2 u 0 2 u 0 u d 0 2 u 0 0 0 0 2 u 0 0 2 0 0 0 u u 
2 u u u 0 0 2 2 0 0 2 2 0 u u d 2 0 0 0 0 0 2 2 0 0 u 0 0 0 u 0 
2 u u u 0 0 2 2 0 u 2 2 0 0 u d 2 0 0 0 0 0 u 0 0 0 2 2 0 0 u 0 
2 2 u u 0 0 2 d 0 u 2 2 0 u 0 u 2 u 0 0 0 0 2 0 0 0 2 u 0 0 0 0 
2 2 u u 0 0 2 2 0 u 2 d 0 u 0 u 2 u 0 0 0 0 2 u 0 0 2 0 0 0 0 0 
2 0 u u 0 0 2 2 0 0 2 u d u u 2 2 0 0 0 0 0 2 u 0 0 2 0 0 0 u 0 
2 0 u u 0 0 2 u d u 2 2 0 0 u 2 2 0 0 0 0 0 2 0 0 0 2 u 0 0 u 0 
2 2 u u 0 0 d 2 0 u 2 u 0 0 u 0 2 d 0 0 0 0 2 0 0 0 2 u 0 0 u u 
2 2 u u 0 0 2 u 0 0 d 2 0 u u 0 2 d 0 0 0 0 2 u 0 0 2 0 0 0 u u 
u 2 u u 0 0 2 2 d 0 2 2 0 u u 0 2 0 d 0 0 0 u u 0 0 2 0 0 0 u 0 
u 2 u u 0 0 2 2 0 u 2 2 d 0 u 0 2 0 d 0 0 0 2 0 0 0 u u 0 0 u 0 
2 2 0 0 0 0 2 u 0 0 2 2 u u d 0 2 u 0 0 0 0 2 u 0 0 2 0 0 0 u u 
2 2 0 0 0 0 2 2 u u 2 u 0 0 d 0 2 u 0 0 0 0 2 0 0 0 2 u 0 0 u u 
2 2 u u 0 0 2 u 0 0 2 2 0 u 2 0 d u 0 0 0 0 2 0 0 0 2 u 0 u 0 0 
2 2 u u 0 0 2 2 0 u 2 u 0 0 2 0 d u 0 0 0 0 2 u 0 u 2 0 0 0 0 0 
2 2 0 d 0 0 2 2 0 u 2 u u 0 0 0 2 u 0 0 0 0 2 0 0 0 2 u 0 0 u u 
2 2 0 d 0 0 2 u u 0 2 2 0 u 0 0 2 u 0 0 0 0 2 u 0 0 2 0 0 0 u u 
2 0 0 u 0 0 2 2 0 u 2 2 0 0 u u 2 0 u 0 0 2 2 0 0 0 2 u 0 0 0 0 
2 0 0 u 0 0 2 2 0 0 2 2 0 u u u 2 0 u 0 0 2 2 u 0 0 2 0 0 0 0 0 
2 u 0 u u 0 2 u 0 u 2 2 0 0 u 0 2 0 u 0 d 0 2 u d 0 2 0 0 0 0 0 
2 u 0 u u 0 2 2 0 0 2 u 0 u u 0 2 0 u 0 d 0 2 0 0 0 2 u d 0 0 0 
2 u 0 u u 0 2 u 0 0 2 2 0 u u 0 2 0 u 0 d 0 2 0 d 0 2 u 0 0 0 0 
2 u 0 u u 0 2 2 0 u 2 u 0 0 u 0 2 0 u 0 d 0 2 u 0 0 2 0 d 0 0 0 
2 2 0 d 0 u 2 2 0 0 2 0 0 u u 0 2 u u 0 0 0 2 u 0 0 2 0 0 0 u 0 
2 2 0 d 0 u 2 0 0 u 2 2 0 0 u 0 2 u u 0 0 0 2 0 0 0 2 u 0 0 u 0 
2 0 u u 0 0 2 2 0 u 2 u d 0 u 2 2 0 0 0 0 0 2 0 0 0 2 u 0 0 u 0 
2 0 u u 0 0 2 u d 0 2 2 0 u u 2 2 0 0 0 0 0 2 u 0 0 2 0 0 0 u 0 
2 2 u 2 u 0 2 u 0 0 2 2 0 0 0 u 2 0 0 0 0 0 2 0 0 0 2 u 0 0 u 0 
2 2 u 2 u 0 2 2 0 0 2 u 0 0 0 u 2 0 0 0 0 0 2 u 0 0 2 0 0 0 u 0 
2 2 u u 0 d 2 2 0 0 d 2 0 u u 0 2 0 0 u 0 0 2 u 0 0 u 0 0 0 u 0 
2 2 u u 0 d d 2 0 u 2 2 0 0 u 0 2 0 0 u 0 0 u 0 0 0 2 u 0 0 u 0 
2 2 u u 0 u 2 2 0 u 2 d 0 u 0 0 2 u 0 0 0 0 2 0 0 0 2 u 0 0 0 0 
2 2 u u 0 u 2 d 0 u 2 2 0 u 0 0 2 u 0 0 0 0 2 u 0 0 2 0 0 0 0 0 
2 2 0 d 0 0 2 2 0 0 2 u u u 0 0 2 u 0 0 0 0 2 u 0 0 2 0 0 0 u u 
2 2 0 d 0 0 2 u u u 2 2 0 0 0 0 2 u 0 0 0 0 2 0 0 0 2 u 0 0 u u 
2 u u u 0 0 2 2 0 0 2 2 0 u u d 2 0 0 0 0 0 u u 0 0 2 d 0 0 u 0 
2 u u u 0 0 2 2 0 u 2 2 0 0 u d 2 0 0 0 0 0 2 d 0 0 u u 0 0 u 0 
2 2 u u 0 0 2 2 0 u u u 0 0 2 d 2 0 0 0 0 0 2 0 0 0 2 u 0 0 u 0 
2 2 u u 0 0 u u 0 0 2 2 0 u 2 d 2 0 0 0 0 0 2 u 0 0 2 0 0 0 u 0 
2 2 0 u 0 0 u 2 0 0 2 2 0 u u 0 2 u 0 0 0 0 2 0 0 0 2 2 0 0 u 0 
2 2 0 u 0 0 2 2 0 u u 2 0 0 u 0 2 u 0 0 0 0 2 2 0 0 2 0 0 0 u 0 
2 2 u u 0 0 2 0 0 0 2 0 0 u u 0 2 0 0 0 0 0 2 u 2 0 2 0 2 0 u 0 
2 2 u u 0 0 2 0 0 u 2 0 0 0 u 0 2 0 0 0 0 0 2 0 2 0 2 u 2 0 u 0 
u 2 u 2 0 0 2 2 0 0 u 2 d u u 0 2 0 0 0 0 0 2 u 0 0 2 0 0 0 u 0 
u 2 u 2 0 0 u 2 d u 2 2 0 0 u 0 2 0 0 0 0 0 2 0 0 0 2 u 0 0 u 0 
2 2 u u 0 d 2 2 0 u d 2 0 0 u 0 2 0 0 u 0 0 2 0 0 0 u u 0 0 u 0 
2 2 u u 0 d d 2 0 0 2 2 0 u u 0 2 0 0 u 0 0 u u 0 0 2 0 0 0 u 0 
2 2 u 0 u 0 2 2 0 0 2 2 0 u u 0 2 u 0 0 0 0 u 0 d 0 2 u 0 0 0 0 
2 2 u 0 u 0 2 2 0 u 2 2 0 0 u 0 2 u 0 0 0 0 2 u 0 0 u 0 d 0 0 0 
2 u u 0 0 0 2 2 0 u 2 2 2 0 u 0 2 u 0 0 0 0 2 u 0 0 2 0 0 0 0 0 
2 u u 0 0 0 2 2 2 0 2 2 0 u u 0 2 u 0 0 0 0 2 0 0 0 2 u 0 0 0 0 
2 2 u 0 0 0 2 2 0 0 u 2 0 u u 0 2 u 0 0 0 0 2 u 0 0 2 u 0 0 d 0 
2 2 u 0 0 0 u 2 0 u 2 2 0 0 u 0 2 u 0 0 0 0 2 u 0 0 2 u 0 0 d 0 
2 2 u u 0 d 2 2 0 0 2 u 0 u u 0 d 0 0 0 0 0 2 u 0 0 2 0 0 u u 0 
2 2 u u 0 d 2 u 0 u 2 2 0 0 u 0 d 0 0 0 0 0 2 0 0 u 2 u 0 0 u 0 
2 2 u u 0 0 2 2 0 d u 2 0 u u 0 2 0 0 0 0 0 2 0 0 0 2 0 u 0 u 0 
2 2 u u 0 0 u 2 0 u 2 2 0 d u 0 2 0 0 0 0 0 2 0 u 0 2 0 0 0 u 0 
d 2 u u 0 0 2 2 0 0 2 2 0 u u u 2 0 0 0 0 0 2 u u 0 d 0 0 0 u 0 
d 2 u u 0 0 2 2 0 u 2 2 0 0 u u 2 0 0 0 0 0 d 0 0 0 2 u u 0 u 0 
2 2 u u 0 d 2 2 0 u 2 u 0 0 u 0 d 0 0 0 0 0 2 0 0 0 2 u 0 u u 0 
2 2 u u 0 d 2 u 0 0 2 2 0 u u 0 d 0 0 0 0 0 2 u 0 u 2 0 0 0 u 0 
2 2 u u 0 0 2 2 0 0 2 2 0 0 u u 2 0 d 0 0 0 2 0 0 0 u u 0 0 u 0 
2 2 u u 0 0 2 2 0 0 2 2 0 0 u u 2 0 d 0 0 0 u u 0 0 2 0 0 0 u 0 
d 2 u u 0 0 2 2 0 u 2 2 0 0 u u 2 0 0 0 0 0 2 0 u 0 d u 0 0 u 0 
d 2 u u 0 0 2 2 0 0 2 2 0 u u u 2 0 0 0 0 0 d u 0 0 2 0 u 0 u 0 
2 u u 0 0 0 2 d 0 0 2 d 0 u u 0 2 u 0 0 d 0 2 u u 0 2 0 0 u u 0 
2 u u 0 0 0 2 d 0 u 2 d 0 0 u 0 2 u 0 0 d 0 2 0 0 u 2 u u 0 u 0 
2 2 u u 0 0 2 2 0 0 d 2 0 u u d 2 u 0 u 0 0 u 0 0 0 2 u 0 0 0 0 
2 2 u u 0 0 d 2 0 u 2 2 0 0 u d 2 u 0 u 0 0 2 u 0 0 u 0 0 0 0 0 
2 u u 0 0 0 2 d 0 u 2 d 0 0 u 0 2 u 0 0 d 0 2 0 u 0 2 u 0 u u 0 
2 u u 0 0 0 2 d 0 0 2 d 0 u u 0 2 u 0 0 d 0 2 u 0 u 2 0 u 0 u 0 
2 2 2 u 0 0 2 2 0 0 2 2 0 u u u 2 0 0 0 0 0 d u 0 0 u 0 0 0 u 0 
2 2 2 u 0 0 2 2 0 u 2 2 0 0 u u 2 0 0 0 0 0 u 0 0 0 d u 0 0 u 0 
2 2 2 u 0 0 2 2 0 0 2 2 0 u u u 2 0 0 0 0 0 u u 0 0 d 0 0 0 u 0 
2 2 2 u 0 0 2 2 0 u 2 2 0 0 u u 2 0 0 0 0 0 d 0 0 0 u u 0 0 u 0 
2 d u 0 0 0 2 2 0 u 2 2 0 0 0 u 2 u 0 0 0 u 2 0 0 0 2 u 0 0 u 0 
2 d u 0 0 0 2 2 0 0 2 2 0 u 0 u 2 u 0 0 0 u 2 u 0 0 2 0 0 0 u 0 
u 2 u 2 0 0 2 2 0 u u 2 d 0 u 0 2 0 0 0 0 0 2 0 0 0 2 u 0 0 u 0 
u 2 u 2 0 0 u 2 d 0 2 2 0 u u 0 2 0 0 0 0 0 2 u 0 0 2 0 0 0 u 0 
2 2 u u 0 0 2 2 0 u u 2 0 d u 0 2 0 0 0 0 0 2 0 0 0 2 0 u 0 u 0 
2 2 u u 0 0 u 2 0 d 2 2 0 u u 0 2 0 0 0 0 0 2 0 u 0 2 0 0 0 u 0 
2 2 0 0 u 0 2 2 0 u 2 u 0 0 0 u 2 0 0 0 u 0 2 0 0 0 2 u 0 d u 0 
2 2 0 0 u 0 2 u 0 0 2 2 0 u 0 u 2 0 0 0 u 0 2 u 0 d 2 0 0 0 u 0 
2 0 2 0 0 u 2 2 0 0 2 2 0 u 0 0 2 u 0 0 0 0 2 u 0 0 2 0 0 0 u u 
2 0 2 0 0 u 2 2 0 u 2 2 0 0 0 0 2 u 0 0 0 0 2 0 0 0 2 u 0 0 u u 
2 2 0 0 u 0 2 2 0 0 2 u 0 u 0 u 2 0 0 0 u 0 2 u 0 0 2 0 0 d u 0 
2 2 0 0 u 0 2 u 0 u 2 2 0 0 0 u 2 0 0 0 u 0 2 0 0 d 2 u 0 0 u 0 
2 2 u u 0 0 u 2 0 0 2 2 0 u u u 2 d 0 0 0 0 2 u 0 0 d 0 0 0 u 0 
2 2 u u 0 0 2 2 0 u u 2 0 0 u u 2 d 0 0 0 0 d 0 0 0 2 u 0 0 u 0 
2 2 0 u 0 0 2 2 u u 2 2 0 u 0 0 2 u 0 0 0 0 2 u 0 0 2 0 0 0 0 0 
2 2 0 u 0 0 2 2 0 u 2 2 u u 0 0 2 u 0 0 0 0 2 0 0 0 2 u 0 0 0 0 
2 2 0 d 0 u 2 2 0 u 2 0 0 0 u 0 2 u u 0 0 0 2 0 0 0 2 u 0 0 u 0 
2 2 0 d 0 u 2 0 0 0 2 2 0 u u 0 2 u u 0 0 0 2 u 0 0 2 0 0 0 u 0 
2 2 u u d 0 2 2 0 0 u 2 0 u u 0 2 0 0 0 0 0 2 0 0 0 2 u 0 u 0 0 
2 2 u u d 0 u 2 0 u 2 2 0 0 u 0 2 0 0 0 0 0 2 u 0 u 2 0 0 0 0 0 
2 2 u u 0 0 2 2 0 0 2 2 0 u u 0 u d 0 0 0 0 2 u 0 0 u d 0 0 u 0 
2 2 u u 0 0 2 2 0 u 2 2 0 0 u 0 u d 0 0 0 0 u d 0 0 2 u 0 0 u 0 
2 2 u u 0 0 2 2 0 u 2 2 0 0 u 0 2 0 0 0 0 0 2 0 0 0 u u 0 u 0 d 
2 2 u u 0 0 2 2 0 0 2 2 0 u u 0 2 0 0 0 0 0 u u 0 u 2 0 0 0 0 d 
2 2 u u 0 0 2 2 0 0 2 2 0 u u 0 u d 0 0 0 0 u 2 0 0 2 0 0 0 u 0 
2 2 u u 0 0 2 2 0 u 2 2 0 0 u 0 u d 0 0 0 0 2 0 0 0 u 2 0 0 u 0 
2 u u u 0 d 2 2 0 u 2 2 0 0 u 0 2 u 0 0 0 0 u u d 0 2 0 0 0 0 0 
2 u u u 0 d 2 2 0 0 2 2 0 u u 0 2 u 0 0 0 0 2 0 0 0 u u d 0 0 0 
2 u u u 0 d 2 2 0 0 2 2 0 u u 0 2 u 0 0 0 0 u 0 d 0 2 u 0 0 0 0 
2 u u u 0 d 2 2 0 u 2 2 0 0 u 0 2 u 0 0 0 0 2 u 0 0 u 0 d 0 0 0 
2 2 0 0 0 u 2 u 0 0 2 d 0 u 2 0 2 u u 0 0 0 2 u 0 0 2 0 0 0 u 0 
2 2 0 0 0 u 2 d 0 u 2 u 0 0 2 0 2 u u 0 0 0 2 0 0 0 2 u 0 0 u 0 
2 2 u u 2 0 2 2 0 u d u 0 0 u 0 2 0 0 0 0 0 2 0 0 0 2 u 0 0 u 0 
2 2 u u 2 0 d u 0 0 2 2 0 u u 0 2 0 0 0 0 0 2 u 0 0 2 0 0 0 u 0 
2 2 u u 0 0 u 2 d u 2 2 0 0 u 0 2 0 0 u 0 0 2 u 0 0 2 0 0 0 0 0 
2 2 u u 0 0 2 2 0 0 u 2 d u u 0 2 0 0 u 0 0 2 0 0 0 2 u 0 0 0 0 
2 2 u u 0 0 2 2 0 0 2 2 0 0 2 0 2 0 0 u 0 0 u u 0 0 2 0 0 0 u 0 
2 2 u u 0 0 2 2 0 0 2 2 0 0 2 0 2 0 0 u 0 0 2 0 0 0 u u 0 0 u 0 
2 2 u u 0 0 2 2 0 0 2 u 0 u u u 2 0 0 0 0 0 2 u 0 0 d 0 0 0 u d 
2 2 u u 0 0 2 u 0 u 2 2 0 0 u u 2 0 0 0 0 0 d 0 0 0 2 u 0 0 u d 
d 2 0 0 0 0 2 2 0 u 2 2 0 0 0 0 2 u u 0 u 0 2 0 0 0 2 u 0 0 u u 
d 2 0 0 0 0 2 2 0 0 2 2 0 u 0 0 2 u u 0 u 0 2 u 0 0 2 0 0 0 u u 
2 2 u 0 0 0 2 2 0 u 2 2 d 0 u 0 u u 0 0 0 0 2 u 0 0 2 0 u 0 0 0 
2 2 u 0 0 0 2 2 d 0 2 2 0 u u 0 u u 0 0 0 0 2 0 u 0 2 u 0 0 0 0 
2 2 u 2 0 0 2 2 0 0 2 2 0 0 u 0 2 0 0 u 0 0 2 u 0 0 u 0 0 0 u 0 
2 2 u 2 0 0 2 2 0 0 2 2 0 0 u 0 2 0 0 u 0 0 u 0 0 0 2 u 0 0 u 0 
2 2 u u 0 0 2 2 0 0 2 2 0 u u 0 2 0 0 0 0 0 2 u 0 0 u 0 0 u 0 d 
2 2 u u 0 0 2 2 0 u 2 2 0 0 u 0 2 0 0 0 0 0 u 0 0 u 2 u 0 0 0 d 
2 u u u 0 d 2 2 0 0 2 2 0 u u 0 2 u 0 0 0 0 2 0 0 0 d u 0 u 0 0 
2 u u u 0 d 2 2 0 u 2 2 0 0 u 0 2 u 0 0 0 0 d u 0 u 2 0 0 0 0 0 
2 u u u 0 d 2 2 0 u 2 2 0 0 u 0 2 u 0 0 0 0 2 u 0 0 d 0 0 u 0 0 
2 u u u 0 d 2 2 0 0 2 2 0 u u 0 2 u 0 0 0 0 d 0 0 u 2 u 0 0 0 0 
u 2 u u 0 0 2 2 0 u 2 2 0 0 u d 2 0 0 0 0 0 2 0 d 0 u u 0 0 u 0 
u 2 u u 0 0 2 2 0 0 2 2 0 u u d 2 0 0 0 0 0 u u 0 0 2 0 d 0 u 0 
u 2 u u 0 0 2 2 0 0 2 2 0 u u d 2 0 0 0 0 0 2 u d 0 u 0 0 0 u 0 
u 2 u u 0 0 2 2 0 u 2 2 0 0 u d 2 0 0 0 0 0 u 0 0 0 2 u d 0 u 0 
2 2 u 2 0 0 2 2 0 0 2 u 0 u u 0 2 u 0 d 0 0 2 0 0 0 u u 0 0 0 0 
2 2 u 2 0 0 2 u 0 u 2 2 0 0 u 0 2 u 0 d 0 0 u u 0 0 2 0 0 0 0 0 
2 u u u d 0 u 2 0 d 2 2 0 u u 0 2 0 0 0 0 0 2 u 0 0 2 0 0 0 u 0 
2 u u u d 0 2 2 0 u u 2 0 d u 0 2 0 0 0 0 0 2 0 0 0 2 u 0 0 u 0 
2 2 u 0 0 0 2 2 0 0 2 2 d u u 0 u u 0 0 0 0 2 0 0 0 2 u u 0 0 0 
2 2 u 0 0 0 2 2 d u 2 2 0 0 u 0 u u 0 0 0 0 2 u u 0 2 0 0 0 0 0 
2 2 0 u 0 0 2 2 0 u 2 2 0 0 0 0 2 0 0 0 0 0 2 u 0 0 2 u u 0 u 0 
2 2 0 u 0 0 2 2 0 0 2 2 0 u 0 0 2 0 0 0 0 0 2 u u 0 2 u 0 0 u 0 
2 2 u u 0 0 2 2 0 u 2 0 0 0 u 0 2 0 0 u 0 0 2 u 0 0 2 0 2 0 0 0 
2 2 u u 0 0 2 0 0 0 2 2 0 u u 0 2 0 0 u 0 0 2 0 2 0 2 u 0 0 0 0 
2 0 u u 0 u 2 2 0 u 2 d u 0 u u 2 0 0 0 d 0 2 0 0 0 2 u 0 0 0 0 
2 0 u u 0 u 2 d u 0 2 2 0 u u u 2 0 0 0 d 0 2 u 0 0 2 0 0 0 0 0 
2 2 2 u 0 0 2 u 0 0 2 2 0 u u 0 u u 0 0 0 0 2 0 d 0 2 u 0 0 0 0 
2 2 2 u 0 0 2 2 0 u 2 u 0 0 u 0 u u 0 0 0 0 2 u 0 0 2 0 d 0 0 0 
2 2 0 u 0 0 2 u d 0 2 u 0 u u 0 2 u u 0 0 0 2 0 0 0 2 u d 0 0 0 
2 2 0 u 0 0 2 u 0 u 2 u d 0 u 0 2 u u 0 0 0 2 u d 0 2 0 0 0 0 0 
2 0 u u 0 u 2 2 0 0 2 d u u u u 2 0 0 0 d 0 2 u 0 0 2 0 0 0 0 0 
2 0 u u 0 u 2 d u u 2 2 0 0 u u 2 0 0 0 d 0 2 0 0 0 2 u 0 0 0 0 
2 2 u 0 0 0 2 2 0 0 d 2 0 u u 0 2 0 0 0 0 u 2 u 0 0 2 0 0 u u 0 
2 2 u 0 0 0 d 2 0 u 2 2 0 0 u 0 2 0 0 0 0 u 2 0 0 u 2 u 0 0 u 0 
2 2 0 u 0 0 2 u d u 2 u 0 0 u 0 2 u u 0 0 0 2 u 0 0 2 0 d 0 0 0 
2 2 0 u 0 0 2 u 0 0 2 u d u u 0 2 u u 0 0 0 2 0 d 0 2 u 0 0 0 0 
2 2 0 u 0 0 u 2 0 0 2 2 0 u u 0 2 0 u 0 0 0 2 u d 0 2 0 0 0 u 0 
2 2 0 u 0 0 2 2 0 u u 2 0 0 u 0 2 0 u 0 0 0 2 0 0 0 2 u d 0 u 0 
2 2 u u 0 0 2 2 0 0 2 0 0 u u 0 2 0 0 u 0 0 2 0 0 0 2 u 2 0 0 0 
2 2 u u 0 0 2 0 0 u 2 2 0 0 u 0 2 0 0 u 0 0 2 u 2 0 2 0 0 0 0 0 
2 2 u u u 0 2 0 0 0 2 d 0 u u 0 2 0 0 0 0 0 2 0 2 0 2 u u 0 0 0 
2 2 u u u 0 2 d 0 u 2 0 0 0 u 0 2 0 0 0 0 0 2 u u 0 2 0 2 0 0 0 
2 2 0 u 0 0 u 2 0 u 2 2 0 0 u 0 2 0 u 0 0 0 2 0 d 0 2 u 0 0 u 0 
2 2 0 u 0 0 2 2 0 0 u 2 0 u u 0 2 0 u 0 0 0 2 u 0 0 2 0 d 0 u 0 
u 2 u u 0 0 u 2 0 0 2 2 d u 2 0 2 0 0 0 0 0 2 u 0 0 2 0 0 0 u 0 
u 2 u u 0 0 2 2 d u u 2 0 0 2 0 2 0 0 0 0 0 2 0 0 0 2 u 0 0 u 0 
2 2 u 0 0 0 2 2 0 u u 2 0 0 u 0 2 u 0 0 0 0 2 0 0 0 2 2 0 0 u 0 
2 2 u 0 0 0 u 2 0 0 2 2 0 u u 0 2 u 0 0 0 0 2 2 0 0 2 0 0 0 u 0 
2 2 u u u 0 2 0 0 u 2 d 0 0 u 0 2 0 0 0 0 0 2 u 2 0 2 0 u 0 0 0 
2 2 u u u 0 2 d 0 0 2 0 0 u u 0 2 0 0 0 0 0 2 0 u 0 2 u 2 0 0 0 
2 2 u u 2 0 2 2 0 0 d u 0 u u 0 2 0 0 0 0 0 2 u 0 0 2 0 0 0 u 0 
2 2 u u 2 0 d u 0 u 2 2 0 0 u 0 2 0 0 0 0 0 2 0 0 0 2 u 0 0 u 0 
2 2 u u d 0 2 2 0 0 2 d 0 u u 0 2 u 0 0 0 u 2 0 0 0 u u 0 0 0 0 
2 2 u u d 0 2 d 0 u 2 2 0 0 u 0 2 u 0 0 0 u u u 0 0 2 0 0 0 0 0 
2 2 u u d 0 2 2 0 u 2 d 0 0 u 0 2 u 0 0 0 u 2 u 0 0 u 0 0 0 0 0 
2 2 u u d 0 2 d 0 0 2 2 0 u u 0 2 u 0 0 0 u u 0 0 0 2 u 0 0 0 0 
2 2 0 u 0 0 2 d 0 u 2 u 0 0 0 0 2 0 u 0 0 0 2 0 u 0 2 u d 0 u u 
2 2 0 u 0 0 2 u 0 0 2 d 0 u 0 0 2 0 u 0 0 0 2 u d 0 2 0 u 0 u u 
2 2 u 0 0 0 u 2 0 0 2 2 0 u u 0 2 2 0 0 0 0 2 u 0 0 2 u 0 0 0 0 
2 2 u 0 0 0 2 2 0 u u 2 0 0 u 0 2 2 0 0 0 0 2 u 0 0 2 u 0 0 0 0 
2 u u u 0 0 2 2 d u 2 2 0 0 u 0 2 0 u 0 0 0 d 0 0 0 2 u 0 0 u 0 
2 u u u 0 0 2 2 0 0 2 2 d u u 0 2 0 u 0 0 0 2 u 0 0 d 0 0 0 u 0 
2 2 u 0 0 0 2 2 0 u 2 2 0 u u 0 2 0 0 0 0 0 2 u 0 0 d 0 0 0 u u 
2 2 u 0 0 0 2 2 0 u 2 2 0 u u 0 2 0 0 0 0 0 d 0 0 0 2 u 0 0 u u 
2 d u u u 0 d 2 0 u 2 2 0 u u 0 2 0 0 0 0 0 2 u 0 0 2 0 0 0 u 0 
2 d u u u 0 2 2 0 u d 2 0 u u 0 2 0 0 0 0 0 2 0 0 0 2 u 0 0 u 0 
2 2 u u 0 0 2 2 0 2 2 d 0 0 u 0 2 0 0 0 0 0 2 u 0 0 u u 0 0 u 0 
2 2 u u 0 0 2 d 0 0 2 2 0 2 u 0 2 0 0 0 0 0 u u 0 0 2 u 0 0 u 0 
2 2 0 u 0 0 2 d 0 0 2 u 0 u 0 0 2 0 u 0 0 0 2 u u 0 2 0 d 0 u u 
2 2 0 u 0 0 2 u 0 u 2 d 0 0 0 0 2 0 u 0 0 0 2 0 d 0 2 u u 0 u u 
2 u u u 0 0 2 2 d 0 2 2 0 u u 0 2 0 u 0 0 0 d u 0 0 2 0 0 0 u 0 
2 u u u 0 0 2 2 0 u 2 2 d 0 u 0 2 0 u 0 0 0 2 0 0 0 d u 0 0 u 0 
2 2 u u 0 0 u 2 0 u 2 2 0 0 u u 2 d 0 0 0 0 2 0 0 0 d u 0 0 u 0 
2 2 u u 0 0 2 2 0 0 u 2 0 u u u 2 d 0 0 0 0 d u 0 0 2 0 0 0 u 0 
2 0 2 u 0 u 2 2 0 0 2 2 0 u u 0 2 0 0 0 0 0 2 u 0 0 2 0 0 0 0 u 
2 0 2 u 0 u 2 2 0 u 2 2 0 0 u 0 2 0 0 0 0 0 2 0 0 0 2 u 0 0 0 u 
2 2 u u 0 0 u 2 d 0 2 2 0 u u 0 2 0 0 u 0 0 2 0 0 0 2 u 0 0 0 0 
2 2 u u 0 0 2 2 0 u u 2 d 0 u 0 2 0 0 u 0 0 2 u 0 0 2 0 0 0 0 0 
2 u u u d 0 2 2 0 0 u 2 0 2 u 0 2 0 0 0 0 0 2 u 0 0 2 0 0 0 u 0 
2 u u u d 0 u 2 0 2 2 2 0 0 u 0 2 0 0 0 0 0 2 0 0 0 2 u 0 0 u 0 
2 d u u 0 0 2 2 0 u 2 2 u 0 u 0 d u 0 0 0 0 2 u 0 0 2 0 0 u 0 0 
2 d u u 0 0 2 2 u 0 2 2 0 u u 0 d u 0 0 0 0 2 0 0 u 2 u 0 0 0 0 
2 2 0 0 0 u 2 u 0 u 2 d 0 0 2 0 2 u u 0 0 0 2 0 0 0 2 u 0 0 u 0 
2 2 0 0 0 u 2 d 0 0 2 u 0 u 2 0 2 u u 0 0 0 2 u 0 0 2 0 0 0 u 0 
u 2 u u 0 0 2 2 0 0 2 2 0 u 2 0 2 0 0 0 u 0 2 u 0 0 2 0 0 0 0 0 
u 2 u u 0 0 2 2 0 u 2 2 0 0 2 0 2 0 0 0 u 0 2 0 0 0 2 u 0 0 0 0 
2 u u u 0 0 2 2 d 0 u 2 0 u u d 2 u 0 0 0 0 2 0 0 0 2 u 0 0 0 0 
2 u u u 0 0 u 2 0 u 2 2 d 0 u d 2 u 0 0 0 0 2 u 0 0 2 0 0 0 0 0 
2 2 u 0 u 0 2 2 0 u 2 2 0 0 u 0 2 u 0 0 0 0 u u d 0 2 0 0 0 0 0 
2 2 u 0 u 0 2 2 0 0 2 2 0 u u 0 2 u 0 0 0 0 2 0 0 0 u u d 0 0 0 
2 u u u 0 0 2 2 d u u 2 0 0 u d 2 u 0 0 0 0 2 u 0 0 2 0 0 0 0 0 
2 u u u 0 0 u 2 0 0 2 2 d u u d 2 u 0 0 0 0 2 0 0 0 2 u 0 0 0 0 
2 2 u u 0 0 2 2 0 u 2 2 0 0 u 0 2 d 0 0 0 0 2 u 0 0 u u 0 0 0 0 
2 2 u u 0 0 2 2 0 0 2 2 0 u u 0 2 d 0 0 0 0 u u 0 0 2 u 0 0 0 0 
2 0 u 0 0 0 2 d 0 u 2 2 0 0 u 0 2 u 0 0 0 2 2 0 u 0 2 u 0 0 u 0 
2 0 u 0 0 0 2 2 0 0 2 d 0 u u 0 2 u 0 0 0 2 2 u 0 0 2 0 u 0 u 0 
2 0 u 0 0 0 2 d 0 0 2 2 0 u u 0 2 u 0 0 0 2 2 u u 0 2 0 0 0 u 0 
2 0 u 0 0 0 2 2 0 u 2 d 0 0 u 0 2 u 0 0 0 2 2 0 0 0 2 u u 0 u 0 
2 u u u d 0 u 2 d 0 2 2 0 u u 0 2 u 0 0 0 0 2 0 0 0 2 u 0 0 0 0 
2 u u u d 0 2 2 0 u u 2 d 0 u 0 2 u 0 0 0 0 2 u 0 0 2 0 0 0 0 0 
2 2 u 2 0 0 2 d 0 0 2 u 0 u u u 2 0 0 0 0 0 2 u 0 0 2 0 0 0 u 0 
2 2 u 2 0 0 2 u 0 u 2 d 0 0 u u 2 0 0 0 0 0 2 0 0 0 2 u 0 0 u 0 
2 2 u u 0 d 2 2 0 0 2 u 0 u u 0 2 0 0 0 u 0 2 u 0 0 d 0 0 0 u 0 
2 2 u u 0 d 2 u 0 u 2 2 0 0 u 0 2 0 0 0 u 0 d 0 0 0 2 u 0 0 u 0 
2 u u u d 0 u 2 d u 2 2 0 0 u 0 2 u 0 0 0 0 2 u 0 0 2 0 0 0 0 0 
2 u u u d 0 2 2 0 0 u 2 d u u 0 2 u 0 0 0 0 2 0 0 0 2 u 0 0 0 0 
2 2 u 2 0 0 2 d 0 u 2 u 0 0 u u 2 0 0 0 0 0 2 0 0 0 2 u 0 0 u 0 
2 2 u 2 0 0 2 u 0 0 2 d 0 u u u 2 0 0 0 0 0 2 u 0 0 2 0 0 0 u 0 
2 2 u u 0 0 2 2 0 u 2 2 0 u 0 0 2 0 0 d 0 0 2 u 0 0 u 0 0 0 u 0 
2 2 u u 0 0 2 2 0 u 2 2 0 u 0 0 2 0 0 d 0 0 u 0 0 0 2 u 0 0 u 0 
2 2 u 0 0 0 2 2 0 u d 2 0 0 u 0 2 0 0 0 0 u 2 0 0 0 2 u 0 u u 0 
2 2 u 0 0 0 d 2 0 0 2 2 0 u u 0 2 0 0 0 0 u 2 u 0 u 2 0 0 0 u 0 
2 2 u 2 0 0 2 2 0 u 2 u 0 0 u 0 2 0 d 0 0 0 2 0 0 0 u u 0 0 u 0 
2 2 u 2 0 0 2 u 0 0 2 2 0 u u 0 2 0 d 0 0 0 u u 0 0 2 0 0 0 u 0 
2 2 u u u 0 2 2 0 0 u 2 0 u u 0 2 u 0 0 0 0 d 0 0 0 2 u 0 0 0 d 
2 2 u u u 0 u 2 0 u 2 2 0 0 u 0 2 u 0 0 0 0 2 u 0 0 d 0 0 0 0 d 
2 2 u 0 0 0 2 2 0 0 u 2 0 u u 0 2 u 0 0 0 0 2 u 0 0 2 d 0 0 u 0 
2 2 u 0 0 0 u 2 0 u 2 2 0 0 u 0 2 u 0 0 0 0 2 d 0 0 2 u 0 0 u 0 
2 2 2 u 0 0 2 u 0 u 2 2 0 0 u 0 u u 0 0 0 0 2 u d 0 2 0 0 0 0 0 
2 2 2 u 0 0 2 2 0 0 2 u 0 u u 0 u u 0 0 0 0 2 0 0 0 2 u d 0 0 0 
2 2 u u 0 d 2 u 0 0 2 2 0 u u 0 2 0 0 0 u 0 d u 0 0 2 0 0 0 u 0 
2 2 u u 0 d 2 2 0 u 2 u 0 0 u 0 2 0 0 0 u 0 2 0 0 0 d u 0 0 u 0 
u 2 u u 0 0 u 2 0 u 2 2 d 0 2 0 2 0 0 0 0 0 2 0 0 0 2 u 0 0 u 0 
u 2 u u 0 0 2 2 d 0 u 2 0 u 2 0 2 0 0 0 0 0 2 u 0 0 2 0 0 0 u 0 
2 2 u u 0 0 2 2 0 d 2 2 0 0 u 0 2 0 0 0 0 0 2 0 0 0 u u u 0 u 0 
2 2 u u 0 0 2 2 0 0 2 2 0 d u 0 2 0 0 0 0 0 u u u 0 2 0 0 0 u 0 
u 2 u u d 0 2 2 0 0 2 2 0 u u 0 2 0 0 0 0 0 u u d 0 2 0 0 0 u 0 
u 2 u u d 0 2 2 0 u 2 2 0 0 u 0 2 0 0 0 0 0 2 0 0 0 u u d 0 u 0 
2 u u 0 u 0 2 d 0 0 2 2 0 u 0 u 2 0 0 0 d 0 2 u u 0 2 0 0 0 u 0 
2 u u 0 u 0 2 2 0 u 2 d 0 0 0 u 2 0 0 0 d 0 2 0 0 0 2 u u 0 u 0 
u 2 u u d 0 2 2 0 u 2 2 0 0 u 0 2 0 0 0 0 0 u 0 d 0 2 u 0 0 u 0 
u 2 u u d 0 2 2 0 0 2 2 0 u u 0 2 0 0 0 0 0 2 u 0 0 u 0 d 0 u 0 
u 2 u u 0 0 u 2 0 0 2 2 0 u u 0 2 d 0 0 0 0 2 u 0 d 2 0 0 0 u 0 
u 2 u u 0 0 2 2 0 u u 2 0 0 u 0 2 d 0 0 0 0 2 0 0 0 2 u 0 d u 0 
2 2 u u 0 u 2 2 0 0 2 d 0 u u 0 2 0 0 0 d 0 2 u 0 0 u 0 0 0 u 0 
2 2 u u 0 u 2 d 0 u 2 2 0 0 u 0 2 0 0 0 d 0 u 0 0 0 2 u 0 0 u 0 
2 0 u 0 0 u 2 2 0 u 2 2 0 0 u 0 d u 0 0 2 0 2 0 0 0 2 u 0 0 u 0 
2 0 u 0 0 u 2 2 0 0 2 2 0 u u 0 d u 0 0 2 0 2 u 0 0 2 0 0 0 u 0 
2 2 u u 0 0 2 2 0 0 2 d 0 2 u 0 2 0 0 0 0 0 2 u 0 0 u u 0 0 u 0 
2 2 u u 0 0 2 d 0 2 2 2 0 0 u 0 2 0 0 0 0 0 u u 0 0 2 u 0 0 u 0 
2 2 u u 0 u 2 d 0 0 2 2 0 u u 0 2 0 0 0 d 0 u u 0 0 2 0 0 0 u 0 
2 2 u u 0 u 2 2 0 u 2 d 0 0 u 0 2 0 0 0 d 0 2 0 0 0 u u 0 0 u 0 
2 2 u 0 0 0 2 0 0 u 2 u 0 0 u 0 2 u 0 0 0 0 2 0 2 0 2 u 0 d u 0 
2 2 u 0 0 0 2 u 0 0 2 0 0 u u 0 2 u 0 0 0 0 2 u 0 d 2 0 2 0 u 0 
2 u u 0 u 0 2 d 0 u 2 2 0 0 0 u 2 0 0 0 d 0 2 0 u 0 2 u 0 0 u 0 
2 u u 0 u 0 2 2 0 0 2 d 0 u 0 u 2 0 0 0 d 0 2 u 0 0 2 0 u 0 u 0 
2 d u u 0 0 2 2 0 0 2 2 u u u 0 d u 0 0 0 0 2 0 0 0 2 u 0 u 0 0 
2 d u u 0 0 2 2 u u 2 2 0 0 u 0 d u 0 0 0 0 2 u 0 u 2 0 0 0 0 0 
u 2 u u 0 0 2 2 0 0 u 2 0 u u 0 2 0 0 0 0 0 2 u 0 d 2 0 0 0 2 0 
u 2 u u 0 0 u 2 0 u 2 2 0 0 u 0 2 0 0 0 0 0 2 0 0 0 2 u 0 d 2 0 
d 2 u u 0 0 2 u 0 0 2 2 0 u u 0 2 0 0 0 0 d 2 u u 0 2 0 0 0 u 0 
d 2 u u 0 0 2 2 0 u 2 u 0 0 u 0 2 0 0 0 0 d 2 0 0 0 2 u u 0 u 0 
2 2 u 0 0 0 2 0 0 0 2 u 0 u u 0 2 u 0 0 0 0 2 u 2 0 2 0 0 d u 0 
2 2 u 0 0 0 2 u 0 u 2 0 0 0 u 0 2 u 0 0 0 0 2 0 0 d 2 u 2 0 u 0 
2 d u 0 0 0 2 2 0 u 2 2 0 0 0 u 2 u u 0 0 0 2 0 0 0 2 u 0 0 0 u 
2 d u 0 0 0 2 2 0 0 2 2 0 u 0 u 2 u u 0 0 0 2 u 0 0 2 0 0 0 0 u 
2 2 u 2 0 0 2 2 0 0 2 u 0 u u 0 2 0 d 0 0 0 2 u 0 0 u 0 0 0 u 0 
2 2 u 2 0 0 2 u 0 u 2 2 0 0 u 0 2 0 d 0 0 0 u 0 0 0 2 u 0 0 u 0 
2 2 u u 0 0 2 2 0 u 2 2 0 u 0 0 2 u 0 0 d 0 2 0 0 0 u u 0 0 0 0 
2 2 u u 0 0 2 2 0 u 2 2 0 u 0 0 2 u 0 0 d 0 u u 0 0 2 0 0 0 0 0 
2 0 u 0 0 0 2 2 0 0 2 2 0 u 0 0 2 u 0 u 0 2 2 0 0 0 2 u 0 0 u 0 
2 0 u 0 0 0 2 2 0 u 2 2 0 0 0 0 2 u 0 u 0 2 2 u 0 0 2 0 0 0 u 0 
d 2 u u 0 0 2 u 0 u 2 2 0 0 u 0 2 0 0 0 0 d 2 0 u 0 2 u 0 0 u 0 
d 2 u u 0 0 2 2 0 0 2 u 0 u u 0 2 0 0 0 0 d 2 u 0 0 2 0 u 0 u 0 
2 2 u u 0 0 2 2 0 0 2 2 0 2 2 0 u 0 0 0 0 0 u u 0 0 2 0 0 0 u 0 
2 2 u u 0 0 2 2 0 2 2 2 0 0 2 0 u 0 0 0 0 0 2 0 0 0 u u 0 0 u 0 
2 2 u u 0 0 2 2 0 0 2 2 0 d u 0 2 0 0 0 0 0 2 u 0 0 u 0 u 0 u 0 
2 2 u u 0 0 2 2 0 d 2 2 0 0 u 0 2 0 0 0 0 0 u 0 u 0 2 u 0 0 u 0 
2 2 u u 0 0 2 2 0 u 2 u 0 u d 0 2 u 0 0 0 0 2 u 0 0 2 0 0 0 0 0 
2 2 u u 0 0 2 u 0 u 2 2 0 u d 0 2 u 0 0 0 0 2 0 0 0 2 u 0 0 0 0 
2 2 u 0 0 0 2 2 0 u 2 2 0 0 u u 2 0 0 0 0 0 2 0 u 0 d u 0 0 u 0 
2 2 u 0 0 0 2 2 0 0 2 2 0 u u u 2 0 0 0 0 0 d u 0 0 2 0 u 0 u 0 
2 2 u u 0 0 2 2 0 0 2 2 0 u u 0 u u 0 0 0 0 d 0 0 0 2 u 0 d u 0 
2 2 u u 0 0 2 2 0 u 2 2 0 0 u 0 u u 0 0 0 0 2 u 0 d d 0 0 0 u 0 
2 2 u u 0 0 2 2 0 d 2 2 0 u 2 0 u 0 0 0 0 0 2 u 0 0 u 0 0 0 u 0 
2 2 u u 0 0 2 2 0 u 2 2 0 d 2 0 u 0 0 0 0 0 u 0 0 0 2 u 0 0 u 0 
2 2 u u 0 0 2 2 0 0 2 2 0 u u 0 u u 0 0 0 0 2 0 0 d d u 0 0 u 0 
2 2 u u 0 0 2 2 0 u 2 2 0 0 u 0 u u 0 0 0 0 d u 0 0 2 0 0 d u 0 
2 2 u u 0 0 2 2 0 u 2 2 0 0 u 0 d u 0 0 0 0 u u 0 0 2 0 0 u d 0 
2 2 u u 0 0 2 2 0 0 2 2 0 u u 0 d u 0 0 0 0 2 0 0 u u u 0 0 d 0 
2 u 0 0 0 0 2 d 0 0 2 2 0 u u 0 2 0 0 u 2 0 2 u u 0 2 0 0 0 u 0 
2 u 0 0 0 0 2 2 0 u 2 d 0 0 u 0 2 0 0 u 2 0 2 0 0 0 2 u u 0 u 0 
2 0 u u u 0 2 u 0 u 2 2 0 0 u 0 2 0 0 0 2 0 2 u d 0 2 0 0 0 0 0 
2 0 u u u 0 2 2 0 0 2 u 0 u u 0 2 0 0 0 2 0 2 0 0 0 2 u d 0 0 0 
2 2 u u 0 0 d 2 0 0 d 2 0 u u 0 2 0 0 0 0 0 2 u 0 u 2 0 0 u u 0 
2 2 u u 0 0 d 2 0 u d 2 0 0 u 0 2 0 0 0 0 0 2 0 0 u 2 u 0 u u 0 
2 u 0 0 0 0 2 d 0 u 2 2 0 0 u 0 2 0 0 u 2 0 2 0 u 0 2 u 0 0 u 0 
2 u 0 0 0 0 2 2 0 0 2 d 0 u u 0 2 0 0 u 2 0 2 u 0 0 2 0 u 0 u 0 
2 d 0 0 u 0 2 2 0 0 2 2 0 u u 0 2 u u 0 u 0 2 0 0 0 2 u 0 0 0 0 
2 d 0 0 u 0 2 2 0 u 2 2 0 0 u 0 2 u u 0 u 0 2 u 0 0 2 0 0 0 0 0 
2 2 u u 0 0 2 2 0 u 2 u 0 0 u u 2 0 0 0 0 0 2 0 0 0 d u 0 0 u d 
2 2 u u 0 0 2 u 0 0 2 2 0 u u u 2 0 0 0 0 0 d u 0 0 2 0 0 0 u d 
2 0 u u u 0 2 u 0 0 2 2 0 u u 0 2 0 0 0 2 0 2 0 d 0 2 u 0 0 0 0 
2 0 u u u 0 2 2 0 u 2 u 0 0 u 0 2 0 0 0 2 0 2 u 0 0 2 0 d 0 0 0 
2 2 u u 0 0 2 2 0 u 2 2 0 0 u 0 2 u 0 0 0 0 u 0 0 0 2 0 0 0 2 0 
2 2 u u 0 0 2 2 0 0 2 2 0 u u 0 2 u 0 0 0 0 2 0 0 0 u 0 0 0 2 0 
2 2 u u 0 0 2 2 0 0 2 d u u 0 u 2 0 0 0 0 0 2 u 0 0 2 0 0 0 0 u 
2 2 u u 0 0 2 d u u 2 2 0 0 0 u 2 0 0 0 0 0 2 0 0 0 2 u 0 0 0 u 
2 2 u u 0 0 2 2 0 u 2 2 0 0 u 0 2 d 0 0 0 0 2 u 0 0 u 0 0 u 0 0 
2 2 u u 0 0 2 2 0 0 2 2 0 u u 0 2 d 0 0 0 0 u 0 0 u 2 u 0 0 0 0 
2 2 u u u 0 2 2 0 0 2 d 0 u u 0 2 0 0 0 0 d 2 u 0 0 u 0 0 0 u 0 
2 2 u u u 0 2 d 0 u 2 2 0 0 u 0 2 0 0 0 0 d u 0 0 0 2 u 0 0 u 0 
2 2 u 0 0 0 2 2 0 u 2 d 0 0 u 0 d u u 0 0 0 2 0 0 0 2 u u 0 u 0 
2 2 u 0 0 0 2 d 0 0 2 2 0 u u 0 d u u 0 0 0 2 u u 0 2 0 0 0 u 0 
2 2 u u 0 0 2 2 0 u 2 2 0 0 u 0 2 2 0 0 0 0 2 0 0 0 u 0 0 0 u 0 
2 2 u u 0 0 2 2 0 0 2 2 0 u u 0 2 2 0 0 0 0 u 0 0 0 2 0 0 0 u 0 
2 2 u u 0 0 2 2 0 u 2 2 0 0 u 0 2 0 0 0 0 0 u u 0 0 2 u 0 0 d 0 
2 2 u u 0 0 2 2 0 0 2 2 0 u u 0 2 0 0 0 0 0 2 u 0 0 u u 0 0 d 0 
2 2 u u 0 0 2 2 0 0 2 2 0 u u 0 2 u d u 0 0 2 0 0 0 u 0 0 0 0 0 
2 2 u u 0 0 2 2 0 u 2 2 0 0 u 0 2 u d u 0 0 u 0 0 0 2 0 0 0 0 0 
2 2 u 0 0 0 2 2 0 0 2 d 0 u u 0 d u u 0 0 0 2 u 0 0 2 0 u 0 u 0 
2 2 u 0 0 0 2 d 0 u 2 2 0 0 u 0 d u u 0 0 0 2 0 u 0 2 u 0 0 u 0 
2 2 0 0 0 2 2 2 0 u 2 2 0 0 u 0 0 u u 0 0 0 2 0 0 0 2 u 0 0 u 0 
2 2 0 0 0 2 2 2 0 0 2 2 0 u u 0 0 u u 0 0 0 2 u 0 0 2 0 0 0 u 0 
2 u u 0 0 0 2 2 0 0 2 2 2 u u 0 2 u 0 0 0 0 2 0 0 0 2 u 0 0 0 0 
2 u u 0 0 0 2 2 2 u 2 2 0 0 u 0 2 u 0 0 0 0 2 u 0 0 2 0 0 0 0 0 
2 2 u 0 0 0 2 2 0 0 2 2 0 u u u 2 0 0 0 0 0 2 u u 0 d 0 0 0 u 0 
2 2 u 0 0 0 2 2 0 u 2 2 0 0 u u 2 0 0 0 0 0 d 0 0 0 2 u u 0 u 0 
u 2 u u 0 0 u 2 0 u 2 2 0 0 u 0 2 d 0 0 0 0 2 0 0 d 2 u 0 0 u 0 
u 2 u u 0 0 2 2 0 0 u 2 0 u u 0 2 d 0 0 0 0 2 u 0 0 2 0 0 d u 0 
2 2 u 0 u d 2 2 0 0 2 u 0 0 0 0 2 u 0 0 0 0 2 u 0 0 2 0 0 0 u u 
2 2 u 0 u d 2 u 0 0 2 2 0 0 0 0 2 u 0 0 0 0 2 0 0 0 2 u 0 0 u u 
2 2 2 u 0 u 2 2 0 0 2 2 0 u u 0 0 u 0 0 0 0 2 0 0 0 2 u 0 0 0 0 
2 2 2 u 0 u 2 2 0 u 2 2 0 0 u 0 0 u 0 0 0 0 2 u 0 0 2 0 0 0 0 0 
2 d u u u 0 2 2 0 0 2 2 0 u u 0 u d 0 0 0 0 2 u 0 0 2 0 0 0 u 0 
2 d u u u 0 2 2 0 u 2 2 0 0 u 0 u d 0 0 0 0 2 0 0 0 2 u 0 0 u 0 
2 2 u u 0 0 2 2 0 0 u 2 0 2 u 0 u d 0 0 0 0 2 u 0 0 2 0 0 0 u 0 
2 2 u u 0 0 u 2 0 2 2 2 0 0 u 0 u d 0 0 0 0 2 0 0 0 2 u 0 0 u 0 
2 d u 0 0 0 2 u 0 u 2 2 0 0 0 0 2 u 0 u 0 u 2 u d 0 2 0 0 0 u 0 
2 d u 0 0 0 2 2 0 0 2 u 0 u 0 0 2 u 0 u 0 u 2 0 0 0 2 u d 0 u 0 
u 2 u u 0 0 2 2 0 u u 2 0 0 u 0 2 0 0 0 0 0 2 0 0 d 2 u 0 0 2 0 
u 2 u u 0 0 u 2 0 0 2 2 0 u u 0 2 0 0 0 0 0 2 u 0 0 2 0 0 d 2 0 
2 d u 0 0 0 2 u 0 0 2 2 0 u 0 0 2 u 0 u 0 u 2 0 d 0 2 u 0 0 u 0 
2 d u 0 0 0 2 2 0 u 2 u 0 0 0 0 2 u 0 u 0 u 2 u 0 0 2 0 d 0 u 0 
2 2 u u 0 0 2 2 0 u u 2 u 0 0 d 2 0 0 0 0 0 2 0 0 0 2 u 0 0 u 0 
2 2 u u 0 0 u 2 u 0 2 2 0 u 0 d 2 0 0 0 0 0 2 u 0 0 2 0 0 0 u 0 
u 2 u u 0 0 2 d 0 u 2 2 0 0 u 0 2 0 0 0 0 0 2 0 0 0 2 u d 0 u u 
u 2 u u 0 0 2 2 0 0 2 d 0 u u 0 2 0 0 0 0 0 2 u d 0 2 0 0 0 u u 
2 2 u u 0 0 u 2 0 0 d 2 0 u u 0 2 u 0 0 0 0 2 0 0 d 2 u 0 u 0 0 
2 2 u u 0 0 d 2 0 u u 2 0 0 u 0 2 u 0 0 0 0 2 u 0 u 2 0 0 d 0 0 
2 2 u u 0 0 2 2 0 u 2 d u 0 0 u 2 0 0 0 0 0 2 0 0 0 2 u 0 0 0 u 
2 2 u u 0 0 2 d u 0 2 2 0 u 0 u 2 0 0 0 0 0 2 u 0 0 2 0 0 0 0 u 
2 u 0 0 0 0 2 u 0 u 2 2 0 0 0 u 2 0 u u d 0 2 0 d 0 2 u 0 0 u 0 
2 u 0 0 0 0 2 2 0 0 2 u 0 u 0 u 2 0 u u d 0 2 u 0 0 2 0 d 0 u 0 
2 u 0 0 0 0 2 u 0 0 2 2 0 u 0 u 2 0 u u d 0 2 u d 0 2 0 0 0 u 0 
2 u 0 0 0 0 2 2 0 u 2 u 0 0 0 u 2 0 u u d 0 2 0 0 0 2 u d 0 u 0 
2 2 u u u 0 2 2 0 u 2 d 0 0 u 0 2 0 0 0 0 d 2 0 0 0 u u 0 0 u 0 
2 2 u u u 0 2 d 0 0 2 2 0 u u 0 2 0 0 0 0 d u u 0 0 2 0 0 0 u 0 
2 2 u u 0 0 d 2 0 0 u 2 0 u u 0 2 u 0 0 0 0 2 0 0 u 2 u 0 d 0 0 
2 2 u u 0 0 u 2 0 u d 2 0 0 u 0 2 u 0 0 0 0 2 u 0 d 2 0 0 u 0 0 
2 2 2 u 0 0 2 2 0 0 2 2 0 u 0 0 u u 0 0 0 0 2 0 0 0 2 u 0 0 0 u 
2 2 2 u 0 0 2 2 0 u 2 2 0 0 0 0 u u 0 0 0 0 2 u 0 0 2 0 0 0 0 u 
2 2 u u 0 0 u 2 0 d 2 2 0 u u 0 u d 0 0 0 0 2 u 0 0 2 0 0 0 u 0 
2 2 u u 0 0 2 2 0 u u 2 0 d u 0 u d 0 0 0 0 2 0 0 0 2 u 0 0 u 0 
2 2 u u 0 0 u 2 0 0 u 2 0 u u 0 2 0 0 0 0 0 2 u 0 d 2 0 0 d u 0 
2 2 u u 0 0 u 2 0 u u 2 0 0 u 0 2 0 0 0 0 0 2 0 0 d 2 u 0 d u 0 
2 2 u u 0 0 u 2 0 0 2 2 0 2 u 0 2 0 0 0 u 0 2 u 0 0 2 0 0 0 0 0 
2 2 u u 0 0 2 2 0 2 u 2 0 0 u 0 2 0 0 0 u 0 2 0 0 0 2 u 0 0 0 0 
2 2 u u 0 0 2 2 0 d u 2 0 u u 0 2 0 0 0 u 0 2 u 0 0 2 0 0 0 0 0 
2 2 u u 0 0 u 2 0 u 2 2 0 d u 0 2 0 0 0 u 0 2 0 0 0 2 u 0 0 0 0 
u 2 u u 0 0 2 d 0 0 2 2 0 u u 0 2 0 0 0 0 0 2 u 0 0 2 0 d 0 u u 
u 2 u u 0 0 2 2 0 u 2 d 0 0 u 0 2 0 0 0 0 0 2 0 d 0 2 u 0 0 u u 
2 2 0 u 0 0 2 2 0 0 d 2 0 u u 0 2 u 0 u 0 0 2 0 0 0 2 u 0 u 0 0 
2 2 0 u 0 0 d 2 0 u 2 2 0 0 u 0 2 u 0 u 0 0 2 u 0 u 2 0 0 0 0 0 
2 u d u 0 0 2 2 0 u 2 2 0 0 u u 2 0 u 0 0 0 2 0 0 0 2 u 0 0 0 0 
2 u d u 0 0 2 2 0 0 2 2 0 u u u 2 0 u 0 0 0 2 u 0 0 2 0 0 0 0 0 
2 2 u 0 0 0 u 2 0 0 2 2 0 u u 0 2 0 0 0 0 u 2 2 0 0 2 0 0 0 u 0 
2 2 u 0 0 0 2 2 0 u u 2 0 0 u 0 2 0 0 0 0 u 2 0 0 0 2 2 0 0 u 0 
2 2 u u 0 d d 2 0 0 2 2 0 u u 0 2 0 0 0 0 0 2 u 0 0 u 0 0 0 u u 
2 2 u u 0 d 2 2 0 u d 2 0 0 u 0 2 0 0 0 0 0 u 0 0 0 2 u 0 0 u u 
2 2 u 0 0 0 2 u 0 u 2 2 0 0 d 0 2 u 0 0 0 0 2 0 u 0 2 u 0 0 u 0 
2 2 u 0 0 0 2 2 0 0 2 u 0 u d 0 2 u 0 0 0 0 2 u 0 0 2 0 u 0 u 0 
2 2 u u 0 0 u 2 0 u 2 2 0 0 0 0 2 0 0 0 0 u 2 0 0 0 2 2 0 0 u 0 
2 2 u u 0 0 2 2 0 0 u 2 0 u 0 0 2 0 0 0 0 u 2 2 0 0 2 0 0 0 u 0 
2 2 u u 0 0 2 2 0 u 2 2 0 u 0 0 2 0 0 0 0 0 d u 0 0 2 0 0 0 u u 
2 2 u u 0 0 2 2 0 u 2 2 0 u 0 0 2 0 0 0 0 0 2 0 0 0 d u 0 0 u u 
2 2 u 2 0 0 2 u 0 0 2 2 0 u u 0 2 u 0 d 0 0 u 0 0 0 2 u 0 0 0 0 
2 2 u 2 0 0 2 2 0 u 2 u 0 0 u 0 2 u 0 d 0 0 2 u 0 0 u 0 0 0 0 0 
2 2 u u 0 0 2 2 0 u 2 u u 0 u 0 d 0 0 d 0 0 2 0 0 0 2 u 0 0 u 0 
2 2 u u 0 0 2 u u 0 2 2 0 u u 0 d 0 0 d 0 0 2 u 0 0 2 0 0 0 u 0 
2 u 0 0 0 0 2 u 0 0 2 2 0 u u 0 2 u 2 0 0 0 2 u d 0 2 0 0 0 u 0 
2 u 0 0 0 0 2 2 0 u 2 u 0 0 u 0 2 u 2 0 0 0 2 0 0 0 2 u d 0 u 0 
2 d u u 0 0 2 2 0 u 2 d 0 0 0 u 2 0 0 0 u 0 2 0 0 0 2 u u 0 u 0 
2 d u u 0 0 2 d 0 0 2 2 0 u 0 u 2 0 0 0 u 0 2 u u 0 2 0 0 0 u 0 
2 u 0 0 0 0 2 u 0 u 2 2 0 0 u 0 2 u 2 0 0 0 2 0 d 0 2 u 0 0 u 0 
2 u 0 0 0 0 2 2 0 0 2 u 0 u u 0 2 u 2 0 0 0 2 u 0 0 2 0 d 0 u 0 
2 d u u 0 0 d 2 0 u 2 2 0 u u u 2 0 0 0 0 0 2 0 0 0 2 u 0 0 u 0 
2 d u u 0 0 2 2 0 u d 2 0 u u u 2 0 0 0 0 0 2 u 0 0 2 0 0 0 u 0 
2 2 u u 0 d d 2 0 u 2 2 0 0 u 0 2 0 0 0 0 0 2 0 0 0 u u 0 0 u u 
2 2 u u 0 d 2 2 0 0 d 2 0 u u 0 2 0 0 0 0 0 u u 0 0 2 0 0 0 u u 
u 2 2 u 0 0 2 2 0 0 2 2 0 u 0 u 2 u 0 0 0 0 2 0 0 0 2 u 0 0 0 0 
u 2 2 u 0 0 2 2 0 u 2 2 0 0 0 u 2 u 0 0 0 0 2 u 0 0 2 0 0 0 0 0 
2 d u u 0 0 2 2 0 0 2 d 0 u 0 u 2 0 0 0 u 0 2 u 0 0 2 0 u 0 u 0 
2 d u u 0 0 2 d 0 u 2 2 0 0 0 u 2 0 0 0 u 0 2 0 u 0 2 u 0 0 u 0 
2 2 u u 0 0 2 2 0 0 2 2 0 u u 0 u 0 0 0 0 0 u u 0 0 2 d 0 0 2 0 
2 2 u u 0 0 2 2 0 u 2 2 0 0 u 0 u 0 0 0 0 0 2 d 0 0 u u 0 0 2 0 
2 2 u 0 0 0 2 u 0 0 2 2 0 u d 0 2 u 0 0 0 0 2 u u 0 2 0 0 0 u 0 
2 2 u 0 0 0 2 2 0 u 2 u 0 0 d 0 2 u 0 0 0 0 2 0 0 0 2 u u 0 u 0 
2 2 u u 0 0 2 2 0 u 2 u 0 0 2 0 2 0 d 0 0 0 u 0 0 0 2 u 0 0 u 0 
2 2 u u 0 0 2 u 0 0 2 2 0 u 2 0 2 0 d 0 0 0 2 u 0 0 u 0 0 0 u 0 
2 2 u u 0 0 2 2 0 0 2 2 0 u u 0 u 0 0 0 0 0 2 2 0 0 u 0 0 0 2 0 
2 2 u u 0 0 2 2 0 u 2 2 0 0 u 0 u 0 0 0 0 0 u 0 0 0 2 2 0 0 2 0 
2 2 u 0 0 0 2 2 0 0 u 2 0 u u 0 2 0 0 0 0 u 2 u 0 0 2 d 0 0 u 0 
2 2 u 0 0 0 u 2 0 u 2 2 0 0 u 0 2 0 0 0 0 u 2 d 0 0 2 u 0 0 u 0 
2 2 2 u 0 d 2 2 0 0 u u 0 u u 0 2 u 0 0 0 0 2 0 0 0 2 u 0 0 0 0 
2 2 2 u 0 d u u 0 u 2 2 0 0 u 0 2 u 0 0 0 0 2 u 0 0 2 0 0 0 0 0 
d 2 u u 0 0 2 2 u u 2 2 0 0 u 0 2 0 u 0 0 0 d 0 0 0 2 u 0 0 u 0 
d 2 u u 0 0 2 2 0 0 2 2 u u u 0 2 0 u 0 0 0 2 u 0 0 d 0 0 0 u 0 
d 2 u u 0 0 2 2 u 0 2 2 0 u u 0 2 0 u 0 0 0 d u 0 0 2 0 0 0 u 0 
d 2 u u 0 0 2 2 0 u 2 2 u 0 u 0 2 0 u 0 0 0 2 0 0 0 d u 0 0 u 0 
2 d u u 0 u 2 2 0 u 2 2 0 0 u 0 2 u 0 0 0 0 2 u 0 0 u 0 0 d 0 0 
2 d u u 0 u 2 2 0 0 2 2 0 u u 0 2 u 0 0 0 0 u 0 0 d 2 u 0 0 0 0 
2 d u u 0 u 2 2 0 0 2 2 0 u u 0 2 u 0 0 0 0 2 0 0 0 u u 0 d 0 0 
2 d u u 0 u 2 2 0 u 2 2 0 0 u 0 2 u 0 0 0 0 u u 0 d 2 0 0 0 0 0 
2 2 u 0 0 u 2 2 0 0 2 0 0 u u 0 2 2 0 0 0 0 2 u 0 0 2 0 0 0 u 0 
2 2 u 0 0 u 2 0 0 u 2 2 0 0 u 0 2 2 0 0 0 0 2 0 0 0 2 u 0 0 u 0 
2 2 u u 0 0 2 u 0 u 2 d 0 0 u 0 2 0 0 0 0 0 2 0 0 u 2 u 0 d u 0 
2 2 u u 0 0 2 d 0 0 2 u 0 u u 0 2 0 0 0 0 0 2 u 0 d 2 0 0 u u 0 
2 2 u u 0 0 u 2 0 0 2 2 0 u 0 0 2 0 0 0 0 u 2 u 0 0 2 d 0 0 u 0 
2 2 u u 0 0 2 2 0 u u 2 0 0 0 0 2 0 0 0 0 u 2 d 0 0 2 u 0 0 u 0 
2 2 u u 0 0 2 2 0 0 2 2 0 u u 0 0 0 0 2 0 0 2 u 0 0 2 0 0 0 u 0 
2 2 u u 0 0 2 2 0 u 2 2 0 0 u 0 0 0 0 2 0 0 2 0 0 0 2 u 0 0 u 0 
2 2 u u 0 0 2 2 0 0 2 u 0 u 2 0 2 0 d 0 0 0 u u 0 0 2 0 0 0 u 0 
2 2 u u 0 0 2 u 0 u 2 2 0 0 2 0 2 0 d 0 0 0 2 0 0 0 u u 0 0 u 0 
2 2 u u 0 0 2 u 0 0 2 d 0 u u 0 2 0 0 0 0 0 2 u 0 u 2 0 0 d u 0 
2 2 u u 0 0 2 d 0 u 2 u 0 0 u 0 2 0 0 0 0 0 2 0 0 d 2 u 0 u u 0 
2 2 u u 0 0 u 2 d 0 2 d u u u 0 2 u 0 0 0 0 2 0 0 0 2 u 0 0 0 0 
2 2 u u 0 0 2 d u u u 2 d 0 u 0 2 u 0 0 0 0 2 u 0 0 2 0 0 0 0 0 
2 2 u u 0 0 2 d u 0 u 2 d u u 0 2 u 0 0 0 0 2 0 0 0 2 u 0 0 0 0 
2 2 u u 0 0 u 2 d u 2 d u 0 u 0 2 u 0 0 0 0 2 u 0 0 2 0 0 0 0 0 
2 d u u 0 0 2 u 0 0 2 d 0 u u u 2 0 0 0 u 0 2 u d 0 2 0 u 0 0 0 
2 d u u 0 0 2 d 0 u 2 u 0 0 u u 2 0 0 0 u 0 2 0 u 0 2 u d 0 0 0 
2 u u 0 0 0 2 0 0 0 2 2 0 u 0 u 2 u 0 0 d 0 2 u 2 0 2 0 0 0 0 u 
2 u u 0 0 0 2 2 0 u 2 0 0 0 0 u 2 u 0 0 d 0 2 0 0 0 2 u 2 0 0 u 
2 d u u 0 0 2 u 0 u 2 d 0 0 u u 2 0 0 0 u 0 2 0 d 0 2 u u 0 0 0 
2 d u u 0 0 2 d 0 0 2 u 0 u u u 2 0 0 0 u 0 2 u u 0 2 0 d 0 0 0 
2 u u 0 0 d 2 2 0 0 2 2 0 u 0 0 2 0 0 u 0 0 2 u 0 0 2 0 0 0 u u 
2 u u 0 0 d 2 2 0 u 2 2 0 0 0 0 2 0 0 u 0 0 2 0 0 0 2 u 0 0 u u 
2 2 u u 0 0 2 2 0 u 2 2 0 0 u 0 d 2 0 0 0 0 2 u 0 0 u 0 0 u 0 0 
2 2 u u 0 0 2 2 0 0 2 2 0 u u 0 d 2 0 0 0 0 u 0 0 u 2 u 0 0 0 0 
2 2 u u 0 0 2 2 0 0 u 2 u u 0 d 2 0 0 0 0 0 2 u 0 0 2 0 0 0 u 0 
2 2 u u 0 0 u 2 u u 2 2 0 0 0 d 2 0 0 0 0 0 2 0 0 0 2 u 0 0 u 0 
2 u u 0 0 0 2 0 0 u 2 2 0 0 0 u 2 u 0 0 d 0 2 0 2 0 2 u 0 0 0 u 
2 u u 0 0 0 2 2 0 0 2 0 0 u 0 u 2 u 0 0 d 0 2 u 0 0 2 0 2 0 0 u 
u 2 u u 0 0 2 2 0 u 2 2 0 0 0 0 2 0 0 0 0 0 2 0 0 u 2 u 0 d u 0 
u 2 u u 0 0 2 2 0 0 2 2 0 u 0 0 2 0 0 0 0 0 2 u 0 d 2 0 0 u u 0 
d 2 u u 0 0 2 2 0 u 2 2 0 0 u d 2 u 0 0 0 0 2 u u 0 u 0 0 0 0 0 
d 2 u u 0 0 2 2 0 0 2 2 0 u u d 2 u 0 0 0 0 u 0 0 0 2 u u 0 0 0 
2 2 2 u 0 d u u 0 0 2 2 0 u u 0 2 u 0 0 0 0 2 0 0 0 2 u 0 0 0 0 
2 2 2 u 0 d 2 2 0 u u u 0 0 u 0 2 u 0 0 0 0 2 u 0 0 2 0 0 0 0 0 
2 2 u u 0 d 2 2 0 u 2 2 u 0 u 0 u 0 0 0 0 0 2 0 0 0 d u 0 0 u 0 
2 2 u u 0 d 2 2 u 0 2 2 0 u u 0 u 0 0 0 0 0 d u 0 0 2 0 0 0 u 0 
2 2 u u 0 0 2 2 0 0 2 2 0 u u 0 d 0 0 0 0 0 d u 0 0 2 0 0 u u u 
2 2 u u 0 0 2 2 0 u 2 2 0 0 u 0 d 0 0 0 0 0 2 0 0 u d u 0 0 u u 
2 2 u u 0 d 2 2 0 0 2 2 u u u 0 u 0 0 0 0 0 2 u 0 0 d 0 0 0 u 0 
2 2 u u 0 d 2 2 u u 2 2 0 0 u 0 u 0 0 0 0 0 d 0 0 0 2 u 0 0 u 0 
d 2 u u 0 0 2 2 0 0 2 2 0 u u d 2 u 0 0 0 0 2 0 u 0 u u 0 0 0 0 
d 2 u u 0 0 2 2 0 u 2 2 0 0 u d 2 u 0 0 0 0 u u 0 0 2 0 u 0 0 0 
2 2 u u 0 0 2 2 0 0 0 2 0 u u 0 2 0 2 0 0 0 2 u 0 0 2 0 0 0 u 0 
2 2 u u 0 0 0 2 0 u 2 2 0 0 u 0 2 0 2 0 0 0 2 0 0 0 2 u 0 0 u 0 
0 2 u u 0 0 2 2 0 0 2 2 0 u u 0 2 u 0 0 0 0 2 0 0 0 2 u 0 0 2 0 
0 2 u u 0 0 2 2 0 u 2 2 0 0 u 0 2 u 0 0 0 0 2 u 0 0 2 0 0 0 2 0 
2 2 u 2 0 0 d 2 0 0 2 2 0 u u 0 u u 0 0 0 0 2 u 0 0 2 u 0 0 0 0 
2 2 u 2 0 0 2 2 0 u d 2 0 0 u 0 u u 0 0 0 0 2 u 0 0 2 u 0 0 0 0 
2 2 u u 0 0 2 2 0 u 0 2 0 0 u 0 2 0 2 0 0 0 2 0 0 0 2 u 0 0 u 0 
2 2 u u 0 0 0 2 0 0 2 2 0 u u 0 2 0 2 0 0 0 2 u 0 0 2 0 0 0 u 0 
2 2 u u 0 0 2 2 0 0 2 2 0 u u 0 d u 0 0 0 0 u 0 0 0 2 u 0 u d 0 
2 2 u u 0 0 2 2 0 u 2 2 0 0 u 0 d u 0 0 0 0 2 u 0 u u 0 0 0 d 0 
2 2 0 0 u 0 2 2 0 0 2 2 0 u u u 2 0 0 0 u 0 2 u 0 0 2 0 0 0 0 0 
2 2 0 0 u 0 2 2 0 u 2 2 0 0 u u 2 0 0 0 u 0 2 0 0 0 2 u 0 0 0 0 
2 2 u 2 0 0 2 2 0 0 2 2 0 2 u 0 u 0 0 0 0 0 2 u 0 0 u 0 0 0 u 0 
2 2 u 2 0 0 2 2 0 2 2 2 0 0 u 0 u 0 0 0 0 0 u 0 0 0 2 u 0 0 u 0 
2 d u u 0 0 u 2 0 0 2 2 0 u u 0 2 0 0 u 0 0 2 2 0 0 2 0 0 0 u 0 
2 d u u 0 0 2 2 0 u u 2 0 0 u 0 2 0 0 u 0 0 2 0 0 0 2 2 0 0 u 0 
2 2 u u 0 0 2 2 0 d 2 2 0 u 0 0 2 0 0 0 0 u 2 u 0 0 u 0 0 0 u 0 
2 2 u u 0 0 2 2 0 u 2 2 0 d 0 0 2 0 0 0 0 u u 0 0 0 2 u 0 0 u 0 
2 2 0 u 0 0 2 2 0 u 2 2 0 u u 0 2 0 0 d 0 0 2 0 0 0 u u 0 0 u 0 
2 2 0 u 0 0 2 2 0 u 2 2 0 u u 0 2 0 0 d 0 0 u u 0 0 2 0 0 0 u 0 
2 2 u 0 0 0 2 2 0 0 2 u 0 u u 0 2 u 0 0 0 0 2 u 0 0 2 0 0 d 0 u 
2 2 u 0 0 0 2 u 0 u 2 2 0 0 u 0 2 u 0 0 0 0 2 0 0 d 2 u 0 0 0 u 
2 2 u u 0 u 2 d 0 0 2 d 0 u 0 0 d u 0 0 0 0 2 0 u 0 2 u u 0 u 0 
2 2 u u 0 u 2 d 0 u 2 d 0 0 0 0 d u 0 0 0 0 2 u u 0 2 0 u 0 u 0 
2 2 u 2 0 0 2 2 0 d 2 2 0 u u 0 u 0 0 0 0 0 u u 0 0 2 0 0 0 u 0 
2 2 u 2 0 0 2 2 0 u 2 2 0 d u 0 u 0 0 0 0 0 2 0 0 0 u u 0 0 u 0 
2 2 u u 0 0 2 d 0 0 2 d 0 u u 0 2 u 0 0 0 0 2 0 u 0 2 u 0 u 0 0 
2 2 u u 0 0 2 d 0 u 2 d 0 0 u 0 2 u 0 0 0 0 2 u 0 u 2 0 u 0 0 0 
2 2 0 u 0 0 2 2 0 u d 2 0 0 u 0 2 u 0 u 0 0 2 u 0 0 2 0 0 u 0 0 
2 2 0 u 0 0 d 2 0 0 2 2 0 u u 0 2 u 0 u 0 0 2 0 0 u 2 u 0 0 0 0 
2 d u u 0 0 2 2 0 0 2 2 0 0 u 0 2 0 0 u 0 0 2 u 0 0 2 0 0 u u 0 
2 d u u 0 0 2 2 0 0 2 2 0 0 u 0 2 0 0 u 0 0 2 0 0 u 2 u 0 0 u 0 
2 2 u u 0 0 2 2 0 u 2 2 0 0 u 0 d 0 0 0 0 0 d 0 0 0 2 u 0 u u u 
2 2 u u 0 0 2 2 0 0 2 2 0 u u 0 d 0 0 0 0 0 2 u 0 u d 0 0 0 u u 
2 2 u u 0 0 2 2 u 0 2 u 0 u u 0 d 0 0 0 0 0 2 u 0 0 2 0 0 0 u d 
2 2 u u 0 0 2 u 0 u 2 2 u 0 u 0 d 0 0 0 0 0 2 0 0 0 2 u 0 0 u d 
2 d u u 0 0 2 2 d u 2 2 0 0 u 0 2 0 0 0 0 u u 0 0 0 2 u 0 0 u 0 
2 d u u 0 0 2 2 0 0 2 2 d u u 0 2 0 0 0 0 u 2 u 0 0 u 0 0 0 u 0 
2 d u u 0 0 2 2 d 0 2 2 0 u u 0 2 0 0 0 0 u u u 0 0 2 0 0 0 u 0 
2 d u u 0 0 2 2 0 u 2 2 d 0 u 0 2 0 0 0 0 u 2 0 0 0 u u 0 0 u 0 
2 2 u u 0 0 2 2 0 0 2 2 0 u u 0 2 u 0 u 0 0 d 0 0 0 d u 0 0 u 0 
2 2 u u 0 0 2 2 0 u 2 2 0 0 u 0 2 u 0 u 0 0 d u 0 0 d 0 0 0 u 0 
2 2 u u 0 0 2 2 0 0 d 2 0 u 2 0 u u 0 0 0 0 2 u 0 0 2 u 0 0 0 0 
2 2 u u 0 0 d 2 0 u 2 2 0 0 2 0 u u 0 0 0 0 2 u 0 0 2 u 0 0 0 0 
d 2 0 0 0 0 2 2 0 0 2 u 0 u u 0 2 u u 0 u 0 2 u 0 0 2 0 d 0 u 0 
d 2 0 0 0 0 2 u 0 u 2 2 0 0 u 0 2 u u 0 u 0 2 0 d 0 2 u 0 0 u 0 
d 2 0 0 0 0 2 2 0 u 2 u 0 0 u 0 2 u u 0 u 0 2 0 0 0 2 u d 0 u 0 
d 2 0 0 0 0 2 u 0 0 2 2 0 u u 0 2 u u 0 u 0 2 u d 0 2 0 0 0 u 0 
2 2 u u 0 d 2 2 0 0 2 2 0 u u u 2 0 0 0 0 0 u u 0 0 d 0 0 0 u 0 
2 2 u u 0 d 2 2 0 u 2 2 0 0 u u 2 0 0 0 0 0 d 0 0 0 u u 0 0 u 0 
2 2 u u 0 0 2 2 0 0 2 u u u u 0 d 0 0 d 0 0 2 u 0 0 2 0 0 0 u 0 
2 2 u u 0 0 2 u u u 2 2 0 0 u 0 d 0 0 d 0 0 2 0 0 0 2 u 0 0 u 0 
2 2 u u 0 0 2 2 0 0 2 2 0 u u 0 2 d 0 0 0 0 2 0 0 0 u u 0 u 0 0 
2 2 u u 0 0 2 2 0 u 2 2 0 0 u 0 2 d 0 0 0 0 u u 0 u 2 0 0 0 0 0 
2 d u u d 0 2 2 0 u 2 2 0 0 u 0 2 0 0 0 0 0 2 0 0 0 u u 0 u u 0 
2 d u u d 0 2 2 0 0 2 2 0 u u 0 2 0 0 0 0 0 u u 0 u 2 0 0 0 u 0 
2 2 u u 0 d 2 2 0 0 2 2 0 0 u 0 2 0 0 0 0 0 2 0 0 0 u u 0 0 u u 
2 2 u u 0 d 2 2 0 0 2 2 0 0 u 0 2 0 0 0 0 0 u u 0 0 2 0 0 0 u u 
2 d u u 0 0 2 2 0 u 2 2 0 0 u d 2 0 0 0 0 0 u 0 0 0 2 u 0 u u 0 
2 d u u 0 0 2 2 0 0 2 2 0 u u d 2 0 0 0 0 0 2 u 0 u u 0 0 0 u 0 
2 2 u 0 0 u 2 2 0 u 2 0 0 0 u 0 2 2 0 0 0 0 2 0 0 0 2 u 0 0 u 0 
2 2 u 0 0 u 2 0 0 0 2 2 0 u u 0 2 2 0 0 0 0 2 u 0 0 2 0 0 0 u 0 
d 2 u u 0 0 2 u 0 0 2 2 0 u u 0 2 0 d 0 0 0 2 u 0 u 2 0 0 0 u 0 
d 2 u u 0 0 2 2 0 u 2 u 0 0 u 0 2 0 d 0 0 0 2 0 0 0 2 u 0 u u 0 
2 2 u u 0 0 2 2 0 u 2 2 0 u 0 0 2 0 0 0 0 0 u u 0 0 2 0 0 0 u d 
2 2 u u 0 0 2 2 0 u 2 2 0 u 0 0 2 0 0 0 0 0 2 0 0 0 u u 0 0 u d 
2 d u u 0 0 2 2 0 0 u 2 0 u u 0 2 0 0 u 0 0 2 u 0 0 2 d 0 0 u 0 
2 d u u 0 0 u 2 0 u 2 2 0 0 u 0 2 0 0 u 0 0 2 d 0 0 2 u 0 0 u 0 
u 2 u u 0 0 2 2 0 0 2 2 0 u 0 0 2 0 0 0 0 0 2 u 0 u 2 0 0 d u 0 
u 2 u u 0 0 2 2 0 u 2 2 0 0 0 0 2 0 0 0 0 0 2 0 0 d 2 u 0 u u 0 
2 2 u u 0 d 2 2 0 0 2 2 0 u u u 2 0 0 0 0 0 d u 0 0 u 0 0 0 u 0 
2 2 u u 0 d 2 2 0 u 2 2 0 0 u u 2 0 0 0 0 0 u 0 0 0 d u 0 0 u 0 
2 2 u u 0 0 2 d 0 u 2 d 0 0 u 0 2 u 0 0 0 0 2 u u 0 2 0 0 u 0 0 
2 2 u u 0 0 2 d 0 0 2 d 0 u u 0 2 u 0 0 0 0 2 0 0 u 2 u u 0 0 0 
2 u u u 0 0 2 2 0 u 2 0 0 0 u u 2 0 0 0 d 0 2 0 0 0 2 u 0 2 0 0 
2 u u u 0 0 2 0 0 0 2 2 0 u u u 2 0 0 0 d 0 2 u 0 2 2 0 0 0 0 0 
2 u u u 0 0 2 2 0 0 2 0 0 u u u 2 0 0 0 d 0 2 u 0 0 2 0 0 2 0 0 
2 u u u 0 0 2 0 0 u 2 2 0 0 u u 2 0 0 0 d 0 2 0 0 2 2 u 0 0 0 0 
2 2 u u 0 0 2 2 0 2 2 2 0 0 0 0 2 0 0 0 0 u 2 0 0 0 u u 0 0 u 0 
2 2 u u 0 0 2 2 0 0 2 2 0 2 0 0 2 0 0 0 0 u u u 0 0 2 0 0 0 u 0 
2 2 u u 0 0 2 2 0 0 2 2 0 u u 0 d 2 0 0 0 0 2 0 0 0 u u 0 u 0 0 
2 2 u u 0 0 2 2 0 u 2 2 0 0 u 0 d 2 0 0 0 0 u u 0 u 2 0 0 0 0 0 
u 2 u u u 0 2 2 0 u 2 2 0 0 u 0 2 0 0 0 0 0 2 0 0 0 2 0 0 d u 0 
u 2 u u u 0 2 2 0 0 2 2 0 u u 0 2 0 0 0 0 0 2 0 0 d 2 0 0 0 u 0 
2 2 u 0 0 0 2 2 0 u 2 u 0 0 u 0 2 u 0 0 0 0 2 0 0 0 2 u 0 d 0 u 
2 2 u 0 0 0 2 u 0 0 2 2 0 u u 0 2 u 0 0 0 0 2 u 0 d 2 0 0 0 0 u 
d 2 u u 0 0 2 u 0 u 2 2 0 0 u 0 2 0 d 0 0 0 2 0 0 u 2 u 0 0 u 0 
d 2 u u 0 0 2 2 0 0 2 u 0 u u 0 2 0 d 0 0 0 2 u 0 0 2 0 0 u u 0 
2 d u u 0 0 2 2 0 0 2 2 0 u u u u 0 0 0 0 0 2 u 0 0 2 0 0 0 2 0 
2 d u u 0 0 2 2 0 u 2 2 0 0 u u u 0 0 0 0 0 2 0 0 0 2 u 0 0 2 0 
2 u u u d 0 2 2 0 0 2 2 0 u u 0 d u 0 0 0 0 2 u 0 0 2 0 0 0 u 0 
2 u u u d 0 2 2 0 u 2 2 0 0 u 0 d u 0 0 0 0 2 0 0 0 2 u 0 0 u 0 
2 2 u u 0 0 2 2 0 u d 2 0 0 u u 2 0 d 0 0 0 u 0 0 0 2 u 0 0 u 0 
2 2 u u 0 0 d 2 0 0 2 2 0 u u u 2 0 d 0 0 0 2 u 0 0 u 0 0 0 u 0 
2 u u u 0 0 2 2 0 d u 2 0 u u d 2 0 0 0 0 0 2 u 0 0 2 0 0 0 u 0 
2 u u u 0 0 u 2 0 u 2 2 0 d u d 2 0 0 0 0 0 2 0 0 0 2 u 0 0 u 0 
2 d u u 0 0 2 2 0 0 u 2 0 u u 0 2 0 0 0 0 0 2 2 0 0 2 0 0 0 u u 
2 d u u 0 0 u 2 0 u 2 2 0 0 u 0 2 0 0 0 0 0 2 0 0 0 2 2 0 0 u u 
2 d u 0 0 0 2 u 0 u 2 2 0 0 0 0 2 u 0 u u 0 2 u d 0 2 0 0 0 u 0 
2 d u 0 0 0 2 2 0 0 2 u 0 u 0 0 2 u 0 u u 0 2 0 0 0 2 u d 0 u 0 
2 2 u u 0 0 2 2 0 0 d 2 0 u u u 2 0 d 0 0 0 u u 0 0 2 0 0 0 u 0 
2 2 u u 0 0 d 2 0 u 2 2 0 0 u u 2 0 d 0 0 0 2 0 0 0 u u 0 0 u 0 
u 2 u u 0 0 2 d 0 0 2 2 0 u u 0 2 0 u 0 0 0 2 u 0 d 2 0 0 0 u 0 
u 2 u u 0 0 2 2 0 u 2 d 0 0 u 0 2 0 u 0 0 0 2 0 0 0 2 u 0 d u 0 
d 2 u u 0 0 2 2 0 u d 2 0 0 u 0 2 u 0 0 0 0 2 0 0 0 2 u 0 u u 0 
d 2 u u 0 0 d 2 0 0 2 2 0 u u 0 2 u 0 0 0 0 2 u 0 u 2 0 0 0 u 0 
2 u u u 0 0 2 2 0 u 2 2 d 0 u 0 u u 0 0 0 0 2 u 0 0 2 0 0 d 0 0 
2 u u u 0 0 2 2 d 0 2 2 0 u u 0 u u 0 0 0 0 2 0 0 d 2 u 0 0 0 0 
d 2 u u 0 0 2 2 0 0 d 2 0 u u 0 2 u 0 0 0 0 2 u 0 0 2 0 0 u u 0 
d 2 u u 0 0 d 2 0 u 2 2 0 0 u 0 2 u 0 0 0 0 2 0 0 u 2 u 0 0 u 0 
2 u 2 u 0 0 2 2 0 0 2 2 0 u u 0 2 u 0 0 0 0 d 0 u 0 2 u 0 0 0 0 
2 u 2 u 0 0 2 2 0 u 2 2 0 0 u 0 2 u 0 0 0 0 2 u 0 0 d 0 u 0 0 0 
2 u 2 u 0 0 2 2 0 u 2 2 0 0 u 0 2 u 0 0 0 0 d u u 0 2 0 0 0 0 0 
2 u 2 u 0 0 2 2 0 0 2 2 0 u u 0 2 u 0 0 0 0 2 0 0 0 d u u 0 0 0 
2 2 u u 0 0 d u 0 0 2 2 0 u u 0 2 u 0 0 0 0 2 0 0 0 2 u 0 0 2 0 
2 2 u u 0 0 2 2 0 u d u 0 0 u 0 2 u 0 0 0 0 2 u 0 0 2 0 0 0 2 0 
2 2 u u 0 d 2 2 0 0 d 2 0 u u 0 u 0 0 0 0 0 2 u 0 0 2 0 0 u u 0 
2 2 u u 0 d d 2 0 u 2 2 0 0 u 0 u 0 0 0 0 0 2 0 0 u 2 u 0 0 u 0 
2 d u 0 0 0 2 u 0 0 2 2 0 u 0 0 2 u 0 u u 0 2 0 d 0 2 u 0 0 u 0 
2 d u 0 0 0 2 2 0 u 2 u 0 0 0 0 2 u 0 u u 0 2 u 0 0 2 0 d 0 u 0 
2 2 u u 0 d 2 2 0 u d 2 0 0 u 0 u 0 0 0 0 0 2 0 0 0 2 u 0 u u 0 
2 2 u u 0 d d 2 0 0 2 2 0 u u 0 u 0 0 0 0 0 2 u 0 u 2 0 0 0 u 0 
2 2 0 0 0 0 2 u 0 u 2 u 0 0 u 0 2 u u 0 0 0 2 0 d 0 2 u 0 d u 0 
2 2 0 0 0 0 2 u 0 0 2 u 0 u u 0 2 u u 0 0 0 2 u 0 d 2 0 d 0 u 0 
2 2 u u 0 0 d 2 0 0 2 2 0 u u d 2 u 0 u 0 0 2 0 0 0 u u 0 0 0 0 
2 2 u u 0 0 2 2 0 u d 2 0 0 u d 2 u 0 u 0 0 u u 0 0 2 0 0 0 0 0 
u 2 u u 0 0 2 2 0 0 2 2 0 u u u 2 0 0 0 0 0 2 0 0 0 2 0 0 d u 0 
u 2 u u 0 0 2 2 0 u 2 2 0 0 u u 2 0 0 0 0 0 2 0 0 d 2 0 0 0 u 0 
2 2 0 0 0 0 2 u 0 0 2 u 0 u u 0 2 u u 0 0 0 2 u d 0 2 0 0 d u 0 
2 2 0 0 0 0 2 u 0 u 2 u 0 0 u 0 2 u u 0 0 0 2 0 0 d 2 u d 0 u 0 
2 d u u 0 0 2 2 0 0 2 2 0 u u d 2 0 0 0 0 0 u u 0 0 2 0 0 u u 0 
2 d u u 0 0 2 2 0 u 2 2 0 0 u d 2 0 0 0 0 0 2 0 0 u u u 0 0 u 0 
2 d 0 0 0 d 2 2 0 0 2 u u u u 0 2 u u 0 0 0 2 u 0 0 2 0 0 0 u 0 
2 d 0 0 0 d 2 u u u 2 2 0 0 u 0 2 u u 0 0 0 2 0 0 0 2 u 0 0 u 0 
2 d u u d 0 2 2 0 0 2 2 0 u u 0 2 0 0 0 0 0 2 u 0 0 u 0 0 u u 0 
2 d u u d 0 2 2 0 u 2 2 0 0 u 0 2 0 0 0 0 0 u 0 0 u 2 u 0 0 u 0 
2 u u u 0 0 u 2 0 0 2 2 0 2 u d 2 0 0 0 0 0 2 u 0 0 2 0 0 0 u 0 
2 u u u 0 0 2 2 0 2 u 2 0 0 u d 2 0 0 0 0 0 2 0 0 0 2 u 0 0 u 0 
2 u u u 0 0 2 2 0 u d 2 0 0 u 0 2 u 0 0 0 0 2 0 0 0 2 u 0 d u 0 
2 u u u 0 0 d 2 0 0 2 2 0 u u 0 2 u 0 0 0 0 2 u 0 d 2 0 0 0 u 0 
2 2 2 u u 0 2 2 0 0 u 2 0 0 u 0 2 0 0 0 0 0 2 u 0 0 2 0 0 0 u 0 
2 2 2 u u 0 u 2 0 0 2 2 0 0 u 0 2 0 0 0 0 0 2 0 0 0 2 u 0 0 u 0 
2 d u u 0 0 u 2 0 0 2 2 0 u u 0 2 0 0 0 0 0 2 u 0 0 2 d 0 0 u u 
2 d u u 0 0 2 2 0 u u 2 0 0 u 0 2 0 0 0 0 0 2 d 0 0 2 u 0 0 u u 
2 2 u u 0 0 u 2 0 0 2 2 0 2 u 0 u 0 0 0 0 0 2 u 0 0 2 0 0 0 2 0 
2 2 u u 0 0 2 2 0 2 u 2 0 0 u 0 u 0 0 0 0 0 2 0 0 0 2 u 0 0 2 0 
2 u u u 0 0 2 2 0 0 d 2 0 u u 0 2 u 0 0 0 0 2 u 0 0 2 0 0 d u 0 
2 u u u 0 0 d 2 0 u 2 2 0 0 u 0 2 u 0 0 0 0 2 0 0 d 2 u 0 0 u 0 
d 2 u u d 0 2 2 0 u 2 2 0 0 u 0 2 u 0 0 0 0 u u u 0 2 0 0 0 0 0 
d 2 u u d 0 2 2 0 0 2 2 0 u u 0 2 u 0 0 0 0 2 0 0 0 u u u 0 0 0 
u 2 u u 0 0 2 d 0 u 2 2 0 0 u 0 2 0 u 0 0 0 2 0 0 d 2 u 0 0 u 0 
u 2 u u 0 0 2 2 0 0 2 d 0 u u 0 2 0 u 0 0 0 2 u 0 0 2 0 0 d u 0 
2 2 u u 0 0 2 2 0 0 2 2 0 u u 0 d 0 0 0 0 d 2 u 0 0 u 0 0 u u 0 
2 2 u u 0 0 2 2 0 u 2 2 0 0 u 0 d 0 0 0 0 d u 0 0 u 2 u 0 0 u 0 
d 2 u u d 0 2 2 0 0 2 2 0 u u 0 2 u 0 0 0 0 u 0 u 0 2 u 0 0 0 0 
d 2 u u d 0 2 2 0 u 2 2 0 0 u 0 2 u 0 0 0 0 2 u 0 0 u 0 u 0 0 0 
2 2 u u 0 0 2 2 u u 2 u 0 0 u 0 d 0 0 0 0 0 2 0 0 0 2 u 0 0 u d 
2 2 u u 0 0 2 u 0 0 2 2 u u u 0 d 0 0 0 0 0 2 u 0 0 2 0 0 0 u d 
2 2 u u 0 0 u 2 0 u 2 2 0 0 2 0 d u 0 0 0 0 2 u 0 0 2 0 u 0 0 0 
2 2 u u 0 0 2 2 0 0 u 2 0 u 2 0 d u 0 0 0 0 2 0 u 0 2 u 0 0 0 0 
2 2 u u u 0 2 2 0 0 2 2 0 0 u 0 2 0 d 0 0 0 2 u 0 0 u 0 0 0 u 0 
2 2 u u u 0 2 2 0 0 2 2 0 0 u 0 2 0 d 0 0 0 u 0 0 0 2 u 0 0 u 0 
2 2 u u 0 0 2 2 0 d u 2 0 u u 0 u 0 0 0 0 0 2 u 0 0 2 0 0 0 2 0 
2 2 u u 0 0 u 2 0 u 2 2 0 d u 0 u 0 0 0 0 0 2 0 0 0 2 u 0 0 2 0 
2 2 u u u 0 2 2 0 0 2 u 0 u u 0 2 u 0 0 0 d 2 0 0 0 d u 0 0 0 0 
2 2 u u u 0 2 u 0 u 2 2 0 0 u 0 2 u 0 0 0 d d u 0 0 2 0 0 0 0 0 
2 2 0 0 u d 2 0 0 0 2 2 0 u u 0 2 u u 0 0 0 2 u 0 0 2 0 0 0 u 0 
2 2 0 0 u d 2 2 0 u 2 0 0 0 u 0 2 u u 0 0 0 2 0 0 0 2 u 0 0 u 0 
2 2 u u 0 0 d 2 0 0 2 d 0 u u 0 2 u 0 0 0 0 2 0 u 0 2 u 0 u 0 0 
2 2 u u 0 0 2 d 0 u d 2 0 0 u 0 2 u 0 0 0 0 2 u 0 u 2 0 u 0 0 0 
2 2 u u 0 d 2 2 0 0 2 2 0 0 u 0 2 0 0 u 0 0 2 u 0 0 u 0 0 0 u 0 
2 2 u u 0 d 2 2 0 0 2 2 0 0 u 0 2 0 0 u 0 0 u 0 0 0 2 u 0 0 u 0 
2 2 0 0 0 0 2 2 0 0 2 0 0 u u 0 2 u 0 0 u 0 2 u 0 0 2 0 u d u 0 
2 2 0 0 0 0 2 0 0 u 2 2 0 0 u 0 2 u 0 0 u 0 2 0 u d 2 u 0 0 u 0 
2 2 0 0 0 0 2 2 0 u 2 0 0 0 u 0 2 u 0 0 u 0 2 0 0 0 2 u u d u 0 
2 2 0 0 0 0 2 0 0 0 2 2 0 u u 0 2 u 0 0 u 0 2 u u d 2 0 0 0 u 0 
2 u u u 0 0 2 2 0 0 2 2 d u u 0 u u 0 0 0 0 2 0 0 0 2 u 0 d 0 0 
2 u u u 0 0 2 2 d u 2 2 0 0 u 0 u u 0 0 0 0 2 u 0 d 2 0 0 0 0 0 
d 2 u 0 0 0 2 2 0 0 2 2 0 u u 0 2 0 0 0 0 0 2 u 0 0 2 u u 0 u 0 
d 2 u 0 0 0 2 2 0 u 2 2 0 0 u 0 2 0 0 0 0 0 2 u u 0 2 u 0 0 u 0 
2 2 u u 0 0 u 2 0 0 2 2 0 u 2 0 d u 0 0 0 0 2 0 0 0 2 u u 0 0 0 
2 2 u u 0 0 2 2 0 u u 2 0 0 2 0 d u 0 0 0 0 2 u u 0 2 0 0 0 0 0 
d 2 u u 0 0 2 2 0 0 2 d 0 u u 0 2 u u 0 0 0 2 0 0 0 2 u u 0 0 0 
d 2 u u 0 0 2 d 0 u 2 2 0 0 u 0 2 u u 0 0 0 2 u u 0 2 0 0 0 0 0 
d u u u 0 0 2 2 0 0 2 2 0 u u 0 2 0 2 0 0 0 2 u 0 0 2 0 0 0 u 0 
d u u u 0 0 2 2 0 u 2 2 0 0 u 0 2 0 2 0 0 0 2 0 0 0 2 u 0 0 u 0 
2 2 u u 0 0 2 2 0 u 2 u 0 u u 0 2 0 0 0 0 0 2 2 0 0 d 0 0 0 u 0 
2 2 u u 0 0 2 u 0 u 2 2 0 u u 0 2 0 0 0 0 0 d 0 0 0 2 2 0 0 u 0 
u 2 2 u 0 0 2 2 0 0 2 2 0 u 0 u 2 0 0 0 0 0 2 u 0 0 2 0 0 0 u 0 
u 2 2 u 0 0 2 2 0 u 2 2 0 0 0 u 2 0 0 0 0 0 2 0 0 0 2 u 0 0 u 0 
2 d 0 0 0 d 2 2 0 u 2 u u 0 u 0 2 u u 0 0 0 2 0 0 0 2 u 0 0 u 0 
2 d 0 0 0 d 2 u u 0 2 2 0 u u 0 2 u u 0 0 0 2 u 0 0 2 0 0 0 u 0 
2 2 u 2 0 0 u 2 0 0 2 2 0 u u 0 2 0 u 0 0 0 d u 0 0 2 0 0 0 u 0 
2 2 u 2 0 0 2 2 0 u u 2 0 0 u 0 2 0 u 0 0 0 2 0 0 0 d u 0 0 u 0 
2 2 u u 0 0 2 2 0 0 u 2 0 0 u 0 2 2 0 0 0 0 2 u 0 0 2 0 0 0 u 0 
2 2 u u 0 0 u 2 0 0 2 2 0 0 u 0 2 2 0 0 0 0 2 0 0 0 2 u 0 0 u 0 
2 2 u d u u 2 0 0 u 2 2 0 0 0 u 2 0 0 0 0 0 2 0 0 0 2 u 0 0 u 0 
2 2 u d u u 2 2 0 0 2 0 0 u 0 u 2 0 0 0 0 0 2 u 0 0 2 0 0 0 u 0 
2 2 u u 0 0 2 2 0 0 d u 0 u u 0 2 u 0 0 0 0 2 0 0 0 2 u 0 0 2 0 
2 2 u u 0 0 d u 0 u 2 2 0 0 u 0 2 u 0 0 0 0 2 u 0 0 2 0 0 0 2 0 
2 2 u u 0 0 2 2 0 0 2 2 0 u u 0 u u 0 u 0 0 2 0 0 0 d u 0 d 0 0 
2 2 u u 0 0 2 2 0 u 2 2 0 0 u 0 u u 0 u 0 0 d u 0 d 2 0 0 0 0 0 
2 2 u u 0 0 2 2 0 u 2 u 0 u u 0 2 0 0 0 0 0 2 0 0 0 d 2 0 0 u 0 
2 2 u u 0 0 2 u 0 u 2 2 0 u u 0 2 0 0 0 0 0 d 2 0 0 2 0 0 0 u 0 
2 0 u 0 0 0 2 u 0 u 2 2 0 0 u 0 2 u 0 0 0 2 2 0 d 0 2 u 0 0 u 0 
2 0 u 0 0 0 2 2 0 0 2 u 0 u u 0 2 u 0 0 0 2 2 u 0 0 2 0 d 0 u 0 
d 2 u u 0 0 2 2 0 u 2 d 0 0 u 0 2 u u 0 0 0 2 u 0 0 2 0 u 0 0 0 
d 2 u u 0 0 2 d 0 0 2 2 0 u u 0 2 u u 0 0 0 2 0 u 0 2 u 0 0 0 0 
2 2 u 2 0 0 2 2 0 u u 2 0 0 u 0 d u 0 0 0 0 2 u 0 0 2 0 u 0 0 0 
2 2 u 2 0 0 u 2 0 0 2 2 0 u u 0 d u 0 0 0 0 2 0 u 0 2 u 0 0 0 0 
2 0 u 0 0 0 2 u 0 0 2 2 0 u u 0 2 u 0 0 0 2 2 u d 0 2 0 0 0 u 0 
2 0 u 0 0 0 2 2 0 u 2 u 0 0 u 0 2 u 0 0 0 2 2 0 0 0 2 u d 0 u 0 
2 d u 0 u d 2 u u u 2 2 0 0 0 u 2 0 0 0 0 0 2 0 0 0 2 u 0 0 u 0 
2 d u 0 u d 2 2 0 0 2 u u u 0 u 2 0 0 0 0 0 2 u 0 0 2 0 0 0 u 0 
u 2 u u 0 u 2 2 0 0 2 2 0 u u 0 d u 0 0 0 d 2 0 0 0 2 u 0 0 0 0 
u 2 u u 0 u 2 2 0 u 2 2 0 0 u 0 d u 0 0 0 d 2 u 0 0 2 0 0 0 0 0 
2 2 u u 0 0 2 2 0 0 2 2 0 u u 0 u 0 0 0 0 u 2 u 0 0 d 0 0 d u 0 
2 2 u u 0 0 2 2 0 u 2 2 0 0 u 0 u 0 0 0 0 u d 0 0 d 2 u 0 0 u 0 
2 2 2 u 0 0 2 d 0 0 2 2 0 u u 0 u u 0 0 0 0 2 0 u 0 2 u 0 0 0 0 
2 2 2 u 0 0 2 2 0 u 2 d 0 0 u 0 u u 0 0 0 0 2 u 0 0 2 0 u 0 0 0 
2 2 2 u 0 0 2 d 0 u 2 2 0 0 u 0 u u 0 0 0 0 2 u u 0 2 0 0 0 0 0 
2 2 2 u 0 0 2 2 0 0 2 d 0 u u 0 u u 0 0 0 0 2 0 0 0 2 u u 0 0 0 
2 2 0 0 u d 2 0 0 u 2 2 0 0 u 0 2 u u 0 0 0 2 0 0 0 2 u 0 0 u 0 
2 2 0 0 u d 2 2 0 0 2 0 0 u u 0 2 u u 0 0 0 2 u 0 0 2 0 0 0 u 0 
2 2 u u 0 0 2 2 0 u 2 2 0 0 u 0 u u 0 u 0 0 2 u 0 0 d 0 0 d 0 0 
2 2 u u 0 0 2 2 0 0 2 2 0 u u 0 u u 0 u 0 0 d 0 0 d 2 u 0 0 0 0 
2 2 u 2 0 0 2 2 0 0 u 2 0 u u 0 d u 0 0 0 0 2 0 0 0 2 u u 0 0 0 
2 2 u 2 0 0 u 2 0 u 2 2 0 0 u 0 d u 0 0 0 0 2 u u 0 2 0 0 0 0 0 
2 2 u u d u 2 2 0 u 2 2 0 0 u 0 2 0 0 0 0 0 2 0 0 0 0 u 0 0 u 0 
2 2 u u d u 2 2 0 0 2 2 0 u u 0 2 0 0 0 0 0 0 u 0 0 2 0 0 0 u 0 
2 u u u 0 0 2 u 0 u 2 2 0 0 0 u 2 0 0 0 0 d 2 0 d 0 2 u 0 0 u 0 
2 u u u 0 0 2 2 0 0 2 u 0 u 0 u 2 0 0 0 0 d 2 u 0 0 2 0 d 0 u 0 
2 2 u u d u 2 2 0 0 2 2 0 u u 0 2 0 0 0 0 0 2 u 0 0 0 0 0 0 u 0 
2 2 u u d u 2 2 0 u 2 2 0 0 u 0 2 0 0 0 0 0 0 0 0 0 2 u 0 0 u 0 
2 d u u 0 u 2 2 0 u 2 d u 0 u 0 2 0 0 u 0 0 2 u 0 0 2 0 0 0 0 0 
2 d u u 0 u 2 d u 0 2 2 0 u u 0 2 0 0 u 0 0 2 0 0 0 2 u 0 0 0 0 
2 2 2 u u 0 2 2 0 0 2 2 0 u u 0 2 0 0 0 0 0 u 0 0 0 2 0 0 0 u 0 
2 2 2 u u 0 2 2 0 u 2 2 0 0 u 0 2 0 0 0 0 0 2 0 0 0 u 0 0 0 u 0 
2 u u u 0 0 2 u 0 0 2 2 0 u 0 u 2 0 0 0 0 d 2 u d 0 2 0 0 0 u 0 
2 u u u 0 0 2 2 0 u 2 u 0 0 0 u 2 0 0 0 0 d 2 0 0 0 2 u d 0 u 0 
2 2 u u 0 0 u 2 0 0 2 2 0 0 u 0 2 u 0 0 0 0 2 u 0 0 2 0 0 0 2 0 
2 2 u u 0 0 2 2 0 0 u 2 0 0 u 0 2 u 0 0 0 0 2 0 0 0 2 u 0 0 2 0 
2 2 u u 0 0 2 2 0 0 2 u 0 0 u 0 2 0 0 0 0 0 2 0 0 u 2 u d 0 u 0 
2 2 u u 0 0 2 u 0 0 2 2 0 0 u 0 2 0 0 0 0 0 2 u d 0 2 0 0 u u 0 
2 d u 0 u d 2 u u 0 2 2 0 u 0 u 2 0 0 0 0 0 2 u 0 0 2 0 0 0 u 0 
2 d u 0 u d 2 2 0 u 2 u u 0 0 u 2 0 0 0 0 0 2 0 0 0 2 u 0 0 u 0 
2 2 u d u u 2 0 0 0 2 2 0 u 0 u 2 0 0 0 0 0 2 u 0 0 2 0 0 0 u 0 
2 2 u d u u 2 2 0 u 2 0 0 0 0 u 2 0 0 0 0 0 2 0 0 0 2 u 0 0 u 0 
2 2 u u 0 0 2 2 0 u 2 2 0 0 u 0 u 0 0 0 0 u 2 0 0 0 d u 0 d u 0 
2 2 u u 0 0 2 2 0 0 2 2 0 u u 0 u 0 0 0 0 u d u 0 d 2 0 0 0 u 0 
2 2 u u 0 0 d 2 0 u 2 2 0 0 u u d u 0 0 0 0 2 u 0 0 2 0 0 u 0 0 
2 2 u u 0 0 2 2 0 0 d 2 0 u u u d u 0 0 0 0 2 0 0 u 2 u 0 0 0 0 
2 u u 0 u d 2 u d u 2 2 0 0 0 u 2 0 0 0 0 0 2 0 0 0 2 u 0 0 u 0 
2 u u 0 u d 2 2 0 0 2 u d u 0 u 2 0 0 0 0 0 2 u 0 0 2 0 0 0 u 0 
2 2 u u 0 0 2 2 0 d 2 2 0 u 0 0 2 u 0 0 0 0 2 u 0 0 u 0 0 0 u 0 
2 2 u u 0 0 2 2 0 u 2 2 0 d 0 0 2 u 0 0 0 0 u 0 0 0 2 u 0 0 u 0 
2 2 u 2 0 0 2 2 0 0 u 2 0 u u 0 2 0 u 0 0 0 2 u 0 0 d 0 0 0 u 0 
2 2 u 2 0 0 u 2 0 u 2 2 0 0 u 0 2 0 u 0 0 0 d 0 0 0 2 u 0 0 u 0 
2 2 u u 0 0 2 2 0 0 u 2 0 0 u 0 2 0 0 0 0 0 2 d 0 0 2 u u 0 u 0 
2 2 u u 0 0 u 2 0 0 2 2 0 0 u 0 2 0 0 0 0 0 2 u u 0 2 d 0 0 u 0 
2 2 u 0 0 0 2 2 0 u 2 0 0 0 u u 2 u 0 0 0 0 2 0 0 0 2 u d u 0 0 
2 2 u 0 0 0 2 0 0 0 2 2 0 u u u 2 u 0 0 0 0 2 u d u 2 0 0 0 0 0 
2 2 u 0 0 0 2 2 0 0 2 d 0 u 0 u 2 0 0 u 0 0 2 u 0 0 2 0 0 u u 0 
2 2 u 0 0 0 2 d 0 u 2 2 0 0 0 u 2 0 0 u 0 0 2 0 0 u 2 u 0 0 u 0 
2 2 2 u 0 0 2 2 0 0 d 2 0 u u 0 2 u 0 u 0 0 2 0 0 0 u u 0 0 0 0 
2 2 2 u 0 0 d 2 0 u 2 2 0 0 u 0 2 u 0 u 0 0 u u 0 0 2 0 0 0 0 0 
2 2 u u u 0 2 2 0 u 2 u 0 0 u 0 2 u 0 0 0 d 2 u 0 0 d 0 0 0 0 0 
2 2 u u u 0 2 u 0 0 2 2 0 u u 0 2 u 0 0 0 d d 0 0 0 2 u 0 0 0 0 
2 2 u u 0 0 2 2 0 u 2 2 0 0 u 0 d 0 0 0 0 d 2 0 0 0 u u 0 u u 0 
2 2 u u 0 0 2 2 0 0 2 2 0 u u 0 d 0 0 0 0 d u u 0 u 2 0 0 0 u 0 
2 2 u u 0 0 d 2 u u u 2 d 0 u 0 2 0 0 0 0 0 2 0 0 0 2 u 0 0 u 0 
2 2 u u 0 0 u 2 d 0 d 2 u u u 0 2 0 0 0 0 0 2 u 0 0 2 0 0 0 u 0 
2 2 u u 0 0 d 2 0 0 2 2 0 u u u d u 0 0 0 0 2 0 0 0 2 u 0 u 0 0 
2 2 u u 0 0 2 2 0 u d 2 0 0 u u d u 0 0 0 0 2 u 0 u 2 0 0 0 0 0 
u 2 u u 0 0 2 2 0 u 2 2 u 0 u 0 d u 0 0 0 0 2 u 0 0 2 0 d 0 0 0 
u 2 u u 0 0 2 2 u 0 2 2 0 u u 0 d u 0 0 0 0 2 0 d 0 2 u 0 0 0 0 
2 2 u u 0 0 d 2 u 0 u 2 d u u 0 2 0 0 0 0 0 2 u 0 0 2 0 0 0 u 0 
2 2 u u 0 0 u 2 d u d 2 u 0 u 0 2 0 0 0 0 0 2 0 0 0 2 u 0 0 u 0 
2 2 0 u u 0 2 u 0 0 2 u 0 u u 0 2 0 u 0 0 0 2 0 d 0 2 u d 0 0 0 
2 2 0 u u 0 2 u 0 u 2 u 0 0 u 0 2 0 u 0 0 0 2 u d 0 2 0 d 0 0 0 
2 2 u u 0 0 2 2 0 0 u 2 0 0 u 0 2 0 0 0 0 0 2 u 0 0 2 d u 0 u 0 
2 2 u u 0 0 u 2 0 0 2 2 0 0 u 0 2 0 0 0 0 0 2 d u 0 2 u 0 0 u 0 
2 2 u 0 0 0 2 d 0 0 2 u 0 u u u 2 u 0 0 0 0 2 u u 0 2 0 0 d 0 0 
2 2 u 0 0 0 2 u 0 u 2 d 0 0 u u 2 u 0 0 0 0 2 0 0 d 2 u u 0 0 0 
2 2 u u u 0 2 2 0 u 2 u 0 0 u 0 2 0 0 d 0 0 2 0 0 0 d u 0 0 u 0 
2 2 u u u 0 2 u 0 0 2 2 0 u u 0 2 0 0 d 0 0 d u 0 0 2 0 0 0 u 0 
u 2 u 0 0 0 2 2 d u 2 2 0 u u 0 2 u 0 0 0 0 2 0 0 0 2 u 0 0 0 0 
u 2 u 0 0 0 2 2 0 u 2 2 d u u 0 2 u 0 0 0 0 2 u 0 0 2 0 0 0 0 0 
2 2 0 2 0 0 2 2 0 0 2 2 0 u u 0 u u 0 u 0 0 2 0 0 0 2 u 0 0 0 0 
2 2 0 2 0 0 2 2 0 u 2 2 0 0 u 0 u u 0 u 0 0 2 u 0 0 2 0 0 0 0 0 
2 d u u 0 u 2 2 0 0 2 d u u u 0 2 0 0 u 0 0 2 0 0 0 2 u 0 0 0 0 
2 d u u 0 u 2 d u u 2 2 0 0 u 0 2 0 0 u 0 0 2 u 0 0 2 0 0 0 0 0 
2 2 0 u 0 0 2 2 0 u 2 2 0 u u 0 2 0 0 0 0 0 2 u 0 0 u 0 0 0 u d 
2 2 0 u 0 0 2 2 0 u 2 2 0 u u 0 2 0 0 0 0 0 u 0 0 0 2 u 0 0 u d 
2 u u 0 0 0 2 2 0 u 2 2 0 0 u 0 2 u 0 0 d 0 2 0 0 0 2 u 0 0 0 u 
2 u u 0 0 0 2 2 0 0 2 2 0 u u 0 2 u 0 0 d 0 2 u 0 0 2 0 0 0 0 u 
2 u u 0 u d 2 u d 0 2 2 0 u 0 u 2 0 0 0 0 0 2 u 0 0 2 0 0 0 u 0 
2 u u 0 u d 2 2 0 u 2 u d 0 0 u 2 0 0 0 0 0 2 0 0 0 2 u 0 0 u 0 
2 2 u u 0 0 2 2 0 0 2 2 0 u u 0 2 u 0 u 0 d 2 0 0 0 0 u 0 0 0 0 
2 2 u u 0 0 2 2 0 u 2 2 0 0 u 0 2 u 0 u 0 d 0 u 0 0 2 0 0 0 0 0 
u 2 u u 0 0 2 2 0 0 2 2 u u u 0 d u 0 0 0 0 2 0 0 0 2 u d 0 0 0 
u 2 u u 0 0 2 2 u u 2 2 0 0 u 0 d u 0 0 0 0 2 u d 0 2 0 0 0 0 0 
2 2 u u 0 0 d 2 0 u 2 d 0 0 u 0 2 u 0 0 0 0 2 u u 0 2 0 0 u 0 0 
2 2 u u 0 0 2 d 0 0 d 2 0 u u 0 2 u 0 0 0 0 2 0 0 u 2 u u 0 0 0 
2 2 u 0 0 0 2 d 0 u 2 d 0 0 u u 2 0 0 u 0 0 2 0 u 0 2 u u 0 0 0 
2 2 u 0 0 0 2 d 0 0 2 d 0 u u u 2 0 0 u 0 0 2 u u 0 2 0 u 0 0 0 
u 2 u 2 0 0 2 2 0 0 2 2 0 u u 0 2 0 0 0 0 0 2 u 0 0 u d 0 0 u 0 
u 2 u 2 0 0 2 2 0 u 2 2 0 0 u 0 2 0 0 0 0 0 u d 0 0 2 u 0 0 u 0 
2 0 0 0 0 0 2 2 2 0 2 2 0 u u 0 2 u u 0 0 0 2 u 0 0 2 0 0 0 u 0 
2 0 0 0 0 0 2 2 0 u 2 2 2 0 u 0 2 u u 0 0 0 2 0 0 0 2 u 0 0 u 0 
2 2 u 0 u 0 2 2 0 u 2 u 0 0 u u 2 2 0 0 0 0 2 0 0 0 2 0 0 0 0 0 
2 2 u 0 u 0 2 u 0 0 2 2 0 u u u 2 2 0 0 0 0 2 0 0 0 2 0 0 0 0 0 
2 2 u u 0 0 2 2 0 0 2 2 0 u u 0 2 u 0 u 0 d 0 0 0 0 2 u 0 0 0 0 
2 2 u u 0 0 2 2 0 u 2 2 0 0 u 0 2 u 0 u 0 d 2 u 0 0 0 0 0 0 0 0 
2 2 u 0 0 0 2 d 0 u 2 u 0 0 u u 2 u 0 0 0 0 2 0 u 0 2 u 0 d 0 0 
2 2 u 0 0 0 2 u 0 0 2 d 0 u u u 2 u 0 0 0 0 2 u 0 d 2 0 u 0 0 0 
2 0 0 0 0 0 2 2 2 u 2 2 0 0 u 0 2 u u 0 0 0 2 0 0 0 2 u 0 0 u 0 
2 0 0 0 0 0 2 2 0 0 2 2 2 u u 0 2 u u 0 0 0 2 u 0 0 2 0 0 0 u 0 
2 2 u 0 0 0 2 2 0 0 2 0 0 u u u 2 u 0 0 0 0 2 u 0 0 2 0 d u 0 0 
2 2 u 0 0 0 2 0 0 u 2 2 0 0 u u 2 u 0 0 0 0 2 0 d u 2 u 0 0 0 0 
2 u u u 0 0 2 2 0 u 2 2 0 0 u u 2 0 0 0 0 0 d 0 0 0 2 u 0 d u 0 
2 u u u 0 0 2 2 0 0 2 2 0 u u u 2 0 0 0 0 0 2 u 0 d d 0 0 0 u 0 
u 2 u 2 0 0 2 2 0 0 2 2 0 u u 0 2 0 0 0 0 0 u 2 0 0 2 0 0 0 u 0 
u 2 u 2 0 0 2 2 0 u 2 2 0 0 u 0 2 0 0 0 0 0 2 0 0 0 u 2 0 0 u 0 
2 2 u u 0 u 2 2 0 0 2 2 0 u u d 2 0 0 0 0 0 u u 0 0 d 0 0 0 u 0 
2 2 u u 0 u 2 2 0 u 2 2 0 0 u d 2 0 0 0 0 0 d 0 0 0 u u 0 0 u 0 
u 2 u u 0 0 2 2 0 0 2 2 0 u 0 0 2 u u 0 0 0 2 0 0 0 2 u 0 0 d 0 
u 2 u u 0 0 2 2 0 u 2 2 0 0 0 0 2 u u 0 0 0 2 u 0 0 2 0 0 0 d 0 
2 2 u 0 0 0 u 2 0 0 2 2 0 u u 0 2 u 0 0 d 0 2 u 0 0 2 u 0 0 0 0 
2 2 u 0 0 0 2 2 0 u u 2 0 0 u 0 2 u 0 0 d 0 2 u 0 0 2 u 0 0 0 0 
2 2 u u 0 u 2 2 0 0 2 2 0 u u d 2 0 0 0 0 0 d u 0 0 u 0 0 0 u 0 
2 2 u u 0 u 2 2 0 u 2 2 0 0 u d 2 0 0 0 0 0 u 0 0 0 d u 0 0 u 0 
2 2 u u 0 d 2 0 0 0 2 2 0 u 0 0 u u 0 0 0 0 2 0 2 0 2 u 0 0 u 0 
2 2 u u 0 d 2 2 0 u 2 0 0 0 0 0 u u 0 0 0 0 2 u 0 0 2 0 2 0 u 0 
2 2 2 u 0 0 d 2 0 0 2 2 0 u u 0 2 u 0 u 0 0 u 0 0 0 2 u 0 0 0 0 
2 2 2 u 0 0 2 2 0 u d 2 0 0 u 0 2 u 0 u 0 0 2 u 0 0 u 0 0 0 0 0 
2 2 u u 0 d 2 0 0 u 2 2 0 0 0 0 u u 0 0 0 0 2 u 2 0 2 0 0 0 u 0 
2 2 u u 0 d 2 2 0 0 2 0 0 u 0 0 u u 0 0 0 0 2 0 0 0 2 u 2 0 u 0 
2 2 0 0 0 d 2 2 0 0 2 u 0 0 u u 2 u u 0 0 0 2 0 0 0 2 u 0 0 u 0 
2 2 0 0 0 d 2 u 0 0 2 2 0 0 u u 2 u u 0 0 0 2 u 0 0 2 0 0 0 u 0 
2 2 u u 0 0 2 2 0 0 2 2 0 u u 0 u 2 0 0 0 0 d u 0 0 2 u 0 0 0 0 
2 2 u u 0 0 2 2 0 u 2 2 0 0 u 0 u 2 0 0 0 0 2 u 0 0 d u 0 0 0 0 
d 2 u u 0 0 2 2 0 u 2 2 0 0 0 0 2 0 0 0 0 0 2 u 0 0 2 u u 0 u 0 
d 2 u u 0 0 2 2 0 0 2 2 0 u 0 0 2 0 0 0 0 0 2 u u 0 2 u 0 0 u 0 
2 2 u u 0 d 2 u 0 0 2 u 0 u 0 0 u u 0 0 0 0 2 0 d 0 2 u d 0 u 0 
2 2 u u 0 d 2 u 0 u 2 u 0 0 0 0 u u 0 0 0 0 2 u d 0 2 0 d 0 u 0 
d 2 u u 0 u 2 2 0 0 2 2 0 u u 0 2 u 0 0 0 0 u 0 d 0 2 u 0 0 0 0 
d 2 u u 0 u 2 2 0 u 2 2 0 0 u 0 2 u 0 0 0 0 2 u 0 0 u 0 d 0 0 0 
2 2 u u 0 0 2 2 0 0 2 2 0 u u 0 2 2 0 0 0 0 u 0 0 0 u u 0 0 0 d 
2 2 u u 0 0 2 2 0 u 2 2 0 0 u 0 2 2 0 0 0 0 u u 0 0 u 0 0 0 0 d 
d 2 u u 0 u 2 2 0 u 2 2 0 0 u 0 2 u 0 0 0 0 u u d 0 2 0 0 0 0 0 
d 2 u u 0 u 2 2 0 0 2 2 0 u u 0 2 u 0 0 0 0 2 0 0 0 u u d 0 0 0 
2 2 u u 0 0 2 2 0 0 2 2 0 2 0 0 2 u 0 0 0 0 u u 0 0 2 0 0 0 u 0 
2 2 u u 0 0 2 2 0 2 2 2 0 0 0 0 2 u 0 0 0 0 2 0 0 0 u u 0 0 u 0 
2 u 0 0 0 0 2 d 0 u 2 2 0 0 0 u 2 0 u u d 0 2 0 u 0 2 u 0 0 u 0 
2 u 0 0 0 0 2 2 0 0 2 d 0 u 0 u 2 0 u u d 0 2 u 0 0 2 0 u 0 u 0 
u 2 u u 0 0 2 2 0 u 2 2 0 0 u u 2 u 0 0 0 0 2 u d 0 d 0 0 0 0 0 
u 2 u u 0 0 2 2 0 0 2 2 0 u u u 2 u 0 0 0 0 d 0 0 0 2 u d 0 0 0 
2 2 u 0 0 0 2 2 0 u u 2 0 0 u 0 2 u 0 d 0 0 2 u 0 0 2 0 0 u 0 0 
2 2 u 0 0 0 u 2 0 0 2 2 0 u u 0 2 u 0 d 0 0 2 0 0 u 2 u 0 0 0 0 
2 2 u u 0 0 2 2 0 u 2 d d 0 u 0 u u u 0 0 0 2 u 0 0 2 0 0 0 0 0 
2 2 u u 0 0 2 d d 0 2 2 0 u u 0 u u u 0 0 0 2 0 0 0 2 u 0 0 0 0 
2 2 u u 0 u 2 u 0 0 2 d 0 u 2 0 2 0 0 0 0 0 2 u 0 0 2 0 0 0 0 u 
2 2 u u 0 u 2 d 0 u 2 u 0 0 2 0 2 0 0 0 0 0 2 0 0 0 2 u 0 0 0 u 
2 u 2 0 0 0 2 2 0 u 2 2 0 0 u u 2 u 0 0 0 0 2 0 0 0 2 u 0 0 0 0 
2 u 2 0 0 0 2 2 0 0 2 2 0 u u u 2 u 0 0 0 0 2 u 0 0 2 0 0 0 0 0 
u 2 u u 0 0 2 d 0 0 2 2 0 u u 0 2 0 0 0 0 u 2 u d 0 2 0 0 0 u 0 
u 2 u u 0 0 2 2 0 u 2 d 0 0 u 0 2 0 0 0 0 u 2 0 0 0 2 u d 0 u 0 
2 u 0 0 0 0 2 d 0 0 2 2 0 u 0 u 2 0 u u d 0 2 u u 0 2 0 0 0 u 0 
2 u 0 0 0 0 2 2 0 u 2 d 0 0 0 u 2 0 u u d 0 2 0 0 0 2 u u 0 u 0 
2 2 u u 0 0 2 2 0 0 2 2 0 u u 0 2 u 0 d 0 0 u 0 0 0 u u 0 0 d 0 
2 2 u u 0 0 2 2 0 u 2 2 0 0 u 0 2 u 0 d 0 0 u u 0 0 u 0 0 0 d 0 
2 0 u 0 0 0 2 2 0 u 2 2 0 0 u u 2 u 0 0 0 2 2 0 0 0 2 u 0 0 0 0 
2 0 u 0 0 0 2 2 0 0 2 2 0 u u u 2 u 0 0 0 2 2 u 0 0 2 0 0 0 0 0 
u 2 u u 0 0 2 d 0 u 2 2 0 0 u 0 2 0 0 0 0 u 2 0 d 0 2 u 0 0 u 0 
u 2 u u 0 0 2 2 0 0 2 d 0 u u 0 2 0 0 0 0 u 2 u 0 0 2 0 d 0 u 0 
2 2 u 0 0 d 2 u 0 0 2 2 0 0 0 u 2 u 0 0 0 0 2 u 0 0 2 0 0 0 u u 
2 2 u 0 0 d 2 2 0 0 2 u 0 0 0 u 2 u 0 0 0 0 2 0 0 0 2 u 0 0 u u 
2 u 0 u 0 d 2 2 0 u 2 u 0 0 u 0 2 0 u 0 0 0 2 0 0 0 2 u d 0 u 0 
2 u 0 u 0 d 2 u 0 0 2 2 0 u u 0 2 0 u 0 0 0 2 u d 0 2 0 0 0 u 0 
2 u 0 u 0 d 2 2 0 0 2 u 0 u u 0 2 0 u 0 0 0 2 u 0 0 2 0 d 0 u 0 
2 u 0 u 0 d 2 u 0 u 2 2 0 0 u 0 2 0 u 0 0 0 2 0 d 0 2 u 0 0 u 0 
2 2 u u 0 0 u 2 0 u 2 2 0 0 u d u u 0 0 0 0 2 u 0 0 2 0 0 d 0 0 
2 2 u u 0 0 2 2 0 0 u 2 0 u u d u u 0 0 0 0 2 0 0 d 2 u 0 0 0 0 
2 2 u u 0 0 2 2 0 0 2 d d u u 0 u u u 0 0 0 2 0 0 0 2 u 0 0 0 0 
2 2 u u 0 0 2 d d u 2 2 0 0 u 0 u u u 0 0 0 2 u 0 0 2 0 0 0 0 0 
2 2 u u 0 0 0 2 0 0 2 2 0 u u 0 2 u 0 0 0 2 2 0 0 0 2 u 0 0 0 0 
2 2 u u 0 0 2 2 0 u 0 2 0 0 u 0 2 u 0 0 0 2 2 u 0 0 2 0 0 0 0 0 
2 2 u u 0 0 2 2 0 u u 2 0 u u 0 2 d 0 0 0 0 2 u 0 0 2 0 0 0 0 0 
2 2 u u 0 0 u 2 0 u 2 2 0 u u 0 2 d 0 0 0 0 2 0 0 0 2 u 0 0 0 0 
2 u u u 0 0 2 2 0 0 2 2 0 u u u 2 0 0 0 0 0 d u 0 0 2 0 0 d u 0 
2 u u u 0 0 2 2 0 u 2 2 0 0 u u 2 0 0 0 0 0 2 0 0 d d u 0 0 u 0 
u 2 u u 0 0 2 2 0 0 2 2 0 u u u 2 u 0 0 0 0 2 0 d 0 d u 0 0 0 0 
u 2 u u 0 0 2 2 0 u 2 2 0 0 u u 2 u 0 0 0 0 d u 0 0 2 0 d 0 0 0 
2 2 u u 0 d 2 2 0 0 u 2 0 u u 0 u 0 0 0 0 0 2 u 0 0 2 0 0 d u 0 
2 2 u u 0 d u 2 0 u 2 2 0 0 u 0 u 0 0 0 0 0 2 0 0 d 2 u 0 0 u 0 
2 2 u 0 0 d 2 2 0 u 2 2 0 0 0 u u u 0 0 0 0 2 0 0 0 2 u 0 0 0 u 
2 2 u 0 0 d 2 2 0 0 2 2 0 u 0 u u u 0 0 0 0 2 u 0 0 2 0 0 0 0 u 
2 2 u u 0 d 2 2 0 u u 2 0 0 u 0 u 0 0 0 0 0 2 0 0 0 2 u 0 d u 0 
2 2 u u 0 d u 2 0 0 2 2 0 u u 0 u 0 0 0 0 0 2 u 0 d 2 0 0 0 u 0 
2 2 u u d 0 2 2 0 u u 2 0 0 u 0 u u 0 0 0 0 2 u 0 0 2 0 0 d 0 0 
2 2 u u d 0 u 2 0 0 2 2 0 u u 0 u u 0 0 0 0 2 0 0 d 2 u 0 0 0 0 
2 2 u 0 0 0 2 u 0 u 2 2 0 0 0 u 2 u 0 0 0 0 2 0 d 0 2 u 0 0 u 0 
2 2 u 0 0 0 2 2 0 0 2 u 0 u 0 u 2 u 0 0 0 0 2 u 0 0 2 0 d 0 u 0 
2 2 u u 0 d u 2 0 0 2 u 0 u 2 0 2 u 0 0 0 0 2 0 0 0 2 u 0 0 0 0 
2 2 u u 0 d 2 u 0 u u 2 0 0 2 0 2 u 0 0 0 0 2 u 0 0 2 0 0 0 0 0 
2 2 u u 0 0 2 2 0 0 0 2 0 u u 0 2 u 0 0 0 2 2 0 0 0 2 u 0 0 0 0 
2 2 u u 0 0 0 2 0 u 2 2 0 0 u 0 2 u 0 0 0 2 2 u 0 0 2 0 0 0 0 0 
2 2 u u 0 u 2 u 0 u 2 d 0 0 2 0 2 0 0 0 0 0 2 0 0 0 2 u 0 0 0 u 
2 2 u u 0 u 2 d 0 0 2 u 0 u 2 0 2 0 0 0 0 0 2 u 0 0 2 0 0 0 0 u 
2 2 u u u d 2 2 0 0 2 2 0 u u 0 2 0 0 0 0 0 0 u 0 0 2 0 0 0 u 0 
2 2 u u u d 2 2 0 u 2 2 0 0 u 0 2 0 0 0 0 0 2 0 0 0 0 u 0 0 u 0 
d 2 u u 0 0 2 2 0 u 2 2 d 0 u 0 2 0 u 0 0 0 2 0 0 0 u u 0 0 u 0 
d 2 u u 0 0 2 2 d 0 2 2 0 u u 0 2 0 u 0 0 0 u u 0 0 2 0 0 0 u 0 
2 2 2 u 0 0 2 2 0 u 2 u 0 0 0 u 2 u 0 0 0 0 2 0 0 0 2 0 0 0 u 0 
2 2 2 u 0 0 2 u 0 0 2 2 0 u 0 u 2 u 0 0 0 0 2 0 0 0 2 0 0 0 u 0 
d 2 u u 0 0 2 2 0 0 2 2 d u u 0 2 0 u 0 0 0 2 u 0 0 u 0 0 0 u 0 
d 2 u u 0 0 2 2 d u 2 2 0 0 u 0 2 0 u 0 0 0 u 0 0 0 2 u 0 0 u 0 
2 d 0 u 0 0 2 2 0 0 2 2 0 u 0 u 2 u u 0 0 u 2 0 0 0 2 u 0 0 0 0 
2 d 0 u 0 0 2 2 0 u 2 2 0 0 0 u 2 u u 0 0 u 2 u 0 0 2 0 0 0 0 0 
2 2 0 0 0 0 2 2 0 0 2 2 0 u u 0 2 u 0 0 u 0 2 u 0 0 2 0 0 0 u 0 
2 2 0 0 0 0 2 2 0 u 2 2 0 0 u 0 2 u 0 0 u 0 2 0 0 0 2 u 0 0 u 0 
2 2 u 0 0 0 2 u 0 0 2 2 0 u 0 u 2 u 0 0 0 0 2 u d 0 2 0 0 0 u 0 
2 2 u 0 0 0 2 2 0 u 2 u 0 0 0 u 2 u 0 0 0 0 2 0 0 0 2 u d 0 u 0 
2 2 u u 0 0 u 2 d 0 2 2 0 u u 0 u u d 0 0 0 2 0 0 0 2 u 0 0 0 0 
2 2 u u 0 0 2 2 0 u u 2 d 0 u 0 u u d 0 0 0 2 u 0 0 2 0 0 0 0 0 
2 2 u 0 u u 2 u 0 0 2 d 0 u d u 2 0 0 0 0 0 2 u 0 0 2 0 0 0 u 0 
2 2 u 0 u u 2 d 0 u 2 u 0 0 d u 2 0 0 0 0 0 2 0 0 0 2 u 0 0 u 0 
u 2 0 u 0 0 2 2 0 0 2 2 0 u u 0 2 u 0 0 0 0 2 0 0 0 2 u 0 0 2 0 
u 2 0 u 0 0 2 2 0 u 2 2 0 0 u 0 2 u 0 0 0 0 2 u 0 0 2 0 0 0 2 0 
2 2 u u 0 0 2 2 0 u d 2 0 0 0 0 2 u 0 u 0 0 2 u u 0 2 0 0 0 0 0 
2 2 u u 0 0 d 2 0 0 2 2 0 u 0 0 2 u 0 u 0 0 2 0 0 0 2 u u 0 0 0 
2 2 u u u d 2 2 0 0 2 2 0 u u 0 2 0 0 0 0 0 2 u 0 0 0 0 0 0 u 0 
2 2 u u u d 2 2 0 u 2 2 0 0 u 0 2 0 0 0 0 0 0 0 0 0 2 u 0 0 u 0 
2 2 0 0 0 0 2 u 0 u 2 u 0 0 u 0 2 u 0 0 u 0 2 0 d 0 2 u 0 d u 0 
2 2 0 0 0 0 2 u 0 0 2 u 0 u u 0 2 u 0 0 u 0 2 u 0 d 2 0 d 0 u 0 
2 2 u u 0 0 2 2 0 0 2 2 0 u u 0 u u 0 0 0 0 2 u 0 0 d u 0 0 d 0 
2 2 u u 0 0 2 2 0 u 2 2 0 0 u 0 u u 0 0 0 0 d u 0 0 2 u 0 0 d 0 
2 2 0 0 0 0 2 u 0 0 2 u 0 u u 0 2 u 0 0 u 0 2 u d 0 2 0 0 d u 0 
2 2 0 0 0 0 2 u 0 u 2 u 0 0 u 0 2 u 0 0 u 0 2 0 0 d 2 u d 0 u 0 
2 2 u u 0 d 2 u 0 0 u 2 0 u 2 0 2 u 0 0 0 0 2 0 0 0 2 u 0 0 0 0 
2 2 u u 0 d u 2 0 u 2 u 0 0 2 0 2 u 0 0 0 0 2 u 0 0 2 0 0 0 0 0 
2 d u u 0 0 d 2 0 u 2 2 0 0 u 0 2 u 0 0 u 0 2 u u 0 2 0 0 0 0 0 
2 d u u 0 0 2 2 0 0 d 2 0 u u 0 2 u 0 0 u 0 2 0 0 0 2 u u 0 0 0 
u 2 u u 0 0 2 2 0 0 2 2 0 u 2 0 2 0 0 0 0 0 u u 0 0 2 d 0 0 u 0 
u 2 u u 0 0 2 2 0 u 2 2 0 0 2 0 2 0 0 0 0 0 2 d 0 0 u u 0 0 u 0 
2 d u u 0 0 d 2 0 0 2 2 0 u u 0 2 u 0 0 u 0 2 0 u 0 2 u 0 0 0 0 
2 d u u 0 0 2 2 0 u d 2 0 0 u 0 2 u 0 0 u 0 2 u 0 0 2 0 u 0 0 0 
2 2 u 0 0 0 2 2 0 0 2 2 u u u 0 2 0 0 0 0 d 2 u 0 0 u 0 0 0 u 0 
2 2 u 0 0 0 2 2 u u 2 2 0 0 u 0 2 0 0 0 0 d u 0 0 0 2 u 0 0 u 0 
2 u u u 0 d 2 2 0 0 2 0 0 u u 0 2 0 0 0 0 0 2 u 0 0 2 0 2 0 u 0 
2 u u u 0 d 2 0 0 u 2 2 0 0 u 0 2 0 0 0 0 0 2 0 2 0 2 u 0 0 u 0 
2 u u u 0 d 2 2 0 u 2 0 0 0 u 0 2 0 0 0 0 0 2 0 0 0 2 u 2 0 u 0 
2 u u u 0 d 2 0 0 0 2 2 0 u u 0 2 0 0 0 0 0 2 u 2 0 2 0 0 0 u 0 
2 2 0 u 0 0 2 2 0 0 u 2 0 u u 0 2 0 0 0 d 0 2 u 0 0 2 0 0 u u 0 
2 2 0 u 0 0 u 2 0 u 2 2 0 0 u 0 2 0 0 0 d 0 2 0 0 u 2 u 0 0 u 0 
2 2 u u 0 0 2 2 0 0 2 2 0 u u 0 2 u 0 0 0 d u 0 0 0 2 0 0 0 0 u 
2 2 u u 0 0 2 2 0 u 2 2 0 0 u 0 2 u 0 0 0 d 2 0 0 0 u 0 0 0 0 u 
2 2 0 u 0 0 d 2 0 0 2 2 0 u u 0 2 0 0 0 0 u 2 u u 0 2 0 0 0 u 0 
2 2 0 u 0 0 2 2 0 u d 2 0 0 u 0 2 0 0 0 0 u 2 0 0 0 2 u u 0 u 0 
2 d d 0 0 0 2 2 0 u 2 2 0 0 u 0 u u u 0 u 0 2 0 0 0 2 u 0 0 u 0 
2 d d 0 0 0 2 2 0 0 2 2 0 u u 0 u u u 0 u 0 2 u 0 0 2 0 0 0 u 0 
2 2 u u 0 0 2 2 0 u 2 u 0 0 2 0 u u 0 0 0 0 2 u d 0 2 0 0 0 0 0 
2 2 u u 0 0 2 u 0 0 2 2 0 u 2 0 u u 0 0 0 0 2 0 0 0 2 u d 0 0 0 
2 2 u 0 u 0 2 2 0 u 2 u d 0 0 u 2 0 0 0 0 0 2 0 0 0 2 u 0 0 0 u 
2 2 u 0 u 0 2 u d 0 2 2 0 u 0 u 2 0 0 0 0 0 2 u 0 0 2 0 0 0 0 u 
2 2 u u 0 0 2 2 0 0 d 2 0 u 0 0 2 u 0 u 0 0 2 0 u 0 2 u 0 0 0 0 
2 2 u u 0 0 d 2 0 u 2 2 0 0 0 0 2 u 0 u 0 0 2 u 0 0 2 0 u 0 0 0 
2 2 u u 0 0 2 2 0 0 u d 0 u u 0 2 0 0 0 0 0 2 u 0 0 2 2 0 0 u 0 
2 2 u u 0 0 u d 0 u 2 2 0 0 u 0 2 0 0 0 0 0 2 2 0 0 2 u 0 0 u 0 
2 2 u u 0 0 u 2 d u 2 2 0 0 u 0 u u d 0 0 0 2 u 0 0 2 0 0 0 0 0 
2 2 u u 0 0 2 2 0 0 u 2 d u u 0 u u d 0 0 0 2 0 0 0 2 u 0 0 0 0 
2 2 u u 0 0 2 2 0 u u d 0 0 u 0 2 0 0 0 0 0 2 2 0 0 2 u 0 0 u 0 
2 2 u u 0 0 u d 0 0 2 2 0 u u 0 2 0 0 0 0 0 2 u 0 0 2 2 0 0 u 0 
2 2 u 0 u u 2 d 0 0 2 u 0 u d u 2 0 0 0 0 0 2 u 0 0 2 0 0 0 u 0 
2 2 u 0 u u 2 u 0 u 2 d 0 0 d u 2 0 0 0 0 0 2 0 0 0 2 u 0 0 u 0 
2 2 u u 0 0 u 2 0 0 2 2 0 0 u 0 2 u d 0 0 0 2 0 0 0 2 u 0 0 0 u 
2 2 u u 0 0 2 2 0 0 u 2 0 0 u 0 2 u d 0 0 0 2 u 0 0 2 0 0 0 0 u 
2 2 u 0 0 0 2 2 0 0 u 2 0 u u 0 2 u 0 d 0 0 2 0 0 0 2 u 0 u 0 0 
2 2 u 0 0 0 u 2 0 u 2 2 0 0 u 0 2 u 0 d 0 0 2 u 0 u 2 0 0 0 0 0 
u 2 u u 0 0 2 2 0 0 2 2 0 u 2 0 2 0 0 0 0 0 2 2 0 0 u 0 0 0 u 0 
u 2 u u 0 0 2 2 0 u 2 2 0 0 2 0 2 0 0 0 0 0 u 0 0 0 2 2 0 0 u 0 
2 2 u u 0 0 2 2 0 0 2 u 0 u 2 0 u u 0 0 0 0 2 0 d 0 2 u 0 0 0 0 
2 2 u u 0 0 2 u 0 u 2 2 0 0 2 0 u u 0 0 0 0 2 u 0 0 2 0 d 0 0 0 
2 2 u u 0 0 u 2 0 0 2 2 0 u 2 0 2 0 u 0 0 0 2 u 0 0 d 0 0 0 u 0 
2 2 u u 0 0 2 2 0 u u 2 0 0 2 0 2 0 u 0 0 0 d 0 0 0 2 u 0 0 u 0 
2 2 u 0 u 0 2 2 0 0 2 u d u 0 u 2 0 0 0 0 0 2 u 0 0 2 0 0 0 0 u 
2 2 u 0 u 0 2 u d u 2 2 0 0 0 u 2 0 0 0 0 0 2 0 0 0 2 u 0 0 0 u 
2 2 u u 0 0 2 2 0 0 u 2 0 u 2 0 2 0 u 0 0 0 d u 0 0 2 0 0 0 u 0 
2 2 u u 0 0 u 2 0 u 2 2 0 0 2 0 2 0 u 0 0 0 2 0 0 0 d u 0 0 u 0 
2 2 0 u 0 0 d 2 0 u 2 2 0 0 u 0 2 0 0 0 0 u 2 0 u 0 2 u 0 0 u 0 
2 2 0 u 0 0 2 2 0 0 d 2 0 u u 0 2 0 0 0 0 u 2 u 0 0 2 0 u 0 u 0 
2 2 0 u 0 0 2 2 0 0 2 2 u u u 0 d 0 0 0 0 0 2 u 0 0 2 0 0 u u 0 
2 2 0 u 0 0 2 2 u u 2 2 0 0 u 0 d 0 0 0 0 0 2 0 0 u 2 u 0 0 u 0 
2 2 u u 0 0 u 2 0 0 2 2 0 u u d u u 0 0 0 0 2 0 0 0 2 u 0 d 0 0 
2 2 u u 0 0 2 2 0 u u 2 0 0 u d u u 0 0 0 0 2 u 0 d 2 0 0 0 0 0 
2 2 0 u 0 0 2 2 0 u 2 u 0 0 u 0 2 0 u u 0 0 2 u 0 0 2 0 d 0 0 0 
2 2 0 u 0 0 2 u 0 0 2 2 0 u u 0 2 0 u u 0 0 2 0 d 0 2 u 0 0 0 0 
2 2 u 0 0 0 2 2 0 0 2 2 u u u 0 2 u 0 u 0 0 2 0 0 0 2 0 0 0 0 0 
2 2 u 0 0 0 2 2 u u 2 2 0 0 u 0 2 u 0 u 0 0 2 0 0 0 2 0 0 0 0 0 
2 2 u u 0 0 u 2 0 u 2 2 0 u u 0 2 0 0 0 0 0 2 u 0 0 2 0 0 0 d 0 
2 2 u u 0 0 2 2 0 u u 2 0 u u 0 2 0 0 0 0 0 2 0 0 0 2 u 0 0 d 0 
2 2 u u d 0 2 2 0 0 u 2 0 u u 0 u u 0 0 0 0 2 0 0 0 2 u 0 d 0 0 
2 2 u u d 0 u 2 0 u 2 2 0 0 u 0 u u 0 0 0 0 2 u 0 d 2 0 0 0 0 0 
2 2 u u 0 0 2 d 0 u 2 2 d 0 u 0 2 0 0 0 0 0 2 0 u 0 u u 0 0 u 0 
2 2 u u 0 0 2 2 d 0 2 d 0 u u 0 2 0 0 0 0 0 u u 0 0 2 0 u 0 u 0 
2 2 0 u 0 0 2 2 0 u u 2 0 0 u 0 2 0 0 0 d 0 2 0 0 0 2 u 0 u u 0 
2 2 0 u 0 0 u 2 0 0 2 2 0 u u 0 2 0 0 0 d 0 2 u 0 u 2 0 0 0 u 0 
2 2 u u 0 0 2 2 0 0 u 2 0 u 2 0 u 0 0 0 0 0 2 2 0 0 2 0 0 0 u 0 
2 2 u u 0 0 u 2 0 u 2 2 0 0 2 0 u 0 0 0 0 0 2 0 0 0 2 2 0 0 u 0 
2 2 u u 0 0 d 2 0 0 d 2 0 u u 0 2 u 0 u 0 0 2 0 0 0 2 u 0 0 u 0 
2 2 u u 0 0 d 2 0 u d 2 0 0 u 0 2 u 0 u 0 0 2 u 0 0 2 0 0 0 u 0 
2 2 u u 0 0 2 d 0 0 2 2 d u u 0 2 0 0 0 0 0 2 u u 0 u 0 0 0 u 0 
2 2 u u 0 0 2 2 d u 2 d 0 0 u 0 2 0 0 0 0 0 u 0 0 0 2 u u 0 u 0 
2 u 0 u 0 2 2 2 0 0 2 0 0 u u 0 2 0 0 0 2 0 2 u 0 0 2 0 0 0 u 0 
2 u 0 u 0 2 2 0 0 u 2 2 0 0 u 0 2 0 0 0 2 0 2 0 0 0 2 u 0 0 u 0 
2 u 0 u 0 2 2 0 0 0 2 2 0 u u 0 2 0 0 0 2 0 2 u 0 0 2 0 0 0 u 0 
2 u 0 u 0 2 2 2 0 u 2 0 0 0 u 0 2 0 0 0 2 0 2 0 0 0 2 u 0 0 u 0 
2 2 u u u 0 2 2 0 0 2 u 0 u u 0 2 0 0 d 0 0 2 u 0 0 d 0 0 0 u 0 
2 2 u u u 0 2 u 0 u 2 2 0 0 u 0 2 0 0 d 0 0 d 0 0 0 2 u 0 0 u 0 
2 2 u 0 0 u 2 d 0 0 2 u 0 u d 0 2 u 0 u 0 0 2 0 0 0 2 u 0 0 u 0 
2 2 u 0 0 u 2 u 0 u 2 d 0 0 d 0 2 u 0 u 0 0 2 u 0 0 2 0 0 0 u 0 
2 2 0 u 0 0 2 2 0 0 2 u 0 u u 0 2 0 u u 0 0 2 0 0 0 2 u d 0 0 0 
2 2 0 u 0 0 2 u 0 u 2 2 0 0 u 0 2 0 u u 0 0 2 u d 0 2 0 0 0 0 0 
2 u u 0 u 0 2 d 0 0 2 2 d u u u 2 0 0 0 0 0 2 u 0 0 2 0 0 0 u 0 
2 u u 0 u 0 2 2 d u 2 d 0 0 u u 2 0 0 0 0 0 2 0 0 0 2 u 0 0 u 0 
2 2 u 0 0 0 2 2 0 u 2 d 0 u u u 2 u 0 0 0 0 2 0 0 0 2 u 0 0 0 0 
2 2 u 0 0 0 2 d 0 u 2 2 0 u u u 2 u 0 0 0 0 2 u 0 0 2 0 0 0 0 0 
2 2 u 0 0 u 2 2 0 u 2 2 0 0 0 u d u 0 0 0 0 2 0 0 0 2 u 0 0 0 u 
2 2 u 0 0 u 2 2 0 0 2 2 0 u 0 u d u 0 0 0 0 2 u 0 0 2 0 0 0 0 u 
2 2 u u 0 0 2 2 0 u 2 2 0 0 u 0 2 0 0 0 0 0 2 0 0 0 0 u d u u 0 
2 2 u u 0 0 2 2 0 0 2 2 0 u u 0 2 0 0 0 0 0 0 u d u 2 0 0 0 u 0 
2 2 u 0 0 0 2 2 0 u 2 2 u 0 u 0 2 0 0 0 0 d 2 0 0 0 u u 0 0 u 0 
2 2 u 0 0 0 2 2 u 0 2 2 0 u u 0 2 0 0 0 0 d u u 0 0 2 0 0 0 u 0 
2 u u 0 u 0 2 d 0 u 2 2 d 0 u u 2 0 0 0 0 0 2 0 0 0 2 u 0 0 u 0 
2 u u 0 u 0 2 2 d 0 2 d 0 u u u 2 0 0 0 0 0 2 u 0 0 2 0 0 0 u 0 
2 2 u 0 0 0 2 u 0 0 2 2 0 u u 0 2 2 0 u 0 0 2 0 0 0 2 0 0 0 u 0 
2 2 u 0 0 0 2 2 0 u 2 u 0 0 u 0 2 2 0 u 0 0 2 0 0 0 2 0 0 0 u 0 
2 2 u u 0 0 2 2 0 0 2 2 0 u u 0 2 0 0 0 0 0 2 u 0 0 0 0 u d u 0 
2 2 u u 0 0 2 2 0 u 2 2 0 0 u 0 2 0 0 0 0 0 0 0 u d 2 u 0 0 u 0 
2 2 u u 0 0 u 2 0 0 2 2 0 u 2 0 u 0 0 0 0 0 2 u 0 0 2 d 0 0 u 0 
2 2 u u 0 0 2 2 0 u u 2 0 0 2 0 u 0 0 0 0 0 2 d 0 0 2 u 0 0 u 0 
2 d u 2 0 0 2 2 0 u u 2 u 0 u 0 2 0 0 0 0 0 2 0 0 0 2 u 0 0 u 0 
2 d u 2 0 0 u 2 u 0 2 2 0 u u 0 2 0 0 0 0 0 2 u 0 0 2 0 0 0 u 0 
2 2 u u 0 0 2 2 0 u 2 2 0 0 u 0 2 0 0 0 0 0 2 0 0 0 0 u u d u 0 
2 2 u u 0 0 2 2 0 0 2 2 0 u u 0 2 0 0 0 0 0 0 u u d 2 0 0 0 u 0 
2 2 u u 0 0 2 2 0 0 2 2 0 u u 0 2 0 0 0 0 0 2 u 0 0 0 0 d u u 0 
2 2 u u 0 0 2 2 0 u 2 2 0 0 u 0 2 0 0 0 0 0 0 0 d u 2 u 0 0 u 0 
2 2 0 0 0 0 2 d 0 0 2 2 0 u u u 2 u 0 0 0 u 2 u u 0 2 0 0 0 0 0 
2 2 0 0 0 0 2 2 0 u 2 d 0 0 u u 2 u 0 0 0 u 2 0 0 0 2 u u 0 0 0 
2 2 u d 0 u 2 0 0 0 2 2 0 u 0 0 2 u 0 u 0 0 2 0 0 0 2 u 0 0 u 0 
2 2 u d 0 u 2 2 0 u 2 0 0 0 0 0 2 u 0 u 0 0 2 u 0 0 2 0 0 0 u 0 
2 d u 2 0 0 2 2 0 0 u 2 u u u 0 2 0 0 0 0 0 2 u 0 0 2 0 0 0 u 0 
2 d u 2 0 0 u 2 u u 2 2 0 0 u 0 2 0 0 0 0 0 2 0 0 0 2 u 0 0 u 0 
2 2 u 2 0 d 2 2 0 0 u u 0 u u 0 2 u 0 0 0 0 2 0 0 0 2 u 0 0 0 0 
2 2 u 2 0 d u u 0 u 2 2 0 0 u 0 2 u 0 0 0 0 2 u 0 0 2 0 0 0 0 0 
2 2 u u 0 0 2 2 0 u 2 2 0 0 u 0 u u 0 0 0 0 u u 0 0 2 0 0 d d 0 
2 2 u u 0 0 2 2 0 0 2 2 0 u u 0 u u 0 0 0 0 2 0 0 d u u 0 0 d 0 
2 2 2 u 0 0 2 2 d 0 2 2 0 u u 0 u 0 0 0 0 0 u u 0 0 2 0 0 0 u 0 
2 2 2 u 0 0 2 2 0 u 2 2 d 0 u 0 u 0 0 0 0 0 2 0 0 0 u u 0 0 u 0 
2 2 u 0 u 0 2 2 0 0 2 u 0 u u u 2 u 0 0 0 0 2 0 0 0 2 0 0 0 d 0 
2 2 u 0 u 0 2 u 0 u 2 2 0 0 u u 2 u 0 0 0 0 2 0 0 0 2 0 0 0 d 0 
2 2 u u 0 0 2 2 0 u 2 d 0 u u 0 2 0 0 0 0 0 2 0 0 0 u 2 0 0 u 0 
2 2 u u 0 0 2 d 0 u 2 2 0 u u 0 2 0 0 0 0 0 u 2 0 0 2 0 0 0 u 0 
2 2 u u 0 0 2 2 0 u 2 2 u 0 0 0 u u 0 0 0 0 2 u 0 d 2 0 0 0 0 0 
2 2 u u 0 0 2 2 u 0 2 2 0 u 0 0 u u 0 0 0 0 2 0 0 0 2 u 0 d 0 0 
2 2 0 0 0 0 2 2 0 0 2 d 0 u u u 2 u 0 0 0 u 2 u 0 0 2 0 u 0 0 0 
2 2 0 0 0 0 2 d 0 u 2 2 0 0 u u 2 u 0 0 0 u 2 0 u 0 2 u 0 0 0 0 
u 2 u u 0 0 2 2 d u 2 2 0 u 0 0 2 u 0 0 0 0 2 u 0 0 2 0 0 0 0 0 
u 2 u u 0 0 2 2 0 u 2 2 d u 0 0 2 u 0 0 0 0 2 0 0 0 2 u 0 0 0 0 
2 2 0 0 0 d 2 u 0 0 2 u u u u 0 2 u 0 0 0 0 2 u d 0 2 0 0 0 u 0 
2 2 0 0 0 d 2 u u u 2 u 0 0 u 0 2 u 0 0 0 0 2 0 0 0 2 u d 0 u 0 
2 2 0 u 0 0 2 2 0 u 2 2 u 0 u 0 d 0 0 0 0 0 2 0 0 0 2 u 0 u u 0 
2 2 0 u 0 0 2 2 u 0 2 2 0 u u 0 d 0 0 0 0 0 2 u 0 u 2 0 0 0 u 0 
2 2 2 u 0 0 d 2 0 0 2 2 0 u u 0 2 u 0 0 0 0 2 0 0 0 u u 0 0 0 u 
2 2 2 u 0 0 2 2 0 u d 2 0 0 u 0 2 u 0 0 0 0 u u 0 0 2 0 0 0 0 u 
2 2 u u 0 0 d 2 0 u 2 2 0 u u 0 u 2 0 0 0 0 2 0 0 0 2 u 0 0 0 0 
2 2 u u 0 0 2 2 0 u d 2 0 u u 0 u 2 0 0 0 0 2 u 0 0 2 0 0 0 0 0 
2 2 u d u 0 2 u 0 0 2 2 0 0 u u 2 0 0 0 0 0 2 u 0 0 2 0 0 0 u 0 
2 2 u d u 0 2 2 0 0 2 u 0 0 u u 2 0 0 0 0 0 2 0 0 0 2 u 0 0 u 0 
2 2 2 u 0 0 2 2 d u 2 2 0 0 u 0 u 0 0 0 0 0 u 0 0 0 2 u 0 0 u 0 
2 2 2 u 0 0 2 2 0 0 2 2 d u u 0 u 0 0 0 0 0 2 u 0 0 u 0 0 0 u 0 
2 2 u u 0 0 2 2 0 u 2 d 0 u u 0 2 0 0 0 0 0 2 2 0 0 u 0 0 0 u 0 
2 2 u u 0 0 2 d 0 u 2 2 0 u u 0 2 0 0 0 0 0 u 0 0 0 2 2 0 0 u 0 
2 2 u 2 0 d u u 0 0 2 2 0 u u 0 2 u 0 0 0 0 2 0 0 0 2 u 0 0 0 0 
2 2 u 2 0 d 2 2 0 u u u 0 0 u 0 2 u 0 0 0 0 2 u 0 0 2 0 0 0 0 0 
2 2 u 0 0 0 2 2 0 u 2 d 0 0 0 u 2 0 0 u 0 0 2 0 0 0 2 u 0 u u 0 
2 2 u 0 0 0 2 d 0 0 2 2 0 u 0 u 2 0 0 u 0 0 2 u 0 u 2 0 0 0 u 0 
2 2 u u u 0 2 2 0 0 d 2 0 u u 0 2 0 d 0 0 0 2 u 0 0 u 0 0 0 u 0 
2 2 u u u 0 d 2 0 u 2 2 0 0 u 0 2 0 d 0 0 0 u 0 0 0 2 u 0 0 u 0 
2 2 u u 0 0 2 2 2 0 2 2 0 u u 0 u 0 0 0 0 0 2 0 0 0 2 u 0 0 0 0 
2 2 u u 0 0 2 2 0 u 2 2 2 0 u 0 u 0 0 0 0 0 2 u 0 0 2 0 0 0 0 0 
2 2 u u d 0 2 2 0 0 2 d 0 u u 0 2 u 0 0 0 0 u 0 0 0 2 u 0 0 u 0 
2 2 u u d 0 2 d 0 u 2 2 0 0 u 0 2 u 0 0 0 0 2 u 0 0 u 0 0 0 u 0 
2 2 0 0 0 d 2 u 0 u 2 u u 0 u 0 2 u 0 0 0 0 2 0 d 0 2 u 0 0 u 0 
2 2 0 0 0 d 2 u u 0 2 u 0 u u 0 2 u 0 0 0 0 2 u 0 0 2 0 d 0 u 0 
2 d u 0 0 0 2 2 u 0 2 u 0 u d 0 2 u 0 0 0 0 2 u 0 0 2 0 0 0 u u 
2 d u 0 0 0 2 u 0 u 2 2 u 0 d 0 2 u 0 0 0 0 2 0 0 0 2 u 0 0 u u 
2 2 u u 0 0 2 2 0 0 2 2 u u 0 0 u u 0 0 0 0 2 0 0 d 2 u 0 0 0 0 
2 2 u u 0 0 2 2 u u 2 2 0 0 0 0 u u 0 0 0 0 2 u 0 0 2 0 0 d 0 0 
2 2 u u 0 0 2 2 0 0 2 2 2 u u 0 u 0 0 0 0 0 2 0 0 0 2 u 0 0 0 0 
2 2 u u 0 0 2 2 2 u 2 2 0 0 u 0 u 0 0 0 0 0 2 u 0 0 2 0 0 0 0 0 
2 2 u u u 0 2 2 0 u d 2 0 0 u 0 2 0 d 0 0 0 2 0 0 0 u u 0 0 u 0 
2 2 u u u 0 d 2 0 0 2 2 0 u u 0 2 0 d 0 0 0 u u 0 0 2 0 0 0 u 0 
2 d u 0 0 0 2 u 0 0 2 2 u u d 0 2 u 0 0 0 0 2 u 0 0 2 0 0 0 u u 
2 d u 0 0 0 2 2 u u 2 u 0 0 d 0 2 u 0 0 0 0 2 0 0 0 2 u 0 0 u u 
2 u u u u 0 2 2 0 u 2 2 0 0 u 0 2 0 0 0 0 0 2 0 0 0 d u 0 d u 0 
2 u u u u 0 2 2 0 0 2 2 0 u u 0 2 0 0 0 0 0 d u 0 d 2 0 0 0 u 0 
2 2 u 0 0 u 2 u 0 0 2 d 0 u d 0 2 u 0 u 0 0 2 0 0 0 2 u 0 0 u 0 
2 2 u 0 0 u 2 d 0 u 2 u 0 0 d 0 2 u 0 u 0 0 2 u 0 0 2 0 0 0 u 0 
2 u u 0 u u 2 d d u 2 2 0 0 0 u 2 0 0 0 0 0 2 0 0 0 2 u 0 0 u 0 
2 u u 0 u u 2 2 0 0 2 d d u 0 u 2 0 0 0 0 0 2 u 0 0 2 0 0 0 u 0 
2 2 u 2 0 0 u 2 0 0 2 2 0 u u 0 u 0 0 0 0 0 2 2 0 0 2 0 0 0 u 0 
2 2 u 2 0 0 2 2 0 u u 2 0 0 u 0 u 0 0 0 0 0 2 0 0 0 2 2 0 0 u 0 
2 2 0 u u 0 2 d u 0 2 2 0 u u 0 2 0 0 0 0 0 2 u 0 0 2 0 0 0 u 0 
2 2 0 u u 0 2 2 0 u 2 d u 0 u 0 2 0 0 0 0 0 2 0 0 0 2 u 0 0 u 0 
2 d u u 0 0 u 2 0 u 2 2 u 0 2 0 2 0 0 0 0 0 2 0 0 0 2 u 0 0 u 0 
2 d u u 0 0 2 2 u 0 u 2 0 u 2 0 2 0 0 0 0 0 2 u 0 0 2 0 0 0 u 0 
2 2 u u 0 0 2 2 0 d 2 2 0 u 0 0 2 u 0 0 u 0 2 0 0 0 u u 0 0 0 0 
2 2 u u 0 0 2 2 0 u 2 2 0 d 0 0 2 u 0 0 u 0 u u 0 0 2 0 0 0 0 0 
2 d u u 0 0 u 2 0 0 2 2 u u 2 0 2 0 0 0 0 0 2 u 0 0 2 0 0 0 u 0 
2 d u u 0 0 2 2 u u u 2 0 0 2 0 2 0 0 0 0 0 2 0 0 0 2 u 0 0 u 0 
2 2 u u 0 0 2 2 0 u 2 2 0 0 u 0 u 2 0 0 0 0 2 u 0 0 u 0 0 d 0 0 
2 2 u u 0 0 2 2 0 0 2 2 0 u u 0 u 2 0 0 0 0 u 0 0 d 2 u 0 0 0 0 
2 2 u u 0 0 2 2 0 u u 2 u 0 u 0 2 0 0 0 0 0 2 0 0 0 d u d 0 u 0 
2 2 u u 0 0 u 2 u 0 2 2 0 u u 0 2 0 0 0 0 0 d u d 0 2 0 0 0 u 0 
2 2 u u d 0 u 2 0 0 2 2 0 u u 0 2 0 0 0 0 0 2 u 0 0 2 0 0 u 0 0 
2 2 u u d 0 2 2 0 u u 2 0 0 u 0 2 0 0 0 0 0 2 0 0 u 2 u 0 0 0 0 
2 u u 0 0 u 2 d d 0 2 2 0 u 0 0 2 u 0 u 0 0 2 0 0 0 2 u 0 0 u 0 
2 u u 0 0 u 2 2 0 u 2 d d 0 0 0 2 u 0 u 0 0 2 u 0 0 2 0 0 0 u 0 
2 2 u u 0 0 2 u 0 u 2 2 u 0 u 0 2 0 0 0 0 0 2 0 d 0 d u 0 0 u 0 
2 2 u u 0 0 2 2 u 0 2 u 0 u u 0 2 0 0 0 0 0 d u 0 0 2 0 d 0 u 0 
2 u u 0 0 0 2 2 0 u 2 d 0 0 u u 2 u 0 0 d 0 2 0 0 0 2 u 0 u 0 0 
2 u u 0 0 0 2 d 0 0 2 2 0 u u u 2 u 0 0 d 0 2 u 0 u 2 0 0 0 0 0 
2 2 u u 0 0 2 d 0 u 2 2 0 u 0 u 2 0 0 0 0 0 2 u 0 0 2 0 0 0 0 u 
2 2 u u 0 0 2 2 0 u 2 d 0 u 0 u 2 0 0 0 0 0 2 0 0 0 2 u 0 0 0 u 
2 2 u u 0 0 2 2 0 0 u 2 u u u 0 2 0 0 0 0 0 2 u 0 0 d 0 d 0 u 0 
2 2 u u 0 0 u 2 u u 2 2 0 0 u 0 2 0 0 0 0 0 d 0 d 0 2 u 0 0 u 0 
2 2 0 u 0 u 2 2 0 0 2 2 0 u u 0 d u 0 0 0 u 2 0 0 0 2 u 0 0 0 0 
2 2 0 u 0 u 2 2 0 u 2 2 0 0 u 0 d u 0 0 0 u 2 u 0 0 2 0 0 0 0 0 
2 2 2 u 0 0 d 2 0 0 2 2 0 u u 0 u u 0 0 0 0 2 0 u 0 2 u 0 0 0 0 
2 2 2 u 0 0 2 2 0 u d 2 0 0 u 0 u u 0 0 0 0 2 u 0 0 2 0 u 0 0 0 
u 2 u 2 0 0 2 2 0 0 u 2 0 2 u 0 2 0 0 0 0 0 2 u 0 0 2 0 0 0 u 0 
u 2 u 2 0 0 u 2 0 2 2 2 0 0 u 0 2 0 0 0 0 0 2 0 0 0 2 u 0 0 u 0 
2 2 2 u 0 0 d 2 0 u 2 2 0 0 u 0 u u 0 0 0 0 2 u u 0 2 0 0 0 0 0 
2 2 2 u 0 0 2 2 0 0 d 2 0 u u 0 u u 0 0 0 0 2 0 0 0 2 u u 0 0 0 
2 d u u 0 0 2 2 0 u u 2 0 0 u 0 2 d 0 0 0 0 2 0 0 0 2 u 0 u u 0 
2 d u u 0 0 u 2 0 0 2 2 0 u u 0 2 d 0 0 0 0 2 u 0 u 2 0 0 0 u 0 
2 2 2 u 0 0 2 2 0 0 d 2 0 u u 0 2 u 0 0 0 0 u 0 0 0 2 u 0 0 0 u 
2 2 2 u 0 0 d 2 0 u 2 2 0 0 u 0 2 u 0 0 0 0 2 u 0 0 u 0 0 0 0 u 
u 2 u 2 0 0 u 2 0 d 2 2 0 u u 0 2 0 0 0 0 0 2 u 0 0 2 0 0 0 u 0 
u 2 u 2 0 0 2 2 0 u u 2 0 d u 0 2 0 0 0 0 0 2 0 0 0 2 u 0 0 u 0 
2 2 0 u 0 2 2 0 0 0 2 2 0 u u u 2 0 u 0 0 0 2 u 0 0 2 0 0 0 0 0 
2 2 0 u 0 2 2 2 0 u 2 0 0 0 u u 2 0 u 0 0 0 2 0 0 0 2 u 0 0 0 0 
2 2 u d 0 u 2 2 0 0 2 0 0 u 0 0 2 u 0 u 0 0 2 0 0 0 2 u 0 0 u 0 
2 2 u d 0 u 2 0 0 u 2 2 0 0 0 0 2 u 0 u 0 0 2 u 0 0 2 0 0 0 u 0 
2 2 0 u u 0 2 d u u 2 2 0 0 u 0 2 0 0 0 0 0 2 0 0 0 2 u 0 0 u 0 
2 2 0 u u 0 2 2 0 0 2 d u u u 0 2 0 0 0 0 0 2 u 0 0 2 0 0 0 u 0 
2 u u u 0 0 2 d 0 u 2 2 0 0 u 0 2 u 0 0 0 0 2 u 0 0 2 0 0 d 0 u 
2 u u u 0 0 2 2 0 0 2 d 0 u u 0 2 u 0 0 0 0 2 0 0 d 2 u 0 0 0 u 
d 2 u u 0 u 2 2 0 0 2 2 0 u u 0 d u u 0 0 0 2 0 0 0 2 u 0 0 0 0 
d 2 u u 0 u 2 2 0 u 2 2 0 0 u 0 d u u 0 0 0 2 u 0 0 2 0 0 0 0 0 
2 u u 0 0 0 2 u 0 u 2 2 0 0 0 0 2 u 0 0 0 d 2 0 d 0 2 u 0 0 u u 
2 u u 0 0 0 2 2 0 0 2 u 0 u 0 0 2 u 0 0 0 d 2 u 0 0 2 0 d 0 u u 
2 u u 0 0 0 2 u 0 0 2 2 0 u 0 0 2 u 0 0 0 d 2 u d 0 2 0 0 0 u u 
2 u u 0 0 0 2 2 0 u 2 u 0 0 0 0 2 u 0 0 0 d 2 0 0 0 2 u d 0 u u 
2 2 u 2 0 0 2 2 0 0 u 2 0 u u 0 u 0 0 0 0 0 2 u 0 0 2 d 0 0 u 0 
2 2 u 2 0 0 u 2 0 u 2 2 0 0 u 0 u 0 0 0 0 0 2 d 0 0 2 u 0 0 u 0 
2 2 u u d 0 u 2 0 u 2 2 0 0 u 0 2 0 0 0 0 0 2 0 0 0 2 u 0 u 0 0 
2 2 u u d 0 2 2 0 0 u 2 0 u u 0 2 0 0 0 0 0 2 u 0 u 2 0 0 0 0 0 
2 u u 0 u u 2 d d 0 2 2 0 u 0 u 2 0 0 0 0 0 2 u 0 0 2 0 0 0 u 0 
2 u u 0 u u 2 2 0 u 2 d d 0 0 u 2 0 0 0 0 0 2 0 0 0 2 u 0 0 u 0 
2 d u u u 0 2 2 0 0 2 2 0 u u 0 d u 0 0 0 0 2 u 0 0 2 0 0 0 u 0 
2 d u u u 0 2 2 0 u 2 2 0 0 u 0 d u 0 0 0 0 2 0 0 0 2 u 0 0 u 0 
2 u u 0 0 0 2 2 0 0 2 d 0 u u u 2 u 0 0 d 0 2 u 0 0 2 0 0 u 0 0 
2 u u 0 0 0 2 d 0 u 2 2 0 0 u u 2 u 0 0 d 0 2 0 0 u 2 u 0 0 0 0 
2 2 u u 0 0 u 2 0 0 2 2 0 u u d 2 0 u 0 0 0 2 u 0 0 d 0 0 0 u 0 
2 2 u u 0 0 2 2 0 u u 2 0 0 u d 2 0 u 0 0 0 d 0 0 0 2 u 0 0 u 0 
u 2 u u 0 u 2 d d u 2 2 0 0 u 0 2 u 0 0 0 0 2 u 0 0 2 0 0 0 0 0 
u 2 u u 0 u 2 2 0 0 2 d d u u 0 2 u 0 0 0 0 2 0 0 0 2 u 0 0 0 0 
2 u 0 u 0 0 2 2 0 u 2 2 0 0 0 u 2 0 2 0 0 0 2 0 0 0 2 u 0 0 u 0 
2 u 0 u 0 0 2 2 0 0 2 2 0 u 0 u 2 0 2 0 0 0 2 u 0 0 2 0 0 0 u 0 
u 2 u u 0 u 2 d d 0 2 2 0 u u 0 2 u 0 0 0 0 2 0 0 0 2 u 0 0 0 0 
u 2 u u 0 u 2 2 0 u 2 d d 0 u 0 2 u 0 0 0 0 2 u 0 0 2 0 0 0 0 0 
2 2 2 0 0 0 2 2 0 0 2 u d u u 0 u u 0 0 0 0 2 u 0 0 2 0 0 0 u 0 
2 2 2 0 0 0 2 u d u 2 2 0 0 u 0 u u 0 0 0 0 2 0 0 0 2 u 0 0 u 0 
2 2 0 u 0 2 2 0 0 u 2 2 0 0 u u 2 0 u 0 0 0 2 0 0 0 2 u 0 0 0 0 
2 2 0 u 0 2 2 2 0 0 2 0 0 u u u 2 0 u 0 0 0 2 u 0 0 2 0 0 0 0 0 
2 2 u u 0 0 2 u 0 0 2 2 u u u 0 2 0 0 0 0 0 2 u d 0 d 0 0 0 u 0 
2 2 u u 0 0 2 2 u u 2 u 0 0 u 0 2 0 0 0 0 0 d 0 0 0 2 u d 0 u 0 
2 2 u u 0 0 2 2 0 0 2 2 0 u u 0 u u 0 0 0 0 u 0 0 0 2 u 0 d d 0 
2 2 u u 0 0 2 2 0 u 2 2 0 0 u 0 u u 0 0 0 0 2 u 0 d u 0 0 0 d 0 
2 2 u u 0 0 2 2 0 u d 2 0 u u 0 u u 0 0 0 0 2 0 0 0 2 u 0 0 d 0 
2 2 u u 0 0 d 2 0 u 2 2 0 u u 0 u u 0 0 0 0 2 u 0 0 2 0 0 0 d 0 
2 u u u u 0 2 2 0 0 2 2 0 u u 0 2 0 0 0 0 0 2 u 0 0 d 0 0 d u 0 
2 u u u u 0 2 2 0 u 2 2 0 0 u 0 2 0 0 0 0 0 d 0 0 d 2 u 0 0 u 0 
d 2 u u u 0 2 2 0 0 2 2 0 u u 0 2 0 0 0 0 0 2 u 0 0 d 0 0 u u 0 
d 2 u u u 0 2 2 0 u 2 2 0 0 u 0 2 0 0 0 0 0 d 0 0 u 2 u 0 0 u 0 
2 d u 0 0 0 2 d 0 u 2 d 0 0 u 0 2 u 0 0 0 u 2 0 u 0 2 u u 0 u 0 
2 d u 0 0 0 2 d 0 0 2 d 0 u u 0 2 u 0 0 0 u 2 u u 0 2 0 u 0 u 0 
2 2 u u 0 u 2 0 0 0 2 2 0 u 0 0 d u 0 0 0 0 2 0 2 0 2 u 0 0 u 0 
2 2 u u 0 u 2 2 0 u 2 0 0 0 0 0 d u 0 0 0 0 2 u 0 0 2 0 2 0 u 0 
d 2 u u u 0 2 2 0 u 2 2 0 0 u 0 2 0 0 0 0 0 2 0 0 0 d u 0 u u 0 
d 2 u u u 0 2 2 0 0 2 2 0 u u 0 2 0 0 0 0 0 d u 0 u 2 0 0 0 u 0 
2 2 u 2 0 0 2 2 0 0 d 2 0 u u 0 2 0 0 u 0 0 2 u 0 0 u 0 0 0 u 0 
2 2 u 2 0 0 d 2 0 u 2 2 0 0 u 0 2 0 0 u 0 0 u 0 0 0 2 u 0 0 u 0 
2 2 u u 0 0 2 2 0 0 u 2 0 u u d 2 0 u 0 0 0 d u 0 0 2 0 0 0 u 0 
2 2 u u 0 0 u 2 0 u 2 2 0 0 u d 2 0 u 0 0 0 2 0 0 0 d u 0 0 u 0 
2 2 2 u u 0 2 2 0 0 2 2 0 u u 0 2 0 0 0 0 0 0 u 0 0 2 0 0 0 u 0 
2 2 2 u u 0 2 2 0 u 2 2 0 0 u 0 2 0 0 0 0 0 2 0 0 0 0 u 0 0 u 0 
2 2 u u 0 u 2 0 0 u 2 2 0 0 0 0 d u 0 0 0 0 2 u 2 0 2 0 0 0 u 0 
2 2 u u 0 u 2 2 0 0 2 0 0 u 0 0 d u 0 0 0 0 2 0 0 0 2 u 2 0 u 0 
2 u u 0 0 u 2 2 0 0 2 d d u 0 0 2 u 0 u 0 0 2 0 0 0 2 u 0 0 u 0 
2 u u 0 0 u 2 d d u 2 2 0 0 0 0 2 u 0 u 0 0 2 u 0 0 2 0 0 0 u 0 
2 2 u 2 0 0 u 2 0 0 2 2 0 u u 0 2 u 0 0 0 0 2 0 0 0 2 0 0 0 0 u 
2 2 u 2 0 0 2 2 0 u u 2 0 0 u 0 2 u 0 0 0 0 2 0 0 0 2 0 0 0 0 u 
2 2 2 u u 0 2 2 0 0 2 2 0 u u 0 2 0 0 0 0 0 2 u 0 0 0 0 0 0 u 0 
2 2 2 u u 0 2 2 0 u 2 2 0 0 u 0 2 0 0 0 0 0 0 0 0 0 2 u 0 0 u 0 
d 2 u 2 0 0 2 2 0 u 2 2 0 0 u 0 2 0 0 0 0 0 2 0 0 0 u u u 0 u 0 
d 2 u 2 0 0 2 2 0 0 2 2 0 u u 0 2 0 0 0 0 0 u u u 0 2 0 0 0 u 0 
2 2 u u 0 0 2 2 0 u 2 u d 0 u 0 2 u 0 0 0 0 2 u 0 0 u 0 0 d 0 0 
2 2 u u 0 0 2 u d 0 2 2 0 u u 0 2 u 0 0 0 0 u 0 0 d 2 u 0 0 0 0 
2 2 u 0 u 0 2 u 0 u 2 u 0 0 0 u 2 0 0 0 0 0 2 0 d 0 2 u d 0 u 0 
2 2 u 0 u 0 2 u 0 0 2 u 0 u 0 u 2 0 0 0 0 0 2 u d 0 2 0 d 0 u 0 
2 u u u 0 0 2 d 0 0 2 2 0 u u 0 2 u 0 0 0 0 2 0 0 0 2 u 0 d 0 u 
2 u u u 0 0 2 2 0 u 2 d 0 0 u 0 2 u 0 0 0 0 2 u 0 d 2 0 0 0 0 u 
2 d u u 0 0 2 2 0 0 u 2 0 u u 0 2 d 0 0 0 0 2 u 0 0 2 0 0 u u 0 
2 d u u 0 0 u 2 0 u 2 2 0 0 u 0 2 d 0 0 0 0 2 0 0 u 2 u 0 0 u 0 
2 2 u u 0 0 2 2 0 0 2 u d u u 0 2 u 0 0 0 0 2 0 0 0 u u 0 d 0 0 
2 2 u u 0 0 2 u d u 2 2 0 0 u 0 2 u 0 0 0 0 u u 0 d 2 0 0 0 0 0 
d 2 u 2 0 0 2 2 0 0 2 2 0 u u 0 2 0 0 0 0 0 2 u 0 0 u 0 u 0 u 0 
d 2 u 2 0 0 2 2 0 u 2 2 0 0 u 0 2 0 0 0 0 0 u 0 u 0 2 u 0 0 u 0 
2 2 2 0 0 0 2 2 0 u 2 u d 0 u 0 u u 0 0 0 0 2 0 0 0 2 u 0 0 u 0 
2 2 2 0 0 0 2 u d 0 2 2 0 u u 0 u u 0 0 0 0 2 u 0 0 2 0 0 0 u 0 
2 2 u u 0 0 2 2 0 0 2 u 0 u u d 2 u 0 0 0 0 d u 0 0 2 0 0 0 u 0 
2 2 u u 0 0 2 u 0 u 2 2 0 0 u d 2 u 0 0 0 0 2 0 0 0 d u 0 0 u 0 
2 2 u u 0 0 2 2 0 0 2 2 0 u u 0 0 0 0 0 u d 2 u 0 0 2 0 0 0 u 0 
2 2 u u 0 0 2 2 0 u 2 2 0 0 u 0 0 0 0 0 u d 2 0 0 0 2 u 0 0 u 0 
2 d u u 0 0 u 2 0 u 2 2 0 0 u 0 2 0 0 0 0 0 2 0 0 0 2 u 0 u 2 0 
2 d u u 0 0 2 2 0 0 u 2 0 u u 0 2 0 0 0 0 0 2 u 0 u 2 0 0 0 2 0 
2 2 0 u 0 0 2 0 2 0 2 2 0 u u u 2 0 u 0 0 0 2 u 0 0 2 0 0 0 0 0 
2 2 0 u 0 0 2 2 0 u 2 0 2 0 u u 2 0 u 0 0 0 2 0 0 0 2 u 0 0 0 0 
2 2 u u 0 0 2 2 0 u 2 2 0 0 u 0 2 d 0 0 0 0 u 0 0 0 2 u 0 u 0 0 
2 2 u u 0 0 2 2 0 0 2 2 0 u u 0 2 d 0 0 0 0 2 u 0 u u 0 0 0 0 0 
2 2 u u 0 0 2 2 0 0 2 2 0 u u 0 2 0 0 0 0 0 2 u 0 0 0 0 0 0 2 u 
2 2 u u 0 0 2 2 0 u 2 2 0 0 u 0 2 0 0 0 0 0 0 0 0 0 2 u 0 0 2 u 
2 2 0 u 0 0 2 0 2 u 2 2 0 0 u u 2 0 u 0 0 0 2 0 0 0 2 u 0 0 0 0 
2 2 0 u 0 0 2 2 0 0 2 0 2 u u u 2 0 u 0 0 0 2 u 0 0 2 0 0 0 0 0 
2 2 u u 0 0 0 2 2 0 2 2 0 u u 0 2 u 0 0 0 0 2 0 0 0 2 u 0 0 0 0 
2 2 u u 0 0 2 2 0 u 0 2 2 0 u 0 2 u 0 0 0 0 2 u 0 0 2 0 0 0 0 0 
2 2 u u 0 0 0 2 2 u 2 2 0 0 u 0 2 u 0 0 0 0 2 u 0 0 2 0 0 0 0 0 
2 2 u u 0 0 2 2 0 0 0 2 2 u u 0 2 u 0 0 0 0 2 0 0 0 2 u 0 0 0 0 
2 2 u u 0 u 2 2 0 u 2 2 d 0 u 0 d 0 0 0 0 0 2 0 0 0 u u 0 0 u 0 
2 2 u u 0 u 2 2 d 0 2 2 0 u u 0 d 0 0 0 0 0 u u 0 0 2 0 0 0 u 0 
2 2 u u d 0 2 d 0 0 2 2 0 u u 0 2 u 0 0 0 0 2 0 0 0 u u 0 0 u 0 
2 2 u u d 0 2 2 0 u 2 d 0 0 u 0 2 u 0 0 0 0 u u 0 0 2 0 0 0 u 0 
2 2 u u 0 u 2 2 0 0 2 2 d u u 0 d 0 0 0 0 0 2 u 0 0 u 0 0 0 u 0 
2 2 u u 0 u 2 2 d u 2 2 0 0 u 0 d 0 0 0 0 0 u 0 0 0 2 u 0 0 u 0 
2 2 u 2 0 0 d 2 0 0 2 2 0 u u 0 2 0 0 u 0 0 u u 0 0 2 0 0 0 u 0 
2 2 u 2 0 0 2 2 0 u d 2 0 0 u 0 2 0 0 u 0 0 2 0 0 0 u u 0 0 u 0 
2 2 u u 0 0 2 2 0 0 2 2 0 u u 0 2 d 0 0 0 0 u u 0 0 2 0 0 u 0 0 
2 2 u u 0 0 2 2 0 u 2 2 0 0 u 0 2 d 0 0 0 0 2 0 0 u u u 0 0 0 0 
2 2 u u 0 0 2 2 0 0 2 2 0 u u 0 u 2 0 0 0 0 2 0 0 0 u u 0 d 0 0 
2 2 u u 0 0 2 2 0 u 2 2 0 0 u 0 u 2 0 0 0 0 u u 0 d 2 0 0 0 0 0 
u 2 u u 0 d 2 2 0 u 2 2 0 0 u 0 2 u 0 0 0 0 d u u 0 2 0 0 0 0 0 
u 2 u u 0 d 2 2 0 0 2 2 0 u u 0 2 u 0 0 0 0 2 0 0 0 d u u 0 0 0 
u 2 u u 0 d 2 2 0 0 2 2 0 u u 0 2 u 0 0 0 0 d 0 u 0 2 u 0 0 0 0 
u 2 u u 0 d 2 2 0 u 2 2 0 0 u 0 2 u 0 0 0 0 2 u 0 0 d 0 u 0 0 0 
2 2 u u u 0 2 0 0 u 2 u 0 0 u 0 2 0 0 0 0 0 2 u 2 0 2 0 d 0 0 0 
2 2 u u u 0 2 u 0 0 2 0 0 u u 0 2 0 0 0 0 0 2 0 d 0 2 u 2 0 0 0 
2 2 u 0 u 0 2 d u 0 2 d u u 0 u 2 0 0 0 0 0 2 u 0 0 2 0 0 0 u 0 
2 2 u 0 u 0 2 d u u 2 d u 0 0 u 2 0 0 0 0 0 2 0 0 0 2 u 0 0 u 0 
2 2 u 0 0 0 2 u 0 0 2 2 0 u u 0 2 u 0 0 0 0 2 0 0 0 2 0 0 0 2 u 
2 2 u 0 0 0 2 2 0 u 2 u 0 0 u 0 2 u 0 0 0 0 2 0 0 0 2 0 0 0 2 u 
2 2 u u 0 0 2 2 0 0 2 2 0 0 0 0 2 u 0 0 0 0 2 0 0 0 2 u u 0 u 0 
2 2 u u 0 0 2 2 0 0 2 2 0 0 0 0 2 u 0 0 0 0 2 u u 0 2 0 0 0 u 0 
2 0 0 u u 0 2 2 0 0 2 2 0 u u 0 2 0 u 0 d u 2 0 0 0 2 u 0 0 0 0 
2 0 0 u u 0 2 2 0 u 2 2 0 0 u 0 2 0 u 0 d u 2 u 0 0 2 0 0 0 0 0 
2 u u u 0 0 2 2 0 u 2 2 0 u u 0 2 0 0 d 0 0 d u 0 0 2 0 0 0 u 0 
2 u u u 0 0 2 2 0 u 2 2 0 u u 0 2 0 0 d 0 0 2 0 0 0 d u 0 0 u 0 
u 2 u u u 0 2 2 0 u 2 2 0 0 u 0 2 u 0 0 0 0 d u d 0 2 0 0 0 0 0 
u 2 u u u 0 2 2 0 0 2 2 0 u u 0 2 u 0 0 0 0 2 0 0 0 d u d 0 0 0 
2 2 u u u 0 2 0 0 0 2 u 0 u u 0 2 0 0 0 0 0 2 0 2 0 2 u d 0 0 0 
2 2 u u u 0 2 u 0 u 2 0 0 0 u 0 2 0 0 0 0 0 2 u d 0 2 0 2 0 0 0 
2 2 u u u 0 2 2 0 u d 2 0 0 u 0 d u 0 0 0 0 2 u 0 0 2 0 0 u 0 0 
2 2 u u u 0 d 2 0 0 2 2 0 u u 0 d u 0 0 0 0 2 0 0 u 2 u 0 0 0 0 
2 2 0 0 0 d 2 d 0 0 2 u 0 u u u 2 u u 0 0 0 2 u 0 0 2 0 0 0 u 0 
2 2 0 0 0 d 2 u 0 u 2 d 0 0 u u 2 u u 0 0 0 2 0 0 0 2 u 0 0 u 0 
2 u 2 u 0 0 u 2 d u 2 2 0 0 u 0 2 0 0 0 0 0 2 0 0 0 2 u 0 0 u 0 
2 u 2 u 0 0 2 2 0 0 u 2 d u u 0 2 0 0 0 0 0 2 u 0 0 2 0 0 0 u 0 
2 2 0 0 0 d 2 d 0 u 2 u 0 0 u u 2 u u 0 0 0 2 0 0 0 2 u 0 0 u 0 
2 2 0 0 0 d 2 u 0 0 2 d 0 u u u 2 u u 0 0 0 2 u 0 0 2 0 0 0 u 0 
d 2 u u 0 u 2 2 0 0 2 2 0 u u 0 2 u 0 0 0 0 2 0 0 0 u u 0 d 0 0 
d 2 u u 0 u 2 2 0 u 2 2 0 0 u 0 2 u 0 0 0 0 u u 0 d 2 0 0 0 0 0 
2 2 u u u 0 2 2 0 0 d 2 0 u u 0 d u 0 0 0 0 2 0 0 0 2 u 0 u 0 0 
2 2 u u u 0 d 2 0 u 2 2 0 0 u 0 d u 0 0 0 0 2 u 0 u 2 0 0 0 0 0 
d 2 u u 0 u 2 2 0 u 2 2 0 0 u 0 2 u 0 0 0 0 2 u 0 0 u 0 0 d 0 0 
d 2 u u 0 u 2 2 0 0 2 2 0 u u 0 2 u 0 0 0 0 u 0 0 d 2 u 0 0 0 0 
2 2 u u 0 0 2 2 0 0 2 2 0 2 0 0 2 u 0 0 u 0 u 0 0 0 2 u 0 0 0 0 
2 2 u u 0 0 2 2 0 2 2 2 0 0 0 0 2 u 0 0 u 0 2 u 0 0 u 0 0 0 0 0 
2 u 2 u 0 0 u 2 d 0 2 2 0 u u 0 2 0 0 0 0 0 2 u 0 0 2 0 0 0 u 0 
2 u 2 u 0 0 2 2 0 u u 2 d 0 u 0 2 0 0 0 0 0 2 0 0 0 2 u 0 0 u 0 
u 2 u u 0 0 2 2 0 u 2 u 0 0 u 0 2 0 0 0 d 0 2 0 0 0 2 u d 0 u 0 
u 2 u u 0 0 2 u 0 0 2 2 0 u u 0 2 0 0 0 d 0 2 u d 0 2 0 0 0 u 0 
2 2 2 u 0 0 2 2 0 u 2 d 0 0 u 0 2 0 0 0 u 0 2 0 0 0 u u 0 0 u 0 
2 2 2 u 0 0 2 d 0 0 2 2 0 u u 0 2 0 0 0 u 0 u u 0 0 2 0 0 0 u 0 
u 2 u u 0 0 2 2 0 0 2 u 0 u u 0 2 0 0 0 d 0 2 u 0 0 2 0 d 0 u 0 
u 2 u u 0 0 2 u 0 u 2 2 0 0 u 0 2 0 0 0 d 0 2 0 d 0 2 u 0 0 u 0 
2 2 0 u 0 0 2 2 0 u 2 2 0 u u 0 2 0 0 0 0 0 d 0 0 0 2 u 0 0 u u 
2 2 0 u 0 0 2 2 0 u 2 2 0 u u 0 2 0 0 0 0 0 2 u 0 0 d 0 0 0 u u 
2 2 0 u 0 d 2 2 0 0 2 2 0 u u 0 u u 0 0 u 0 2 0 0 0 2 u 0 0 0 0 
2 2 0 u 0 d 2 2 0 u 2 2 0 0 u 0 u u 0 0 u 0 2 u 0 0 2 0 0 0 0 0 
2 2 0 0 0 d 2 u 0 0 2 2 0 u u 0 u 0 u u 0 0 2 u d 0 2 0 0 0 u 0 
2 2 0 0 0 d 2 2 0 u 2 u 0 0 u 0 u 0 u u 0 0 2 0 0 0 2 u d 0 u 0 
u 2 u u u 0 2 2 0 0 2 2 0 u u 0 2 u 0 0 0 0 d 0 d 0 2 u 0 0 0 0 
u 2 u u u 0 2 2 0 u 2 2 0 0 u 0 2 u 0 0 0 0 2 u 0 0 d 0 d 0 0 0 
2 2 u u 0 0 u 2 d 0 2 2 0 u u 0 2 0 0 0 0 0 2 u 0 0 d 0 u 0 u 0 
2 2 u u 0 0 2 2 0 u u 2 d 0 u 0 2 0 0 0 0 0 d 0 u 0 2 u 0 0 u 0 
2 2 u u 0 0 2 u 0 u 2 2 0 0 2 0 2 u 0 0 0 u 2 u 0 0 d 0 0 0 0 0 
2 2 u u 0 0 2 2 0 0 2 u 0 u 2 0 2 u 0 0 0 u d 0 0 0 2 u 0 0 0 0 
u d u u 0 2 2 2 0 0 2 2 0 u u 0 2 u 0 0 0 0 2 0 0 0 2 u 0 0 0 0 
u d u u 0 2 2 2 0 u 2 2 0 0 u 0 2 u 0 0 0 0 2 u 0 0 2 0 0 0 0 0 
2 2 u u 0 0 u 2 d u 2 2 0 0 u 0 2 0 0 0 0 0 2 0 0 0 d u u 0 u 0 
2 2 u u 0 0 2 2 0 0 u 2 d u u 0 2 0 0 0 0 0 d u u 0 2 0 0 0 u 0 
2 0 u u 0 0 2 d 0 u 2 2 0 0 u u 2 0 0 0 u d 2 0 u 0 2 u 0 0 0 0 
2 0 u u 0 0 2 2 0 0 2 d 0 u u u 2 0 0 0 u d 2 u 0 0 2 0 u 0 0 0 
2 0 u u 0 0 2 d 0 0 2 2 0 u u u 2 0 0 0 u d 2 u u 0 2 0 0 0 0 0 
2 0 u u 0 0 2 2 0 u 2 d 0 0 u u 2 0 0 0 u d 2 0 0 0 2 u u 0 0 0 
2 d u u 0 0 u 2 0 0 2 2 0 u u 0 2 0 0 0 0 0 2 u 0 0 2 0 0 u 2 0 
2 d u u 0 0 2 2 0 u u 2 0 0 u 0 2 0 0 0 0 0 2 0 0 u 2 u 0 0 2 0 
2 2 2 u 0 0 2 2 0 0 2 d 0 u u 0 2 0 0 0 u 0 2 u 0 0 u 0 0 0 u 0 
2 2 2 u 0 0 2 d 0 u 2 2 0 0 u 0 2 0 0 0 u 0 u 0 0 0 2 u 0 0 u 0 
2 2 u u 0 0 2 u 0 0 2 2 0 u 2 0 2 u 0 0 0 u 2 0 0 0 d u 0 0 0 0 
2 2 u u 0 0 2 2 0 u 2 u 0 0 2 0 2 u 0 0 0 u d u 0 0 2 0 0 0 0 0 
2 2 u u 0 0 2 2 0 u u d 0 0 u 0 2 0 0 u 0 d 2 0 0 0 2 u 0 0 u 0 
2 2 u u 0 0 u d 0 0 2 2 0 u u 0 2 0 0 u 0 d 2 u 0 0 2 0 0 0 u 0 
2 2 u u d 0 2 2 0 0 u 2 0 u u 0 2 0 u 0 0 0 2 u 0 0 d 0 0 0 u 0 
2 2 u u d 0 u 2 0 u 2 2 0 0 u 0 2 0 u 0 0 0 d 0 0 0 2 u 0 0 u 0 
2 0 u u 0 0 2 u 0 0 2 d 0 u u 0 2 0 0 0 2 0 2 u d 0 2 0 u 0 u 0 
2 0 u u 0 0 2 d 0 u 2 u 0 0 u 0 2 0 0 0 2 0 2 0 u 0 2 u d 0 u 0 
2 0 u u 0 0 2 u 0 u 2 d 0 0 u 0 2 0 0 0 2 0 2 0 d 0 2 u u 0 u 0 
2 0 u u 0 0 2 d 0 0 2 u 0 u u 0 2 0 0 0 2 0 2 u u 0 2 0 d 0 u 0 
2 d u u u 0 2 2 0 0 2 2 0 u 0 u 2 0 0 0 0 u 2 0 0 0 2 u 0 0 0 0 
2 d u u u 0 2 2 0 u 2 2 0 0 0 u 2 0 0 0 0 u 2 u 0 0 2 0 0 0 0 0 
2 u u u 0 0 2 2 0 u 2 2 0 u u 0 2 0 0 0 0 0 2 u 0 0 d 0 0 0 u d 
2 u u u 0 0 2 2 0 u 2 2 0 u u 0 2 0 0 0 0 0 d 0 0 0 2 u 0 0 u d 
2 2 u u d 0 2 2 0 u u 2 0 0 u 0 2 0 u 0 0 0 2 0 0 0 d u 0 0 u 0 
2 2 u u d 0 u 2 0 0 2 2 0 u u 0 2 0 u 0 0 0 d u 0 0 2 0 0 0 u 0 
2 2 u u 0 0 2 2 0 0 d u 0 u u 0 2 0 0 0 0 0 2 u 0 0 2 2 0 0 u 0 
2 2 u u 0 0 d u 0 u 2 2 0 0 u 0 2 0 0 0 0 0 2 2 0 0 2 u 0 0 u 0 
u 2 u u 0 0 u 2 0 0 2 2 0 2 2 0 2 0 0 0 0 0 2 u 0 0 2 0 0 0 u 0 
u 2 u u 0 0 2 2 0 2 u 2 0 0 2 0 2 0 0 0 0 0 2 0 0 0 2 u 0 0 u 0 
2 2 u 2 0 0 2 2 0 u 2 2 d 0 u 0 u 0 0 0 0 0 2 0 0 0 u u 0 0 u 0 
2 2 u 2 0 0 2 2 d 0 2 2 0 u u 0 u 0 0 0 0 0 u u 0 0 2 0 0 0 u 0 
u 2 u u 0 0 2 2 0 d u 2 0 u 2 0 2 0 0 0 0 0 2 u 0 0 2 0 0 0 u 0 
u 2 u u 0 0 u 2 0 u 2 2 0 d 2 0 2 0 0 0 0 0 2 0 0 0 2 u 0 0 u 0 
2 2 0 u 0 0 2 2 d 0 2 2 0 u u 0 2 0 0 0 0 u u u 0 0 2 0 0 0 u 0 
2 2 0 u 0 0 2 2 0 u 2 2 d 0 u 0 2 0 0 0 0 u 2 0 0 0 u u 0 0 u 0 
2 2 0 u 0 0 2 2 d u 2 2 0 0 u 0 2 0 0 0 0 u u 0 0 0 2 u 0 0 u 0 
2 2 0 u 0 0 2 2 0 0 2 2 d u u 0 2 0 0 0 0 u 2 u 0 0 u 0 0 0 u 0 
2 2 u u 0 0 2 2 0 0 u d 0 u u 0 2 0 0 u 0 d 2 u 0 0 2 0 0 0 u 0 
2 2 u u 0 0 u d 0 u 2 2 0 0 u 0 2 0 0 u 0 d 2 0 0 0 2 u 0 0 u 0 
2 d u 0 0 0 2 2 0 0 2 u 0 u u u 2 u 0 0 0 u 2 u 0 0 2 0 0 d 0 0 
2 d u 0 0 0 2 u 0 u 2 2 0 0 u u 2 u 0 0 0 u 2 0 0 d 2 u 0 0 0 0 
d 2 u u 0 0 2 2 0 u 2 2 0 0 2 0 2 0 0 0 0 0 u 0 0 0 2 u u 0 u 0 
d 2 u u 0 0 2 2 0 0 2 2 0 u 2 0 2 0 0 0 0 0 2 u u 0 u 0 0 0 u 0 
2 2 u u 0 0 2 2 0 u d u 0 0 u 0 2 0 0 0 0 0 2 2 0 0 2 u 0 0 u 0 
2 2 u u 0 0 d u 0 0 2 2 0 u u 0 2 0 0 0 0 0 2 u 0 0 2 2 0 0 u 0 
2 d u 0 0 0 2 2 0 u 2 u 0 0 u u 2 u 0 0 0 u 2 0 0 0 2 u 0 d 0 0 
2 d u 0 0 0 2 u 0 0 2 2 0 u u u 2 u 0 0 0 u 2 u 0 d 2 0 0 0 0 0 
d 2 u u 0 0 2 2 0 0 2 2 0 u 2 0 2 0 0 0 0 0 u u 0 0 2 0 u 0 u 0 
d 2 u u 0 0 2 2 0 u 2 2 0 0 2 0 2 0 0 0 0 0 2 0 u 0 u u 0 0 u 0 
2 2 0 0 0 d 2 u 0 u 2 2 0 0 u 0 u 0 u u 0 0 2 0 d 0 2 u 0 0 u 0 
2 2 0 0 0 d 2 2 0 0 2 u 0 u u 0 u 0 u u 0 0 2 u 0 0 2 0 d 0 u 0 
2 2 u u 0 0 2 2 0 0 2 d 0 0 u 0 2 0 0 0 0 0 2 0 u 0 2 u 0 u u 0 
2 2 u u 0 0 2 d 0 0 2 2 0 0 u 0 2 0 0 0 0 0 2 u 0 u 2 0 u 0 u 0 
2 2 u 2 0 0 2 u 0 u 2 2 0 0 u 0 u u 0 0 0 0 2 u d 0 2 0 0 0 0 0 
2 2 u 2 0 0 2 2 0 0 2 u 0 u u 0 u u 0 0 0 0 2 0 0 0 2 u d 0 0 0 
2 2 u 2 0 0 2 u 0 0 2 2 0 u u 0 u u 0 0 0 0 2 0 d 0 2 u 0 0 0 0 
2 2 u 2 0 0 2 2 0 u 2 u 0 0 u 0 u u 0 0 0 0 2 u 0 0 2 0 d 0 0 0 
2 2 u 0 u 0 2 2 0 0 2 u 0 0 2 u 2 0 0 0 0 0 2 u 0 0 2 0 0 0 u 0 
2 2 u 0 u 0 2 u 0 0 2 2 0 0 2 u 2 0 0 0 0 0 2 0 0 0 2 u 0 0 u 0 
2 d u u 0 0 2 2 u 0 2 2 0 u u 0 2 0 0 0 0 0 2 0 u 0 2 u 0 0 0 0 
2 d u u 0 0 2 2 0 u 2 2 u 0 u 0 2 0 0 0 0 0 2 u 0 0 2 0 u 0 0 0 
2 2 u 0 0 0 2 2 0 0 2 0 0 u 0 0 2 u 0 0 0 0 2 u 0 0 2 0 0 2 u u 
2 2 u 0 0 0 2 0 0 u 2 2 0 0 0 0 2 u 0 0 0 0 2 0 0 2 2 u 0 0 u u 
2 2 u 0 0 0 2 2 0 u 2 0 0 0 0 0 2 u 0 0 0 0 2 0 0 0 2 u 0 2 u u 
2 2 u 0 0 0 2 0 0 0 2 2 0 u 0 0 2 u 0 0 0 0 2 u 0 2 2 0 0 0 u u 
2 2 u u 0 0 2 u 0 0 2 0 u u u 0 2 0 0 0 0 0 2 u d 0 2 0 d 0 u 0 
2 2 u u 0 0 2 0 u u 2 u 0 0 u 0 2 0 0 0 0 0 2 0 d 0 2 u d 0 u 0 
u 2 u u 0 d 2 2 0 0 2 2 0 u u 0 d 0 0 0 u 0 2 u 0 0 2 0 0 0 u 0 
u 2 u u 0 d 2 2 0 u 2 2 0 0 u 0 d 0 0 0 u 0 2 0 0 0 2 u 0 0 u 0 
2 2 u u 0 0 2 u 0 u 2 0 u 0 u 0 2 0 0 0 0 0 2 0 d 0 2 u d 0 u 0 
2 2 u u 0 0 2 0 u 0 2 u 0 u u 0 2 0 0 0 0 0 2 u d 0 2 0 d 0 u 0 
2 d u 0 u 0 2 u 0 u 2 2 0 0 u 0 2 0 0 0 u 0 2 0 d 0 2 u 0 0 u 0 
2 d u 0 u 0 2 2 0 0 2 u 0 u u 0 2 0 0 0 u 0 2 u 0 0 2 0 d 0 u 0 
2 2 u u 0 0 2 2 0 0 2 2 0 u u 0 2 u d u 0 0 2 0 0 0 0 u 0 0 0 0 
2 2 u u 0 0 2 2 0 u 2 2 0 0 u 0 2 u d u 0 0 0 u 0 0 2 0 0 0 0 0 
u d u u 0 0 2 2 0 0 2 2 0 u u 0 2 0 2 0 0 0 2 u 0 0 2 0 0 0 u 0 
u d u u 0 0 2 2 0 u 2 2 0 0 u 0 2 0 2 0 0 0 2 0 0 0 2 u 0 0 u 0 
2 d u u 0 0 2 2 u u 2 2 0 0 u 0 2 0 0 0 0 0 2 u u 0 2 0 0 0 0 0 
2 d u u 0 0 2 2 0 0 2 2 u u u 0 2 0 0 0 0 0 2 0 0 0 2 u u 0 0 0 
2 2 2 u 0 0 2 2 0 u 2 2 0 0 0 0 2 0 0 0 0 0 2 0 u 0 u u 0 0 u 0 
2 2 2 u 0 0 2 2 0 0 2 2 0 u 0 0 2 0 0 0 0 0 u u 0 0 2 0 u 0 u 0 
2 u u u u 0 2 0 2 u 2 2 0 0 u 0 2 0 0 0 d 0 2 u 0 0 2 0 0 0 0 0 
2 u u u u 0 2 2 0 0 2 0 2 u u 0 2 0 0 0 d 0 2 0 0 0 2 u 0 0 0 0 
2 u u u u 0 2 0 2 0 2 2 0 u u 0 2 0 0 0 d 0 2 0 0 0 2 u 0 0 0 0 
2 u u u u 0 2 2 0 u 2 0 2 0 u 0 2 0 0 0 d 0 2 u 0 0 2 0 0 0 0 0 
2 d u 0 u 0 2 u 0 0 2 2 0 u u 0 2 0 0 0 u 0 2 u d 0 2 0 0 0 u 0 
2 d u 0 u 0 2 2 0 u 2 u 0 0 u 0 2 0 0 0 u 0 2 0 0 0 2 u d 0 u 0 
2 2 0 u 0 0 2 2 d u 2 2 0 0 u 0 2 u u 0 0 0 u u 0 0 2 0 0 0 0 0 
2 2 0 u 0 0 2 2 0 0 2 2 d u u 0 2 u u 0 0 0 2 0 0 0 u u 0 0 0 0 
2 2 2 u 0 0 2 2 0 0 2 2 0 u 0 0 2 0 0 0 0 0 2 u u 0 u 0 0 0 u 0 
2 2 2 u 0 0 2 2 0 u 2 2 0 0 0 0 2 0 0 0 0 0 u 0 0 0 2 u u 0 u 0 
2 2 u 2 0 0 2 2 0 0 2 2 d u u 0 u 0 0 0 0 0 2 u 0 0 u 0 0 0 u 0 
2 2 u 2 0 0 2 2 d u 2 2 0 0 u 0 u 0 0 0 0 0 u 0 0 0 2 u 0 0 u 0 
2 2 u u 0 0 2 2 0 u 2 2 0 0 u 0 d u 0 0 0 0 d u 0 0 2 0 0 u u 0 
2 2 u u 0 0 2 2 0 0 2 2 0 u u 0 d u 0 0 0 0 2 0 0 u d u 0 0 u 0 
2 2 u u 0 0 2 2 0 u 2 2 0 0 u 0 2 0 0 0 0 0 2 0 0 0 0 u 0 0 2 u 
2 2 u u 0 0 2 2 0 0 2 2 0 u u 0 2 0 0 0 0 0 0 u 0 0 2 0 0 0 2 u 
2 d u 0 0 u 2 2 0 0 2 2 0 u 0 0 d u 0 0 u 0 2 u 0 0 2 0 0 0 u u 
2 d u 0 0 u 2 2 0 u 2 2 0 0 0 0 d u 0 0 u 0 2 0 0 0 2 u 0 0 u u 
2 2 u u 0 0 2 2 0 0 u 2 0 u 2 0 2 u 0 0 0 0 2 0 0 0 2 0 0 0 0 u 
2 2 u u 0 0 u 2 0 u 2 2 0 0 2 0 2 u 0 0 0 0 2 0 0 0 2 0 0 0 0 u 
2 2 0 u 0 0 2 2 0 0 u 2 0 u u 0 2 0 0 d 0 0 2 u 0 0 2 u 0 0 u 0 
2 2 0 u 0 0 u 2 0 u 2 2 0 0 u 0 2 0 0 d 0 0 2 u 0 0 2 u 0 0 u 0 
2 2 u u 0 0 2 2 0 0 2 2 0 u u 0 d u 0 0 0 0 d 0 0 0 2 u 0 u u 0 
2 2 u u 0 0 2 2 0 u 2 2 0 0 u 0 d u 0 0 0 0 2 u 0 u d 0 0 0 u 0 
2 u u 0 0 0 2 2 0 u 2 2 d u u 0 2 u 0 0 0 0 2 u 0 0 2 0 0 0 0 0 
2 u u 0 0 0 2 2 d u 2 2 0 u u 0 2 u 0 0 0 0 2 0 0 0 2 u 0 0 0 0 
2 2 u u 0 0 2 2 0 u 2 u 0 0 u d 2 u 0 0 0 0 d 0 0 0 2 u 0 0 u 0 
2 2 u u 0 0 2 u 0 0 2 2 0 u u d 2 u 0 0 0 0 2 u 0 0 d 0 0 0 u 0 
2 2 0 u 0 0 2 2 d 0 2 2 0 u u 0 2 u u 0 0 0 u 0 0 0 2 u 0 0 0 0 
2 2 0 u 0 0 2 2 0 u 2 2 d 0 u 0 2 u u 0 0 0 2 u 0 0 u 0 0 0 0 0 
2 u u u u 0 2 d 0 u 2 2 0 0 0 0 2 0 0 0 0 d 2 u u 0 2 0 0 0 u 0 
2 u u u u 0 2 2 0 0 2 d 0 u 0 0 2 0 0 0 0 d 2 0 0 0 2 u u 0 u 0 
u u u 2 d 0 2 2 0 0 2 2 0 u u 0 2 0 0 0 0 0 2 u 0 0 2 0 0 0 u 0 
u u u 2 d 0 2 2 0 u 2 2 0 0 u 0 2 0 0 0 0 0 2 0 0 0 2 u 0 0 u 0 
2 2 u 2 0 0 2 2 0 0 2 0 0 u u u 2 u 0 0 0 0 2 u 0 0 2 0 0 0 0 0 
2 2 u 2 0 0 2 0 0 u 2 2 0 0 u u 2 u 0 0 0 0 2 0 0 0 2 u 0 0 0 0 
2 u u u 0 0 2 2 u u 2 2 0 0 u 0 2 0 0 0 0 d d 0 0 0 2 u 0 0 u 0 
2 u u u 0 0 2 2 0 0 2 2 u u u 0 2 0 0 0 0 d 2 u 0 0 d 0 0 0 u 0 
2 u d 0 0 0 2 2 0 u 2 2 0 0 u 0 2 u u 0 0 0 2 0 0 0 2 u 0 0 u 0 
2 u d 0 0 0 2 2 0 0 2 2 0 u u 0 2 u u 0 0 0 2 u 0 0 2 0 0 0 u 0 
2 u u u 0 0 2 2 u 0 2 2 0 u u 0 2 0 0 0 0 d d u 0 0 2 0 0 0 u 0 
2 u u u 0 0 2 2 0 u 2 2 u 0 u 0 2 0 0 0 0 d 2 0 0 0 d u 0 0 u 0 
2 2 u 0 0 0 2 2 0 0 2 u 0 u u 0 2 2 0 0 0 0 2 0 0 0 2 0 0 0 u u 
2 2 u 0 0 0 2 u 0 u 2 2 0 0 u 0 2 2 0 0 0 0 2 0 0 0 2 0 0 0 u u 
2 2 u u 0 0 2 d 0 0 u 2 0 u u 0 2 u 0 0 0 d 2 0 0 0 2 u 0 0 u 0 
2 2 u u 0 0 u 2 0 u 2 d 0 0 u 0 2 u 0 0 0 d 2 u 0 0 2 0 0 0 u 0 
2 2 u u 0 0 2 2 0 0 u 2 0 u 0 0 2 u 0 0 d 0 2 u 0 0 2 u 0 0 0 0 
2 2 u u 0 0 u 2 0 u 2 2 0 0 0 0 2 u 0 0 d 0 2 u 0 0 2 u 0 0 0 0 
2 2 u u 0 0 u 2 0 0 2 d 0 u u 0 2 u 0 0 0 d 2 0 0 0 2 u 0 0 u 0 
2 2 u u 0 0 2 d 0 u u 2 0 0 u 0 2 u 0 0 0 d 2 u 0 0 2 0 0 0 u 0 
0 2 u u 0 0 2 2 0 0 2 2 0 u u 0 2 u 0 0 0 0 2 0 0 2 2 u 0 0 0 0 
0 2 u u 0 0 2 2 0 u 2 2 0 0 u 0 2 u 0 0 0 0 2 u 0 0 2 0 0 2 0 0 
2 2 0 u 0 0 u 2 0 0 2 2 0 u u 0 2 0 0 d 0 0 2 u u 0 2 0 0 0 u 0 
2 2 0 u 0 0 2 2 0 u u 2 0 0 u 0 2 0 0 d 0 0 2 0 0 0 2 u u 0 u 0 
2 u u u u 0 2 d 0 0 2 2 0 u 0 0 2 0 0 0 0 d 2 0 u 0 2 u 0 0 u 0 
2 u u u u 0 2 2 0 u 2 d 0 0 0 0 2 0 0 0 0 d 2 u 0 0 2 0 u 0 u 0 
u 2 2 u 0 0 d 2 u 0 2 2 0 u u 0 2 u 0 0 0 0 2 0 0 0 2 u 0 0 0 0 
u 2 2 u 0 0 2 2 0 u d 2 u 0 u 0 2 u 0 0 0 0 2 u 0 0 2 0 0 0 0 0 
2 u u u 0 0 2 2 0 u 2 d 0 0 u 0 2 u 0 u 0 0 2 u 0 0 2 0 0 d 0 0 
2 u u u 0 0 2 d 0 0 2 2 0 u u 0 2 u 0 u 0 0 2 0 0 d 2 u 0 0 0 0 
2 2 u u 0 0 2 2 0 0 2 2 0 u u 0 2 u d u 0 0 0 0 0 0 2 u 0 0 0 0 
2 2 u u 0 0 2 2 0 u 2 2 0 0 u 0 2 u d u 0 0 2 u 0 0 0 0 0 0 0 0 
2 2 u 2 0 0 2 u 0 0 2 2 0 u u 0 2 u 0 0 0 u d 0 0 0 2 u 0 0 0 0 
2 2 u 2 0 0 2 2 0 u 2 u 0 0 u 0 2 u 0 0 0 u 2 u 0 0 d 0 0 0 0 0 
u 2 2 u 0 0 d 2 u u 2 2 0 0 u 0 2 u 0 0 0 0 2 u 0 0 2 0 0 0 0 0 
u 2 2 u 0 0 2 2 0 0 d 2 u u u 0 2 u 0 0 0 0 2 0 0 0 2 u 0 0 0 0 
2 2 u u 0 0 2 2 0 0 2 u 0 u 0 0 2 2 0 0 0 0 2 0 u 0 2 u 0 0 0 0 
2 2 u u 0 0 2 u 0 u 2 2 0 0 0 0 2 2 0 0 0 0 2 u 0 0 2 0 u 0 0 0 
2 2 u 2 0 0 2 2 0 0 2 u 0 u u 0 2 u 0 0 0 u 2 0 0 0 d u 0 0 0 0 
2 2 u 2 0 0 2 u 0 u 2 2 0 0 u 0 2 u 0 0 0 u d u 0 0 2 0 0 0 0 0 
2 0 0 u 0 0 2 u 0 u 2 2 0 0 u 0 2 u u 0 2 0 2 u d 0 2 0 0 0 0 0 
2 0 0 u 0 0 2 2 0 0 2 u 0 u u 0 2 u u 0 2 0 2 0 0 0 2 u d 0 0 0 
2 u u u 0 0 2 0 2 0 2 2 0 u u u 2 0 0 0 0 d 2 u 0 0 2 0 0 0 0 0 
2 u u u 0 0 2 2 0 u 2 0 2 0 u u 2 0 0 0 0 d 2 0 0 0 2 u 0 0 0 0 
2 u u u 0 0 2 0 2 u 2 2 0 0 u u 2 0 0 0 0 d 2 0 0 0 2 u 0 0 0 0 
2 u u u 0 0 2 2 0 0 2 0 2 u u u 2 0 0 0 0 d 2 u 0 0 2 0 0 0 0 0 
2 0 0 u 0 0 2 u 0 0 2 2 0 u u 0 2 u u 0 2 0 2 0 d 0 2 u 0 0 0 0 
2 0 0 u 0 0 2 2 0 u 2 u 0 0 u 0 2 u u 0 2 0 2 u 0 0 2 0 d 0 0 0 
2 2 0 u 0 0 2 2 u 0 u 2 0 u 2 0 2 0 0 0 0 0 2 u 0 0 2 0 0 0 u 0 
2 2 0 u 0 0 u 2 0 u 2 2 u 0 2 0 2 0 0 0 0 0 2 0 0 0 2 u 0 0 u 0 
d 2 u 0 0 0 2 2 0 0 2 2 0 u u 0 2 u 0 u u 0 2 0 0 0 2 u 0 0 0 0 
d 2 u 0 0 0 2 2 0 u 2 2 0 0 u 0 2 u 0 u u 0 2 u 0 0 2 0 0 0 0 0 
2 2 u 0 u 0 2 0 0 u 2 2 0 0 u 0 2 0 0 2 0 0 2 0 0 0 2 u 0 0 u 0 
2 2 u 0 u 0 2 2 0 0 2 0 0 u u 0 2 0 0 2 0 0 2 u 0 0 2 0 0 0 u 0 
2 2 0 u 0 u 2 2 0 u 2 u d 0 u 0 2 0 0 0 0 0 2 0 0 0 2 u 0 0 0 u 
2 2 0 u 0 u 2 u d 0 2 2 0 u u 0 2 0 0 0 0 0 2 u 0 0 2 0 0 0 0 u 
2 2 0 u 0 u 2 2 0 0 2 u d u u 0 2 0 0 0 0 0 2 u 0 0 2 0 0 0 0 u 
2 2 0 u 0 u 2 u d u 2 2 0 0 u 0 2 0 0 0 0 0 2 0 0 0 2 u 0 0 0 u 
2 2 0 u 0 0 u 2 0 0 2 2 u u 2 0 2 0 0 0 0 0 2 u 0 0 2 0 0 0 u 0 
2 2 0 u 0 0 2 2 u u u 2 0 0 2 0 2 0 0 0 0 0 2 0 0 0 2 u 0 0 u 0 
2 u 2 0 0 0 2 2 0 0 2 u 0 u u 0 2 u 0 0 0 0 2 u 0 0 2 0 d 0 u 0 
2 u 2 0 0 0 2 u 0 u 2 2 0 0 u 0 2 u 0 0 0 0 2 0 d 0 2 u 0 0 u 0 
2 2 u u 0 0 2 2 0 0 2 u 0 2 u 0 2 0 0 0 0 0 2 u 0 0 d u 0 0 u 0 
2 2 u u 0 0 2 u 0 2 2 2 0 0 u 0 2 0 0 0 0 0 d u 0 0 2 u 0 0 u 0 
2 u 2 0 0 0 2 2 0 u 2 u 0 0 u 0 2 u 0 0 0 0 2 0 0 0 2 u d 0 u 0 
2 u 2 0 0 0 2 u 0 0 2 2 0 u u 0 2 u 0 0 0 0 2 u d 0 2 0 0 0 u 0 
0 2 u u 0 0 2 2 0 u 2 2 0 0 u 0 2 u 0 0 0 0 2 u 0 2 2 0 0 0 0 0 
0 2 u u 0 0 2 2 0 0 2 2 0 u u 0 2 u 0 0 0 0 2 0 0 0 2 u 0 2 0 0 
2 2 u u 0 0 2 2 0 u 2 2 d 0 2 0 u 0 0 0 0 0 u 0 0 0 2 u 0 0 u 0 
2 2 u u 0 0 2 2 d 0 2 2 0 u 2 0 u 0 0 0 0 0 2 u 0 0 u 0 0 0 u 0 
2 2 0 u 0 0 u 2 0 u 2 2 0 0 u 0 2 0 0 d 0 0 2 0 u 0 2 u 0 0 u 0 
2 2 0 u 0 0 2 2 0 0 u 2 0 u u 0 2 0 0 d 0 0 2 u 0 0 2 0 u 0 u 0 
2 d u u 0 d 2 u u u 2 2 0 0 u 0 2 0 0 0 0 0 2 0 0 0 2 u 0 0 0 u 
2 d u u 0 d 2 2 0 0 2 u u u u 0 2 0 0 0 0 0 2 u 0 0 2 0 0 0 0 u 
2 2 u u 0 0 2 2 0 0 u 2 0 u 0 0 2 u 0 0 0 0 2 2 0 0 2 0 0 0 u 0 
2 2 u u 0 0 u 2 0 u 2 2 0 0 0 0 2 u 0 0 0 0 2 0 0 0 2 2 0 0 u 0 
0 2 u u 0 0 2 2 0 0 2 2 0 u u 0 2 0 0 0 2 0 2 u 0 0 2 0 0 0 u 0 
0 2 u u 0 0 2 2 0 u 2 2 0 0 u 0 2 0 0 0 2 0 2 0 0 0 2 u 0 0 u 0 
2 2 2 u 0 0 2 2 0 u 2 u 0 0 u 0 2 u 0 0 0 0 2 0 0 0 2 0 0 0 u 0 
2 2 2 u 0 0 2 u 0 0 2 2 0 u u 0 2 u 0 0 0 0 2 0 0 0 2 0 0 0 u 0 
2 u u 0 0 0 2 2 0 0 2 u 0 u u u 2 u 0 0 d 0 2 u 0 0 2 0 0 d 0 0 
2 u u 0 0 0 2 u 0 u 2 2 0 0 u u 2 u 0 0 d 0 2 0 0 d 2 u 0 0 0 0 
2 2 u u 0 0 2 2 0 0 2 2 0 u u 0 2 0 0 0 0 0 2 u 0 0 d 0 0 u 0 u 
2 2 u u 0 0 2 2 0 u 2 2 0 0 u 0 2 0 0 0 0 0 d 0 0 u 2 u 0 0 0 u 
2 2 u u 0 0 2 2 0 u 2 2 0 0 u 0 2 0 0 0 0 0 2 u u 0 d 0 0 0 0 u 
2 2 u u 0 0 2 2 0 0 2 2 0 u u 0 2 0 0 0 0 0 d 0 0 0 2 u u 0 0 u 
2 2 u u 0 0 2 2 0 u 2 2 0 0 u 0 2 0 0 0 0 0 2 0 0 0 d u 0 u 0 u 
2 2 u u 0 0 2 2 0 0 2 2 0 u u 0 2 0 0 0 0 0 d u 0 u 2 0 0 0 0 u 
2 d u d 0 0 2 u u 0 2 2 0 u 0 0 2 u 0 0 0 0 2 u 0 0 2 0 0 0 u u 
2 d u d 0 0 2 2 0 u 2 u u 0 0 0 2 u 0 0 0 0 2 0 0 0 2 u 0 0 u u 
2 2 u u 0 0 2 2 0 0 2 2 0 u u 0 2 0 0 0 0 0 2 0 u 0 d u 0 0 0 u 
2 2 u u 0 0 2 2 0 u 2 2 0 0 u 0 2 0 0 0 0 0 d u 0 0 2 0 u 0 0 u 
2 u u 0 0 0 2 2 0 u 2 u 0 0 u u 2 u 0 0 d 0 2 0 0 0 2 u 0 d 0 0 
2 u u 0 0 0 2 u 0 0 2 2 0 u u u 2 u 0 0 d 0 2 u 0 d 2 0 0 0 0 0 
2 d u d 0 0 2 u u u 2 2 0 0 0 0 2 u 0 0 0 0 2 0 0 0 2 u 0 0 u u 
2 d u d 0 0 2 2 0 0 2 u u u 0 0 2 u 0 0 0 0 2 u 0 0 2 0 0 0 u u 
2 2 0 u 0 0 u 2 0 0 2 2 0 u u 0 2 0 0 0 0 0 2 u 0 0 2 u 0 0 u d 
2 2 0 u 0 0 2 2 0 u u 2 0 0 u 0 2 0 0 0 0 0 2 u 0 0 2 u 0 0 u d 
2 d 0 0 0 d 2 2 0 u 2 2 0 0 u 0 u u u 0 u 0 2 0 0 0 2 u 0 0 u 0 
2 d 0 0 0 d 2 2 0 0 2 2 0 u u 0 u u u 0 u 0 2 u 0 0 2 0 0 0 u 0 
2 0 2 u 0 0 2 2 0 0 2 2 0 u u u u 0 0 0 2 0 2 u 0 0 2 0 0 0 0 0 
2 0 2 u 0 0 2 2 0 u 2 2 0 0 u u u 0 0 0 2 0 2 0 0 0 2 u 0 0 0 0 
2 u u u 0 0 2 2 0 0 2 d 0 u u 0 2 u 0 u 0 0 2 0 0 0 2 u 0 d 0 0 
2 u u u 0 0 2 d 0 u 2 2 0 0 u 0 2 u 0 u 0 0 2 u 0 d 2 0 0 0 0 0 
2 d u u 0 0 2 2 u u 2 2 0 0 u 0 2 0 0 0 0 u d 0 0 0 2 u 0 0 u 0 
2 d u u 0 0 2 2 0 0 2 2 u u u 0 2 0 0 0 0 u 2 u 0 0 d 0 0 0 u 0 
2 d u u 0 0 2 2 u 0 2 2 0 u u 0 2 0 0 0 0 u d u 0 0 2 0 0 0 u 0 
2 d u u 0 0 2 2 0 u 2 2 u 0 u 0 2 0 0 0 0 u 2 0 0 0 d u 0 0 u 0 
2 u u u 0 0 2 d 0 0 2 d 0 u u u 2 0 0 0 0 d 2 u u 0 2 0 u 0 0 0 
2 u u u 0 0 2 d 0 u 2 d 0 0 u u 2 0 0 0 0 d 2 0 u 0 2 u u 0 0 0 
2 2 0 u 0 0 2 0 u u 2 2 0 0 u 0 2 0 u 0 0 0 2 0 0 d 2 u 0 0 u 0 
2 2 0 u 0 0 2 2 0 0 2 0 u u u 0 2 0 u 0 0 0 2 u 0 0 2 0 0 d u 0 
2 2 u u 0 0 2 2 0 0 u 2 0 u 2 0 2 0 0 d 0 0 u u 0 0 2 0 0 0 u 0 
2 2 u u 0 0 u 2 0 u 2 2 0 0 2 0 2 0 0 d 0 0 2 0 0 0 u u 0 0 u 0 
2 2 0 u 0 0 2 0 u 0 2 2 0 u u 0 2 0 u 0 0 0 2 u 0 d 2 0 0 0 u 0 
2 2 0 u 0 0 2 2 0 u 2 0 u 0 u 0 2 0 u 0 0 0 2 0 0 0 2 u 0 d u 0 
2 u u 0 0 0 2 u 0 0 2 2 0 u 0 0 2 u 0 0 d 0 2 u d 0 2 0 0 0 u u 
2 u u 0 0 0 2 2 0 u 2 u 0 0 0 0 2 u 0 0 d 0 2 0 0 0 2 u d 0 u u 
2 u u 0 0 0 2 u 0 u 2 2 0 0 0 0 2 u 0 0 d 0 2 0 d 0 2 u 0 0 u u 
2 u u 0 0 0 2 2 0 0 2 u 0 u 0 0 2 u 0 0 d 0 2 u 0 0 2 0 d 0 u u 
2 d u 0 0 u 2 d 0 0 2 2 0 u u 0 d u 0 0 u 0 2 u u 0 2 0 0 0 u 0 
2 d u 0 0 u 2 2 0 u 2 d 0 0 u 0 d u 0 0 u 0 2 0 0 0 2 u u 0 u 0 
2 2 u u 0 0 u 2 0 0 2 2 0 u 0 0 2 u 0 0 0 0 2 u 0 0 2 d 0 0 u 0 
2 2 u u 0 0 2 2 0 u u 2 0 0 0 0 2 u 0 0 0 0 2 d 0 0 2 u 0 0 u 0 
2 2 u 2 0 0 2 2 0 u u 2 0 0 u 0 2 0 0 0 0 0 u 0 0 0 2 u 0 0 u d 
2 2 u 2 0 0 u 2 0 0 2 2 0 u u 0 2 0 0 0 0 0 2 u 0 0 u 0 0 0 u d 
2 d u 0 0 u 2 d 0 u 2 2 0 0 u 0 d u 0 0 u 0 2 0 u 0 2 u 0 0 u 0 
2 d u 0 0 u 2 2 0 0 2 d 0 u u 0 d u 0 0 u 0 2 u 0 0 2 0 u 0 u 0 
2 2 u u 0 0 2 2 0 0 2 2 0 u u 0 u 0 0 0 0 0 2 u u 0 2 0 0 d 0 0 
2 2 u u 0 0 2 2 0 u 2 2 0 0 u 0 u 0 0 0 0 0 2 0 0 d 2 u u 0 0 0 
2 2 u 0 u 0 2 0 0 0 2 2 0 u u 0 2 0 0 2 0 0 2 u 0 0 2 0 0 0 u 0 
2 2 u 0 u 0 2 2 0 u 2 0 0 0 u 0 2 0 0 2 0 0 2 0 0 0 2 u 0 0 u 0 
2 2 u u 0 0 2 2 0 2 2 u 0 0 u 0 2 0 0 0 0 0 2 u 0 0 d u 0 0 u 0 
2 2 u u 0 0 2 u 0 0 2 2 0 2 u 0 2 0 0 0 0 0 d u 0 0 2 u 0 0 u 0 
2 2 u u 0 0 2 2 0 0 2 2 d u 2 0 u 0 0 0 0 0 u u 0 0 2 0 0 0 u 0 
2 2 u u 0 0 2 2 d u 2 2 0 0 2 0 u 0 0 0 0 0 2 0 0 0 u u 0 0 u 0 
u 2 u 2 0 0 2 2 0 0 2 2 0 u u 0 2 u 0 0 0 0 d u 0 0 2 u 0 0 0 0 
u 2 u 2 0 0 2 2 0 u 2 2 0 0 u 0 2 u 0 0 0 0 2 u 0 0 d u 0 0 0 0 
2 d u u 0 d 2 u u 0 2 2 0 u u 0 2 0 0 0 0 0 2 u 0 0 2 0 0 0 0 u 
2 d u u 0 d 2 2 0 u 2 u u 0 u 0 2 0 0 0 0 0 2 0 0 0 2 u 0 0 0 u 
2 2 u u 0 0 u 2 0 0 2 u 0 u u 0 2 u 0 0 0 0 2 0 d 0 2 u 0 d 0 0 
2 2 u u 0 0 2 u 0 u u 2 0 0 u 0 2 u 0 0 0 0 2 u 0 d 2 0 d 0 0 0 
2 2 u u 0 0 u 2 0 u 2 u 0 0 u 0 2 u 0 0 0 0 2 u d 0 2 0 0 d 0 0 
2 2 u u 0 0 2 u 0 0 u 2 0 u u 0 2 u 0 0 0 0 2 0 0 d 2 u d 0 0 0 
2 2 u d 0 0 2 u 0 u 2 2 0 0 u u 2 0 0 0 0 0 2 0 u 0 2 u 0 0 0 0 
2 2 u d 0 0 2 2 0 0 2 u 0 u u u 2 0 0 0 0 0 2 u 0 0 2 0 u 0 0 0 
2 2 u u 0 0 2 2 0 u 2 2 0 0 u 0 u 0 0 0 0 0 2 0 u 0 2 u 0 d 0 0 
2 2 u u 0 0 2 2 0 0 2 2 0 u u 0 u 0 0 0 0 0 2 u 0 d 2 0 u 0 0 0 
2 0 u u 0 0 2 2 0 0 2 2 0 u u 0 2 u 2 0 0 0 2 0 0 0 2 u 0 0 0 0 
2 0 u u 0 0 2 2 0 u 2 2 0 0 u 0 2 u 2 0 0 0 2 u 0 0 2 0 0 0 0 0 
d 2 u 2 0 0 2 u u 0 2 2 0 u u 0 2 0 0 0 0 0 2 u 0 0 2 0 0 0 u 0 
d 2 u 2 0 0 2 2 0 u 2 u u 0 u 0 2 0 0 0 0 0 2 0 0 0 2 u 0 0 u 0 
2 2 u 0 0 0 2 u 0 0 2 2 0 0 u u 2 u 0 d 0 0 2 u 0 0 2 0 0 0 u 0 
2 2 u 0 0 0 2 2 0 0 2 u 0 0 u u 2 u 0 d 0 0 2 0 0 0 2 u 0 0 u 0 
2 2 0 u 0 0 2 2 0 0 u 2 0 u u 0 2 0 0 0 0 0 2 u u 0 2 0 0 0 u d 
2 2 0 u 0 0 u 2 0 u 2 2 0 0 u 0 2 0 0 0 0 0 2 0 0 0 2 u u 0 u d 
2 2 0 u 0 d 2 2 0 0 2 2 0 u u 0 u u 0 0 0 u 2 0 0 0 2 u 0 0 0 0 
2 2 0 u 0 d 2 2 0 u 2 2 0 0 u 0 u u 0 0 0 u 2 u 0 0 2 0 0 0 0 0 
d 2 u 2 0 0 2 u u u 2 2 0 0 u 0 2 0 0 0 0 0 2 0 0 0 2 u 0 0 u 0 
d 2 u 2 0 0 2 2 0 0 2 u u u u 0 2 0 0 0 0 0 2 u 0 0 2 0 0 0 u 0 
2 2 u u 0 u 2 2 0 u 2 u 0 0 u 0 d 0 0 0 0 0 2 0 0 0 2 u 0 d u 0 
2 2 u u 0 u 2 u 0 0 2 2 0 u u 0 d 0 0 0 0 0 2 u 0 d 2 0 0 0 u 0 
2 2 u 2 0 0 2 2 0 0 2 u 0 u u 0 u 0 0 0 0 0 2 u 0 0 2 0 0 d u 0 
2 2 u 2 0 0 2 u 0 u 2 2 0 0 u 0 u 0 0 0 0 0 2 0 0 d 2 u 0 0 u 0 
d 2 u u 0 0 2 2 u 0 2 u 0 u 2 0 2 0 0 0 0 0 2 u 0 0 2 0 0 0 u 0 
d 2 u u 0 0 2 u 0 u 2 2 u 0 2 0 2 0 0 0 0 0 2 0 0 0 2 u 0 0 u 0 
2 2 u u 0 u 2 2 0 0 2 u 0 u u 0 d 0 0 0 0 0 2 u 0 0 2 0 0 d u 0 
2 2 u u 0 u 2 u 0 u 2 2 0 0 u 0 d 0 0 0 0 0 2 0 0 d 2 u 0 0 u 0 
2 2 u 0 u 0 2 u 0 0 2 2 0 u 0 0 2 0 0 0 0 0 2 u u 0 2 0 0 0 2 0 
2 2 u 0 u 0 2 2 0 u 2 u 0 0 0 0 2 0 0 0 0 0 2 0 0 0 2 u u 0 2 0 
2 2 u 2 0 0 2 2 0 u 2 u 0 0 u 0 u 0 0 0 0 0 2 0 0 0 2 u 0 d u 0 
2 2 u 2 0 0 2 u 0 0 2 2 0 u u 0 u 0 0 0 0 0 2 u 0 d 2 0 0 0 u 0 
2 2 0 u 0 0 2 2 0 u u 2 0 0 u 0 2 0 0 0 0 0 2 0 u 0 2 u 0 0 u d 
2 2 0 u 0 0 u 2 0 0 2 2 0 u u 0 2 0 0 0 0 0 2 u 0 0 2 0 u 0 u d 
2 2 u 0 0 0 2 d 0 0 2 2 0 u u 0 2 0 u 0 0 0 2 u 0 u 2 0 0 0 u 0 
2 2 u 0 0 0 2 2 0 u 2 d 0 0 u 0 2 0 u 0 0 0 2 0 0 0 2 u 0 u u 0 
2 u u u 0 0 2 d 0 u 2 u 0 0 u u 2 0 0 0 0 d 2 0 u 0 2 u d 0 0 0 
2 u u u 0 0 2 u 0 0 2 d 0 u u u 2 0 0 0 0 d 2 u d 0 2 0 u 0 0 0 
2 u u u 0 0 2 d 0 0 2 u 0 u u u 2 0 0 0 0 d 2 u u 0 2 0 d 0 0 0 
2 u u u 0 0 2 u 0 u 2 d 0 0 u u 2 0 0 0 0 d 2 0 d 0 2 u u 0 0 0 
u 2 u u 0 0 2 d 0 u 2 2 0 0 u 0 2 u d 0 0 0 2 u 0 u 2 0 0 0 0 0 
u 2 u u 0 0 2 2 0 0 2 d 0 u u 0 2 u d 0 0 0 2 0 0 0 2 u 0 u 0 0 
u 2 u u 0 0 2 d 0 0 2 2 0 u u 0 2 u d 0 0 0 2 0 0 u 2 u 0 0 0 0 
u 2 u u 0 0 2 2 0 u 2 d 0 0 u 0 2 u d 0 0 0 2 u 0 0 2 0 0 u 0 0 
d 2 u u 0 0 2 2 u 0 2 2 0 u u 0 u u 0 0 0 0 2 0 0 d 2 u 0 0 0 0 
d 2 u u 0 0 2 2 0 u 2 2 u 0 u 0 u u 0 0 0 0 2 u 0 0 2 0 0 d 0 0 
2 u 0 u 0 0 2 2 2 u 2 2 0 0 u 0 2 0 0 0 0 0 2 0 0 0 2 u 0 0 0 u 
2 u 0 u 0 0 2 2 0 0 2 2 2 u u 0 2 0 0 0 0 0 2 u 0 0 2 0 0 0 0 u 
d 2 u u 0 0 2 2 u u 2 u 0 0 2 0 2 0 0 0 0 0 2 0 0 0 2 u 0 0 u 0 
d 2 u u 0 0 2 u 0 0 2 2 u u 2 0 2 0 0 0 0 0 2 u 0 0 2 0 0 0 u 0 
2 2 u 0 0 0 2 d 0 u 2 2 0 0 u 0 2 0 u 0 0 0 2 0 0 u 2 u 0 0 u 0 
2 2 u 0 0 0 2 2 0 0 2 d 0 u u 0 2 0 u 0 0 0 2 u 0 0 2 0 0 u u 0 
2 2 u u 0 0 d 2 u 0 2 u d u u 0 2 u 0 0 0 0 2 0 0 0 2 u 0 0 0 0 
2 2 u u 0 0 2 u d u d 2 u 0 u 0 2 u 0 0 0 0 2 u 0 0 2 0 0 0 0 0 
2 u u 0 0 0 2 2 2 0 2 2 0 u 0 u 2 0 0 0 0 0 2 u 0 0 2 0 0 0 u 0 
2 u u 0 0 0 2 2 0 u 2 2 2 0 0 u 2 0 0 0 0 0 2 0 0 0 2 u 0 0 u 0 
2 u 0 u 0 0 2 2 2 0 2 2 0 u u 0 2 0 0 0 0 0 2 u 0 0 2 0 0 0 0 u 
2 u 0 u 0 0 2 2 0 u 2 2 2 0 u 0 2 0 0 0 0 0 2 0 0 0 2 u 0 0 0 u 
2 2 u u 0 0 2 2 0 0 2 2 0 u u 0 u u 0 u 0 0 2 0 0 0 2 0 0 d 0 0 
2 2 u u 0 0 2 2 0 u 2 2 0 0 u 0 u u 0 u 0 0 2 0 0 d 2 0 0 0 0 0 
2 u u 0 0 0 2 2 2 u 2 2 0 0 0 u 2 0 0 0 0 0 2 0 0 0 2 u 0 0 u 0 
2 u u 0 0 0 2 2 0 0 2 2 2 u 0 u 2 0 0 0 0 0 2 u 0 0 2 0 0 0 u 0 
2 2 u 2 0 0 2 2 0 u 2 0 0 0 u u 2 u 0 0 0 0 2 0 0 0 2 u 0 0 0 0 
2 2 u 2 0 0 2 0 0 0 2 2 0 u u u 2 u 0 0 0 0 2 u 0 0 2 0 0 0 0 0 
2 2 u 0 u 0 2 u 0 u 2 2 0 0 0 0 2 0 0 0 0 0 2 0 u 0 2 u 0 0 2 0 
2 2 u 0 u 0 2 2 0 0 2 u 0 u 0 0 2 0 0 0 0 0 2 u 0 0 2 0 u 0 2 0 
2 2 u u d 0 2 2 0 0 2 2 0 u 0 0 2 0 0 0 0 0 u u 0 0 2 0 0 u u 0 
2 2 u u d 0 2 2 0 u 2 2 0 0 0 0 2 0 0 0 0 0 2 0 0 u u u 0 0 u 0 
2 2 u u 0 0 2 d 0 u d 2 0 0 u 0 2 u 0 0 0 0 2 u 0 u 2 0 0 u 0 0 
2 2 u u 0 0 d 2 0 0 2 d 0 u u 0 2 u 0 0 0 0 2 0 0 u 2 u 0 u 0 0 
2 2 u 2 0 0 u 2 0 0 2 2 0 u u 0 2 u 0 u 0 0 d 0 0 0 2 u 0 0 0 0 
2 2 u 2 0 0 2 2 0 u u 2 0 0 u 0 2 u 0 u 0 0 2 u 0 0 d 0 0 0 0 0 
u 2 u u 0 0 2 2 0 0 2 2 0 u 2 0 2 u 0 0 0 0 2 u 0 0 d u 0 0 0 0 
u 2 u u 0 0 2 2 0 u 2 2 0 0 2 0 2 u 0 0 0 0 d u 0 0 2 u 0 0 0 0 
2 2 u u 0 0 d 2 u u 2 u d 0 u 0 2 u 0 0 0 0 2 u 0 0 2 0 0 0 0 0 
2 2 u u 0 0 2 u d 0 d 2 u u u 0 2 u 0 0 0 0 2 0 0 0 2 u 0 0 0 0 
2 2 u u 0 0 2 d 0 0 2 d 0 u u 0 2 0 0 0 0 0 2 u u 0 2 0 u 0 0 u 
2 2 u u 0 0 2 d 0 u 2 d 0 0 u 0 2 0 0 0 0 0 2 0 u 0 2 u u 0 0 u 
2 0 0 u 0 0 2 d 0 u 2 2 0 0 u 0 2 u u 0 2 0 2 u u 0 2 0 0 0 0 0 
2 0 0 u 0 0 2 2 0 0 2 d 0 u u 0 2 u u 0 2 0 2 0 0 0 2 u u 0 0 0 
2 2 u u d 0 2 2 0 u 2 2 0 0 0 0 2 0 0 0 0 0 u 0 0 0 2 u 0 u u 0 
2 2 u u d 0 2 2 0 0 2 2 0 u 0 0 2 0 0 0 0 0 2 u 0 u u 0 0 0 u 0 
2 0 0 u 0 0 2 d 0 0 2 2 0 u u 0 2 u u 0 2 0 2 0 u 0 2 u 0 0 0 0 
2 0 0 u 0 0 2 2 0 u 2 d 0 0 u 0 2 u u 0 2 0 2 u 0 0 2 0 u 0 0 0 
d 2 u u 0 0 2 2 u u 2 2 0 0 u 0 u u 0 0 0 0 2 u 0 d 2 0 0 0 0 0 
d 2 u u 0 0 2 2 0 0 2 2 u u u 0 u u 0 0 0 0 2 0 0 0 2 u 0 d 0 0 
2 2 u u 0 0 2 d 0 0 d 2 0 u u 0 2 u 0 0 0 0 2 0 0 u 2 u 0 u 0 0 
2 2 u u 0 0 d 2 0 u 2 d 0 0 u 0 2 u 0 0 0 0 2 u 0 u 2 0 0 u 0 0 
2 2 0 0 0 0 2 d 0 u 2 u 0 0 u 0 2 u 0 0 u 0 2 0 u 0 2 u 0 d u 0 
2 2 0 0 0 0 2 u 0 0 2 d 0 u u 0 2 u 0 0 u 0 2 u 0 d 2 0 u 0 u 0 
d 2 u u 0 0 2 2 0 0 2 2 0 u u u 2 0 0 0 0 u 2 u 0 0 2 0 0 0 0 0 
d 2 u u 0 0 2 2 0 u 2 2 0 0 u u 2 0 0 0 0 u 2 0 0 0 2 u 0 0 0 0 
2 2 0 0 0 0 2 d 0 0 2 u 0 u u 0 2 u 0 0 u 0 2 u u 0 2 0 0 d u 0 
2 2 0 0 0 0 2 u 0 u 2 d 0 0 u 0 2 u 0 0 u 0 2 0 0 d 2 u u 0 u 0 
2 2 0 2 0 0 2 2 0 u u 2 u 0 u 0 2 0 0 0 0 0 2 0 0 0 2 u 0 0 u 0 
2 2 0 2 0 0 u 2 u 0 2 2 0 u u 0 2 0 0 0 0 0 2 u 0 0 2 0 0 0 u 0 
2 0 u u 0 0 2 u 0 0 2 2 0 u u u 2 0 0 0 u d 2 u d 0 2 0 0 0 0 0 
2 0 u u 0 0 2 2 0 u 2 u 0 0 u u 2 0 0 0 u d 2 0 0 0 2 u d 0 0 0 
2 0 u u 0 0 2 u 0 u 2 2 0 0 u u 2 0 0 0 u d 2 0 d 0 2 u 0 0 0 0 
2 0 u u 0 0 2 2 0 0 2 u 0 u u u 2 0 0 0 u d 2 u 0 0 2 0 d 0 0 0 
2 2 u u u 0 2 2 0 0 2 2 0 u 0 0 2 0 0 0 0 0 d u 0 0 2 0 0 u u 0 
2 2 u u u 0 2 2 0 u 2 2 0 0 0 0 2 0 0 0 0 0 2 0 0 u d u 0 0 u 0 
d 2 u u 0 0 2 u 0 0 2 2 0 u u 0 2 u u 0 0 0 2 0 0 d 2 u 0 0 0 0 
d 2 u u 0 0 2 2 0 u 2 u 0 0 u 0 2 u u 0 0 0 2 u 0 0 2 0 0 d 0 0 
d 2 u u 0 0 2 u 0 u 2 2 0 0 u 0 2 u u 0 0 0 2 u 0 d 2 0 0 0 0 0 
d 2 u u 0 0 2 2 0 0 2 u 0 u u 0 2 u u 0 0 0 2 0 0 0 2 u 0 d 0 0 
2 2 u u 0 0 2 2 0 u u 2 0 0 2 0 2 0 0 d 0 0 u 0 0 0 2 u 0 0 u 0 
2 2 u u 0 0 u 2 0 0 2 2 0 u 2 0 2 0 0 d 0 0 2 u 0 0 u 0 0 0 u 0 
2 d u u 0 0 2 d 0 0 2 d 0 u 0 0 2 u 0 0 u 0 2 0 u 0 2 u u 0 u 0 
2 d u u 0 0 2 d 0 u 2 d 0 0 0 0 2 u 0 0 u 0 2 u u 0 2 0 u 0 u 0 
2 2 u 0 0 0 2 2 0 0 d 2 0 u u 0 2 0 u 0 0 0 2 u 0 0 2 u 0 0 u 0 
2 2 u 0 0 0 d 2 0 u 2 2 0 0 u 0 2 0 u 0 0 0 2 u 0 0 2 u 0 0 u 0 
2 2 0 0 u 0 2 u 0 0 2 2 0 u u 0 2 u u 0 0 0 2 0 d 0 2 u 0 0 0 0 
2 2 0 0 u 0 2 2 0 u 2 u 0 0 u 0 2 u u 0 0 0 2 u 0 0 2 0 d 0 0 0 
2 2 u u 0 d 2 u 0 0 2 2 0 u u 0 2 u u 0 0 0 d 0 0 0 2 u 0 0 0 0 
2 2 u u 0 d 2 2 0 u 2 u 0 0 u 0 2 u u 0 0 0 2 u 0 0 d 0 0 0 0 0 
2 2 u 2 0 0 2 2 0 0 u 2 0 u u 0 2 0 0 0 0 0 u u 0 0 2 0 0 0 u d 
2 2 u 2 0 0 u 2 0 u 2 2 0 0 u 0 2 0 0 0 0 0 2 0 0 0 u u 0 0 u d 
2 2 u 0 0 d 2 d 0 u 2 d 0 0 u 0 u u 0 0 0 0 2 0 u 0 2 u u 0 u 0 
2 2 u 0 0 d 2 d 0 0 2 d 0 u u 0 u u 0 0 0 0 2 u u 0 2 0 u 0 u 0 
2 2 0 0 0 0 2 2 0 0 2 d 0 u 0 0 2 u 0 0 0 u 2 u 0 0 2 0 u 0 u u 
2 2 0 0 0 0 2 d 0 u 2 2 0 0 0 0 2 u 0 0 0 u 2 0 u 0 2 u 0 0 u u 
2 2 u u 0 d 2 2 0 0 2 u 0 u u 0 2 u u 0 0 0 2 0 0 0 d u 0 0 0 0 
2 2 u u 0 d 2 u 0 u 2 2 0 0 u 0 2 u u 0 0 0 d u 0 0 2 0 0 0 0 0 
2 d u 0 0 0 2 2 0 u 2 u d 0 u 0 2 u 0 0 0 u 2 0 0 0 2 u 0 0 u 0 
2 d u 0 0 0 2 u d 0 2 2 0 u u 0 2 u 0 0 0 u 2 u 0 0 2 0 0 0 u 0 
2 2 u 0 0 0 2 2 0 0 2 u 0 u u 0 2 u 0 u 0 0 2 0 0 0 2 0 0 0 2 0 
2 2 u 0 0 0 2 u 0 u 2 2 0 0 u 0 2 u 0 u 0 0 2 0 0 0 2 0 0 0 2 0 
2 2 u u u 0 2 2 0 0 2 u 0 0 d u 2 0 0 0 0 0 2 0 0 0 2 u 0 0 u 0 
2 2 u u u 0 2 u 0 0 2 2 0 0 d u 2 0 0 0 0 0 2 u 0 0 2 0 0 0 u 0 
2 d u 0 0 0 2 2 0 0 2 u d u u 0 2 u 0 0 0 u 2 u 0 0 2 0 0 0 u 0 
2 d u 0 0 0 2 u d u 2 2 0 0 u 0 2 u 0 0 0 u 2 0 0 0 2 u 0 0 u 0 
2 2 0 0 0 0 2 2 0 u 2 d 0 0 0 0 2 u 0 0 0 u 2 0 0 0 2 u u 0 u u 
2 2 0 0 0 0 2 d 0 0 2 2 0 u 0 0 2 u 0 0 0 u 2 u u 0 2 0 0 0 u u 
u 2 u u 0 0 2 2 0 0 2 2 0 u 0 0 2 u 0 0 u 0 2 0 0 0 2 u 0 0 d 0 
u 2 u u 0 0 2 2 0 u 2 2 0 0 0 0 2 u 0 0 u 0 2 u 0 0 2 0 0 0 d 0 
2 2 2 u 0 0 2 2 0 u 2 u 0 0 u 0 u 0 0 0 0 0 2 0 0 0 2 u 0 d u 0 
2 2 2 u 0 0 2 u 0 0 2 2 0 u u 0 u 0 0 0 0 0 2 u 0 d 2 0 0 0 u 0 
2 2 u 2 0 0 2 2 0 0 u 2 0 u u 0 2 u 0 u 0 0 2 0 0 0 d u 0 0 0 0 
2 2 u 2 0 0 u 2 0 u 2 2 0 0 u 0 2 u 0 u 0 0 d u 0 0 2 0 0 0 0 0 
2 2 u u 0 0 2 2 0 0 u 2 0 0 u 0 2 u d u 0 0 2 0 0 0 2 u 0 0 0 0 
2 2 u u 0 0 u 2 0 0 2 2 0 0 u 0 2 u d u 0 0 2 u 0 0 2 0 0 0 0 0 
2 2 u d 0 0 2 u 0 0 2 2 0 u u u 2 0 0 0 0 0 2 u u 0 2 0 0 0 0 0 
2 2 u d 0 0 2 2 0 u 2 u 0 0 u u 2 0 0 0 0 0 2 0 0 0 2 u u 0 0 0 
2 2 0 0 u 0 2 u 0 0 2 2 0 u u 0 2 0 u u 0 0 2 0 d 0 2 u 0 0 0 0 
2 2 0 0 u 0 2 2 0 u 2 u 0 0 u 0 2 0 u u 0 0 2 u 0 0 2 0 d 0 0 0 
2 u u u 0 0 2 2 0 u 2 2 d u 0 0 2 u 0 0 0 0 2 0 0 0 2 u 0 0 0 0 
2 u u u 0 0 2 2 d u 2 2 0 u 0 0 2 u 0 0 0 0 2 u 0 0 2 0 0 0 0 0 
2 2 u u 0 0 2 2 0 2 u d 0 u u 0 2 0 0 0 0 0 2 u 0 0 2 0 0 0 u 0 
2 2 u u 0 0 u d 0 u 2 2 0 2 u 0 2 0 0 0 0 0 2 0 0 0 2 u 0 0 u 0 
2 2 u u 0 0 2 2 0 0 u 2 0 u 0 0 2 u 0 0 u 0 2 d 0 0 2 u 0 0 0 0 
2 2 u u 0 0 u 2 0 u 2 2 0 0 0 0 2 u 0 0 u 0 2 u 0 0 2 d 0 0 0 0 
2 2 u u 0 0 2 2 0 0 d 2 0 0 u 0 2 0 0 u 0 u 2 u 0 0 2 0 0 0 u 0 
2 2 u u 0 0 d 2 0 0 2 2 0 0 u 0 2 0 0 u 0 u 2 0 0 0 2 u 0 0 u 0 
2 2 u 0 0 0 2 2 u 0 2 2 0 u u 0 u u 0 0 0 0 2 0 0 d 2 u 0 0 0 0 
2 2 u 0 0 0 2 2 0 u 2 2 u 0 u 0 u u 0 0 0 0 2 u 0 0 2 0 0 d 0 0 
d 2 u u 0 0 2 2 0 u 2 2 0 0 u u 2 0 0 0 0 0 d 0 0 0 2 u 0 u u 0 
d 2 u u 0 0 2 2 0 0 2 2 0 u u u 2 0 0 0 0 0 2 u 0 u d 0 0 0 u 0 
2 0 u u 0 u 2 2 0 0 2 2 0 u u u d 0 0 0 2 0 2 u 0 0 2 0 0 0 0 0 
2 0 u u 0 u 2 2 0 u 2 2 0 0 u u d 0 0 0 2 0 2 0 0 0 2 u 0 0 0 0 
2 2 u u 0 0 2 2 0 0 2 2 0 u u 0 2 u d 0 0 0 d 0 0 0 u u 0 0 0 u 
2 2 u u 0 0 2 2 0 u 2 2 0 0 u 0 2 u d 0 0 0 u u 0 0 d 0 0 0 0 u 
u d u u 0 0 2 2 0 0 2 2 0 u u 0 2 0 0 0 u d 2 u 0 0 2 0 0 0 u 0 
u d u u 0 0 2 2 0 u 2 2 0 0 u 0 2 0 0 0 u d 2 0 0 0 2 u 0 0 u 0 
2 2 0 2 0 0 2 2 0 0 u 2 u u u 0 2 0 0 0 0 0 2 u 0 0 2 0 0 0 u 0 
2 2 0 2 0 0 u 2 u u 2 2 0 0 u 0 2 0 0 0 0 0 2 0 0 0 2 u 0 0 u 0 
2 2 u u 0 0 2 2 0 u u d 0 2 u 0 2 0 0 0 0 0 2 0 0 0 2 u 0 0 u 0 
2 2 u u 0 0 u d 0 2 2 2 0 u u 0 2 0 0 0 0 0 2 u 0 0 2 0 0 0 u 0 
2 2 0 0 u 0 2 u 0 u 2 2 0 0 u 0 2 u u 0 0 0 2 u d 0 2 0 0 0 0 0 
2 2 0 0 u 0 2 2 0 0 2 u 0 u u 0 2 u u 0 0 0 2 0 0 0 2 u d 0 0 0 
2 2 u 0 0 0 2 2 0 u 2 u 0 0 2 u 2 u 0 0 0 0 2 0 0 0 2 0 0 0 0 u 
2 2 u 0 0 0 2 u 0 0 2 2 0 u 2 u 2 u 0 0 0 0 2 0 0 0 2 0 0 0 0 u 
2 u 0 0 0 d 2 2 0 u 2 2 0 0 u 0 2 0 u u 0 0 2 0 0 0 2 u 0 0 u 0 
2 u 0 0 0 d 2 2 0 0 2 2 0 u u 0 2 0 u u 0 0 2 u 0 0 2 0 0 0 u 0 
u 2 u u 0 0 2 2 0 u 2 2 0 0 u d 2 0 0 0 0 0 u 0 0 0 2 u 0 d u 0 
u 2 u u 0 0 2 2 0 0 2 2 0 u u d 2 0 0 0 0 0 2 u 0 d u 0 0 0 u 0 
2 2 u u u 0 2 2 0 0 2 2 0 0 u 0 d u 0 0 0 0 2 0 0 0 2 u 0 u 0 0 
2 2 u u u 0 2 2 0 0 2 2 0 0 u 0 d u 0 0 0 0 2 u 0 u 2 0 0 0 0 0 
u u u u 0 0 2 2 0 0 2 2 0 u 2 d 2 0 0 0 0 0 2 u 0 0 2 0 0 0 u 0 
u u u u 0 0 2 2 0 u 2 2 0 0 2 d 2 0 0 0 0 0 2 0 0 0 2 u 0 0 u 0 
2 2 0 0 u 0 2 u 0 u 2 2 0 0 u 0 2 0 u u 0 0 2 u d 0 2 0 0 0 0 0 
2 2 0 0 u 0 2 2 0 0 2 u 0 u u 0 2 0 u u 0 0 2 0 0 0 2 u d 0 0 0 
u 2 u 2 0 0 2 2 0 0 2 2 0 u u 0 2 0 0 0 0 u 2 0 0 0 2 u 0 0 0 0 
u 2 u 2 0 0 2 2 0 u 2 2 0 0 u 0 2 0 0 0 0 u 2 u 0 0 2 0 0 0 0 0 
2 2 u u 0 0 2 2 0 0 u 2 0 0 u 0 2 u 0 u 0 d 2 0 0 0 2 u 0 0 0 0 
2 2 u u 0 0 u 2 0 0 2 2 0 0 u 0 2 u 0 u 0 d 2 u 0 0 2 0 0 0 0 0 
u 2 u u 0 d 2 2 0 u 2 2 0 0 u 0 2 u 0 0 0 0 2 u 0 0 d 0 0 u 0 0 
u 2 u u 0 d 2 2 0 0 2 2 0 u u 0 2 u 0 0 0 0 d 0 0 u 2 u 0 0 0 0 
2 d u 0 u 0 2 2 0 0 2 2 0 u 0 0 2 0 0 u u 0 2 0 0 0 2 u 0 0 0 u 
2 d u 0 u 0 2 2 0 u 2 2 0 0 0 0 2 0 0 u u 0 2 u 0 0 2 0 0 0 0 u 
u 2 u u 0 d 2 2 0 0 2 2 0 u u 0 2 u 0 0 0 0 2 0 0 0 d u 0 u 0 0 
u 2 u u 0 d 2 2 0 u 2 2 0 0 u 0 2 u 0 0 0 0 d u 0 u 2 0 0 0 0 0 
2 2 u u 0 0 2 u d 0 2 2 0 u u 0 2 u 0 0 0 0 2 0 0 0 d u 0 u 0 0 
2 2 u u 0 0 2 2 0 u 2 u d 0 u 0 2 u 0 0 0 0 d u 0 u 2 0 0 0 0 0 
2 2 u 0 0 0 2 2 0 0 2 2 0 u 0 0 d u u 0 0 0 2 u 0 0 2 0 0 0 u u 
2 2 u 0 0 0 2 2 0 u 2 2 0 0 0 0 d u u 0 0 0 2 0 0 0 2 u 0 0 u u 
2 d u u 0 0 2 2 u 0 2 2 0 u u 0 2 0 u 0 0 0 d u 0 0 2 0 0 0 u 0 
2 d u u 0 0 2 2 0 u 2 2 u 0 u 0 2 0 u 0 0 0 2 0 0 0 d u 0 0 u 0 
2 2 u u 0 0 2 2 0 0 2 2 0 u u 0 2 u d 0 0 0 u 0 0 0 d u 0 0 0 u 
2 2 u u 0 0 2 2 0 u 2 2 0 0 u 0 2 u d 0 0 0 d u 0 0 u 0 0 0 0 u 
2 2 u u u 0 2 2 0 u 2 2 0 0 0 0 2 0 0 0 0 0 d 0 0 0 2 u 0 u u 0 
2 2 u u u 0 2 2 0 0 2 2 0 u 0 0 2 0 0 0 0 0 2 u 0 u d 0 0 0 u 0 
2 d u u 0 0 2 2 u u 2 2 0 0 u 0 2 0 u 0 0 0 d 0 0 0 2 u 0 0 u 0 
2 d u u 0 0 2 2 0 0 2 2 u u u 0 2 0 u 0 0 0 2 u 0 0 d 0 0 0 u 0 
2 2 0 u 0 0 2 2 0 0 2 2 0 u 2 0 u u 0 0 0 0 2 0 0 0 2 u 0 0 0 u 
2 2 0 u 0 0 2 2 0 u 2 2 0 0 2 0 u u 0 0 0 0 2 u 0 0 2 0 0 0 0 u 
2 2 u u 0 0 2 d u 0 2 2 0 u u 0 2 u 0 0 0 0 2 0 0 0 u u 0 d 0 0 
2 2 u u 0 0 2 2 0 u 2 d u 0 u 0 2 u 0 0 0 0 u u 0 d 2 0 0 0 0 0 
2 2 u u 0 0 2 u d u 2 2 0 0 u 0 2 u 0 0 0 0 2 u 0 0 d 0 0 u 0 0 
2 2 u u 0 0 2 2 0 0 2 u d u u 0 2 u 0 0 0 0 d 0 0 u 2 u 0 0 0 0 
2 2 u 2 0 0 2 u 0 u 2 2 0 0 u 0 2 0 0 0 0 d u 0 0 0 2 u 0 0 u 0 
2 2 u 2 0 0 2 2 0 0 2 u 0 u u 0 2 0 0 0 0 d 2 u 0 0 u 0 0 0 u 0 
2 2 u u 0 0 2 d u u 2 2 0 0 u 0 2 u 0 0 0 0 2 u 0 0 u 0 0 d 0 0 
2 2 u u 0 0 2 2 0 0 2 d u u u 0 2 u 0 0 0 0 u 0 0 d 2 u 0 0 0 0 
2 2 u 0 u 0 2 0 2 0 2 2 0 u 0 u 2 u 0 0 0 0 2 0 0 0 2 u 0 0 0 0 
2 2 u 0 u 0 2 2 0 u 2 0 2 0 0 u 2 u 0 0 0 0 2 u 0 0 2 0 0 0 0 0 
2 2 u 2 0 0 2 2 0 0 2 2 0 u 2 0 2 u 0 0 0 0 u 0 0 0 u u 0 0 0 0 
2 2 u 2 0 0 2 2 0 u 2 2 0 0 2 0 2 u 0 0 0 0 u u 0 0 u 0 0 0 0 0 
2 d 0 u 0 0 2 2 0 0 2 2 0 u 0 u 2 u u 0 u 0 2 0 0 0 2 u 0 0 0 0 
2 d 0 u 0 0 2 2 0 u 2 2 0 0 0 u 2 u u 0 u 0 2 u 0 0 2 0 0 0 0 0 
2 2 u 2 0 u 2 0 0 u 2 2 0 0 u 0 2 0 0 0 0 0 2 0 0 0 2 u 0 0 0 u 
2 2 u 2 0 u 2 2 0 0 2 0 0 u u 0 2 0 0 0 0 0 2 u 0 0 2 0 0 0 0 u 
2 0 u u 0 0 2 u 0 u 2 2 0 0 0 0 2 u 0 0 2 0 2 u d 0 2 0 0 0 0 u 
2 0 u u 0 0 2 2 0 0 2 u 0 u 0 0 2 u 0 0 2 0 2 0 0 0 2 u d 0 0 u 
2 2 u u u 0 d 2 0 0 2 2 0 u u 0 2 0 0 0 0 0 2 u 0 0 2 0 0 u 0 0 
2 2 u u u 0 2 2 0 u d 2 0 0 u 0 2 0 0 0 0 0 2 0 0 u 2 u 0 0 0 0 
2 2 2 u 0 0 2 2 0 0 2 u 0 u u 0 u 0 0 0 0 0 2 u 0 0 2 0 0 d u 0 
2 2 2 u 0 0 2 u 0 u 2 2 0 0 u 0 u 0 0 0 0 0 2 0 0 d 2 u 0 0 u 0 
2 2 u u 0 0 2 2 0 0 d 2 u u u 0 d u 0 0 0 0 2 u 0 0 2 0 0 0 u 0 
2 2 u u 0 0 d 2 u u 2 2 0 0 u 0 d u 0 0 0 0 2 0 0 0 2 u 0 0 u 0 
2 2 u 0 0 0 2 2 0 u 2 2 0 u u 0 2 0 0 u 0 0 2 0 0 0 d u 0 0 u 0 
2 2 u 0 0 0 2 2 0 u 2 2 0 u u 0 2 0 0 u 0 0 d u 0 0 2 0 0 0 u 0 
2 2 u u 0 0 2 2 0 u 2 2 0 0 u 0 2 0 0 0 0 0 u 0 u 0 2 u 0 0 d 0 
2 2 u u 0 0 2 2 0 0 2 2 0 u u 0 2 0 0 0 0 0 2 u 0 0 u 0 u 0 d 0 
u 2 2 0 0 0 2 2 0 0 2 2 0 u 0 0 d u u 0 0 0 2 u 0 0 2 0 0 0 u u 
u 2 2 0 0 0 2 2 0 u 2 2 0 0 0 0 d u u 0 0 0 2 0 0 0 2 u 0 0 u u 
2 2 u u 0 0 d 2 u 0 2 2 0 u u 0 d u 0 0 0 0 2 u 0 0 2 0 0 0 u 0 
2 2 u u 0 0 2 2 0 u d 2 u 0 u 0 d u 0 0 0 0 2 0 0 0 2 u 0 0 u 0 
2 2 0 u u 0 2 2 0 0 2 2 0 u u 0 u 0 0 d 0 0 2 u 0 0 2 0 0 0 u 0 
2 2 0 u u 0 2 2 0 u 2 2 0 0 u 0 u 0 0 d 0 0 2 0 0 0 2 u 0 0 u 0 
2 2 u u 0 0 2 d 0 u 2 2 0 d u 0 2 u 0 0 0 0 2 u u 0 u 0 0 0 0 0 
2 2 u u 0 0 2 2 0 d 2 d 0 u u 0 2 u 0 0 0 0 u 0 0 0 2 u u 0 0 0 
u 2 u u 0 0 2 2 0 0 2 2 0 u u d 2 0 0 0 0 0 u u 0 0 2 0 0 d u 0 
u 2 u u 0 0 2 2 0 u 2 2 0 0 u d 2 0 0 0 0 0 2 0 0 d u u 0 0 u 0 
2 2 u u u 0 d 2 0 u 2 2 0 0 u 0 2 0 0 0 0 0 2 0 0 0 2 u 0 u 0 0 
2 2 u u u 0 2 2 0 0 d 2 0 u u 0 2 0 0 0 0 0 2 u 0 u 2 0 0 0 0 0 
2 2 u 0 u 0 2 0 2 u 2 2 0 0 0 u 2 u 0 0 0 0 2 u 0 0 2 0 0 0 0 0 
2 2 u 0 u 0 2 2 0 0 2 0 2 u 0 u 2 u 0 0 0 0 2 0 0 0 2 u 0 0 0 0 
d 2 u u 0 0 2 2 0 0 2 2 0 u u u 2 0 0 0 0 0 d u 0 0 2 0 0 u u 0 
d 2 u u 0 0 2 2 0 u 2 2 0 0 u u 2 0 0 0 0 0 2 0 0 u d u 0 0 u 0 
u 2 u u d 0 2 2 0 u 2 2 0 0 u 0 2 0 0 0 0 0 2 0 0 0 u u 0 d u 0 
u 2 u u d 0 2 2 0 0 2 2 0 u u 0 2 0 0 0 0 0 u u 0 d 2 0 0 0 u 0 
2 0 u u 0 0 2 u 0 0 2 2 0 u 0 0 2 u 0 0 2 0 2 0 d 0 2 u 0 0 0 u 
2 0 u u 0 0 2 2 0 u 2 u 0 0 0 0 2 u 0 0 2 0 2 u 0 0 2 0 d 0 0 u 
2 2 u 2 0 u 2 0 0 0 2 2 0 u u 0 2 0 0 0 0 0 2 u 0 0 2 0 0 0 0 u 
2 2 u 2 0 u 2 2 0 u 2 0 0 0 u 0 2 0 0 0 0 0 2 0 0 0 2 u 0 0 0 u 
2 2 u 2 0 0 2 2 0 u 2 2 u 0 u 0 2 0 0 0 0 0 2 u 0 0 u 0 0 0 0 0 
2 2 u 2 0 0 2 2 u 0 2 2 0 u u 0 2 0 0 0 0 0 u 0 0 0 2 u 0 0 0 0 
2 2 u u 0 0 2 2 0 u 2 u 0 0 0 0 2 2 0 0 0 0 2 u u 0 2 0 0 0 0 0 
2 2 u u 0 0 2 u 0 0 2 2 0 u 0 0 2 2 0 0 0 0 2 0 0 0 2 u u 0 0 0 
2 u 0 u 0 0 2 0 0 u 2 2 0 0 u 0 2 u 0 0 2 0 2 u 2 0 2 0 0 0 0 0 
2 u 0 u 0 0 2 2 0 0 2 0 0 u u 0 2 u 0 0 2 0 2 0 0 0 2 u 2 0 0 0 
2 2 u u 0 u 2 2 0 u u 2 0 0 u 0 d 0 0 0 0 0 2 0 0 0 2 u 0 d u 0 
2 2 u u 0 u u 2 0 0 2 2 0 u u 0 d 0 0 0 0 0 2 u 0 d 2 0 0 0 u 0 
0 2 2 0 0 0 2 2 0 0 2 2 0 u u 0 2 u u 0 0 0 2 u 0 0 2 0 0 0 u 0 
0 2 2 0 0 0 2 2 0 u 2 2 0 0 u 0 2 u u 0 0 0 2 0 0 0 2 u 0 0 u 0 
2 u 0 u 0 0 2 0 0 0 2 2 0 u u 0 2 u 0 0 2 0 2 0 2 0 2 u 0 0 0 0 
2 u 0 u 0 0 2 2 0 u 2 0 0 0 u 0 2 u 0 0 2 0 2 u 0 0 2 0 2 0 0 0 
2 2 u u 0 u 2 2 0 0 u 2 0 u u 0 d 0 0 0 0 0 2 u 0 0 2 0 0 d u 0 
2 2 u u 0 u u 2 0 u 2 2 0 0 u 0 d 0 0 0 0 0 2 0 0 d 2 u 0 0 u 0 
2 2 u u 0 0 2 2 0 0 2 2 0 u u 0 2 0 0 0 0 0 u u u 0 2 0 0 0 d 0 
2 2 u u 0 0 2 2 0 u 2 2 0 0 u 0 2 0 0 0 0 0 2 0 0 0 u u u 0 d 0 
2 2 u 2 0 0 2 u 0 0 2 2 0 u u 0 2 0 0 0 0 d u u 0 0 2 0 0 0 u 0 
2 2 u 2 0 0 2 2 0 u 2 u 0 0 u 0 2 0 0 0 0 d 2 0 0 0 u u 0 0 u 0 
2 2 u u 0 0 2 2 0 0 2 2 0 u u 0 2 0 0 0 0 0 2 0 u 0 2 0 0 0 0 u 
2 2 u u 0 0 2 2 0 u 2 2 0 0 u 0 2 0 0 0 0 0 2 0 0 0 2 0 u 0 0 u 
2 u u u 0 0 2 2 0 0 d 2 0 u u 0 2 0 0 d 0 0 2 u 0 0 2 u 0 0 u 0 
2 u u u 0 0 d 2 0 u 2 2 0 0 u 0 2 0 0 d 0 0 2 u 0 0 2 u 0 0 u 0 
2 2 0 u 0 0 d 2 0 0 2 2 0 u u 0 2 0 0 0 0 0 2 u 0 0 2 u 0 0 u u 
2 2 0 u 0 0 2 2 0 u d 2 0 0 u 0 2 0 0 0 0 0 2 u 0 0 2 u 0 0 u u 
2 0 u u 0 0 2 2 0 0 2 2 0 u u 0 2 d 0 u 0 0 2 u 0 0 2 0 0 0 u 0 
2 0 u u 0 0 2 2 0 u 2 2 0 0 u 0 2 d 0 u 0 0 2 0 0 0 2 u 0 0 u 0 
2 2 0 0 0 0 2 2 u u 2 2 0 u u 0 2 u 0 0 0 0 2 0 0 0 2 u 0 0 0 0 
2 2 0 0 0 0 2 2 0 u 2 2 u u u 0 2 u 0 0 0 0 2 u 0 0 2 0 0 0 0 0 
2 2 0 u 0 0 2 u 0 u 2 2 0 0 u 0 2 0 0 0 0 u 2 0 0 d 2 u 0 0 u 0 
2 2 0 u 0 0 2 2 0 0 2 u 0 u u 0 2 0 0 0 0 u 2 u 0 0 2 0 0 d u 0 
2 d u 0 0 0 2 u 0 0 2 2 0 u u u 2 u 0 0 0 u 2 u d 0 2 0 0 0 0 0 
2 d u 0 0 0 2 2 0 u 2 u 0 0 u u 2 u 0 0 0 u 2 0 0 0 2 u d 0 0 0 
2 2 u u 0 0 u 2 d 0 2 2 0 u u 0 d u u 0 0 0 2 0 0 0 2 u 0 0 0 0 
2 2 u u 0 0 2 2 0 u u 2 d 0 u 0 d u u 0 0 0 2 u 0 0 2 0 0 0 0 0 
2 2 u u 0 0 2 2 0 0 u 2 d u u 0 d u u 0 0 0 2 0 0 0 2 u 0 0 0 0 
2 2 u u 0 0 u 2 d u 2 2 0 0 u 0 d u u 0 0 0 2 u 0 0 2 0 0 0 0 0 
2 2 0 u 0 0 2 u 0 0 2 2 0 u u 0 2 0 0 0 0 u 2 u 0 d 2 0 0 0 u 0 
2 2 0 u 0 0 2 2 0 u 2 u 0 0 u 0 2 0 0 0 0 u 2 0 0 0 2 u 0 d u 0 
2 u 0 u 0 d 2 2 0 0 2 2 0 u 0 0 2 u u 0 0 0 2 0 0 0 2 u 0 0 u 0 
2 u 0 u 0 d 2 2 0 u 2 2 0 0 0 0 2 u u 0 0 0 2 u 0 0 2 0 0 0 u 0 
2 d u u 0 0 u 2 0 u 2 2 0 0 u 0 2 0 0 0 0 u 2 0 d 0 2 u 0 0 u 0 
2 d u u 0 0 2 2 0 0 u 2 0 u u 0 2 0 0 0 0 u 2 u 0 0 2 0 d 0 u 0 
2 d u u 0 0 u 2 0 0 2 2 0 u u 0 2 0 0 0 0 u 2 u d 0 2 0 0 0 u 0 
2 d u u 0 0 2 2 0 u u 2 0 0 u 0 2 0 0 0 0 u 2 0 0 0 2 u d 0 u 0 
2 0 u u 0 0 2 0 0 u 2 2 0 0 u 0 2 u 0 0 2 0 2 u 2 0 2 0 0 0 0 0 
2 0 u u 0 0 2 2 0 0 2 0 0 u u 0 2 u 0 0 2 0 2 0 0 0 2 u 2 0 0 0 
2 2 u u 0 0 2 d u u 2 2 0 0 u 0 2 u 0 0 0 0 2 u 0 0 d 0 0 u 0 0 
2 2 u u 0 0 2 2 0 0 2 d u u u 0 2 u 0 0 0 0 d 0 0 u 2 u 0 0 0 0 
2 2 u 0 0 0 2 2 u u 2 2 0 0 u 0 u u 0 0 0 0 2 u 0 d 2 0 0 0 0 0 
2 2 u 0 0 0 2 2 0 0 2 2 u u u 0 u u 0 0 0 0 2 0 0 0 2 u 0 d 0 0 
2 0 u u 0 0 2 0 0 0 2 2 0 u u 0 2 u 0 0 2 0 2 0 2 0 2 u 0 0 0 0 
2 0 u u 0 0 2 2 0 u 2 0 0 0 u 0 2 u 0 0 2 0 2 u 0 0 2 0 2 0 0 0 
2 2 u u 0 0 2 d u 0 2 2 0 u u 0 2 u 0 0 0 0 2 0 0 0 d u 0 u 0 0 
2 2 u u 0 0 2 2 0 u 2 d u 0 u 0 2 u 0 0 0 0 d u 0 u 2 0 0 0 0 0 
2 d u 0 0 0 2 u 0 u 2 2 0 0 u u 2 u 0 0 0 u 2 0 d 0 2 u 0 0 0 0 
2 d u 0 0 0 2 2 0 0 2 u 0 u u u 2 u 0 0 0 u 2 u 0 0 2 0 d 0 0 0 
2 2 u u 0 0 2 2 0 0 2 2 0 u u 0 0 0 0 0 0 0 2 u 0 0 2 0 0 0 2 u 
2 2 u u 0 0 2 2 0 u 2 2 0 0 u 0 0 0 0 0 0 0 2 0 0 0 2 u 0 0 2 u 
2 2 u u 0 0 2 2 0 0 u 2 d u u 0 2 u 0 0 0 0 2 0 0 0 d u u 0 0 0 
2 2 u u 0 0 u 2 d u 2 2 0 0 u 0 2 u 0 0 0 0 d u u 0 2 0 0 0 0 0 
2 2 u u 0 0 2 2 0 u u 2 d 0 u 0 2 u 0 0 0 0 2 u 0 0 d 0 u 0 0 0 
2 2 u u 0 0 u 2 d 0 2 2 0 u u 0 2 u 0 0 0 0 d 0 u 0 2 u 0 0 0 0 
2 2 u u 0 0 2 2 0 0 2 2 0 0 u u d u 0 0 0 0 2 u 0 0 2 0 0 u 0 0 
2 2 u u 0 0 2 2 0 0 2 2 0 0 u u d u 0 0 0 0 2 0 0 u 2 u 0 0 0 0 
u 2 u u d 0 2 2 0 0 2 2 0 u u 0 2 0 0 0 0 0 2 u 0 0 u 0 0 d u 0 
u 2 u u d 0 2 2 0 u 2 2 0 0 u 0 2 0 0 0 0 0 u 0 0 d 2 u 0 0 u 0 
d 2 u u u 0 2 2 0 u 2 2 0 0 u 0 2 0 0 0 0 0 2 0 0 0 2 0 0 u u 0 
d 2 u u u 0 2 2 0 0 2 2 0 u u 0 2 0 0 0 0 0 2 0 0 u 2 0 0 0 u 0 
2 2 u u 0 0 u 2 0 0 2 2 0 u 0 0 2 u 0 0 u 0 2 0 0 0 2 2 0 0 0 0 
2 2 u u 0 0 2 2 0 u u 2 0 0 0 0 2 u 0 0 u 0 2 2 0 0 2 0 0 0 0 0 
u 2 0 u 0 0 2 2 0 0 2 2 0 u u 2 2 0 0 0 0 0 2 u 0 0 2 0 0 0 u 0 
u 2 0 u 0 0 2 2 0 u 2 2 0 0 u 2 2 0 0 0 0 0 2 0 0 0 2 u 0 0 u 0 
2 d 2 0 0 0 2 2 0 0 2 2 0 u 0 0 u u 0 0 u 0 2 u 0 0 2 0 0 0 u u 
2 d 2 0 0 0 2 2 0 u 2 2 0 0 0 0 u u 0 0 u 0 2 0 0 0 2 u 0 0 u u 
2 2 u 2 0 0 2 2 0 0 2 2 u u u 0 2 0 0 0 0 0 2 0 0 0 u u 0 0 0 0 
2 2 u 2 0 0 2 2 u u 2 2 0 0 u 0 2 0 0 0 0 0 u u 0 0 2 0 0 0 0 0 
2 2 u 0 u 0 2 2 0 0 u 2 d u u 0 2 0 0 0 0 0 2 u 0 0 2 0 0 0 u 0 
2 2 u 0 u 0 u 2 d u 2 2 0 0 u 0 2 0 0 0 0 0 2 0 0 0 2 u 0 0 u 0 
d 2 u u 0 0 2 2 0 0 d 2 0 u u 0 2 u u 0 0 0 2 0 0 0 2 u u 0 0 0 
d 2 u u 0 0 d 2 0 u 2 2 0 0 u 0 2 u u 0 0 0 2 u u 0 2 0 0 0 0 0 
2 2 u u 0 0 2 2 0 0 2 2 0 u u 0 d 0 0 0 0 0 u u 0 0 2 d 0 0 u u 
2 2 u u 0 0 2 2 0 u 2 2 0 0 u 0 d 0 0 0 0 0 2 d 0 0 u u 0 0 u u 
2 2 u u 0 0 u d 0 0 2 2 0 u u 0 2 u 0 0 0 0 2 d u 0 2 u 0 0 0 0 
2 2 u u 0 0 2 2 0 u u d 0 0 u 0 2 u 0 0 0 0 2 u 0 0 2 d u 0 0 0 
2 d u u 0 0 2 2 0 0 2 2 0 0 u 0 2 0 0 0 0 0 2 0 0 0 2 u 0 u u u 
2 d u u 0 0 2 2 0 0 2 2 0 0 u 0 2 0 0 0 0 0 2 u 0 u 2 0 0 0 u u 
2 2 0 0 0 0 2 2 0 0 2 2 0 u u 0 2 0 0 0 0 0 2 u 0 0 2 u u 0 u 0 
2 2 0 0 0 0 2 2 0 u 2 2 0 0 u 0 2 0 0 0 0 0 2 u u 0 2 u 0 0 u 0 
d 2 u u 0 0 d 2 0 0 2 2 0 u u 0 2 u u 0 0 0 2 0 u 0 2 u 0 0 0 0 
d 2 u u 0 0 2 2 0 u d 2 0 0 u 0 2 u u 0 0 0 2 u 0 0 2 0 u 0 0 0 
2 2 u u 0 0 2 d 0 0 2 2 0 0 u 0 2 0 0 0 0 0 2 0 0 0 2 u u u u 0 
2 2 u u 0 0 2 2 0 0 2 d 0 0 u 0 2 0 0 0 0 0 2 u u u 2 0 0 0 u 0 
2 u u 2 0 0 2 u 0 0 2 u 0 u 2 u 2 0 0 0 d 0 2 u 0 0 2 0 0 0 0 0 
2 u u 2 0 0 2 u 0 u 2 u 0 0 2 u 2 0 0 0 d 0 2 0 0 0 2 u 0 0 0 0 
2 2 u u 0 0 d 2 0 u 2 u 0 0 u 0 2 u 0 0 0 0 2 0 0 0 2 u 0 0 u d 
2 2 u u 0 0 2 u 0 0 d 2 0 u u 0 2 u 0 0 0 0 2 u 0 0 2 0 0 0 u d 
2 u u u 0 0 d 2 0 0 2 2 0 u u 0 2 0 0 0 0 0 2 u 0 0 2 u 0 0 u d 
2 u u u 0 0 2 2 0 u d 2 0 0 u 0 2 0 0 0 0 0 2 u 0 0 2 u 0 0 u d 
2 2 u u 0 0 2 2 0 0 2 2 0 u u 0 u u 0 0 d 0 2 0 0 0 d u 0 u 0 0 
2 2 u u 0 0 2 2 0 u 2 2 0 0 u 0 u u 0 0 d 0 d u 0 u 2 0 0 0 0 0 
2 u u u 0 0 2 2 0 u u 2 0 0 u 0 2 u 0 0 d 0 2 u 0 0 2 0 0 d 0 0 
2 u u u 0 0 u 2 0 0 2 2 0 u u 0 2 u 0 0 d 0 2 0 0 d 2 u 0 0 0 0 
2 2 u u 0 0 u 2 u u 2 2 0 0 u 0 2 0 0 0 0 0 2 0 0 0 2 u 0 0 0 d 
2 2 u u 0 0 2 2 0 0 u 2 u u u 0 2 0 0 0 0 0 2 u 0 0 2 0 0 0 0 d 
2 2 u u 0 0 2 2 0 u 2 2 0 0 u 0 u u 0 0 d 0 2 u 0 0 d 0 0 u 0 0 
2 2 u u 0 0 2 2 0 0 2 2 0 u u 0 u u 0 0 d 0 d 0 0 u 2 u 0 0 0 0 
2 2 0 0 u d 2 u u u 2 2 0 0 0 u 2 0 0 0 0 0 2 0 0 0 2 u 0 0 u 0 
2 2 0 0 u d 2 2 0 0 2 u u u 0 u 2 0 0 0 0 0 2 u 0 0 2 0 0 0 u 0 
2 2 u u 0 u 2 2 0 0 2 d 0 u u 0 2 u d 0 0 0 2 0 0 0 u u 0 0 0 0 
2 2 u u 0 u 2 d 0 u 2 2 0 0 u 0 2 u d 0 0 0 u u 0 0 2 0 0 0 0 0 
2 2 u u 0 u 2 d 0 0 2 2 0 u u 0 2 u d 0 0 0 u 0 0 0 2 u 0 0 0 0 
2 2 u u 0 u 2 2 0 u 2 d 0 0 u 0 2 u d 0 0 0 2 u 0 0 u 0 0 0 0 0 
2 2 u 2 0 0 2 2 0 0 u 2 0 u u 0 2 u 0 u 0 0 2 0 0 0 2 0 0 0 0 0 
2 2 u 2 0 0 u 2 0 u 2 2 0 0 u 0 2 u 0 u 0 0 2 0 0 0 2 0 0 0 0 0 
2 2 u u 0 0 u 2 0 0 2 u 0 u u 0 2 2 0 0 0 0 2 0 0 0 2 u 0 0 d 0 
2 2 u u 0 0 2 u 0 u u 2 0 0 u 0 2 2 0 0 0 0 2 u 0 0 2 0 0 0 d 0 
2 2 u 0 0 0 d 2 0 u 2 2 0 0 u 0 2 0 0 u 0 0 2 0 0 u 2 u 0 0 u 0 
2 2 u 0 0 0 2 2 0 0 d 2 0 u u 0 2 0 0 u 0 0 2 u 0 0 2 0 0 u u 0 
2 2 u u 0 0 u 2 u 0 2 2 0 u u 0 2 0 0 0 0 0 2 u 0 0 2 0 0 0 0 d 
2 2 u u 0 0 2 2 0 u u 2 u 0 u 0 2 0 0 0 0 0 2 0 0 0 2 u 0 0 0 d 
2 u u u 0 0 2 2 0 0 u 2 0 u u 0 2 u 0 0 d 0 2 0 0 0 2 u 0 d 0 0 
2 u u u 0 0 u 2 0 u 2 2 0 0 u 0 2 u 0 0 d 0 2 u 0 d 2 0 0 0 0 0 
2 2 u u 0 0 2 u 0 0 u 2 0 u u 0 2 2 0 0 0 0 2 0 0 0 2 u 0 0 d 0 
2 2 u u 0 0 u 2 0 u 2 u 0 0 u 0 2 2 0 0 0 0 2 u 0 0 2 0 0 0 d 0 
u 2 u 2 0 0 d 2 0 u 2 2 0 u u 0 2 u 0 0 0 0 2 0 0 0 2 u 0 0 0 0 
u 2 u 2 0 0 2 2 0 u d 2 0 u u 0 2 u 0 0 0 0 2 u 0 0 2 0 0 0 0 0 
2 2 0 0 u d 2 u u 0 2 2 0 u 0 u 2 0 0 0 0 0 2 u 0 0 2 0 0 0 u 0 
2 2 0 0 u d 2 2 0 u 2 u u 0 0 u 2 0 0 0 0 0 2 0 0 0 2 u 0 0 u 0 
u 2 u u 0 0 2 2 0 0 2 d 0 u u 0 2 u 0 0 0 0 2 0 u 0 2 u 0 0 d 0 
u 2 u u 0 0 2 d 0 u 2 2 0 0 u 0 2 u 0 0 0 0 2 u 0 0 2 0 u 0 d 0 
u 2 u u 0 0 2 2 0 u 2 d 0 0 u 0 2 u 0 0 0 0 2 u u 0 2 0 0 0 d 0 
u 2 u u 0 0 2 d 0 0 2 2 0 u u 0 2 u 0 0 0 0 2 0 0 0 2 u u 0 d 0 
2 2 u 0 u 0 2 2 0 u u 2 d 0 u 0 2 0 0 0 0 0 2 0 0 0 2 u 0 0 u 0 
2 2 u 0 u 0 u 2 d 0 2 2 0 u u 0 2 0 0 0 0 0 2 u 0 0 2 0 0 0 u 0 
2 d 0 0 u 0 2 2 0 u 2 2 0 0 u 0 2 0 u 0 0 u 2 0 0 0 2 u 0 0 u 0 
2 d 0 0 u 0 2 2 0 0 2 2 0 u u 0 2 0 u 0 0 u 2 u 0 0 2 0 0 0 u 0 
2 2 2 u 0 0 2 u 0 u 2 2 0 0 u 0 2 u 0 0 0 0 2 u 0 0 d 0 0 0 0 u 
2 2 2 u 0 0 2 2 0 0 2 u 0 u u 0 2 u 0 0 0 0 d 0 0 0 2 u 0 0 0 u 
u 2 u u 0 0 d 2 0 0 2 2 0 u u 0 2 u d 0 0 0 2 0 u 0 2 u 0 0 0 0 
u 2 u u 0 0 2 2 0 u d 2 0 0 u 0 2 u d 0 0 0 2 u 0 0 2 0 u 0 0 0 
u 2 u u 0 0 d 2 0 u 2 2 0 0 u 0 2 u d 0 0 0 2 u u 0 2 0 0 0 0 0 
u 2 u u 0 0 2 2 0 0 d 2 0 u u 0 2 u d 0 0 0 2 0 0 0 2 u u 0 0 0 
2 u u 0 0 0 2 u 0 u 2 u 0 0 u 0 2 u 0 0 d 0 2 0 d 0 2 u d 0 u 0 
2 u u 0 0 0 2 u 0 0 2 u 0 u u 0 2 u 0 0 d 0 2 u d 0 2 0 d 0 u 0 
2 2 u u 0 0 2 u 0 u 2 2 0 0 0 0 2 0 0 0 0 0 2 u 0 0 2 u 0 0 2 0 
2 2 u u 0 0 2 2 0 0 2 u 0 u 0 0 2 0 0 0 0 0 2 u 0 0 2 u 0 0 2 0 
2 u u 0 u 0 2 2 0 u 2 2 0 0 u u 2 0 0 0 0 d 2 0 0 0 2 u 0 0 0 0 
2 u u 0 u 0 2 2 0 0 2 2 0 u u u 2 0 0 0 0 d 2 u 0 0 2 0 0 0 0 0 
2 d u u u 0 2 d u u 2 2 0 0 u 0 2 0 0 0 0 0 2 0 0 0 2 u 0 0 u 0 
2 d u u u 0 2 2 0 0 2 d u u u 0 2 0 0 0 0 0 2 u 0 0 2 0 0 0 u 0 
2 2 u u 0 0 2 d 0 0 2 2 0 2 u 0 2 u 0 0 0 0 2 0 u 0 u u 0 0 0 0 
2 2 u u 0 0 2 2 0 2 2 d 0 0 u 0 2 u 0 0 0 0 u u 0 0 2 0 u 0 0 0 
2 2 u u 0 0 u 2 0 0 2 2 0 2 u 0 d 0 0 0 0 0 2 u 0 0 2 0 0 0 u u 
2 2 u u 0 0 2 2 0 2 u 2 0 0 u 0 d 0 0 0 0 0 2 0 0 0 2 u 0 0 u u 
2 2 2 u 0 0 u 2 0 u 2 2 0 0 u 0 d 0 0 0 0 0 2 0 u 0 2 u 0 0 u 0 
2 2 2 u 0 0 2 2 0 0 u 2 0 u u 0 d 0 0 0 0 0 2 u 0 0 2 0 u 0 u 0 
2 2 u u 0 0 2 2 0 d u 2 0 u u 0 d 0 0 0 0 0 2 u 0 0 2 0 0 0 u u 
2 2 u u 0 0 u 2 0 u 2 2 0 d u 0 d 0 0 0 0 0 2 0 0 0 2 u 0 0 u u 
2 d 0 u 0 u 2 2 0 0 2 2 0 u 0 0 d u u 0 u 0 2 0 0 0 2 u 0 0 u 0 
2 d 0 u 0 u 2 2 0 u 2 2 0 0 0 0 d u u 0 u 0 2 u 0 0 2 0 0 0 u 0 
2 2 0 u 0 0 2 2 0 u 2 2 u 0 u 0 2 0 0 0 d 0 2 0 0 0 u u 0 0 u 0 
2 2 0 u 0 0 2 2 u 0 2 2 0 u u 0 2 0 0 0 d 0 u u 0 0 2 0 0 0 u 0 
2 2 2 u 0 0 u 2 0 0 2 2 0 u u 0 d 0 0 0 0 0 2 u u 0 2 0 0 0 u 0 
2 2 2 u 0 0 2 2 0 u u 2 0 0 u 0 d 0 0 0 0 0 2 0 0 0 2 u u 0 u 0 
2 2 0 u 0 0 2 0 0 u 2 u 0 0 u 0 2 u u 0 0 0 2 u 2 0 2 0 d 0 0 0 
2 2 0 u 0 0 2 u 0 0 2 0 0 u u 0 2 u u 0 0 0 2 0 d 0 2 u 2 0 0 0 
2 2 0 u 0 0 2 0 0 0 2 u 0 u u 0 2 u u 0 0 0 2 0 2 0 2 u d 0 0 0 
2 2 0 u 0 0 2 u 0 u 2 0 0 0 u 0 2 u u 0 0 0 2 u d 0 2 0 2 0 0 0 
2 d u u u 0 2 d u 0 2 2 0 u u 0 2 0 0 0 0 0 2 u 0 0 2 0 0 0 u 0 
2 d u u u 0 2 2 0 u 2 d u 0 u 0 2 0 0 0 0 0 2 0 0 0 2 u 0 0 u 0 
2 u 0 u 0 0 2 u 0 0 2 d 0 u u 0 2 0 0 0 2 0 2 u d 0 2 0 u 0 u 0 
2 u 0 u 0 0 2 d 0 u 2 u 0 0 u 0 2 0 0 0 2 0 2 0 u 0 2 u d 0 u 0 
2 u 0 u 0 0 2 u 0 u 2 d 0 0 u 0 2 0 0 0 2 0 2 0 d 0 2 u u 0 u 0 
2 u 0 u 0 0 2 d 0 0 2 u 0 u u 0 2 0 0 0 2 0 2 u u 0 2 0 d 0 u 0 
2 2 u 0 0 0 d 2 0 0 2 2 0 u u 0 2 0 0 u 0 0 2 u 0 u 2 0 0 0 u 0 
2 2 u 0 0 0 2 2 0 u d 2 0 0 u 0 2 0 0 u 0 0 2 0 0 0 2 u 0 u u 0 
2 2 0 u 0 0 2 2 d 0 2 2 0 u u 0 u u 0 0 0 0 2 0 u 0 2 u 0 0 0 0 
2 2 0 u 0 0 2 2 0 u 2 2 d 0 u 0 u u 0 0 0 0 2 u 0 0 2 0 u 0 0 0 
2 2 u u 0 0 d 2 0 0 2 u 0 u u 0 2 u 0 0 0 0 2 u 0 0 2 0 0 0 u d 
2 2 u u 0 0 2 u 0 u d 2 0 0 u 0 2 u 0 0 0 0 2 0 0 0 2 u 0 0 u d 
2 2 0 u 0 0 2 2 0 0 2 2 u u u 0 2 0 0 0 d 0 2 u 0 0 u 0 0 0 u 0 
2 2 0 u 0 0 2 2 u u 2 2 0 0 u 0 2 0 0 0 d 0 u 0 0 0 2 u 0 0 u 0 
2 2 0 u 0 0 2 2 0 u 2 2 0 u u 0 2 0 0 u 0 0 d u 0 0 2 0 0 0 u 0 
2 2 0 u 0 0 2 2 0 u 2 2 0 u u 0 2 0 0 u 0 0 2 0 0 0 d u 0 0 u 0 
2 2 d 0 0 0 2 2 0 u 2 2 0 0 u u u u u 0 0 0 2 0 0 0 2 u 0 0 0 0 
2 2 d 0 0 0 2 2 0 0 2 2 0 u u u u u u 0 0 0 2 u 0 0 2 0 0 0 0 0 
d 2 u u 0 0 2 2 0 u u 2 0 0 u 0 2 0 0 d 0 0 2 0 0 0 2 u 0 u u 0 
d 2 u u 0 0 u 2 0 0 2 2 0 u u 0 2 0 0 d 0 0 2 u 0 u 2 0 0 0 u 0 
2 2 u u 0 0 2 2 0 0 2 2 0 u u 0 d 0 0 0 0 0 2 2 0 0 u 0 0 0 u u 
2 2 u u 0 0 2 2 0 u 2 2 0 0 u 0 d 0 0 0 0 0 u 0 0 0 2 2 0 0 u u 
2 2 u u 0 0 u 2 0 u 2 d 0 0 u 0 2 u 0 0 0 u 2 u 0 0 2 0 0 0 0 d 
2 2 u u 0 0 2 d 0 0 u 2 0 u u 0 2 u 0 0 0 u 2 0 0 0 2 u 0 0 0 d 
2 u u u u 0 2 u 0 u 2 2 0 0 0 0 2 0 0 0 0 d 2 u d 0 2 0 0 0 u 0 
2 u u u u 0 2 2 0 0 2 u 0 u 0 0 2 0 0 0 0 d 2 0 0 0 2 u d 0 u 0 
2 2 u u 0 0 2 2 0 0 2 2 0 u u 0 u u 0 0 d 0 d 0 u 0 2 u 0 0 0 0 
2 2 u u 0 0 2 2 0 u 2 2 0 0 u 0 u u 0 0 d 0 2 u 0 0 d 0 u 0 0 0 
2 2 u u 0 0 2 2 0 u 2 2 0 0 u 0 u u 0 0 d 0 d u u 0 2 0 0 0 0 0 
2 2 u u 0 0 2 2 0 0 2 2 0 u u 0 u u 0 0 d 0 2 0 0 0 d u u 0 0 0 
2 2 u u 0 0 u d 0 u 2 2 0 0 u 0 2 u 0 0 0 0 2 2 u 0 2 0 0 0 0 0 
2 2 u u 0 0 2 2 0 0 u d 0 u u 0 2 u 0 0 0 0 2 0 0 0 2 2 u 0 0 0 
2 2 u u 0 0 2 2 0 0 2 2 0 u u 0 2 u 0 0 0 d d 0 0 0 u u 0 0 u 0 
2 2 u u 0 0 2 2 0 u 2 2 0 0 u 0 2 u 0 0 0 d u u 0 0 d 0 0 0 u 0 
2 2 u u 0 0 2 2 0 0 2 2 0 u u 0 2 u 0 0 0 d u 0 0 0 d u 0 0 u 0 
2 2 u u 0 0 2 2 0 u 2 2 0 0 u 0 2 u 0 0 0 d d u 0 0 u 0 0 0 u 0 
2 2 u u 0 0 d 2 u 0 2 2 0 u u 0 u u d 0 0 0 2 0 0 0 2 u 0 0 0 0 
2 2 u u 0 0 2 2 0 u d 2 u 0 u 0 u u d 0 0 0 2 u 0 0 2 0 0 0 0 0 
2 2 u u 0 u 2 u 0 0 2 d 0 u 0 0 2 u 0 0 0 0 2 0 0 0 2 u 0 0 2 0 
2 2 u u 0 u 2 d 0 u 2 u 0 0 0 0 2 u 0 0 0 0 2 u 0 0 2 0 0 0 2 0 
2 2 0 0 0 0 2 2 0 0 2 2 0 u 0 u 2 u u u 0 0 2 0 0 0 2 u 0 0 0 0 
2 2 0 0 0 0 2 2 0 u 2 2 0 0 0 u 2 u u u 0 0 2 u 0 0 2 0 0 0 0 0 
2 2 0 u 0 0 2 2 d u 2 2 0 0 u 0 u u 0 0 0 0 2 u u 0 2 0 0 0 0 0 
2 2 0 u 0 0 2 2 0 0 2 2 d u u 0 u u 0 0 0 0 2 0 0 0 2 u u 0 0 0 
2 2 u u 0 0 2 2 0 0 d 2 u u u 0 u u d 0 0 0 2 0 0 0 2 u 0 0 0 0 
2 2 u u 0 0 d 2 u u 2 2 0 0 u 0 u u d 0 0 0 2 u 0 0 2 0 0 0 0 0 
u 2 u u 0 0 2 2 0 u d 2 0 u 2 0 2 u 0 0 0 0 2 0 0 0 2 u 0 0 0 0 
u 2 u u 0 0 d 2 0 u 2 2 0 u 2 0 2 u 0 0 0 0 2 u 0 0 2 0 0 0 0 0 
2 2 u u 0 0 2 2 0 0 2 u 0 u u u 2 u 0 0 0 0 2 0 0 0 2 0 0 0 0 d 
2 2 u u 0 0 2 u 0 u 2 2 0 0 u u 2 u 0 0 0 0 2 0 0 0 2 0 0 0 0 d 
2 2 u u 0 0 u 2 0 0 2 d 0 u u 0 2 u 0 0 0 u 2 0 0 0 2 u 0 0 0 d 
2 2 u u 0 0 2 d 0 u u 2 0 0 u 0 2 u 0 0 0 u 2 u 0 0 2 0 0 0 0 d 
2 2 u 0 0 0 2 d 0 u 2 2 0 0 0 u 2 0 0 u 0 0 2 u 0 0 2 u 0 0 u 0 
2 2 u 0 0 0 2 2 0 0 2 d 0 u 0 u 2 0 0 u 0 0 2 u 0 0 2 u 0 0 u 0 
u 2 u 0 0 0 2 2 0 0 2 2 0 u u 0 2 d 0 0 0 u 2 u 0 0 2 0 0 0 u 0 
u 2 u 0 0 0 2 2 0 u 2 2 0 0 u 0 2 d 0 0 0 u 2 0 0 0 2 u 0 0 u 0 
d 2 u u 0 0 2 2 0 0 u 2 0 u u 0 2 0 0 d 0 0 2 u 0 0 2 0 0 u u 0 
d 2 u u 0 0 u 2 0 u 2 2 0 0 u 0 2 0 0 d 0 0 2 0 0 u 2 u 0 0 u 0 
2 2 u u 0 0 d 2 0 0 2 2 0 0 u 0 2 0 0 0 0 u 2 u 0 0 2 0 0 0 u u 
2 2 u u 0 0 2 2 0 0 d 2 0 0 u 0 2 0 0 0 0 u 2 0 0 0 2 u 0 0 u u 
2 2 u u d 0 2 2 0 0 2 0 0 u u u 2 u 0 0 0 0 2 u 0 0 2 0 0 0 0 0 
2 2 u u d 0 2 0 0 u 2 2 0 0 u u 2 u 0 0 0 0 2 0 0 0 2 u 0 0 0 0 
2 2 0 u u 0 2 2 0 0 2 2 0 u u 0 2 0 0 0 0 0 2 u 0 0 u 0 0 d u 0 
2 2 0 u u 0 2 2 0 u 2 2 0 0 u 0 2 0 0 0 0 0 u 0 0 d 2 u 0 0 u 0 
2 2 0 u u 0 2 2 0 u 2 2 0 0 u 0 2 0 0 0 0 0 2 0 0 0 u u 0 d u 0 
2 2 0 u u 0 2 2 0 0 2 2 0 u u 0 2 0 0 0 0 0 u u 0 d 2 0 0 0 u 0 
2 2 0 u 0 0 2 d 0 u 2 d 0 0 0 0 2 0 u 0 0 0 2 0 u 0 2 u u 0 u u 
2 2 0 u 0 0 2 d 0 0 2 d 0 u 0 0 2 0 u 0 0 0 2 u u 0 2 0 u 0 u u 
d 2 u u 0 0 u 2 0 u 2 2 0 0 u 0 2 0 0 0 0 0 2 0 0 0 2 u 0 u u d 
d 2 u u 0 0 2 2 0 0 u 2 0 u u 0 2 0 0 0 0 0 2 u 0 u 2 0 0 0 u d 
2 2 u 0 0 0 2 u d 0 2 u d u 0 0 2 u 0 u 0 0 2 0 0 0 2 u 0 0 u 0 
2 2 u 0 0 0 2 u d u 2 u d 0 0 0 2 u 0 u 0 0 2 u 0 0 2 0 0 0 u 0 
2 2 0 u 0 0 2 2 0 0 u 2 0 u u 0 2 0 u 0 0 0 2 u 0 0 2 0 0 d u 0 
2 2 0 u 0 0 u 2 0 u 2 2 0 0 u 0 2 0 u 0 0 0 2 0 0 d 2 u 0 0 u 0 
2 2 0 u 0 0 2 2 0 u u 2 0 0 u 0 2 0 u 0 0 0 2 0 0 0 2 u 0 d u 0 
2 2 0 u 0 0 u 2 0 0 2 2 0 u u 0 2 0 u 0 0 0 2 u 0 d 2 0 0 0 u 0 
2 2 u u 0 0 2 u 0 0 2 u 0 u u 0 2 2 0 0 0 0 2 0 0 0 2 u 0 0 d 0 
2 2 u u 0 0 2 u 0 u 2 u 0 0 u 0 2 2 0 0 0 0 2 u 0 0 2 0 0 0 d 0 
d 2 u u 0 0 2 2 0 0 2 2 0 u u u 2 0 0 0 0 0 2 0 0 0 2 0 0 u u 0 
d 2 u u 0 0 2 2 0 u 2 2 0 0 u u 2 0 0 0 0 0 2 0 0 u 2 0 0 0 u 0 
2 2 u u u 0 2 2 0 u 2 d 0 0 u 0 2 0 0 0 0 0 u 0 0 0 2 u 0 0 2 0 
2 2 u u u 0 2 d 0 0 2 2 0 u u 0 2 0 0 0 0 0 2 u 0 0 u 0 0 0 2 0 
2 u u 0 u 0 2 u 0 0 2 2 0 u u 0 2 u 0 0 d 0 2 0 d 0 2 u 0 0 0 0 
2 u u 0 u 0 2 2 0 u 2 u 0 0 u 0 2 u 0 0 d 0 2 u 0 0 2 0 d 0 0 0 
2 2 u 0 u 0 2 u 0 0 2 2 0 0 u 0 2 2 0 0 0 0 2 0 0 0 2 u 0 0 u 0 
2 2 u 0 u 0 2 2 0 0 2 u 0 0 u 0 2 2 0 0 0 0 2 u 0 0 2 0 0 0 u 0 
2 u u u u 0 2 u 0 0 2 2 0 u 0 0 2 0 0 0 0 d 2 0 d 0 2 u 0 0 u 0 
2 u u u u 0 2 2 0 u 2 u 0 0 0 0 2 0 0 0 0 d 2 u 0 0 2 0 d 0 u 0 
2 2 2 0 0 0 2 2 0 0 2 2 0 u u 0 0 u u 0 0 0 2 u 0 0 2 0 0 0 u 0 
2 2 2 0 0 0 2 2 0 u 2 2 0 0 u 0 0 u u 0 0 0 2 0 0 0 2 u 0 0 u 0 
d 2 u u 0 0 u 2 0 0 2 2 0 u u 0 2 0 0 0 0 0 2 u 0 0 2 0 0 u u d 
d 2 u u 0 0 2 2 0 u u 2 0 0 u 0 2 0 0 0 0 0 2 0 0 u 2 u 0 0 u d 
2 2 u u 0 0 d 2 0 0 u 2 0 u u 0 2 u 0 0 0 u 2 0 0 0 2 u 0 0 0 d 
2 2 u u 0 0 u 2 0 u d 2 0 0 u 0 2 u 0 0 0 u 2 u 0 0 2 0 0 0 0 d 
u 2 u u 0 0 2 2 0 0 2 d 0 u u 0 2 u d 0 0 0 2 0 0 0 2 u u 0 0 0 
u 2 u u 0 0 2 d 0 u 2 2 0 0 u 0 2 u d 0 0 0 2 u u 0 2 0 0 0 0 0 
2 2 u 0 0 0 2 2 0 0 2 u 0 0 u u 2 u 0 0 0 0 2 u 0 0 2 0 0 0 u d 
2 2 u 0 0 0 2 u 0 0 2 2 0 0 u u 2 u 0 0 0 0 2 0 0 0 2 u 0 0 u d 
2 2 u u 0 0 2 2 0 u 2 d 0 d u 0 2 u 0 0 0 0 u u u 0 2 0 0 0 0 0 
2 2 u u 0 0 2 d 0 d 2 2 0 u u 0 2 u 0 0 0 0 2 0 0 0 u u u 0 0 0 
2 0 u u 0 0 2 u 0 u 2 2 0 0 u u 2 0 0 0 d u 2 0 d 0 2 u 0 0 0 0 
2 0 u u 0 0 2 2 0 0 2 u 0 u u u 2 0 0 0 d u 2 u 0 0 2 0 d 0 0 0 
2 0 u u 0 0 2 u 0 0 2 2 0 u u u 2 0 0 0 d u 2 u d 0 2 0 0 0 0 0 
2 0 u u 0 0 2 2 0 u 2 u 0 0 u u 2 0 0 0 d u 2 0 0 0 2 u d 0 0 0 
u 2 u u 0 0 2 2 0 u 2 d 0 0 u 0 2 u d 0 0 0 2 u 0 0 2 0 u 0 0 0 
u 2 u u 0 0 2 d 0 0 2 2 0 u u 0 2 u d 0 0 0 2 0 u 0 2 u 0 0 0 0 
2 2 u u 0 0 2 2 0 0 2 2 0 u u 0 2 0 0 0 0 0 2 0 0 u d u 0 0 u 0 
2 2 u u 0 0 2 2 0 u 2 2 0 0 u 0 2 0 0 0 0 0 d u 0 0 2 0 0 u u 0 
u 2 u u 0 0 u 2 0 u 2 2 0 0 u 0 2 u 0 d 0 0 2 u d 0 2 0 0 0 0 0 
u 2 u u 0 0 2 2 0 0 u 2 0 u u 0 2 u 0 d 0 0 2 0 0 0 2 u d 0 0 0 
u 2 u u 0 0 u 2 0 0 2 2 0 u u 0 2 u 0 d 0 0 2 0 d 0 2 u 0 0 0 0 
u 2 u u 0 0 2 2 0 u u 2 0 0 u 0 2 u 0 d 0 0 2 u 0 0 2 0 d 0 0 0 
2 2 u u 0 0 u 2 0 0 2 2 0 u 2 0 2 u 0 u 0 0 2 0 0 0 2 0 0 0 0 0 
2 2 u u 0 0 2 2 0 u u 2 0 0 2 0 2 u 0 u 0 0 2 0 0 0 2 0 0 0 0 0 
2 u u u 0 0 d 2 0 u 2 2 0 0 u 0 2 0 0 0 0 d 2 0 u 0 2 u 0 0 u 0 
2 u u u 0 0 2 2 0 0 d 2 0 u u 0 2 0 0 0 0 d 2 u 0 0 2 0 u 0 u 0 
2 u u u 0 0 d 2 0 0 2 2 0 u u 0 2 0 0 0 0 d 2 u u 0 2 0 0 0 u 0 
2 u u u 0 0 2 2 0 u d 2 0 0 u 0 2 0 0 0 0 d 2 0 0 0 2 u u 0 u 0 
2 2 0 u 0 0 d 2 0 0 2 2 0 u u 0 2 u 0 0 0 0 2 0 0 0 2 u 0 u u 0 
2 2 0 u 0 0 2 2 0 u d 2 0 0 u 0 2 u 0 0 0 0 2 u 0 u 2 0 0 0 u 0 
2 2 0 u 0 0 d 2 0 u 2 2 0 0 u 0 2 u 0 0 0 0 2 u 0 0 2 0 0 u u 0 
2 2 0 u 0 0 2 2 0 0 d 2 0 u u 0 2 u 0 0 0 0 2 0 0 u 2 u 0 0 u 0 
2 2 2 u 0 0 2 u 0 0 2 2 0 u u 0 2 u 0 0 0 0 2 0 0 0 d u 0 0 0 u 
2 2 2 u 0 0 2 2 0 u 2 u 0 0 u 0 2 u 0 0 0 0 d u 0 0 2 0 0 0 0 u 
2 2 u u 0 0 2 2 0 u u d 0 0 u 0 2 u 0 0 0 0 2 u 0 0 2 0 2 0 0 0 
2 2 u u 0 0 u d 0 0 2 2 0 u u 0 2 u 0 0 0 0 2 0 2 0 2 u 0 0 0 0 
2 2 u u d 0 u 2 0 0 2 2 0 u u 0 2 0 0 0 0 0 2 u 0 0 2 u 0 0 0 0 
2 2 u u d 0 2 2 0 u u 2 0 0 u 0 2 0 0 0 0 0 2 u 0 0 2 u 0 0 0 0 
2 u u 0 u 0 2 2 0 0 2 u 0 u u 0 2 u 0 0 d 0 2 0 0 0 2 u d 0 0 0 
2 u u 0 u 0 2 u 0 u 2 2 0 0 u 0 2 u 0 0 d 0 2 u d 0 2 0 0 0 0 0 
2 2 u u 0 0 u 2 0 0 d 2 0 u u 0 2 u 0 0 0 u 2 0 0 0 2 u 0 0 0 d 
2 2 u u 0 0 d 2 0 u u 2 0 0 u 0 2 u 0 0 0 u 2 u 0 0 2 0 0 0 0 d 
2 2 u u 0 u 2 u 0 u 2 d 0 0 0 0 2 u 0 0 0 0 2 u 0 0 2 0 0 0 2 0 
2 2 u u 0 u 2 d 0 0 2 u 0 u 0 0 2 u 0 0 0 0 2 0 0 0 2 u 0 0 2 0 
2 2 u u 0 0 2 2 0 0 u d 0 u u 0 2 u 0 0 0 0 2 0 0 0 2 u 2 0 0 0 
2 2 u u 0 0 u d 0 u 2 2 0 0 u 0 2 u 0 0 0 0 2 u 2 0 2 0 0 0 0 0 
2 d u u u 0 2 0 0 u 2 2 0 0 u 0 2 0 0 0 u 0 2 u 2 0 2 0 0 0 0 0 
2 d u u u 0 2 2 0 0 2 0 0 u u 0 2 0 0 0 u 0 2 0 0 0 2 u 2 0 0 0 
2 u 2 u 0 0 2 2 0 0 2 2 0 u u 0 2 u 0 0 0 0 2 0 0 0 u u 0 d 0 0 
2 u 2 u 0 0 2 2 0 u 2 2 0 0 u 0 2 u 0 0 0 0 u u 0 d 2 0 0 0 0 0 
2 d u 0 0 0 2 d 0 0 2 2 0 u 0 0 2 u 0 u 0 u 2 0 u 0 2 u 0 0 u 0 
2 d u 0 0 0 2 2 0 u 2 d 0 0 0 0 2 u 0 u 0 u 2 u 0 0 2 0 u 0 u 0 
2 d u u u 0 2 0 0 0 2 2 0 u u 0 2 0 0 0 u 0 2 0 2 0 2 u 0 0 0 0 
2 d u u u 0 2 2 0 u 2 0 0 0 u 0 2 0 0 0 u 0 2 u 0 0 2 0 2 0 0 0 
2 d u 0 0 0 2 d 0 u 2 2 0 0 0 0 2 u 0 u 0 u 2 u u 0 2 0 0 0 u 0 
2 d u 0 0 0 2 2 0 0 2 d 0 u 0 0 2 u 0 u 0 u 2 0 0 0 2 u u 0 u 0 
2 2 u u 0 0 2 2 0 u 2 u 0 u u 0 2 u 0 0 0 0 d u d 0 2 0 0 0 0 0 
2 2 u u 0 0 2 u 0 u 2 2 0 u u 0 2 u 0 0 0 0 2 0 0 0 d u d 0 0 0 
2 2 u u u 0 2 2 0 0 2 d 0 u u 0 2 0 0 0 0 0 u u 0 0 2 0 0 0 2 0 
2 2 u u u 0 2 d 0 u 2 2 0 0 u 0 2 0 0 0 0 0 2 0 0 0 u u 0 0 2 0 
u 2 u u 0 0 2 2 0 u 2 2 0 u u 0 2 2 0 0 0 0 d 0 0 0 2 u 0 0 0 0 
u 2 u u 0 0 2 2 0 u 2 2 0 u u 0 2 2 0 0 0 0 2 u 0 0 d 0 0 0 0 0 
u 2 u u 0 0 2 2 d 0 2 2 0 u u 0 d u 0 0 0 0 2 0 0 u 2 u 0 0 0 0 
u 2 u u 0 0 2 2 0 u 2 2 d 0 u 0 d u 0 0 0 0 2 u 0 0 2 0 0 u 0 0 
2 2 u u 0 0 2 2 0 0 2 2 0 u u 0 2 u u 0 0 0 d 0 0 0 u u 0 0 0 d 
2 2 u u 0 0 2 2 0 u 2 2 0 0 u 0 2 u u 0 0 0 u u 0 0 d 0 0 0 0 d 
2 2 0 u 0 0 2 2 0 0 2 2 0 u u u u 0 0 0 0 0 2 u 0 0 2 0 0 0 u d 
2 2 0 u 0 0 2 2 0 u 2 2 0 0 u u u 0 0 0 0 0 2 0 0 0 2 u 0 0 u d 
u 2 u u 0 0 2 2 0 0 2 2 0 u 0 0 2 0 d 0 0 0 2 u 0 0 2 0 0 0 u u 
u 2 u u 0 0 2 2 0 u 2 2 0 0 0 0 2 0 d 0 0 0 2 0 0 0 2 u 0 0 u u 
2 u 2 u 0 0 2 2 0 u 2 2 0 0 u 0 2 u 0 0 0 0 2 u 0 0 u 0 0 d 0 0 
2 u 2 u 0 0 2 2 0 0 2 2 0 u u 0 2 u 0 0 0 0 u 0 0 d 2 u 0 0 0 0 
2 2 u u 0 0 2 u 0 u 2 2 0 0 2 0 2 0 0 0 0 d 2 0 0 0 u u 0 0 u 0 
2 2 u u 0 0 2 2 0 0 2 u 0 u 2 0 2 0 0 0 0 d u u 0 0 2 0 0 0 u 0 
2 2 u u 0 0 d 2 0 0 2 2 0 u 0 0 2 0 u 0 0 0 2 u 0 0 2 u 0 0 u 0 
2 2 u u 0 0 2 2 0 u d 2 0 0 0 0 2 0 u 0 0 0 2 u 0 0 2 u 0 0 u 0 
d 2 u u 0 0 d 2 0 u 2 2 0 0 u 0 2 u 0 u 0 0 2 u u 0 2 0 0 0 0 0 
d 2 u u 0 0 2 2 0 0 d 2 0 u u 0 2 u 0 u 0 0 2 0 0 0 2 u u 0 0 0 
d 2 u u 0 0 2 2 u 0 2 2 0 u u 0 2 u 0 0 0 0 d u 0 0 2 0 0 0 u 0 
d 2 u u 0 0 2 2 0 u 2 2 u 0 u 0 2 u 0 0 0 0 2 0 0 0 d u 0 0 u 0 
u 2 u u 0 0 2 2 0 u 2 2 0 u u 0 2 u 0 0 0 0 2 0 0 0 d u 0 0 d 0 
u 2 u u 0 0 2 2 0 u 2 2 0 u u 0 2 u 0 0 0 0 d u 0 0 2 0 0 0 d 0 
2 2 u u 0 0 2 d 0 u 2 d 0 0 0 u 2 0 0 0 0 0 2 0 u 0 2 u u 0 u 0 
2 2 u u 0 0 2 d 0 0 2 d 0 u 0 u 2 0 0 0 0 0 2 u u 0 2 0 u 0 u 0 
2 2 u u 0 0 2 u 0 0 2 2 0 u 0 0 2 0 0 d 0 0 2 u 0 0 2 0 u 0 u 0 
2 2 u u 0 0 2 2 0 u 2 u 0 0 0 0 2 0 0 d 0 0 2 0 u 0 2 u 0 0 u 0 
u 2 u u 0 0 2 2 0 u u 2 0 0 u 0 2 u 0 0 0 0 2 u d 0 2 0 0 0 0 d 
u 2 u u 0 0 u 2 0 0 2 2 0 u u 0 2 u 0 0 0 0 2 0 0 0 2 u d 0 0 d 
u 2 u u 0 0 2 2 0 0 u 2 0 u u 0 2 u 0 0 0 0 2 0 d 0 2 u 0 0 0 d 
u 2 u u 0 0 u 2 0 u 2 2 0 0 u 0 2 u 0 0 0 0 2 u 0 0 2 0 d 0 0 d 
d 2 u u 0 0 2 2 u u 2 2 0 0 u 0 2 u 0 0 0 0 d 0 0 0 2 u 0 0 u 0 
d 2 u u 0 0 2 2 0 0 2 2 u u u 0 2 u 0 0 0 0 2 u 0 0 d 0 0 0 u 0 
2 2 u u 0 0 2 2 0 d 2 d 0 u u 0 2 u 0 0 0 0 2 0 u 0 u u 0 0 0 0 
2 2 u u 0 0 2 d 0 u 2 2 0 d u 0 2 u 0 0 0 0 u u 0 0 2 0 u 0 0 0 
2 2 u u 0 0 d 2 0 0 u 2 0 u u 0 2 u 0 0 0 d 2 0 0 0 2 u 0 0 0 u 
2 2 u u 0 0 u 2 0 u d 2 0 0 u 0 2 u 0 0 0 d 2 u 0 0 2 0 0 0 0 u 
d 2 u u 0 0 2 2 0 d 2 2 0 u u 0 2 u 0 0 0 0 2 0 0 0 u u 0 0 u 0 
d 2 u u 0 0 2 2 0 u 2 2 0 d u 0 2 u 0 0 0 0 u u 0 0 2 0 0 0 u 0 
2 2 u u d 0 2 2 0 u 2 0 0 0 u u 2 u 0 0 0 0 2 0 0 0 2 u 0 0 0 0 
2 2 u u d 0 2 0 0 0 2 2 0 u u u 2 u 0 0 0 0 2 u 0 0 2 0 0 0 0 0 
2 2 u u 0 0 2 d 0 d 2 2 0 u u 0 2 u 0 0 0 0 u 0 u 0 2 u 0 0 0 0 
2 2 u u 0 0 2 2 0 u 2 d 0 d u 0 2 u 0 0 0 0 2 u 0 0 u 0 u 0 0 0 
2 2 u u 0 0 2 2 0 0 0 2 0 u u 0 2 u 0 d 0 u 2 0 0 0 2 u 0 0 0 0 
2 2 u u 0 0 0 2 0 u 2 2 0 0 u 0 2 u 0 d 0 u 2 u 0 0 2 0 0 0 0 0 
2 2 u 0 0 u 2 d 0 u 2 u 0 0 u 0 2 u 0 0 0 0 2 0 0 0 2 u 0 0 2 0 
2 2 u 0 0 u 2 u 0 0 2 d 0 u u 0 2 u 0 0 0 0 2 u 0 0 2 0 0 0 2 0 
2 2 0 u u 0 u 2 0 d 2 2 0 u u 0 2 0 0 0 0 0 2 u 0 0 2 0 0 0 u 0 
2 2 0 u u 0 2 2 0 u u 2 0 d u 0 2 0 0 0 0 0 2 0 0 0 2 u 0 0 u 0 
2 2 u u 0 0 u 2 0 0 d 2 0 u u 0 2 u 0 0 0 d 2 0 0 0 2 u 0 0 0 u 
2 2 u u 0 0 d 2 0 u u 2 0 0 u 0 2 u 0 0 0 d 2 u 0 0 2 0 0 0 0 u 
2 2 u u 0 0 2 2 0 0 2 2 0 u u 0 2 u u 0 0 0 u 0 0 0 d u 0 0 0 d 
2 2 u u 0 0 2 2 0 u 2 2 0 0 u 0 2 u u 0 0 0 d u 0 0 u 0 0 0 0 d 
2 2 u u 0 0 2 2 0 u 2 u 0 u u 0 2 u 0 0 0 0 2 0 d 0 d u 0 0 0 0 
2 2 u u 0 0 2 u 0 u 2 2 0 u u 0 2 u 0 0 0 0 d u 0 0 2 0 d 0 0 0 
2 0 u u 0 0 2 2 0 0 2 2 0 u u 0 2 0 0 0 0 0 2 u 0 0 2 0 0 0 2 u 
2 0 u u 0 0 2 2 0 u 2 2 0 0 u 0 2 0 0 0 0 0 2 0 0 0 2 u 0 0 2 u 
2 2 u u 0 0 2 u 0 0 2 2 0 u 2 0 2 0 0 0 0 d 2 u 0 0 u 0 0 0 u 0 
2 2 u u 0 0 2 2 0 u 2 u 0 0 2 0 2 0 0 0 0 d u 0 0 0 2 u 0 0 u 0 
2 2 u u 0 0 0 2 0 0 2 2 0 u u 0 2 u 0 d 0 u 2 0 0 0 2 u 0 0 0 0 
2 2 u u 0 0 2 2 0 u 0 2 0 0 u 0 2 u 0 d 0 u 2 u 0 0 2 0 0 0 0 0 
2 2 u u 0 0 2 u 0 0 2 2 0 u 0 0 2 0 0 0 0 d 2 u 0 0 2 u 0 0 u 0 
2 2 u u 0 0 2 2 0 u 2 u 0 0 0 0 2 0 0 0 0 d 2 u 0 0 2 u 0 0 u 0 
2 2 u u 0 0 2 2 0 0 2 d 0 u 0 0 2 0 0 0 0 u 2 u 0 u 2 0 0 0 u 0 
2 2 u u 0 0 2 d 0 u 2 2 0 0 0 0 2 0 0 0 0 u 2 0 0 0 2 u 0 u u 0 
d 2 u u 0 0 2 2 0 0 2 2 0 2 u 0 2 u 0 0 0 0 u 0 0 0 2 u 0 0 u 0 
d 2 u u 0 0 2 2 0 2 2 2 0 0 u 0 2 u 0 0 0 0 2 u 0 0 u 0 0 0 u 0 
u 2 u u 0 0 2 2 d u 2 2 0 0 u 0 d u 0 0 0 0 2 u 0 u 2 0 0 0 0 0 
u 2 u u 0 0 2 2 0 0 2 2 d u u 0 d u 0 0 0 0 2 0 0 0 2 u 0 u 0 0 
2 d u u u 0 2 u 0 u 2 2 0 0 0 0 2 0 0 0 0 u 2 u d 0 2 0 0 0 u 0 
2 d u u u 0 2 2 0 0 2 u 0 u 0 0 2 0 0 0 0 u 2 0 0 0 2 u d 0 u 0 
2 2 u 0 0 0 2 2 0 u 2 d 0 u u u 2 0 0 u 0 0 2 0 0 0 2 u 0 0 0 0 
2 2 u 0 0 0 2 d 0 u 2 2 0 u u u 2 0 0 u 0 0 2 u 0 0 2 0 0 0 0 0 
2 d 0 u u 0 2 u 0 u 2 2 0 0 u 0 2 0 u 0 u 0 2 u d 0 2 0 0 0 0 0 
2 d 0 u u 0 2 2 0 0 2 u 0 u u 0 2 0 u 0 u 0 2 0 0 0 2 u d 0 0 0 
2 d 0 u u 0 2 u 0 0 2 2 0 u u 0 2 0 u 0 u 0 2 0 d 0 2 u 0 0 0 0 
2 d 0 u u 0 2 2 0 u 2 u 0 0 u 0 2 0 u 0 u 0 2 u 0 0 2 0 d 0 0 0 
2 2 u u 0 0 2 u 0 u 2 2 0 0 0 0 2 0 0 d 0 0 2 0 0 0 2 u u 0 u 0 
2 2 u u 0 0 2 2 0 0 2 u 0 u 0 0 2 0 0 d 0 0 2 u u 0 2 0 0 0 u 0 
2 2 u u d 0 2 2 0 u 2 2 0 u u 0 2 0 0 0 0 0 2 u 0 0 u 0 0 0 0 0 
2 2 u u d 0 2 2 0 u 2 2 0 u u 0 2 0 0 0 0 0 u 0 0 0 2 u 0 0 0 0 
2 d u u 0 0 2 0 2 0 2 2 0 u u u 2 0 0 0 u 0 2 u 0 0 2 0 0 0 0 0 
2 d u u 0 0 2 2 0 u 2 0 2 0 u u 2 0 0 0 u 0 2 0 0 0 2 u 0 0 0 0 
2 d u u 0 0 2 0 2 u 2 2 0 0 u u 2 0 0 0 u 0 2 0 0 0 2 u 0 0 0 0 
2 d u u 0 0 2 2 0 0 2 0 2 u u u 2 0 0 0 u 0 2 u 0 0 2 0 0 0 0 0 
2 2 u u 0 0 2 2 0 0 2 u 0 u u u 2 2 0 0 0 0 d 0 0 0 2 u 0 0 0 0 
2 2 u u 0 0 2 u 0 u 2 2 0 0 u u 2 2 0 0 0 0 2 u 0 0 d 0 0 0 0 0 
2 u u u 0 0 2 u 0 u 2 2 0 0 u 0 2 u d 0 0 0 2 u d 0 2 0 0 0 0 0 
2 u u u 0 0 2 2 0 0 2 u 0 u u 0 2 u d 0 0 0 2 0 0 0 2 u d 0 0 0 
2 u 2 u 0 0 2 d 0 0 2 2 0 u u u 2 0 0 0 0 0 2 u 0 u 2 0 0 0 0 0 
2 u 2 u 0 0 2 2 0 u 2 d 0 0 u u 2 0 0 0 0 0 2 0 0 0 2 u 0 u 0 0 
2 u u u 0 0 2 u 0 0 2 2 0 u u 0 2 u d 0 0 0 2 0 d 0 2 u 0 0 0 0 
2 u u u 0 0 2 2 0 u 2 u 0 0 u 0 2 u d 0 0 0 2 u 0 0 2 0 d 0 0 0 
2 2 u 0 0 0 2 2 0 0 2 d 0 u 0 u 2 u 0 0 0 0 2 u 0 0 2 u 0 0 0 u 
2 2 u 0 0 0 2 d 0 u 2 2 0 0 0 u 2 u 0 0 0 0 2 u 0 0 2 u 0 0 0 u 
2 u 2 u 0 0 2 d 0 u 2 2 0 0 u u 2 0 0 0 0 0 2 0 0 u 2 u 0 0 0 0 
2 u 2 u 0 0 2 2 0 0 2 d 0 u u u 2 0 0 0 0 0 2 u 0 0 2 0 0 u 0 0 
2 2 u u 0 0 2 2 0 0 2 2 0 u u 0 2 u 0 0 0 u d 0 0 0 u u 0 0 d 0 
2 2 u u 0 0 2 2 0 u 2 2 0 0 u 0 2 u 0 0 0 u u u 0 0 d 0 0 0 d 0 
d 2 u u 0 0 d 2 0 0 2 2 0 u u 0 2 u 0 u 0 0 2 0 u 0 2 u 0 0 0 0 
d 2 u u 0 0 2 2 0 u d 2 0 0 u 0 2 u 0 u 0 0 2 u 0 0 2 0 u 0 0 0 
2 2 u u 0 0 2 u 0 u 2 2 0 u u 0 2 u 0 0 0 0 d 0 d 0 2 u 0 0 0 0 
2 2 u u 0 0 2 2 0 u 2 u 0 u u 0 2 u 0 0 0 0 2 u 0 0 d 0 d 0 0 0 
2 2 u 0 0 0 2 2 0 u u 2 0 0 u 0 2 0 0 0 0 d 2 0 0 0 2 u 0 u u 0 
2 2 u 0 0 0 u 2 0 0 2 2 0 u u 0 2 0 0 0 0 d 2 u 0 u 2 0 0 0 u 0 
2 0 u u 0 0 2 d 0 u 2 2 0 0 u u 2 0 0 0 d u 2 0 u 0 2 u 0 0 0 0 
2 0 u u 0 0 2 2 0 0 2 d 0 u u u 2 0 0 0 d u 2 u 0 0 2 0 u 0 0 0 
2 0 u u 0 0 2 d 0 0 2 2 0 u u u 2 0 0 0 d u 2 u u 0 2 0 0 0 0 0 
2 0 u u 0 0 2 2 0 u 2 d 0 0 u u 2 0 0 0 d u 2 0 0 0 2 u u 0 0 0 
2 2 u u 0 0 2 u 0 0 2 2 0 u 2 0 u 0 0 0 0 0 2 u 0 0 2 0 0 d u 0 
2 2 u u 0 0 2 2 0 u 2 u 0 0 2 0 u 0 0 0 0 0 2 0 0 d 2 u 0 0 u 0 
2 2 u u 0 0 2 u 0 u 2 2 0 0 2 0 u 0 0 0 0 0 2 0 0 0 2 u 0 d u 0 
2 2 u u 0 0 2 2 0 0 2 u 0 u 2 0 u 0 0 0 0 0 2 u 0 d 2 0 0 0 u 0 
u 2 u u 0 0 2 d 0 u 2 2 0 0 u 0 2 2 0 0 0 0 2 u u 0 2 0 0 0 0 0 
u 2 u u 0 0 2 2 0 0 2 d 0 u u 0 2 2 0 0 0 0 2 0 0 0 2 u u 0 0 0 
u 2 u u 0 0 2 d 0 0 2 2 0 u u 0 2 2 0 0 0 0 2 0 u 0 2 u 0 0 0 0 
u 2 u u 0 0 2 2 0 u 2 d 0 0 u 0 2 2 0 0 0 0 2 u 0 0 2 0 u 0 0 0 
2 2 u u d 0 2 2 0 0 2 2 0 0 u 0 2 0 0 0 0 u 2 u 0 0 u 0 0 0 u 0 
2 2 u u d 0 2 2 0 0 2 2 0 0 u 0 2 0 0 0 0 u u 0 0 0 2 u 0 0 u 0 
2 2 u u u 0 2 2 0 0 2 2 0 0 u 0 2 u 0 0 0 u 2 0 0 0 d u 0 0 0 0 
2 2 u u u 0 2 2 0 0 2 2 0 0 u 0 2 u 0 0 0 u d u 0 0 2 0 0 0 0 0 
2 d u u u 0 2 u 0 0 2 2 0 u 0 0 2 0 0 0 0 u 2 0 d 0 2 u 0 0 u 0 
2 d u u u 0 2 2 0 u 2 u 0 0 0 0 2 0 0 0 0 u 2 u 0 0 2 0 d 0 u 0 
2 2 u u 0 0 2 d 0 0 2 2 0 u 0 0 2 0 0 0 0 u 2 u 0 0 2 0 0 u u 0 
2 2 u u 0 0 2 2 0 u 2 d 0 0 0 0 2 0 0 0 0 u 2 0 0 u 2 u 0 0 u 0 
u 2 u u 0 0 2 2 d u 2 2 0 0 u 0 2 d 0 0 0 0 u 0 0 0 2 u 0 0 u 0 
u 2 u u 0 0 2 2 0 0 2 2 d u u 0 2 d 0 0 0 0 2 u 0 0 u 0 0 0 u 0 
2 2 u u 0 0 2 2 0 0 2 2 0 u u 0 2 u u d 0 0 2 0 0 0 0 u 0 0 0 0 
2 2 u u 0 0 2 2 0 u 2 2 0 0 u 0 2 u u d 0 0 0 u 0 0 2 0 0 0 0 0 
2 2 u u 0 d 2 u 0 0 2 d 0 u 0 0 u u 0 0 0 0 2 0 d 0 2 u u 0 u 0 
2 2 u u 0 d 2 d 0 u 2 u 0 0 0 0 u u 0 0 0 0 2 u u 0 2 0 d 0 u 0 
2 2 u u 0 d 2 u 0 u 2 d 0 0 0 0 u u 0 0 0 0 2 u d 0 2 0 u 0 u 0 
2 2 u u 0 d 2 d 0 0 2 u 0 u 0 0 u u 0 0 0 0 2 0 u 0 2 u d 0 u 0 
2 2 u u 0 0 2 2 0 0 2 2 0 u u 0 2 u u d 0 0 0 0 0 0 2 u 0 0 0 0 
2 2 u u 0 0 2 2 0 u 2 2 0 0 u 0 2 u u d 0 0 2 u 0 0 0 0 0 0 0 0 
2 2 u u 0 0 u 2 0 u 2 2 0 0 u d 2 0 0 0 0 0 2 u 0 0 2 u 0 0 0 0 
2 2 u u 0 0 2 2 0 0 u 2 0 u u d 2 0 0 0 0 0 2 u 0 0 2 u 0 0 0 0 
2 2 0 0 0 u 2 d 0 0 2 2 0 u u 0 d 0 u u 0 0 2 u u 0 2 0 0 0 u 0 
2 2 0 0 0 u 2 2 0 u 2 d 0 0 u 0 d 0 u u 0 0 2 0 0 0 2 u u 0 u 0 
2 2 u u 0 0 2 2 0 0 2 d 0 2 u 0 2 u 0 0 0 0 u 0 u 0 2 u 0 0 0 0 
2 2 u u 0 0 2 d 0 2 2 2 0 0 u 0 2 u 0 0 0 0 2 u 0 0 u 0 u 0 0 0 
2 2 u u 0 0 d 2 0 0 2 u 0 u u 0 2 u 0 0 0 d 2 0 0 0 2 u 0 0 0 u 
2 2 u u 0 0 2 u 0 u d 2 0 0 u 0 2 u 0 0 0 d 2 u 0 0 2 0 0 0 0 u 
2 2 u 0 0 0 2 u 0 u 2 u 0 0 u u 2 0 0 u 0 0 2 0 d 0 2 u d 0 0 0 
2 2 u 0 0 0 2 u 0 0 2 u 0 u u u 2 0 0 u 0 0 2 u d 0 2 0 d 0 0 0 
2 2 u u 0 0 2 2 0 0 2 d 0 u u u 2 d 0 0 0 0 u u 0 0 2 0 0 0 u 0 
2 2 u u 0 0 2 d 0 u 2 2 0 0 u u 2 d 0 0 0 0 2 0 0 0 u u 0 0 u 0 
2 2 u d u 0 2 u 0 0 2 u 0 u d u 2 0 0 0 0 0 2 u 0 0 2 0 0 0 u 0 
2 2 u d u 0 2 u 0 u 2 u 0 0 d u 2 0 0 0 0 0 2 0 0 0 2 u 0 0 u 0 
2 2 u u 0 0 2 2 0 0 u d 0 u u 0 2 u 0 d 0 u 2 0 0 0 2 u 0 0 0 0 
2 2 u u 0 0 u d 0 u 2 2 0 0 u 0 2 u 0 d 0 u 2 u 0 0 2 0 0 0 0 0 
2 u 2 u 0 0 2 2 0 0 2 2 0 u u 0 u 0 d 0 0 0 2 u 0 0 2 0 0 0 u 0 
2 u 2 u 0 0 2 2 0 u 2 2 0 0 u 0 u 0 d 0 0 0 2 0 0 0 2 u 0 0 u 0 
2 2 u u 0 0 2 2 0 u u d 0 0 u 0 2 u 0 d 0 u 2 u 0 0 2 0 0 0 0 0 
2 2 u u 0 0 u d 0 0 2 2 0 u u 0 2 u 0 d 0 u 2 0 0 0 2 u 0 0 0 0 
2 2 u u 0 0 2 u 0 u u 2 0 0 u 0 2 u 0 0 0 0 2 u 0 d 2 0 0 d 0 0 
2 2 u u 0 0 u 2 0 0 2 u 0 u u 0 2 u 0 0 0 0 2 0 0 d 2 u 0 d 0 0 
2 2 u u 0 0 2 u 0 0 u 2 0 u u 0 2 u 0 0 0 0 2 0 0 d 2 u 0 d 0 0 
2 2 u u 0 0 u 2 0 u 2 u 0 0 u 0 2 u 0 0 0 0 2 u 0 d 2 0 0 d 0 0 
d 2 u u 0 0 2 2 0 u d 2 0 0 u 0 2 u 0 0 0 0 2 u u 0 2 0 0 0 0 u 
d 2 u u 0 0 d 2 0 0 2 2 0 u u 0 2 u 0 0 0 0 2 0 0 0 2 u u 0 0 u 
2 d u u 0 0 2 2 0 0 2 2 0 u u u d 0 0 0 0 0 2 u 0 0 2 0 0 0 u u 
2 d u u 0 0 2 2 0 u 2 2 0 0 u u d 0 0 0 0 0 2 0 0 0 2 u 0 0 u u 
2 2 u u 0 0 2 2 0 u 2 2 0 u 0 0 2 0 0 u 0 0 2 u 0 0 d 0 0 0 u 0 
2 2 u u 0 0 2 2 0 u 2 2 0 u 0 0 2 0 0 u 0 0 d 0 0 0 2 u 0 0 u 0 
2 2 u u 0 0 2 2 0 0 2 2 0 u u 0 d u 0 0 0 u d 0 u 0 2 u 0 0 0 0 
2 2 u u 0 0 2 2 0 u 2 2 0 0 u 0 d u 0 0 0 u 2 u 0 0 d 0 u 0 0 0 
2 2 u u 0 0 2 u 0 u 2 2 0 u u 0 2 u 0 0 0 0 2 u d 0 d 0 0 0 0 0 
2 2 u u 0 0 2 2 0 u 2 u 0 u u 0 2 u 0 0 0 0 d 0 0 0 2 u d 0 0 0 
2 2 u u u 0 2 d 0 u 2 2 0 0 u 0 2 0 0 0 0 0 2 0 0 0 2 0 0 0 u u 
2 2 u u u 0 2 2 0 0 2 d 0 u u 0 2 0 0 0 0 0 2 0 0 0 2 0 0 0 u u 
2 2 0 u u 0 2 2 0 0 u 2 0 2 u 0 2 0 0 0 0 0 2 u 0 0 2 0 0 0 u 0 
2 2 0 u u 0 u 2 0 2 2 2 0 0 u 0 2 0 0 0 0 0 2 0 0 0 2 u 0 0 u 0 
2 2 u 0 0 u 2 d 0 0 2 u 0 u u 0 2 u 0 0 0 0 2 u 0 0 2 0 0 0 2 0 
2 2 u 0 0 u 2 u 0 u 2 d 0 0 u 0 2 u 0 0 0 0 2 0 0 0 2 u 0 0 2 0 
2 2 0 u 0 0 2 2 0 u 2 u 0 0 0 u 2 0 u 0 0 0 2 0 0 0 2 u 0 d u 0 
2 2 0 u 0 0 2 u 0 0 2 2 0 u 0 u 2 0 u 0 0 0 2 u 0 d 2 0 0 0 u 0 
2 2 u u 0 0 2 2 0 u 2 2 0 0 u 0 d u 0 0 0 u d u u 0 2 0 0 0 0 0 
2 2 u u 0 0 2 2 0 0 2 2 0 u u 0 d u 0 0 0 u 2 0 0 0 d u u 0 0 0 
2 u 0 0 0 0 2 2 0 0 2 2 0 u u u 2 u 0 0 0 2 2 u 0 0 2 0 0 0 0 0 
2 u 0 0 0 0 2 2 0 u 2 2 0 0 u u 2 u 0 0 0 2 2 0 0 0 2 u 0 0 0 0 
2 2 u u 0 0 d 2 0 u 2 u 0 0 u 0 2 u 0 0 0 0 2 u u 0 2 0 0 d 0 0 
2 2 u u 0 0 2 u 0 0 d 2 0 u u 0 2 u 0 0 0 0 2 0 0 d 2 u u 0 0 0 
2 2 u u 0 0 d 2 0 0 2 u 0 u u 0 2 u 0 0 0 0 2 0 u 0 2 u 0 d 0 0 
2 2 u u 0 0 2 u 0 u d 2 0 0 u 0 2 u 0 0 0 0 2 u 0 d 2 0 u 0 0 0 
2 2 u u 0 0 2 2 0 u 2 d 0 0 u u 2 0 0 0 0 d u 0 0 0 2 u 0 0 u 0 
2 2 u u 0 0 2 d 0 0 2 2 0 u u u 2 0 0 0 0 d 2 u 0 0 u 0 0 0 u 0 
0 2 u u 0 0 2 2 0 0 2 2 0 u u 0 2 u 0 0 0 2 2 0 0 0 2 u 0 0 0 0 
0 2 u u 0 0 2 2 0 u 2 2 0 0 u 0 2 u 0 0 0 2 2 u 0 0 2 0 0 0 0 0 
2 2 u u 0 0 2 2 0 u u d 0 0 u 0 2 u 0 0 0 2 2 u 0 0 2 0 0 0 0 0 
2 2 u u 0 0 u d 0 0 2 2 0 u u 0 2 u 0 0 0 2 2 0 0 0 2 u 0 0 0 0 
2 d u 0 u 0 2 u 0 u 2 2 0 0 0 u 2 0 0 0 u 0 2 0 d 0 2 u 0 0 u 0 
2 d u 0 u 0 2 2 0 0 2 u 0 u 0 u 2 0 0 0 u 0 2 u 0 0 2 0 d 0 u 0 
2 d u 0 u 0 2 u 0 0 2 2 0 u 0 u 2 0 0 0 u 0 2 u d 0 2 0 0 0 u 0 
2 d u 0 u 0 2 2 0 u 2 u 0 0 0 u 2 0 0 0 u 0 2 0 0 0 2 u d 0 u 0 
2 2 u u 0 0 2 2 0 0 2 2 0 u u 0 2 u 0 0 0 u u 0 0 0 d u 0 0 d 0 
2 2 u u 0 0 2 2 0 u 2 2 0 0 u 0 2 u 0 0 0 u d u 0 0 u 0 0 0 d 0 
u 2 u u 0 0 2 2 d u 2 2 0 0 u 0 2 0 0 0 0 0 2 0 0 0 u u 0 0 2 0 
u 2 u u 0 0 2 2 0 0 2 2 d u u 0 2 0 0 0 0 0 u u 0 0 2 0 0 0 2 0 
u 2 u u 0 d 2 2 0 u 2 2 0 0 u 0 2 u 0 0 0 0 2 u 0 0 u 0 0 d 0 0 
u 2 u u 0 d 2 2 0 0 2 2 0 u u 0 2 u 0 0 0 0 u 0 0 d 2 u 0 0 0 0 
d 2 u u 0 0 2 2 0 0 d 2 0 u u 0 2 u 0 0 0 0 2 0 u 0 2 u 0 0 0 u 
d 2 u u 0 0 d 2 0 u 2 2 0 0 u 0 2 u 0 0 0 0 2 u 0 0 2 0 u 0 0 u 
2 2 0 0 0 u 2 d 0 u 2 2 0 0 u 0 d 0 u u 0 0 2 0 u 0 2 u 0 0 u 0 
2 2 0 0 0 u 2 2 0 0 2 d 0 u u 0 d 0 u u 0 0 2 u 0 0 2 0 u 0 u 0 
2 2 u u 0 0 d 2 0 u 2 u 0 0 u 0 2 u 0 0 0 d 2 u 0 0 2 0 0 0 0 u 
2 2 u u 0 0 2 u 0 0 d 2 0 u u 0 2 u 0 0 0 d 2 0 0 0 2 u 0 0 0 u 
2 2 u 0 0 0 2 2 0 0 u 2 0 u u 0 2 0 0 0 0 d 2 u 0 0 2 0 0 u u 0 
2 2 u 0 0 0 u 2 0 u 2 2 0 0 u 0 2 0 0 0 0 d 2 0 0 u 2 u 0 0 u 0 
2 2 0 u 0 0 2 2 0 u 2 2 0 0 u u 2 0 0 0 0 0 u 0 0 0 2 u 0 d u 0 
2 2 0 u 0 0 2 2 0 0 2 2 0 u u u 2 0 0 0 0 0 2 u 0 d u 0 0 0 u 0 
2 2 u u 0 0 2 2 0 u 2 2 0 u 0 0 d u 0 0 0 0 2 0 0 0 2 u u 0 0 0 
2 2 u u 0 0 2 2 0 u 2 2 0 u 0 0 d u 0 0 0 0 2 u u 0 2 0 0 0 0 0 
d 2 u u 0 0 2 2 0 0 2 2 0 u 2 0 u 0 0 0 0 0 2 u 0 0 2 0 0 0 u u 
d 2 u u 0 0 2 2 0 u 2 2 0 0 2 0 u 0 0 0 0 0 2 0 0 0 2 u 0 0 u u 
2 2 0 u 0 0 2 2 0 0 2 u 0 u 0 u 2 0 u 0 0 0 2 u 0 0 2 0 0 d u 0 
2 2 0 u 0 0 2 u 0 u 2 2 0 0 0 u 2 0 u 0 0 0 2 0 0 d 2 u 0 0 u 0 
2 2 0 u 0 0 2 2 0 0 2 2 0 u u u 2 0 0 0 0 0 u u 0 0 2 0 0 d u 0 
2 2 0 u 0 0 2 2 0 u 2 2 0 0 u u 2 0 0 0 0 0 2 0 0 d u u 0 0 u 0 
2 2 u u 0 0 2 2 0 u 2 2 0 0 u 0 u u 0 0 0 0 2 0 0 0 2 0 0 d 0 u 
2 2 u u 0 0 2 2 0 0 2 2 0 u u 0 u u 0 0 0 0 2 0 0 d 2 0 0 0 0 u 
2 d u u u 0 u 2 0 d 2 2 0 u u 0 2 u 0 0 0 0 2 0 0 0 2 u 0 0 0 0 
2 d u u u 0 2 2 0 u u 2 0 d u 0 2 u 0 0 0 0 2 u 0 0 2 0 0 0 0 0 
2 2 u 0 u 0 2 u 0 0 2 d 0 u 0 u 2 u 0 0 0 0 2 0 d 0 2 u u 0 0 0 
2 2 u 0 u 0 2 d 0 u 2 u 0 0 0 u 2 u 0 0 0 0 2 u u 0 2 0 d 0 0 0 
2 2 u u 0 0 2 2 0 0 2 2 0 u u 0 2 0 0 0 0 d u u 0 0 2 0 0 u 0 0 
2 2 u u 0 0 2 2 0 u 2 2 0 0 u 0 2 0 0 0 0 d 2 0 0 u u u 0 0 0 0 
2 2 u u 0 0 2 2 0 0 u d 0 u u 0 2 u 0 0 0 2 2 0 0 0 2 u 0 0 0 0 
2 2 u u 0 0 u d 0 u 2 2 0 0 u 0 2 u 0 0 0 2 2 u 0 0 2 0 0 0 0 0 
u 2 u u 0 d 2 2 0 0 2 2 0 u u 0 2 u 0 0 0 0 2 0 0 0 u u 0 d 0 0 
u 2 u u 0 d 2 2 0 u 2 2 0 0 u 0 2 u 0 0 0 0 u u 0 d 2 0 0 0 0 0 
2 2 u u 0 0 2 2 0 u 2 2 0 0 u 0 2 0 0 0 0 d u 0 0 0 2 u 0 u 0 0 
2 2 u u 0 0 2 2 0 0 2 2 0 u u 0 2 0 0 0 0 d 2 u 0 u u 0 0 0 0 0 
2 2 u 0 u 0 2 u 0 u 2 d 0 0 0 u 2 u 0 0 0 0 2 u d 0 2 0 u 0 0 0 
2 2 u 0 u 0 2 d 0 0 2 u 0 u 0 u 2 u 0 0 0 0 2 0 u 0 2 u d 0 0 0 
2 2 u u 0 0 2 2 0 u 2 d 0 0 u u 2 d 0 0 0 0 u 0 0 0 2 u 0 0 u 0 
2 2 u u 0 0 2 d 0 0 2 2 0 u u u 2 d 0 0 0 0 2 u 0 0 u 0 0 0 u 0 
2 2 u 0 0 0 2 2 0 u 2 2 0 u u 0 2 u d 0 0 0 u 0 0 0 2 u 0 0 0 0 
2 2 u 0 0 0 2 2 0 u 2 2 0 u u 0 2 u d 0 0 0 2 u 0 0 u 0 0 0 0 0 
2 2 u u 0 0 2 2 0 0 2 2 0 0 u u 2 u 0 0 0 u d 0 0 0 2 u 0 0 0 0 
2 2 u u 0 0 2 2 0 0 2 2 0 0 u u 2 u 0 0 0 u 2 u 0 0 d 0 0 0 0 0 
2 2 u u 0 0 2 d 0 2 2 2 0 0 u 0 2 u 0 0 0 0 u u u 0 2 0 0 0 0 0 
2 2 u u 0 0 2 2 0 0 2 d 0 2 u 0 2 u 0 0 0 0 2 0 0 0 u u u 0 0 0 
2 2 u u 0 0 2 2 0 u u 2 d 0 u 0 u d 0 0 0 0 2 0 0 0 2 u 0 0 u 0 
2 2 u u 0 0 u 2 d 0 2 2 0 u u 0 u d 0 0 0 0 2 u 0 0 2 0 0 0 u 0 
2 0 2 0 0 0 2 2 0 u 2 2 0 0 u 0 u u 0 0 2 0 2 0 0 0 2 u 0 0 u 0 
2 0 2 0 0 0 2 2 0 0 2 2 0 u u 0 u u 0 0 2 0 2 u 0 0 2 0 0 0 u 0 
2 0 u u 0 0 2 2 2 0 2 2 0 u u 0 2 0 0 u 0 0 2 0 0 0 2 u 0 0 0 0 
2 0 u u 0 0 2 2 0 u 2 2 2 0 u 0 2 0 0 u 0 0 2 u 0 0 2 0 0 0 0 0 
u 2 u u 0 0 2 2 d 0 2 2 0 u u 0 2 d 0 0 0 0 u u 0 0 2 0 0 0 u 0 
u 2 u u 0 0 2 2 0 u 2 2 d 0 u 0 2 d 0 0 0 0 2 0 0 0 u u 0 0 u 0 
2 2 u u 0 0 2 2 0 u 2 u d 0 u 0 d u 0 0 0 u 2 u 0 0 2 0 0 0 0 0 
2 2 u u 0 0 2 u d 0 2 2 0 u u 0 d u 0 0 0 u 2 0 0 0 2 u 0 0 0 0 
2 2 u u 0 0 2 2 0 0 2 u d u u 0 d u 0 0 0 u 2 0 0 0 2 u 0 0 0 0 
2 2 u u 0 0 2 u d u 2 2 0 0 u 0 d u 0 0 0 u 2 u 0 0 2 0 0 0 0 0 
2 2 u u 0 0 2 2 0 2 2 d 0 0 u 0 2 u 0 0 0 0 2 u u 0 u 0 0 0 0 0 
2 2 u u 0 0 2 d 0 0 2 2 0 2 u 0 2 u 0 0 0 0 u 0 0 0 2 u u 0 0 0 
2 2 0 u 0 u 2 d 0 0 2 2 0 u u u d 0 u 0 0 0 2 u u 0 2 0 0 0 0 0 
2 2 0 u 0 u 2 2 0 u 2 d 0 0 u u d 0 u 0 0 0 2 0 0 0 2 u u 0 0 0 
2 2 0 u 0 u 2 d 0 u 2 2 0 0 u u d 0 u 0 0 0 2 0 u 0 2 u 0 0 0 0 
2 2 0 u 0 u 2 2 0 0 2 d 0 u u u d 0 u 0 0 0 2 u 0 0 2 0 u 0 0 0 
2 2 u 0 0 0 2 2 0 u 2 u 0 0 u 0 2 0 d 0 0 0 2 0 0 0 2 u 0 u u 0 
2 2 u 0 0 0 2 u 0 0 2 2 0 u u 0 2 0 d 0 0 0 2 u 0 u 2 0 0 0 u 0 
2 2 u u 0 0 2 2 0 u 2 2 0 0 u 0 2 0 0 0 0 d 2 u 0 0 u u 0 0 0 0 
2 2 u u 0 0 2 2 0 0 2 2 0 u u 0 2 0 0 0 0 d u u 0 0 2 u 0 0 0 0 
2 d u 0 0 0 2 2 0 0 2 u 0 u 0 0 2 u u u 0 0 2 0 0 0 2 u d 0 u 0 
2 d u 0 0 0 2 u 0 u 2 2 0 0 0 0 2 u u u 0 0 2 u d 0 2 0 0 0 u 0 
2 2 u u 0 0 2 2 0 u 2 2 u 0 0 0 2 0 0 0 0 d u 0 0 0 2 u 0 0 u 0 
2 2 u u 0 0 2 2 u 0 2 2 0 u 0 0 2 0 0 0 0 d 2 u 0 0 u 0 0 0 u 0 
2 d u 0 0 0 2 2 0 u 2 u 0 0 0 0 2 u u u 0 0 2 u 0 0 2 0 d 0 u 0 
2 d u 0 0 0 2 u 0 0 2 2 0 u 0 0 2 u u u 0 0 2 0 d 0 2 u 0 0 u 0 
2 2 u u 0 0 2 2 0 0 u 2 0 u 0 0 2 u 0 d 0 0 2 0 u 0 2 u 0 0 0 0 
2 2 u u 0 0 u 2 0 u 2 2 0 0 0 0 2 u 0 d 0 0 2 u 0 0 2 0 u 0 0 0 
2 0 u u 0 0 2 2 2 u 2 2 0 0 u 0 2 0 0 u 0 0 2 u 0 0 2 0 0 0 0 0 
2 0 u u 0 0 2 2 0 0 2 2 2 u u 0 2 0 0 u 0 0 2 0 0 0 2 u 0 0 0 0 
2 d u u u 0 2 2 0 0 u 2 0 2 u 0 2 u 0 0 0 0 2 0 0 0 2 u 0 0 0 0 
2 d u u u 0 u 2 0 2 2 2 0 0 u 0 2 u 0 0 0 0 2 u 0 0 2 0 0 0 0 0 
2 2 u 0 0 0 2 2 0 0 2 2 0 u 0 0 0 u 2 0 0 0 2 u 0 0 2 0 0 0 u u 
2 2 u 0 0 0 2 2 0 u 2 2 0 0 0 0 0 u 2 0 0 0 2 0 0 0 2 u 0 0 u u 
u 2 0 u 0 0 2 2 0 0 2 2 0 u u 0 2 0 0 0 0 0 2 u 0 0 2 0 0 0 2 u 
u 2 0 u 0 0 2 2 0 u 2 2 0 0 u 0 2 0 0 0 0 0 2 0 0 0 2 u 0 0 2 u 
2 u u 0 0 d 2 2 0 u 2 2 0 0 u u 2 u 0 0 0 0 2 0 0 0 2 u 0 0 0 0 
2 u u 0 0 d 2 2 0 0 2 2 0 u u u 2 u 0 0 0 0 2 u 0 0 2 0 0 0 0 0 
u 2 u 2 0 0 2 2 0 0 2 2 0 u u 0 d 0 0 u 0 0 2 u 0 0 2 0 0 0 u 0 
u 2 u 2 0 0 2 2 0 u 2 2 0 0 u 0 d 0 0 u 0 0 2 0 0 0 2 u 0 0 u 0 
2 d u u 0 0 2 2 0 d u 2 0 u u u 2 u 0 0 0 0 2 0 0 0 2 u 0 0 0 0 
2 d u u 0 0 u 2 0 u 2 2 0 d u u 2 u 0 0 0 0 2 u 0 0 2 0 0 0 0 0 
2 d u 0 0 0 2 2 0 u 2 2 0 0 0 u 2 0 u u 0 0 2 0 0 0 2 u 0 0 u 0 
2 d u 0 0 0 2 2 0 0 2 2 0 u 0 u 2 0 u u 0 0 2 u 0 0 2 0 0 0 u 0 
2 2 u u 0 0 d 2 u u 2 2 0 0 u 0 d u u 0 0 0 2 u 0 0 2 0 0 0 0 0 
2 2 u u 0 0 2 2 0 0 d 2 u u u 0 d u u 0 0 0 2 0 0 0 2 u 0 0 0 0 
2 u u 0 0 0 2 2 0 0 2 u d u u 0 2 u 0 0 d 0 2 u 0 0 2 0 0 0 u 0 
2 u u 0 0 0 2 u d u 2 2 0 0 u 0 2 u 0 0 d 0 2 0 0 0 2 u 0 0 u 0 
2 u u 0 0 0 2 2 0 u 2 u d 0 u 0 2 u 0 0 d 0 2 0 0 0 2 u 0 0 u 0 
2 u u 0 0 0 2 u d 0 2 2 0 u u 0 2 u 0 0 d 0 2 u 0 0 2 0 0 0 u 0 
2 2 u u 0 0 2 2 0 0 2 2 0 u u 0 2 0 0 0 0 0 u u d 0 d 0 0 u u 0 
2 2 u u 0 0 2 2 0 u 2 2 0 0 u 0 2 0 0 0 0 0 d 0 0 u u u d 0 u 0 
2 2 0 u 0 d 2 2 0 u 2 2 0 0 u 0 2 0 0 0 0 0 2 0 0 0 u u 0 u u 0 
2 2 0 u 0 d 2 2 0 0 2 2 0 u u 0 2 0 0 0 0 0 u u 0 u 2 0 0 0 u 0 
2 2 u 0 0 0 2 d u 0 2 d u u 0 0 2 u 0 u 0 0 2 0 0 0 2 u 0 0 u 0 
2 2 u 0 0 0 2 d u u 2 d u 0 0 0 2 u 0 u 0 0 2 u 0 0 2 0 0 0 u 0 
2 2 0 u 0 d 2 2 0 0 2 2 0 u u 0 2 0 0 0 0 0 2 u 0 0 u 0 0 u u 0 
2 2 0 u 0 d 2 2 0 u 2 2 0 0 u 0 2 0 0 0 0 0 u 0 0 u 2 u 0 0 u 0 
2 2 u 0 0 0 2 2 0 u 2 d u 0 0 0 u u d 0 0 0 2 0 0 0 2 u 0 0 u u 
2 2 u 0 0 0 2 d u 0 2 2 0 u 0 0 u u d 0 0 0 2 u 0 0 2 0 0 0 u u 
2 2 u 0 0 0 2 2 0 0 2 d u u 0 0 u u d 0 0 0 2 u 0 0 2 0 0 0 u u 
2 2 u 0 0 0 2 d u u 2 2 0 0 0 0 u u d 0 0 0 2 0 0 0 2 u 0 0 u u 
d 2 u u 0 0 2 2 d 0 2 2 0 u u 0 u u 0 0 0 0 2 0 0 u 2 u 0 0 0 0 
d 2 u u 0 0 2 2 0 u 2 2 d 0 u 0 u u 0 0 0 0 2 u 0 0 2 0 0 u 0 0 
2 2 u u 0 0 u 2 0 0 u 2 0 u u 0 2 2 0 0 0 0 2 0 0 0 2 u 0 0 0 d 
2 2 u u 0 0 u 2 0 u u 2 0 0 u 0 2 2 0 0 0 0 2 u 0 0 2 0 0 0 0 d 
2 2 u u 0 0 d 2 u 0 2 2 0 u u 0 d u u 0 0 0 2 0 0 0 2 u 0 0 0 0 
2 2 u u 0 0 2 2 0 u d 2 u 0 u 0 d u u 0 0 0 2 u 0 0 2 0 0 0 0 0 
2 2 u u 0 0 2 2 0 u 2 u 0 0 u u 2 u 0 d 0 0 2 0 0 0 2 0 0 0 0 0 
2 2 u u 0 0 2 u 0 0 2 2 0 u u u 2 u 0 d 0 0 2 0 0 0 2 0 0 0 0 0 
2 2 u 0 0 0 2 2 0 0 2 u 0 u u 0 2 0 d 0 0 0 2 u 0 0 2 0 0 u u 0 
2 2 u 0 0 0 2 u 0 u 2 2 0 0 u 0 2 0 d 0 0 0 2 0 0 u 2 u 0 0 u 0 
2 2 u 0 0 0 2 2 0 u 2 u 0 0 2 u 2 u 0 0 0 0 2 0 0 0 2 0 0 0 u 0 
2 2 u 0 0 0 2 u 0 0 2 2 0 u 2 u 2 u 0 0 0 0 2 0 0 0 2 0 0 0 u 0 
2 2 u u 0 0 2 2 0 u 2 2 0 0 u 0 2 0 0 0 0 0 u 0 d 0 d u 0 u u 0 
2 2 u u 0 0 2 2 0 0 2 2 0 u u 0 2 0 0 0 0 0 d u 0 u u 0 d 0 u 0 
2 2 u u 0 0 2 2 0 u 2 2 0 0 u 0 2 0 0 0 0 0 2 u 0 u d 0 0 0 u 0 
2 2 u u 0 0 2 2 0 0 2 2 0 u u 0 2 0 0 0 0 0 d 0 0 0 2 u 0 u u 0 
u 2 u u 0 0 2 2 d 0 2 2 0 u u 0 2 0 0 0 0 0 2 u 0 0 u 0 0 0 2 0 
u 2 u u 0 0 2 2 0 u 2 2 d 0 u 0 2 0 0 0 0 0 u 0 0 0 2 u 0 0 2 0 
d 2 u u 0 0 2 u 0 0 2 2 0 u u 0 2 u 0 0 u 0 2 0 0 d 2 u 0 0 0 0 
d 2 u u 0 0 2 2 0 u 2 u 0 0 u 0 2 u 0 0 u 0 2 u 0 0 2 0 0 d 0 0 
d 2 u u 0 0 2 u 0 u 2 2 0 0 u 0 2 u 0 0 u 0 2 u 0 d 2 0 0 0 0 0 
d 2 u u 0 0 2 2 0 0 2 u 0 u u 0 2 u 0 0 u 0 2 0 0 0 2 u 0 d 0 0 
2 2 u u 0 0 2 2 0 0 2 d 0 u u u 2 0 0 0 0 d u u 0 0 2 0 0 0 u 0 
2 2 u u 0 0 2 d 0 u 2 2 0 0 u u 2 0 0 0 0 d 2 0 0 0 u u 0 0 u 0 
2 2 u u 0 0 2 2 0 u 2 d 0 u u 0 2 0 0 u 0 0 2 u 0 0 2 0 0 0 0 0 
2 2 u u 0 0 2 d 0 u 2 2 0 u u 0 2 0 0 u 0 0 2 0 0 0 2 u 0 0 0 0 
2 2 0 u 0 0 2 2 0 0 2 2 0 u 0 0 2 0 0 u 0 u 2 0 0 0 2 u 0 0 u 0 
2 2 0 u 0 0 2 2 0 u 2 2 0 0 0 0 2 0 0 u 0 u 2 u 0 0 2 0 0 0 u 0 
2 2 u u 0 0 2 u 0 0 2 2 0 u 0 0 d u u 0 0 0 2 0 d 0 2 u 0 0 u 0 
2 2 u u 0 0 2 2 0 u 2 u 0 0 0 0 d u u 0 0 0 2 u 0 0 2 0 d 0 u 0 
2 d u u 0 0 u 2 0 0 2 2 0 2 u u 2 u 0 0 0 0 2 0 0 0 2 u 0 0 0 0 
2 d u u 0 0 2 2 0 2 u 2 0 0 u u 2 u 0 0 0 0 2 u 0 0 2 0 0 0 0 0 
2 2 0 u 0 0 2 2 0 0 d 2 0 u u 0 2 0 0 u 0 0 2 u 0 0 2 u 0 0 u 0 
2 2 0 u 0 0 d 2 0 u 2 2 0 0 u 0 2 0 0 u 0 0 2 u 0 0 2 u 0 0 u 0 
2 2 u u 0 u 2 2 0 0 2 d 0 u u 0 u 0 0 0 0 0 2 u 0 0 2 0 0 d u 0 
2 2 u u 0 u 2 d 0 u 2 2 0 0 u 0 u 0 0 0 0 0 2 0 0 d 2 u 0 0 u 0 
2 2 u u 0 0 2 2 0 0 2 u 0 0 u 0 2 2 0 0 0 0 2 u 0 0 2 0 0 0 u 0 
2 2 u u 0 0 2 u 0 0 2 2 0 0 u 0 2 2 0 0 0 0 2 0 0 0 2 u 0 0 u 0 
2 2 u u 0 0 2 u 0 u 2 2 0 0 0 0 d u u 0 0 0 2 u d 0 2 0 0 0 u 0 
2 2 u u 0 0 2 2 0 0 2 u 0 u 0 0 d u u 0 0 0 2 0 0 0 2 u d 0 u 0 
2 2 u u 0 0 d 2 0 0 u 2 0 u u 0 2 u 0 0 0 d 2 0 0 0 2 u 0 0 u 0 
2 2 u u 0 0 u 2 0 u d 2 0 0 u 0 2 u 0 0 0 d 2 u 0 0 2 0 0 0 u 0 
2 2 u u 0 0 u 2 0 0 d 2 0 u u 0 2 u 0 0 0 d 2 0 0 0 2 u 0 0 u 0 
2 2 u u 0 0 d 2 0 u u 2 0 0 u 0 2 u 0 0 0 d 2 u 0 0 2 0 0 0 u 0 
2 2 u u 0 0 2 2 0 u 2 2 0 u u d 2 0 0 0 0 0 u u 0 0 2 0 0 0 0 0 
2 2 u u 0 0 2 2 0 u 2 2 0 u u d 2 0 0 0 0 0 2 0 0 0 u u 0 0 0 0 
d 2 u u 0 0 2 2 d u 2 2 0 0 u 0 u u 0 0 0 0 2 u 0 u 2 0 0 0 0 0 
d 2 u u 0 0 2 2 0 0 2 2 d u u 0 u u 0 0 0 0 2 0 0 0 2 u 0 u 0 0 
u 2 0 u 0 0 2 2 0 0 2 2 0 u u 0 2 u 0 0 2 0 2 0 0 0 2 u 0 0 0 0 
u 2 0 u 0 0 2 2 0 u 2 2 0 0 u 0 2 u 0 0 2 0 2 u 0 0 2 0 0 0 0 0 
2 2 u 0 0 0 2 2 0 0 2 u 0 0 u u 2 u 0 0 0 0 2 u 0 0 2 0 0 0 d u 
2 2 u 0 0 0 2 u 0 0 2 2 0 0 u u 2 u 0 0 0 0 2 0 0 0 2 u 0 0 d u 
2 2 u u 0 u 2 2 0 u 2 d 0 0 u 0 u 0 0 0 0 0 2 0 0 0 2 u 0 d u 0 
2 2 u u 0 u 2 d 0 0 2 2 0 u u 0 u 0 0 0 0 0 2 u 0 d 2 0 0 0 u 0 
2 2 u u 0 0 u 2 0 u 2 d 0 0 u 0 2 u 0 0 0 0 2 u d 0 2 0 0 u 0 0 
2 2 u u 0 0 2 d 0 0 u 2 0 u u 0 2 u 0 0 0 0 2 0 0 u 2 u d 0 0 0 
2 u u 0 0 0 2 u 0 0 2 2 0 u 0 0 2 u d 0 0 0 2 u d 0 2 0 0 0 u u 
2 u u 0 0 0 2 2 0 u 2 u 0 0 0 0 2 u d 0 0 0 2 0 0 0 2 u d 0 u u 
2 2 u 0 0 0 2 2 0 0 d 2 0 u u 0 2 0 u 0 0 0 2 u 0 0 2 0 u 0 u 0 
2 2 u 0 0 0 d 2 0 u 2 2 0 0 u 0 2 0 u 0 0 0 2 0 u 0 2 u 0 0 u 0 
2 u 0 0 0 u 2 2 0 u 2 2 0 0 u 0 d u u 0 d 0 2 0 0 0 2 u 0 0 u 0 
2 u 0 0 0 u 2 2 0 0 2 2 0 u u 0 d u u 0 d 0 2 u 0 0 2 0 0 0 u 0 
2 2 u u 0 0 2 2 0 0 u 2 d u u 0 u d 0 0 0 0 2 u 0 0 2 0 0 0 u 0 
2 2 u u 0 0 u 2 d u 2 2 0 0 u 0 u d 0 0 0 0 2 0 0 0 2 u 0 0 u 0 
2 u u 0 0 0 2 u 0 u 2 2 0 0 0 0 2 u d 0 0 0 2 0 d 0 2 u 0 0 u u 
2 u u 0 0 0 2 2 0 0 2 u 0 u 0 0 2 u d 0 0 0 2 u 0 0 2 0 d 0 u u 
2 2 u u 0 0 2 2 0 u 2 d u 0 u 0 d u 0 0 0 u 2 u 0 0 2 0 0 0 0 0 
2 2 u u 0 0 2 d u 0 2 2 0 u u 0 d u 0 0 0 u 2 0 0 0 2 u 0 0 0 0 
2 2 u 0 0 0 2 2 0 u 2 2 0 u u 0 2 0 u 0 0 0 d u 0 0 2 0 0 0 u 0 
2 2 u 0 0 0 2 2 0 u 2 2 0 u u 0 2 0 u 0 0 0 2 0 0 0 d u 0 0 u 0 
2 2 u u 0 0 2 2 0 0 2 d u u u 0 d u 0 0 0 u 2 0 0 0 2 u 0 0 0 0 
2 2 u u 0 0 2 d u u 2 2 0 0 u 0 d u 0 0 0 u 2 u 0 0 2 0 0 0 0 0 
2 2 u u 0 0 2 2 0 u 2 u u 0 u 0 d u d 0 0 0 2 u 0 0 2 0 0 0 0 0 
2 2 u u 0 0 2 u u 0 2 2 0 u u 0 d u d 0 0 0 2 0 0 0 2 u 0 0 0 0 
2 2 u u 0 0 2 u 0 0 2 2 0 0 u 0 2 u 0 0 0 0 2 u 0 0 2 0 0 0 2 0 
2 2 u u 0 0 2 2 0 0 2 u 0 0 u 0 2 u 0 0 0 0 2 0 0 0 2 u 0 0 2 0 
2 2 u u 0 0 u 2 0 u 2 2 d 0 u 0 u 0 0 0 0 0 2 0 0 0 2 u 0 0 2 0 
2 2 u u 0 0 2 2 d 0 u 2 0 u u 0 u 0 0 0 0 0 2 u 0 0 2 0 0 0 2 0 
2 2 u u u d 2 0 0 0 2 2 0 u 0 u 2 0 0 0 0 0 2 u 0 0 2 0 0 0 u 0 
2 2 u u u d 2 2 0 u 2 0 0 0 0 u 2 0 0 0 0 0 2 0 0 0 2 u 0 0 u 0 
2 2 u u 0 0 2 u 0 0 2 2 0 u 0 0 2 d 0 0 0 0 2 u 0 0 2 u 0 0 u 0 
2 2 u u 0 0 2 2 0 u 2 u 0 0 0 0 2 d 0 0 0 0 2 u 0 0 2 u 0 0 u 0 
2 u u u d 0 2 2 0 0 2 2 0 u u 0 u d 0 0 0 0 2 u 0 0 2 0 0 0 u 0 
2 u u u d 0 2 2 0 u 2 2 0 0 u 0 u d 0 0 0 0 2 0 0 0 2 u 0 0 u 0 
u 2 u u 0 0 2 2 0 u 2 2 u 0 u 0 2 0 d 0 0 0 2 0 0 0 d u 0 0 u 0 
u 2 u u 0 0 2 2 u 0 2 2 0 u u 0 2 0 d 0 0 0 d u 0 0 2 0 0 0 u 0 
u 2 u u 0 0 2 2 0 0 2 2 u u u 0 2 0 d 0 0 0 2 u 0 0 d 0 0 0 u 0 
u 2 u u 0 0 2 2 u u 2 2 0 0 u 0 2 0 d 0 0 0 d 0 0 0 2 u 0 0 u 0 
2 2 u u u 0 2 2 0 0 2 2 0 u 0 0 2 0 0 0 0 0 2 u u 0 d 0 0 0 u 0 
2 2 u u u 0 2 2 0 u 2 2 0 0 0 0 2 0 0 0 0 0 d 0 0 0 2 u u 0 u 0 
2 2 u u 0 0 u 2 0 0 u 2 0 u u 0 2 u 0 d 0 0 2 0 0 0 2 u 0 0 d 0 
2 2 u u 0 0 u 2 0 u u 2 0 0 u 0 2 u 0 d 0 0 2 u 0 0 2 0 0 0 d 0 
2 2 u 2 0 0 2 u 0 u 2 2 0 0 u 0 2 0 u 0 0 0 d 0 0 0 2 u 0 0 u 0 
2 2 u 2 0 0 2 2 0 0 2 u 0 u u 0 2 0 u 0 0 0 2 u 0 0 d 0 0 0 u 0 
2 2 u 2 0 0 2 u 0 0 2 2 0 u u 0 2 0 u 0 0 0 d u 0 0 2 0 0 0 u 0 
2 2 u 2 0 0 2 2 0 u 2 u 0 0 u 0 2 0 u 0 0 0 2 0 0 0 d u 0 0 u 0 
2 2 u u 0 0 d 2 0 0 2 u 0 u u 0 2 u 0 0 0 u 2 0 0 0 2 u 0 0 d 0 
2 2 u u 0 0 2 u 0 u d 2 0 0 u 0 2 u 0 0 0 u 2 u 0 0 2 0 0 0 d 0 
u 2 u 0 0 0 2 2 0 0 2 d 0 u 0 0 2 u 0 0 d 0 2 u 0 0 2 0 u 0 u u 
u 2 u 0 0 0 2 d 0 u 2 2 0 0 0 0 2 u 0 0 d 0 2 0 u 0 2 u 0 0 u u 
u 2 u 0 0 0 2 2 0 u 2 d 0 0 0 0 2 u 0 0 d 0 2 0 0 0 2 u u 0 u u 
u 2 u 0 0 0 2 d 0 0 2 2 0 u 0 0 2 u 0 0 d 0 2 u u 0 2 0 0 0 u u 
2 2 0 u u 0 2 2 0 0 2 2 0 u u 0 2 0 0 0 0 0 2 u 0 0 u d 0 0 u 0 
2 2 0 u u 0 2 2 0 u 2 2 0 0 u 0 2 0 0 0 0 0 u d 0 0 2 u 0 0 u 0 
2 2 u u 0 0 2 u 0 u 2 2 0 0 0 0 2 0 0 0 0 0 2 0 0 u 2 u 0 0 u d 
2 2 u u 0 0 2 2 0 0 2 u 0 u 0 0 2 0 0 0 0 0 2 u 0 0 2 0 0 u u d 
2 2 u u u d 2 0 0 u 2 2 0 0 0 u 2 0 0 0 0 0 2 0 0 0 2 u 0 0 u 0 
2 2 u u u d 2 2 0 0 2 0 0 u 0 u 2 0 0 0 0 0 2 u 0 0 2 0 0 0 u 0 
2 2 u 0 0 0 2 2 0 d 2 2 0 u u 0 2 u 0 0 u 0 u 0 0 0 2 u 0 0 0 0 
2 2 u 0 0 0 2 2 0 u 2 2 0 d u 0 2 u 0 0 u 0 2 u 0 0 u 0 0 0 0 0 
2 2 0 u 0 0 2 u 0 0 2 u 0 u 0 0 2 0 u 0 0 0 2 u d 0 2 0 d 0 u u 
2 2 0 u 0 0 2 u 0 u 2 u 0 0 0 0 2 0 u 0 0 0 2 0 d 0 2 u d 0 u u 
2 2 u 0 0 0 2 u 0 0 2 u 0 u u u 2 u 0 0 0 0 2 u d 0 2 0 0 d 0 0 
2 2 u 0 0 0 2 u 0 u 2 u 0 0 u u 2 u 0 0 0 0 2 0 0 d 2 u d 0 0 0 
2 2 u u 0 0 2 2 0 0 2 2 u u 0 0 2 0 0 0 0 d u u 0 0 2 0 0 0 u 0 
2 2 u u 0 0 2 2 u u 2 2 0 0 0 0 2 0 0 0 0 d 2 0 0 0 u u 0 0 u 0 
2 2 u u 0 0 u 2 0 0 2 d 0 u u 0 2 u 0 0 0 0 2 0 d 0 2 u 0 u 0 0 
2 2 u u 0 0 2 d 0 u u 2 0 0 u 0 2 u 0 0 0 0 2 u 0 u 2 0 d 0 0 0 
2 2 u u 0 0 2 2 0 0 2 u u u u 0 d u d 0 0 0 2 0 0 0 2 u 0 0 0 0 
2 2 u u 0 0 2 u u u 2 2 0 0 u 0 d u d 0 0 0 2 u 0 0 2 0 0 0 0 0 
2 2 u u 0 0 2 2 0 0 2 2 0 u u 0 2 0 0 0 0 0 d u u 0 u 0 0 d u 0 
2 2 u u 0 0 2 2 0 u 2 2 0 0 u 0 2 0 0 0 0 0 u 0 0 d d u u 0 u 0 
2 2 u u 0 0 2 2 0 u 2 2 0 0 u 0 2 0 0 0 0 0 d 0 u 0 u u 0 d u 0 
2 2 u u 0 0 2 2 0 0 2 2 0 u u 0 2 0 0 0 0 0 u u 0 d d 0 u 0 u 0 
2 2 u 0 0 0 2 u 0 u 2 u 0 0 u u 2 u 0 0 0 0 2 0 d 0 2 u 0 d 0 0 
2 2 u 0 0 0 2 u 0 0 2 u 0 u u u 2 u 0 0 0 0 2 u 0 d 2 0 d 0 0 0 
2 2 u u 0 0 2 u 0 0 d 2 0 u u 0 2 u 0 0 0 u 2 0 0 0 2 u 0 0 d 0 
2 2 u u 0 0 d 2 0 u 2 u 0 0 u 0 2 u 0 0 0 u 2 u 0 0 2 0 0 0 d 0 
d 2 u u 0 0 2 2 0 0 2 d 0 u u 0 2 u 0 0 u 0 2 0 0 0 2 u u 0 0 0 
d 2 u u 0 0 2 d 0 u 2 2 0 0 u 0 2 u 0 0 u 0 2 u u 0 2 0 0 0 0 0 
2 2 u u 0 0 2 2 0 u 2 2 0 0 u 0 u u 0 0 d 0 2 u 0 0 u 0 0 d 0 0 
2 2 u u 0 0 2 2 0 0 2 2 0 u u 0 u u 0 0 d 0 u 0 0 d 2 u 0 0 0 0 
d 2 u u 0 0 2 2 0 u 2 d 0 0 u 0 2 u 0 0 u 0 2 u 0 0 2 0 u 0 0 0 
d 2 u u 0 0 2 d 0 0 2 2 0 u u 0 2 u 0 0 u 0 2 0 u 0 2 u 0 0 0 0 
2 2 u u u 0 2 2 0 u 2 2 0 0 0 0 2 0 0 0 0 0 2 0 u 0 d u 0 0 u 0 
2 2 u u u 0 2 2 0 0 2 2 0 u 0 0 2 0 0 0 0 0 d u 0 0 2 0 u 0 u 0 
2 2 u u 0 0 2 2 0 u d u 0 2 u 0 2 0 0 0 0 0 2 0 0 0 2 u 0 0 u 0 
2 2 u u 0 0 d u 0 2 2 2 0 u u 0 2 0 0 0 0 0 2 u 0 0 2 0 0 0 u 0 
u 2 0 u 0 0 2 2 2 u 2 2 0 0 u 0 2 u 0 0 0 0 2 u 0 0 2 0 0 0 0 0 
u 2 0 u 0 0 2 2 0 0 2 2 2 u u 0 2 u 0 0 0 0 2 0 0 0 2 u 0 0 0 0 
2 2 u u 0 u d 2 0 u 2 2 0 0 u 0 2 0 0 d 0 0 u 0 0 0 2 u 0 0 u 0 
2 2 u u 0 u 2 2 0 0 d 2 0 u u 0 2 0 0 d 0 0 2 u 0 0 u 0 0 0 u 0 
u 2 u u 0 0 2 2 u 0 2 2 0 u u 0 d u 0 0 0 0 2 0 0 d 2 u 0 0 0 0 
u 2 u u 0 0 2 2 0 u 2 2 u 0 u 0 d u 0 0 0 0 2 u 0 0 2 0 0 d 0 0 
2 2 u 0 0 0 2 2 0 u d 2 0 0 u 0 2 0 u 0 0 0 2 0 0 0 2 u u 0 u 0 
2 2 u 0 0 0 d 2 0 0 2 2 0 u u 0 2 0 u 0 0 0 2 u u 0 2 0 0 0 u 0 
2 d u u u 0 2 2 0 0 2 2 0 u u 0 2 u 0 0 0 0 u d 0 0 2 u 0 0 0 0 
2 d u u u 0 2 2 0 u 2 2 0 0 u 0 2 u 0 0 0 0 2 u 0 0 u d 0 0 0 0 
2 2 u u 0 0 2 2 0 0 2 2 u 0 u 0 2 u 0 0 0 0 2 0 0 0 u 2 0 0 0 0 
2 2 u u 0 0 2 2 u 0 2 2 0 0 u 0 2 u 0 0 0 0 u 2 0 0 2 0 0 0 0 0 
2 2 u u 0 u d 2 0 0 2 2 0 u u 0 2 0 0 d 0 0 u u 0 0 2 0 0 0 u 0 
2 2 u u 0 u 2 2 0 u d 2 0 0 u 0 2 0 0 d 0 0 2 0 0 0 u u 0 0 u 0 
2 u u u u 0 2 d 0 u 2 u 0 0 u 0 2 0 0 0 d 0 2 u u 0 2 0 d 0 0 0 
2 u u u u 0 2 u 0 0 2 d 0 u u 0 2 0 0 0 d 0 2 0 d 0 2 u u 0 0 0 
2 2 u 0 0 2 2 2 0 0 2 2 0 u 0 0 0 u 0 0 0 0 2 u 0 0 2 0 0 0 u u 
2 2 u 0 0 2 2 2 0 u 2 2 0 0 0 0 0 u 0 0 0 0 2 0 0 0 2 u 0 0 u u 
2 2 2 u 0 0 2 d 0 0 u 2 0 u u u 2 0 0 0 0 0 2 u 0 0 2 0 0 0 u 0 
2 2 2 u 0 0 u 2 0 u 2 d 0 0 u u 2 0 0 0 0 0 2 0 0 0 2 u 0 0 u 0 
2 2 u u 0 0 2 2 0 0 2 2 0 u u 0 0 0 u 0 d 0 2 u 0 0 2 0 0 0 u 0 
2 2 u u 0 0 2 2 0 u 2 2 0 0 u 0 0 0 u 0 d 0 2 0 0 0 2 u 0 0 u 0 
2 u u u u 0 2 d 0 0 2 u 0 u u 0 2 0 0 0 d 0 2 0 u 0 2 u d 0 0 0 
2 u u u u 0 2 u 0 u 2 d 0 0 u 0 2 0 0 0 d 0 2 u d 0 2 0 u 0 0 0 
2 2 2 u 0 0 2 d 0 u u 2 0 0 u u 2 0 0 0 0 0 2 0 0 0 2 u 0 0 u 0 
2 2 2 u 0 0 u 2 0 0 2 d 0 u u u 2 0 0 0 0 0 2 u 0 0 2 0 0 0 u 0 
2 2 u u 0 2 2 u 0 0 2 0 0 u 0 0 2 u 0 0 0 0 2 0 d 0 2 u 0 0 u 0 
2 2 u u 0 2 2 0 0 u 2 u 0 0 0 0 2 u 0 0 0 0 2 u 0 0 2 0 d 0 u 0 
2 u u u 0 0 u 2 0 0 2 2 0 u u 0 2 u 0 0 d 0 2 0 d 0 2 u 0 0 0 0 
2 u u u 0 0 2 2 0 u u 2 0 0 u 0 2 u 0 0 d 0 2 u 0 0 2 0 d 0 0 0 
u 2 0 u 0 0 2 2 2 0 2 2 0 u u 0 2 u 0 0 0 0 2 0 0 0 2 u 0 0 0 0 
u 2 0 u 0 0 2 2 0 u 2 2 2 0 u 0 2 u 0 0 0 0 2 u 0 0 2 0 0 0 0 0 
2 2 u u 0 2 2 u 0 u 2 0 0 0 0 0 2 u 0 0 0 0 2 u d 0 2 0 0 0 u 0 
2 2 u u 0 2 2 0 0 0 2 u 0 u 0 0 2 u 0 0 0 0 2 0 0 0 2 u d 0 u 0 
2 u u u 0 0 u 2 0 u 2 2 0 0 u 0 2 u 0 0 d 0 2 u d 0 2 0 0 0 0 0 
2 u u u 0 0 2 2 0 0 u 2 0 u u 0 2 u 0 0 d 0 2 0 0 0 2 u d 0 0 0 
2 2 u u 0 0 2 2 0 2 d u 0 u u 0 2 0 0 0 0 0 2 u 0 0 2 0 0 0 u 0 
2 2 u u 0 0 d u 0 u 2 2 0 2 u 0 2 0 0 0 0 0 2 0 0 0 2 u 0 0 u 0 
2 2 u u 0 0 2 2 0 0 2 2 0 u u 0 u u 0 0 d 0 2 0 0 0 u u 0 d 0 0 
2 2 u u 0 0 2 2 0 u 2 2 0 0 u 0 u u 0 0 d 0 u u 0 d 2 0 0 0 0 0 
2 u 2 0 u 0 2 2 0 0 2 2 0 u 0 u 2 0 0 0 0 0 2 u 0 0 2 0 0 0 u 0 
2 u 2 0 u 0 2 2 0 u 2 2 0 0 0 u 2 0 0 0 0 0 2 0 0 0 2 u 0 0 u 0 
2 2 u u 0 0 2 0 0 0 2 d 0 u 0 0 2 0 0 0 0 0 2 u 2 0 2 0 u 0 u u 
2 2 u u 0 0 2 d 0 u 2 0 0 0 0 0 2 0 0 0 0 0 2 0 u 0 2 u 2 0 u u 
2 2 0 u u 0 2 2 0 0 2 2 0 u u 0 2 0 0 0 0 0 u 2 0 0 2 0 0 0 u 0 
2 2 0 u u 0 2 2 0 u 2 2 0 0 u 0 2 0 0 0 0 0 2 0 0 0 u 2 0 0 u 0 
2 2 u 0 0 d 2 2 0 0 2 u 0 0 u 0 2 u 0 0 0 0 2 0 0 0 2 u 0 0 u u 
2 2 u 0 0 d 2 u 0 0 2 2 0 0 u 0 2 u 0 0 0 0 2 u 0 0 2 0 0 0 u u 
2 2 u u 0 0 2 0 0 u 2 d 0 0 0 0 2 0 0 0 0 0 2 0 2 0 2 u u 0 u u 
2 2 u u 0 0 2 d 0 0 2 0 0 u 0 0 2 0 0 0 0 0 2 u u 0 2 0 2 0 u u 
2 2 u 0 0 u 2 2 0 u 2 2 0 0 0 u d 0 0 u 0 0 2 0 0 0 2 u 0 0 u 0 
2 2 u 0 0 u 2 2 0 0 2 2 0 u 0 u d 0 0 u 0 0 2 u 0 0 2 0 0 0 u 0 
2 2 u u 0 0 u 2 0 0 2 2 d u u 0 u 0 0 0 0 0 2 u 0 0 2 0 0 0 2 0 
2 2 u u 0 0 2 2 d u u 2 0 0 u 0 u 0 0 0 0 0 2 0 0 0 2 u 0 0 2 0 
u 2 u u 0 0 2 2 u u 2 2 0 0 u 0 d u 0 0 0 0 2 u 0 d 2 0 0 0 0 0 
u 2 u u 0 0 2 2 0 0 2 2 u u u 0 d u 0 0 0 0 2 0 0 0 2 u 0 d 0 0 
2 2 u u 0 0 d u 0 0 2 2 0 u u 0 2 u 0 0 0 0 2 u d 0 2 u 0 0 0 0 
2 2 u u 0 0 2 2 0 u d u 0 0 u 0 2 u 0 0 0 0 2 u 0 0 2 u d 0 0 0 
2 d u u u 0 2 2 0 0 2 2 0 u u 0 2 u 0 0 0 0 2 0 0 0 u 2 0 0 0 0 
2 d u u u 0 2 2 0 u 2 2 0 0 u 0 2 u 0 0 0 0 u 2 0 0 2 0 0 0 0 0 
d 2 u u 0 0 2 d 0 0 2 2 0 u u 0 2 0 0 0 0 u 2 u u 0 2 0 0 0 u 0 
d 2 u u 0 0 2 2 0 u 2 d 0 0 u 0 2 0 0 0 0 u 2 0 0 0 2 u u 0 u 0 
2 2 u u 0 0 2 2 0 u 2 2 u 0 0 0 2 u 0 0 0 0 d 0 0 0 2 u 0 0 u 0 
2 2 u u 0 0 2 2 u 0 2 2 0 u 0 0 2 u 0 0 0 0 2 u 0 0 d 0 0 0 u 0 
2 2 u u 0 0 2 u d 0 2 2 0 u u 0 u 0 0 0 0 d 2 u 0 0 2 0 0 0 u 0 
2 2 u u 0 0 2 2 0 u 2 u d 0 u 0 u 0 0 0 0 d 2 0 0 0 2 u 0 0 u 0 
d 2 u u 0 0 2 d 0 u 2 2 0 0 u 0 2 0 0 0 0 u 2 0 u 0 2 u 0 0 u 0 
d 2 u u 0 0 2 2 0 0 2 d 0 u u 0 2 0 0 0 0 u 2 u 0 0 2 0 u 0 u 0 
2 2 u u 0 0 2 2 0 0 2 2 0 u u 0 u u 0 0 0 d u 0 d 0 2 u 0 0 0 0 
2 2 u u 0 0 2 2 0 u 2 2 0 0 u 0 u u 0 0 0 d 2 u 0 0 u 0 d 0 0 0 
d 2 u u 0 0 2 2 0 u 2 u 0 0 u 0 2 u 0 0 0 0 2 u d 0 2 0 0 0 u 0 
d 2 u u 0 0 2 u 0 0 2 2 0 u u 0 2 u 0 0 0 0 2 0 0 0 2 u d 0 u 0 
2 2 u u 0 0 2 2 0 0 2 2 u u 0 0 2 u 0 0 0 0 d u 0 0 2 0 0 0 u 0 
2 2 u u 0 0 2 2 u u 2 2 0 0 0 0 2 u 0 0 0 0 2 0 0 0 d u 0 0 u 0 
2 2 u u 0 u 2 u 0 0 2 d 0 u 0 0 d u 0 0 0 0 2 0 d 0 2 u u 0 u 0 
2 2 u u 0 u 2 d 0 u 2 u 0 0 0 0 d u 0 0 0 0 2 u u 0 2 0 d 0 u 0 
2 2 u u 0 u 2 d 0 0 2 u 0 u 0 0 d u 0 0 0 0 2 0 u 0 2 u d 0 u 0 
2 2 u u 0 u 2 u 0 u 2 d 0 0 0 0 d u 0 0 0 0 2 u d 0 2 0 u 0 u 0 
2 2 u u 0 0 2 2 0 u 2 2 0 0 u 0 u u 0 0 0 d u u d 0 2 0 0 0 0 0 
2 2 u u 0 0 2 2 0 0 2 2 0 u u 0 u u 0 0 0 d 2 0 0 0 u u d 0 0 0 
d 2 u u 0 0 2 2 0 0 2 u 0 u u 0 2 u 0 0 0 0 2 0 d 0 2 u 0 0 u 0 
d 2 u u 0 0 2 u 0 u 2 2 0 0 u 0 2 u 0 0 0 0 2 u 0 0 2 0 d 0 u 0 
2 2 u u 0 0 u 2 0 0 2 d 0 u u 0 2 u 0 d 0 0 2 0 0 0 2 u 0 0 u 0 
2 2 u u 0 0 2 d 0 u u 2 0 0 u 0 2 u 0 d 0 0 2 u 0 0 2 0 0 0 u 0 
2 2 u u 0 0 2 2 0 0 2 2 u 0 u 0 2 u 0 0 0 0 2 2 0 0 u 0 0 0 0 0 
2 2 u u 0 0 2 2 u 0 2 2 0 0 u 0 2 u 0 0 0 0 u 0 0 0 2 2 0 0 0 0 
2 2 u u 0 0 2 2 0 0 2 2 0 0 u d 2 0 0 0 0 u u u 0 0 2 0 0 0 u 0 
2 2 u u 0 0 2 2 0 0 2 2 0 0 u d 2 0 0 0 0 u 2 0 0 0 u u 0 0 u 0 
2 2 u 0 0 0 2 2 0 u 2 2 0 0 0 0 2 u 0 2 0 0 2 0 0 0 0 u 0 0 u u 
2 2 u 0 0 0 2 2 0 0 2 2 0 u 0 0 2 u 0 2 0 0 0 u 0 0 2 0 0 0 u u 
2 2 u u 0 0 2 d 0 0 u 2 0 u u 0 2 u 0 d 0 0 2 0 0 0 2 u 0 0 u 0 
2 2 u u 0 0 u 2 0 u 2 d 0 0 u 0 2 u 0 d 0 0 2 u 0 0 2 0 0 0 u 0 
2 2 u 0 0 0 2 2 0 0 2 2 0 u 0 0 2 u 0 2 0 0 2 u 0 0 0 0 0 0 u u 
2 2 u 0 0 0 2 2 0 u 2 2 0 0 0 0 2 u 0 2 0 0 0 0 0 0 2 u 0 0 u u 
2 2 u u 0 0 2 2 0 0 2 2 0 u u 0 2 2 0 0 0 u 0 0 0 0 2 u 0 0 0 0 
2 2 u u 0 0 2 2 0 u 2 2 0 0 u 0 2 2 0 0 0 u 2 u 0 0 0 0 0 0 0 0 
2 2 u d u 0 2 u 0 0 2 d 0 u u u 2 0 0 0 0 0 2 u 0 0 2 0 0 0 u 0 
2 2 u d u 0 2 d 0 u 2 u 0 0 u u 2 0 0 0 0 0 2 0 0 0 2 u 0 0 u 0 
2 2 2 0 0 0 2 2 0 0 2 2 0 u u 0 u u 0 u 0 0 2 0 0 0 2 u 0 0 0 0 
2 2 2 0 0 0 2 2 0 u 2 2 0 0 u 0 u u 0 u 0 0 2 u 0 0 2 0 0 0 0 0 
2 2 u u 0 0 2 2 0 0 2 2 0 u u 0 2 2 0 0 0 u 2 0 0 0 0 u 0 0 0 0 
2 2 u u 0 0 2 2 0 u 2 2 0 0 u 0 2 2 0 0 0 u 0 u 0 0 2 0 0 0 0 0 
2 u u 0 0 0 2 d 0 0 2 2 0 u 0 0 2 u 0 u d 0 2 0 u 0 2 u 0 0 u 0 
2 u u 0 0 0 2 2 0 u 2 d 0 0 0 0 2 u 0 u d 0 2 u 0 0 2 0 u 0 u 0 
2 2 u 0 0 0 u 2 0 u 2 2 0 0 u 0 2 0 0 0 0 0 2 0 0 0 2 u 0 u u d 
2 2 u 0 0 0 2 2 0 0 u 2 0 u u 0 2 0 0 0 0 0 2 u 0 u 2 0 0 0 u d 
2 2 u u 0 0 2 2 0 u u 2 0 0 0 0 2 u 0 d 0 0 2 u u 0 2 0 0 0 0 0 
2 2 u u 0 0 u 2 0 0 2 2 0 u 0 0 2 u 0 d 0 0 2 0 0 0 2 u u 0 0 0 
u 2 2 u 0 0 2 2 0 u 2 2 0 0 u 0 2 0 0 0 0 0 2 0 0 0 d u 0 u u 0 
u 2 2 u 0 0 2 2 0 0 2 2 0 u u 0 2 0 0 0 0 0 d u 0 u 2 0 0 0 u 0 
2 u u 0 0 0 2 d 0 u 2 2 0 0 0 0 2 u 0 u d 0 2 u u 0 2 0 0 0 u 0 
2 u u 0 0 0 2 2 0 0 2 d 0 u 0 0 2 u 0 u d 0 2 0 0 0 2 u u 0 u 0 
u 2 2 u 0 0 2 2 0 0 2 2 0 u u 0 2 0 0 0 0 0 2 u 0 0 d 0 0 u u 0 
u 2 2 u 0 0 2 2 0 u 2 2 0 0 u 0 2 0 0 0 0 0 d 0 0 u 2 u 0 0 u 0 
u 2 u u 0 0 2 2 0 u u 2 0 0 u 0 2 u 0 0 0 d 2 u 0 0 2 0 0 d 0 0 
u 2 u u 0 0 u 2 0 0 2 2 0 u u 0 2 u 0 0 0 d 2 0 0 d 2 u 0 0 0 0 
2 2 u u 0 0 2 0 0 0 2 0 0 u u 0 2 u 0 0 0 0 2 0 2 0 2 u 2 0 0 0 
2 2 u u 0 0 2 0 0 u 2 0 0 0 u 0 2 u 0 0 0 0 2 u 2 0 2 0 2 0 0 0 
2 2 u 0 0 0 2 2 0 0 2 2 0 2 u 0 2 u 0 0 u 0 2 0 0 0 u u 0 0 0 0 
2 2 u 0 0 0 2 2 0 2 2 2 0 0 u 0 2 u 0 0 u 0 u u 0 0 2 0 0 0 0 0 
2 2 u u 0 d 2 2 0 0 2 u 0 u u 0 2 u d 0 0 0 2 0 0 0 u u 0 0 0 0 
2 2 u u 0 d 2 u 0 u 2 2 0 0 u 0 2 u d 0 0 0 u u 0 0 2 0 0 0 0 0 
2 2 u d u 0 2 d 0 0 2 u 0 u u u 2 0 0 0 0 0 2 u 0 0 2 0 0 0 u 0 
2 2 u d u 0 2 u 0 u 2 d 0 0 u u 2 0 0 0 0 0 2 0 0 0 2 u 0 0 u 0 
d 2 u u 0 u 2 2 0 u 2 2 0 0 u 0 2 u 0 0 0 0 2 u 0 0 d 0 0 u 0 0 
d 2 u u 0 u 2 2 0 0 2 2 0 u u 0 2 u 0 0 0 0 d 0 0 u 2 u 0 0 0 0 
d 2 u u 0 u 2 2 0 0 2 2 0 u u 0 2 u 0 0 0 0 2 0 0 0 d u 0 u 0 0 
d 2 u u 0 u 2 2 0 u 2 2 0 0 u 0 2 u 0 0 0 0 d u 0 u 2 0 0 0 0 0 
2 2 u u 0 0 2 2 0 u d u 0 0 u 0 2 u 0 0 0 0 2 u 0 0 2 0 2 0 0 0 
2 2 u u 0 0 d u 0 0 2 2 0 u u 0 2 u 0 0 0 0 2 0 2 0 2 u 0 0 0 0 
2 2 u u u 0 2 u 0 0 2 2 0 u u 0 2 u 0 0 0 0 2 0 0 0 d u 0 0 d 0 
2 2 u u u 0 2 2 0 u 2 u 0 0 u 0 2 u 0 0 0 0 d u 0 0 2 0 0 0 d 0 
2 2 0 0 0 0 2 2 0 u 2 d 0 0 u u 2 0 u 0 0 0 2 u 0 0 2 u 0 0 u 0 
2 2 0 0 0 0 2 d 0 0 2 2 0 u u u 2 0 u 0 0 0 2 u 0 0 2 u 0 0 u 0 
2 2 u u 0 0 2 2 0 0 d u 0 u u 0 2 u 0 0 0 0 2 0 0 0 2 u 2 0 0 0 
2 2 u u 0 0 d u 0 u 2 2 0 0 u 0 2 u 0 0 0 0 2 u 2 0 2 0 0 0 0 0 
2 2 u u 0 u d 2 0 0 2 2 0 u u 0 2 0 0 0 0 0 2 u 0 0 u 0 0 0 u d 
2 2 u u 0 u 2 2 0 u d 2 0 0 u 0 2 0 0 0 0 0 u 0 0 0 2 u 0 0 u d 
2 2 u u 0 0 2 u d u 2 2 0 0 u 0 u 0 0 0 0 d 2 0 0 0 2 u 0 0 u 0 
2 2 u u 0 0 2 2 0 0 2 u d u u 0 u 0 0 0 0 d 2 u 0 0 2 0 0 0 u 0 
d 2 u u 0 0 2 2 0 u d 2 0 0 u 0 2 u 0 0 0 u 2 u 0 0 2 0 0 u 0 0 
d 2 u u 0 0 d 2 0 0 2 2 0 u u 0 2 u 0 0 0 u 2 0 0 u 2 u 0 0 0 0 
2 2 0 u 0 0 2 2 0 0 2 2 0 u 0 0 2 u 0 0 u 0 2 0 0 0 2 u 0 0 u 0 
2 2 0 u 0 0 2 2 0 u 2 2 0 0 0 0 2 u 0 0 u 0 2 u 0 0 2 0 0 0 u 0 
2 2 u u 0 0 2 2 0 0 2 2 0 0 u u d u 0 0 0 0 2 0 u 0 2 u 0 0 0 0 
2 2 u u 0 0 2 2 0 0 2 2 0 0 u u d u 0 0 0 0 2 u 0 0 2 0 u 0 0 0 
2 d u u 0 0 2 2 0 0 2 2 0 u u u 2 u 0 0 0 0 2 d 0 0 u u 0 0 0 0 
2 d u u 0 0 2 2 0 u 2 2 0 0 u u 2 u 0 0 0 0 u u 0 0 2 d 0 0 0 0 
2 2 u u 0 d 2 u 0 0 2 2 0 u u 0 2 u d 0 0 0 u 0 0 0 2 u 0 0 0 0 
2 2 u u 0 d 2 2 0 u 2 u 0 0 u 0 2 u d 0 0 0 2 u 0 0 u 0 0 0 0 0 
2 2 u u 0 0 u 2 0 u 2 d 0 0 u 0 2 u 0 0 0 0 2 u u 0 2 d 0 0 0 0 
2 2 u u 0 0 2 d 0 0 u 2 0 u u 0 2 u 0 0 0 0 2 d 0 0 2 u u 0 0 0 
2 2 u u 0 2 2 0 0 u 2 0 0 0 u 0 2 0 0 0 0 0 2 0 2 0 2 u 0 0 u 0 
2 2 u u 0 2 2 0 0 0 2 0 0 u u 0 2 0 0 0 0 0 2 u 0 0 2 0 2 0 u 0 
2 2 u u 0 2 2 0 0 0 2 0 0 u u 0 2 0 0 0 0 0 2 u 2 0 2 0 0 0 u 0 
2 2 u u 0 2 2 0 0 u 2 0 0 0 u 0 2 0 0 0 0 0 2 0 0 0 2 u 2 0 u 0 
2 u u 0 0 0 2 0 0 u 2 2 0 0 0 u 2 0 0 u d 0 2 0 2 0 2 u 0 0 u 0 
2 u u 0 0 0 2 2 0 0 2 0 0 u 0 u 2 0 0 u d 0 2 u 0 0 2 0 2 0 u 0 
2 2 2 u u 0 u d 0 u 2 2 0 0 u 0 2 0 0 0 0 0 2 0 0 0 2 u 0 0 u 0 
2 2 2 u u 0 2 2 0 0 u d 0 u u 0 2 0 0 0 0 0 2 u 0 0 2 0 0 0 u 0 
2 2 u u 0 u d 2 0 u 2 2 0 0 u 0 2 0 0 0 0 0 2 0 0 0 u u 0 0 u d 
2 2 u u 0 u 2 2 0 0 d 2 0 u u 0 2 0 0 0 0 0 u u 0 0 2 0 0 0 u d 
2 u u 0 0 0 2 0 0 0 2 2 0 u 0 u 2 0 0 u d 0 2 u 2 0 2 0 0 0 u 0 
2 u u 0 0 0 2 2 0 u 2 0 0 0 0 u 2 0 0 u d 0 2 0 0 0 2 u 2 0 u 0 
d 2 u u 0 0 2 2 0 0 d 2 0 u u 0 2 u 0 0 0 u 2 0 0 0 2 u 0 u 0 0 
d 2 u u 0 0 d 2 0 u 2 2 0 0 u 0 2 u 0 0 0 u 2 u 0 u 2 0 0 0 0 0 
2 2 u 2 0 0 d 2 0 u 2 2 0 0 u 0 2 0 u 0 0 0 u 0 0 0 2 u 0 0 u 0 
2 2 u 2 0 0 2 2 0 0 d 2 0 u u 0 2 0 u 0 0 0 2 u 0 0 u 0 0 0 u 0 
u 2 u u 0 0 d 2 0 0 2 2 0 u u 0 2 2 0 0 0 0 2 u 0 0 2 u 0 0 0 0 
u 2 u u 0 0 2 2 0 u d 2 0 0 u 0 2 2 0 0 0 0 2 u 0 0 2 u 0 0 0 0 
2 2 0 u 0 0 2 2 0 u u 2 0 0 u 0 2 2 0 0 0 0 2 u 0 0 2 0 0 u 0 0 
2 2 0 u 0 0 u 2 0 0 2 2 0 u u 0 2 2 0 0 0 0 2 0 0 u 2 u 0 0 0 0 
2 2 u 0 u 2 2 0 0 u 2 2 0 0 0 u 2 u 0 0 0 0 2 u 0 0 2 0 0 0 0 0 
2 2 u 0 u 2 2 2 0 0 2 0 0 u 0 u 2 u 0 0 0 0 2 0 0 0 2 u 0 0 0 0 
2 2 2 u 0 0 2 u 0 u 2 2 0 0 u 0 2 u 0 u 0 0 d u 0 0 2 0 0 0 0 0 
2 2 2 u 0 0 2 2 0 0 2 u 0 u u 0 2 u 0 u 0 0 2 0 0 0 d u 0 0 0 0 
2 2 2 u u 0 u d 0 0 2 2 0 u u 0 2 0 0 0 0 0 2 u 0 0 2 0 0 0 u 0 
2 2 2 u u 0 2 2 0 u u d 0 0 u 0 2 0 0 0 0 0 2 0 0 0 2 u 0 0 u 0 
2 2 0 u 0 d 2 u 0 0 2 2 0 u u u u 0 u 0 0 0 2 u d 0 2 0 0 0 0 0 
2 2 0 u 0 d 2 2 0 u 2 u 0 0 u u u 0 u 0 0 0 2 0 0 0 2 u d 0 0 0 
2 2 0 u 0 0 2 2 0 0 2 d 0 u u 0 2 0 u u 0 0 2 0 0 0 2 u u 0 0 0 
2 2 0 u 0 0 2 d 0 u 2 2 0 0 u 0 2 0 u u 0 0 2 u u 0 2 0 0 0 0 0 
d 2 u u 0 0 2 2 0 0 2 u 0 u u 0 2 0 0 d 0 0 2 u 0 0 2 0 u 0 u 0 
d 2 u u 0 0 2 u 0 u 2 2 0 0 u 0 2 0 0 d 0 0 2 0 u 0 2 u 0 0 u 0 
2 2 u u 0 0 2 2 0 0 2 d 0 u u u 2 0 0 0 0 0 2 u 0 0 2 u 0 0 0 0 
2 2 u u 0 0 2 d 0 u 2 2 0 0 u u 2 0 0 0 0 0 2 u 0 0 2 u 0 0 0 0 
2 2 u u 0 0 2 2 0 d 2 2 0 u u u 2 0 0 0 0 0 u u 0 0 2 0 0 0 0 0 
2 2 u u 0 0 2 2 0 u 2 2 0 d u u 2 0 0 0 0 0 2 0 0 0 u u 0 0 0 0 
2 2 0 u 0 d 2 u 0 u 2 2 0 0 u u u 0 u 0 0 0 2 0 d 0 2 u 0 0 0 0 
2 2 0 u 0 d 2 2 0 0 2 u 0 u u u u 0 u 0 0 0 2 u 0 0 2 0 d 0 0 0 
2 d u u 0 0 2 2 0 0 2 2 0 u u u 2 u 0 0 0 0 u 0 0 0 2 2 0 0 0 0 
2 d u u 0 0 2 2 0 u 2 2 0 0 u u 2 u 0 0 0 0 2 2 0 0 u 0 0 0 0 0 
2 2 u u 0 0 d u 0 0 2 2 0 u u 0 2 2 0 0 0 u 2 0 0 0 2 u 0 0 0 0 
2 2 u u 0 0 2 2 0 u d u 0 0 u 0 2 2 0 0 0 u 2 u 0 0 2 0 0 0 0 0 
2 2 0 u 0 0 2 2 0 u 2 d 0 0 u 0 2 0 u u 0 0 2 u 0 0 2 0 u 0 0 0 
2 2 0 u 0 0 2 d 0 0 2 2 0 u u 0 2 0 u u 0 0 2 0 u 0 2 u 0 0 0 0 
2 2 u u 0 0 2 2 0 u d u 0 0 u 0 2 0 0 d 0 u 2 0 0 0 2 u 0 0 u 0 
2 2 u u 0 0 d u 0 0 2 2 0 u u 0 2 0 0 d 0 u 2 u 0 0 2 0 0 0 u 0 
2 2 u u 0 0 2 2 0 u 2 2 0 u 0 0 2 u d 0 0 0 2 0 0 0 u u 0 0 0 0 
2 2 u u 0 0 2 2 0 u 2 2 0 u 0 0 2 u d 0 0 0 u u 0 0 2 0 0 0 0 0 
2 2 u u 0 0 2 2 u 0 2 2 0 u 0 0 2 d 0 0 0 0 2 u 0 0 u 0 0 0 u 0 
2 2 u u 0 0 2 2 0 u 2 2 u 0 0 0 2 d 0 0 0 0 u 0 0 0 2 u 0 0 u 0 
2 d u u 0 0 2 2 0 0 2 2 u u u 0 u 0 0 0 0 0 2 u 0 0 2 0 0 d u 0 
2 d u u 0 0 2 2 u u 2 2 0 0 u 0 u 0 0 0 0 0 2 0 0 d 2 u 0 0 u 0 
d 2 u u 0 0 2 2 0 u 2 u 0 0 u 0 2 0 0 d 0 0 2 0 0 0 2 u u 0 u 0 
d 2 u u 0 0 2 u 0 0 2 2 0 u u 0 2 0 0 d 0 0 2 u u 0 2 0 0 0 u 0 
u 2 u u 0 0 2 2 0 0 u 2 0 u u 0 2 u 0 0 0 d 2 0 0 0 2 u 0 d 0 0 
u 2 u u 0 0 u 2 0 u 2 2 0 0 u 0 2 u 0 0 0 d 2 u 0 d 2 0 0 0 0 0 
u 2 u u 0 0 2 2 0 0 d 2 0 u u 0 2 u 0 0 0 0 2 u 0 0 2 u 0 0 d 0 
u 2 u u 0 0 d 2 0 u 2 2 0 0 u 0 2 u 0 0 0 0 2 u 0 0 2 u 0 0 d 0 
2 2 u u 0 0 2 2 0 0 d u 0 u u 0 2 0 0 d 0 u 2 u 0 0 2 0 0 0 u 0 
2 2 u u 0 0 d u 0 u 2 2 0 0 u 0 2 0 0 d 0 u 2 0 0 0 2 u 0 0 u 0 
2 2 u 2 0 0 2 d 0 0 u 2 0 u u u 2 0 0 0 0 0 2 u 0 0 2 0 0 0 u 0 
2 2 u 2 0 0 u 2 0 u 2 d 0 0 u u 2 0 0 0 0 0 2 0 0 0 2 u 0 0 u 0 
2 2 u u 0 0 2 2 0 0 d u 0 u u 0 2 2 0 0 0 u 2 0 0 0 2 u 0 0 0 0 
2 2 u u 0 0 d u 0 u 2 2 0 0 u 0 2 2 0 0 0 u 2 u 0 0 2 0 0 0 0 0 
2 d u u 0 0 2 2 0 u 2 2 u 0 u 0 u 0 0 0 0 0 2 0 0 0 2 u 0 d u 0 
2 d u u 0 0 2 2 u 0 2 2 0 u u 0 u 0 0 0 0 0 2 u 0 d 2 0 0 0 u 0 
2 2 0 u 0 0 2 2 0 u 2 2 u 0 u 0 u u 0 0 0 0 2 u 0 0 2 0 0 d 0 0 
2 2 0 u 0 0 2 2 u 0 2 2 0 u u 0 u u 0 0 0 0 2 0 0 d 2 u 0 0 0 0 
2 2 u 2 0 0 d 2 0 0 2 2 0 u u 0 2 0 u 0 0 0 u u 0 0 2 0 0 0 u 0 
2 2 u 2 0 0 2 2 0 u d 2 0 0 u 0 2 0 u 0 0 0 2 0 0 0 u u 0 0 u 0 
d 2 u u u 0 2 2 0 0 2 2 0 u u 0 2 0 0 0 u 0 2 0 0 0 2 u 0 0 0 0 
d 2 u u u 0 2 2 0 u 2 2 0 0 u 0 2 0 0 0 u 0 2 u 0 0 2 0 0 0 0 0 
2 2 u u 0 0 d 2 0 u 2 u 0 0 u 0 2 u 0 0 0 0 2 u d 0 2 u 0 0 0 0 
2 2 u u 0 0 2 u 0 0 d 2 0 u u 0 2 u 0 0 0 0 2 u 0 0 2 u d 0 0 0 
2 2 0 u 0 0 u 2 0 u 2 2 0 0 u 0 2 u 0 0 0 0 2 u 0 0 2 0 0 u d 0 
2 2 0 u 0 0 2 2 0 0 u 2 0 u u 0 2 u 0 0 0 0 2 0 0 u 2 u 0 0 d 0 
2 d u u 0 0 2 d 0 u 2 d 0 0 u u 2 0 0 0 u 0 2 0 u 0 2 u u 0 0 0 
2 d u u 0 0 2 d 0 0 2 d 0 u u u 2 0 0 0 u 0 2 u u 0 2 0 u 0 0 0 
2 u 0 0 u 0 2 2 2 u 2 2 0 0 0 u 2 0 0 0 0 0 2 0 0 0 2 u 0 0 u 0 
2 u 0 0 u 0 2 2 0 0 2 2 2 u 0 u 2 0 0 0 0 0 2 u 0 0 2 0 0 0 u 0 
2 2 u u 0 0 2 2 0 2 2 2 0 0 u u 2 0 0 0 0 0 u 0 0 0 2 u 0 0 0 0 
2 2 u u 0 0 2 2 0 0 2 2 0 2 u u 2 0 0 0 0 0 2 u 0 0 u 0 0 0 0 0 
u 2 u u 0 0 2 2 0 0 d 2 0 u u 0 2 0 0 u 0 0 2 u 0 0 2 0 0 d u 0 
u 2 u u 0 0 d 2 0 u 2 2 0 0 u 0 2 0 0 u 0 0 2 0 0 d 2 u 0 0 u 0 
2 2 u 2 0 0 2 2 0 0 2 2 0 0 u 0 2 u 0 0 0 0 u 0 0 0 2 u 0 0 0 u 
2 2 u 2 0 0 2 2 0 0 2 2 0 0 u 0 2 u 0 0 0 0 2 u 0 0 u 0 0 0 0 u 
2 2 u u 0 0 2 2 0 0 2 2 0 d u 0 u 0 u 0 0 0 2 u 0 0 2 0 0 0 u 0 
2 2 u u 0 0 2 2 0 d 2 2 0 0 u 0 u 0 u 0 0 0 2 0 0 0 2 u 0 0 u 0 
u 2 u u 0 0 2 2 0 u d 2 0 0 u 0 2 0 0 u 0 0 2 0 0 0 2 u 0 d u 0 
u 2 u u 0 0 d 2 0 0 2 2 0 u u 0 2 0 0 u 0 0 2 u 0 d 2 0 0 0 u 0 
2 2 0 0 0 0 2 0 0 u 2 2 0 0 u 0 2 u 0 0 0 u 2 0 2 0 2 u 0 0 u 0 
2 2 0 0 0 0 2 2 0 0 2 0 0 u u 0 2 u 0 0 0 u 2 u 0 0 2 0 2 0 u 0 
2 2 u u 0 0 2 u 0 u 2 2 0 0 u d u 0 0 0 0 0 2 0 0 0 2 u d 0 u 0 
2 2 u u 0 0 2 2 0 0 2 u 0 u u d u 0 0 0 0 0 2 u d 0 2 0 0 0 u 0 
2 d u 0 0 0 2 d 0 0 2 2 0 u u u 2 u 0 0 0 u 2 u u 0 2 0 0 0 0 0 
2 d u 0 0 0 2 2 0 u 2 d 0 0 u u 2 u 0 0 0 u 2 0 0 0 2 u u 0 0 0 
2 0 u u 0 0 2 d 0 0 2 d 0 u u 0 2 0 0 0 2 0 2 u u 0 2 0 u 0 u 0 
2 0 u u 0 0 2 d 0 u 2 d 0 0 u 0 2 0 0 0 2 0 2 0 u 0 2 u u 0 u 0 
2 2 0 0 0 0 2 0 0 0 2 2 0 u u 0 2 u 0 0 0 u 2 u 2 0 2 0 0 0 u 0 
2 2 0 0 0 0 2 2 0 u 2 0 0 0 u 0 2 u 0 0 0 u 2 0 0 0 2 u 2 0 u 0 
u 2 0 u 0 0 2 2 0 0 2 2 0 u u 0 2 0 u 0 0 d 2 u 0 0 2 0 0 0 u 0 
u 2 0 u 0 0 2 2 0 u 2 2 0 0 u 0 2 0 u 0 0 d 2 0 0 0 2 u 0 0 u 0 
2 2 u 0 0 0 u 2 0 0 2 2 0 u u 0 2 0 0 0 0 0 2 u 0 0 2 0 0 u u d 
2 2 u 0 0 0 2 2 0 u u 2 0 0 u 0 2 0 0 0 0 0 2 0 0 u 2 u 0 0 u d 
2 2 0 0 u 0 2 2 0 0 2 2 0 u 0 0 2 u 0 0 0 u 2 0 0 0 2 u 0 0 u 0 
2 2 0 0 u 0 2 2 0 u 2 2 0 0 0 0 2 u 0 0 0 u 2 u 0 0 2 0 0 0 u 0 
2 d u 0 0 0 2 d 0 u 2 2 0 0 u u 2 u 0 0 0 u 2 0 u 0 2 u 0 0 0 0 
2 d u 0 0 0 2 2 0 0 2 d 0 u u u 2 u 0 0 0 u 2 u 0 0 2 0 u 0 0 0 
2 d u 0 0 0 2 2 0 u 2 d 0 0 u u 2 u 0 0 u 0 2 0 0 0 2 u 0 u 0 0 
2 d u 0 0 0 2 d 0 0 2 2 0 u u u 2 u 0 0 u 0 2 u 0 u 2 0 0 0 0 0 
2 2 u u 0 0 2 2 0 u 0 2 0 0 u 0 2 0 0 0 0 0 2 0 0 0 2 u 0 0 2 u 
2 2 u u 0 0 0 2 0 0 2 2 0 u u 0 2 0 0 0 0 0 2 u 0 0 2 0 0 0 2 u 
d 2 u u 0 0 2 2 0 0 u 2 0 u u 0 2 u 0 0 0 0 2 d 0 0 2 u 0 0 u 0 
d 2 u u 0 0 u 2 0 u 2 2 0 0 u 0 2 u 0 0 0 0 2 u 0 0 2 d 0 0 u 0 
2 2 u u 0 0 2 u 0 0 2 2 0 u u u 2 2 0 0 0 0 2 0 0 0 d u 0 0 0 0 
2 2 u u 0 0 2 2 0 u 2 u 0 0 u u 2 2 0 0 0 0 d u 0 0 2 0 0 0 0 0 
2 2 u u 0 0 2 d 0 u 2 2 0 u u 0 2 0 0 0 0 0 2 u 0 0 2 0 0 0 0 u 
2 2 u u 0 0 2 2 0 u 2 d 0 u u 0 2 0 0 0 0 0 2 0 0 0 2 u 0 0 0 u 
2 u 2 u 0 0 2 2 0 0 2 d u u u 0 2 0 0 0 0 0 2 u 0 0 2 0 0 0 u 0 
2 u 2 u 0 0 2 d u u 2 2 0 0 u 0 2 0 0 0 0 0 2 0 0 0 2 u 0 0 u 0 
2 u 2 u 0 0 2 2 0 u 2 d u 0 u 0 2 0 0 0 0 0 2 0 0 0 2 u 0 0 u 0 
2 u 2 u 0 0 2 d u 0 2 2 0 u u 0 2 0 0 0 0 0 2 u 0 0 2 0 0 0 u 0 
2 2 u 0 u 2 2 0 0 0 2 2 0 u 0 u 2 u 0 0 0 0 2 0 0 0 2 u 0 0 0 0 
2 2 u 0 u 2 2 2 0 u 2 0 0 0 0 u 2 u 0 0 0 0 2 u 0 0 2 0 0 0 0 0 
2 2 0 u 0 0 2 2 0 0 2 0 0 u u u 2 0 u 0 0 0 2 u 0 0 2 0 u d 0 0 
2 2 0 u 0 0 2 0 0 u 2 2 0 0 u u 2 0 u 0 0 0 2 0 u d 2 u 0 0 0 0 
d 2 u u 0 0 u 2 0 0 2 2 0 u u 0 2 u 0 0 0 0 2 0 0 0 2 2 0 0 u 0 
d 2 u u 0 0 2 2 0 u u 2 0 0 u 0 2 u 0 0 0 0 2 2 0 0 2 0 0 0 u 0 
2 d u 0 0 0 2 2 0 0 2 d 0 u u u 2 u 0 0 u 0 2 u 0 0 2 0 0 u 0 0 
2 d u 0 0 0 2 d 0 u 2 2 0 0 u u 2 u 0 0 u 0 2 0 0 u 2 u 0 0 0 0 
2 u 0 0 u 0 2 2 2 0 2 2 0 u 0 u 2 0 0 0 0 0 2 u 0 0 2 0 0 0 u 0 
2 u 0 0 u 0 2 2 0 u 2 2 2 0 0 u 2 0 0 0 0 0 2 0 0 0 2 u 0 0 u 0 
2 2 0 u 0 0 2 2 0 u 2 0 0 0 u u 2 0 u 0 0 0 2 0 0 0 2 u u d 0 0 
2 2 0 u 0 0 2 0 0 0 2 2 0 u u u 2 0 u 0 0 0 2 u u d 2 0 0 0 0 0 
2 2 u u 0 d 2 u 0 u 2 2 0 0 u 0 2 0 0 0 0 0 2 0 0 0 2 u 0 u 0 0 
2 2 u u 0 d 2 2 0 0 2 u 0 u u 0 2 0 0 0 0 0 2 u 0 u 2 0 0 0 0 0 
2 u u u 0 2 2 0 0 0 2 2 0 u u u 2 0 0 0 0 d 2 u 0 0 2 0 0 0 0 0 
2 u u u 0 2 2 2 0 u 2 0 0 0 u u 2 0 0 0 0 d 2 0 0 0 2 u 0 0 0 0 
2 2 u u 0 0 2 u 0 u 2 d 0 0 0 u 2 0 0 0 0 0 2 0 d 0 2 u u 0 u 0 
2 2 u u 0 0 2 d 0 0 2 u 0 u 0 u 2 0 0 0 0 0 2 u u 0 2 0 d 0 u 0 
2 2 u u 0 d 2 u 0 0 2 2 0 u u 0 2 0 0 0 0 0 2 u 0 0 2 0 0 u 0 0 
2 2 u u 0 d 2 2 0 u 2 u 0 0 u 0 2 0 0 0 0 0 2 0 0 u 2 u 0 0 0 0 
2 2 u u 0 0 2 d 0 u 2 2 0 0 0 0 2 0 0 u 0 0 2 0 0 0 2 u u 0 u 0 
2 2 u u 0 0 2 2 0 0 2 d 0 u 0 0 2 0 0 u 0 0 2 u u 0 2 0 0 0 u 0 
2 2 0 u 0 0 2 2 0 0 2 2 u u u 0 u u 0 0 0 0 2 0 0 0 2 u 0 d 0 0 
2 2 0 u 0 0 2 2 u u 2 2 0 0 u 0 u u 0 0 0 0 2 u 0 d 2 0 0 0 0 0 
2 2 u u 0 0 2 2 0 0 u d 0 u u 0 2 u 0 0 0 0 2 d u 0 2 u 0 0 0 0 
2 2 u u 0 0 u d 0 u 2 2 0 0 u 0 2 u 0 0 0 0 2 u 0 0 2 d u 0 0 0 
u 2 0 u 0 0 2 2 0 0 2 2 0 u u 0 2 u d 0 0 u 2 0 0 0 2 u 0 0 0 0 
u 2 0 u 0 0 2 2 0 u 2 2 0 0 u 0 2 u d 0 0 u 2 u 0 0 2 0 0 0 0 0 
2 2 u u 0 0 2 u 0 0 2 2 0 u u d u 0 0 0 0 0 2 u 0 0 2 0 d 0 u 0 
2 2 u u 0 0 2 2 0 u 2 u 0 0 u d u 0 0 0 0 0 2 0 d 0 2 u 0 0 u 0 
2 2 u u 0 0 2 2 0 u 2 2 0 0 u 0 2 0 0 u 0 0 2 0 u 0 2 0 0 0 0 0 
2 2 u u 0 0 2 2 0 0 2 2 0 u u 0 2 0 0 u 0 0 2 0 0 0 2 0 u 0 0 0 
2 u u u 0 2 2 0 0 u 2 2 0 0 u u 2 0 0 0 0 d 2 0 0 0 2 u 0 0 0 0 
2 u u u 0 2 2 2 0 0 2 0 0 u u u 2 0 0 0 0 d 2 u 0 0 2 0 0 0 0 0 
d u u u 0 0 2 2 0 0 2 2 0 u u 0 2 0 0 0 d u 2 u 0 0 2 0 0 0 u 0 
d u u u 0 0 2 2 0 u 2 2 0 0 u 0 2 0 0 0 d u 2 0 0 0 2 u 0 0 u 0 
u u 2 0 0 d 2 2 0 0 2 2 0 u 0 0 2 u 0 0 0 0 2 u 0 0 2 0 0 0 u u 
u u 2 0 0 d 2 2 0 u 2 2 0 0 0 0 2 u 0 0 0 0 2 0 0 0 2 u 0 0 u u 
u 2 u u 0 0 2 2 0 d 2 2 0 u u 0 2 0 0 0 0 0 2 u 0 0 u 0 0 0 2 0 
u 2 u u 0 0 2 2 0 u 2 2 0 d u 0 2 0 0 0 0 0 u 0 0 0 2 u 0 0 2 0 
2 2 u u 0 0 2 2 0 0 2 2 0 u u 0 2 0 0 0 0 0 2 0 0 u u d 0 0 u 0 
2 2 u u 0 0 2 2 0 u 2 2 0 0 u 0 2 0 0 0 0 0 u d 0 0 2 0 0 u u 0 
2 2 u 0 0 0 2 2 0 0 2 2 0 u 0 0 2 u 0 d 0 0 u u 0 0 u 0 0 0 u 2 
2 2 u 0 0 0 2 2 0 u 2 2 0 0 0 0 2 u 0 d 0 0 u 0 0 0 u u 0 0 u 2 
2 2 0 0 u 0 2 d 0 0 2 2 0 u u 0 2 0 u u 0 0 2 0 u 0 2 u 0 0 0 0 
2 2 0 0 u 0 2 2 0 u 2 d 0 0 u 0 2 0 u u 0 0 2 u 0 0 2 0 u 0 0 0 
2 2 u u 0 0 2 u 0 0 2 d 0 u 0 u 2 0 0 0 0 0 2 u d 0 2 0 u 0 u 0 
2 2 u u 0 0 2 d 0 u 2 u 0 0 0 u 2 0 0 0 0 0 2 0 u 0 2 u d 0 u 0 
2 2 u u 0 0 2 2 0 0 0 2 0 u u 0 2 0 0 0 0 0 2 u 0 0 2 0 0 0 2 u 
2 2 u u 0 0 0 2 0 u 2 2 0 0 u 0 2 0 0 0 0 0 2 0 0 0 2 u 0 0 2 u 
2 2 0 0 u 0 2 2 0 0 2 d 0 u u 0 2 0 u u 0 0 2 0 0 0 2 u u 0 0 0 
2 2 0 0 u 0 2 d 0 u 2 2 0 0 u 0 2 0 u u 0 0 2 u u 0 2 0 0 0 0 0 
2 2 u u 0 0 2 d 0 0 2 2 0 u 0 0 2 0 0 u 0 0 2 u 0 0 2 0 u 0 u 0 
2 2 u u 0 0 2 2 0 u 2 d 0 0 0 0 2 0 0 u 0 0 2 0 u 0 2 u 0 0 u 0 
2 2 u 0 0 d 2 u 0 u 2 d 0 0 u 0 2 u 0 0 0 0 2 0 0 0 2 u 0 0 u u 
2 2 u 0 0 d 2 d 0 0 2 u 0 u u 0 2 u 0 0 0 0 2 u 0 0 2 0 0 0 u u 
u 2 u u 0 0 2 2 0 0 2 2 0 2 u 0 2 0 0 0 0 0 u u 0 0 2 0 0 0 2 0 
u 2 u u 0 0 2 2 0 2 2 2 0 0 u 0 2 0 0 0 0 0 2 0 0 0 u u 0 0 2 0 
2 2 u u 0 0 2 2 0 u d u 0 0 u 0 2 u 0 0 0 2 2 u 0 0 2 0 0 0 0 0 
2 2 u u 0 0 d u 0 0 2 2 0 u u 0 2 u 0 0 0 2 2 0 0 0 2 u 0 0 0 0 
u 2 u u 0 0 2 2 0 u 2 u 0 0 u 0 2 0 d 0 0 0 2 0 0 0 2 u d 0 u 0 
u 2 u u 0 0 2 u 0 0 2 2 0 u u 0 2 0 d 0 0 0 2 u d 0 2 0 0 0 u 0 
2 2 2 u 0 0 2 u 0 0 2 2 0 u u 0 2 u 0 0 0 d u 0 0 0 2 u 0 0 0 0 
2 2 2 u 0 0 2 2 0 u 2 u 0 0 u 0 2 u 0 0 0 d 2 u 0 0 u 0 0 0 0 0 
2 2 u u 0 0 2 2 0 u u 2 0 u u 0 2 0 0 0 0 d 2 u 0 0 2 0 0 0 0 0 
2 2 u u 0 0 u 2 0 u 2 2 0 u u 0 2 0 0 0 0 d 2 0 0 0 2 u 0 0 0 0 
2 2 u u 0 0 u 2 0 0 2 d 0 u u 0 2 u 0 0 0 0 2 0 u 0 2 2 0 0 0 0 
2 2 u u 0 0 2 d 0 u u 2 0 0 u 0 2 u 0 0 0 0 2 2 0 0 2 0 u 0 0 0 
u 2 u u 0 0 2 2 0 0 2 u 0 u u 0 2 0 d 0 0 0 2 u 0 0 2 0 d 0 u 0 
u 2 u u 0 0 2 u 0 u 2 2 0 0 u 0 2 0 d 0 0 0 2 0 d 0 2 u 0 0 u 0 
2 2 u u u 0 2 2 0 0 2 2 0 0 u 0 d u 0 0 0 0 2 u u 0 2 0 0 0 0 0 
2 2 u u u 0 2 2 0 0 2 2 0 0 u 0 d u 0 0 0 0 2 0 0 0 2 u u 0 0 0 
2 u 0 0 0 0 2 2 0 u 2 2 0 0 u u 2 0 u u 0 d 2 0 0 0 2 u 0 0 0 0 
2 u 0 0 0 0 2 2 0 0 2 2 0 u u u 2 0 u u 0 d 2 u 0 0 2 0 0 0 0 0 
2 2 u u 0 0 2 2 0 0 2 2 0 u u 0 u 0 u 0 0 0 2 d 0 0 2 0 0 0 u 0 
2 2 u u 0 0 2 2 0 u 2 2 0 0 u 0 u 0 u 0 0 0 2 0 0 0 2 d 0 0 u 0 
u 2 2 0 u 0 2 2 0 0 2 2 0 u 0 u 2 0 0 0 0 0 2 u 0 0 2 0 0 0 u 0 
u 2 2 0 u 0 2 2 0 u 2 2 0 0 0 u 2 0 0 0 0 0 2 0 0 0 2 u 0 0 u 0 
2 2 u u 0 0 2 2 0 0 d u 0 u u 0 2 u 0 0 0 2 2 0 0 0 2 u 0 0 0 0 
2 2 u u 0 0 d u 0 u 2 2 0 0 u 0 2 u 0 0 0 2 2 u 0 0 2 0 0 0 0 0 
2 2 0 u 0 0 u 2 0 0 2 2 0 u u 0 2 u 0 0 u 0 2 0 d 0 2 u 0 0 0 0 
2 2 0 u 0 0 2 2 0 u u 2 0 0 u 0 2 u 0 0 u 0 2 u 0 0 2 0 d 0 0 0 
2 2 0 u 0 0 u 2 0 u 2 2 0 0 u 0 2 u 0 0 u 0 2 u d 0 2 0 0 0 0 0 
2 2 0 u 0 0 2 2 0 0 u 2 0 u u 0 2 u 0 0 u 0 2 0 0 0 2 u d 0 0 0 
2 2 u 0 0 0 2 d u u 2 2 0 0 u u 2 0 0 u 0 0 2 0 0 0 2 u 0 0 0 0 
2 2 u 0 0 0 2 2 0 0 2 d u u u u 2 0 0 u 0 0 2 u 0 0 2 0 0 0 0 0 
2 2 u u 0 0 2 2 0 0 d u 0 u u 0 2 u 0 0 0 0 2 u d 0 2 u 0 0 0 0 
2 2 u u 0 0 d u 0 u 2 2 0 0 u 0 2 u 0 0 0 0 2 u 0 0 2 u d 0 0 0 
2 2 u 0 0 u 2 2 0 0 2 2 0 u u 0 2 0 0 0 0 0 d u u 0 2 0 0 0 u 0 
2 2 u 0 0 u 2 2 0 u 2 2 0 0 u 0 2 0 0 0 0 0 2 0 0 0 d u u 0 u 0 
2 2 u u d 0 u 2 0 0 2 2 0 u u 0 2 0 0 0 0 u 2 0 0 0 2 0 0 0 u 0 
2 2 u u d 0 2 2 0 u u 2 0 0 u 0 2 0 0 0 0 u 2 0 0 0 2 0 0 0 u 0 
2 2 u u 0 0 2 2 0 0 2 d 0 u 0 0 2 0 u 0 0 0 2 u 0 u 2 0 0 0 u 0 
2 2 u u 0 0 2 d 0 u 2 2 0 0 0 0 2 0 u 0 0 0 2 0 0 0 2 u 0 u u 0 
2 2 u 0 0 u 2 2 0 u 2 2 0 0 u 0 2 0 0 0 0 0 d 0 u 0 2 u 0 0 u 0 
2 2 u 0 0 u 2 2 0 0 2 2 0 u u 0 2 0 0 0 0 0 2 u 0 0 d 0 u 0 u 0 
2 d u 0 0 d 2 u 0 u 2 2 0 0 u 0 u u 0 0 u 0 2 0 d 0 2 u 0 0 u 0 
2 d u 0 0 d 2 2 0 0 2 u 0 u u 0 u u 0 0 u 0 2 u 0 0 2 0 d 0 u 0 
2 2 u u 0 0 2 2 0 0 2 u d u u 0 d 0 u 0 0 0 2 u 0 0 2 0 0 0 0 u 
2 2 u u 0 0 2 u d u 2 2 0 0 u 0 d 0 u 0 0 0 2 0 0 0 2 u 0 0 0 u 
2 d u 0 0 d 2 u 0 0 2 2 0 u u 0 u u 0 0 u 0 2 u d 0 2 0 0 0 u 0 
2 d u 0 0 d 2 2 0 u 2 u 0 0 u 0 u u 0 0 u 0 2 0 0 0 2 u d 0 u 0 
2 2 u 0 0 u 2 u 0 u 2 u 0 0 u 0 d u 0 0 0 0 2 0 d 0 2 u d 0 u 0 
2 2 u 0 0 u 2 u 0 0 2 u 0 u u 0 d u 0 0 0 0 2 u d 0 2 0 d 0 u 0 
2 2 u u 0 0 2 2 0 u 2 u d 0 u 0 d 0 u 0 0 0 2 0 0 0 2 u 0 0 0 u 
2 2 u u 0 0 2 u d 0 2 2 0 u u 0 d 0 u 0 0 0 2 u 0 0 2 0 0 0 0 u 
2 2 0 u 0 0 2 d 0 u 2 2 0 0 u 0 2 0 0 0 u 0 2 0 u 0 2 u 0 0 u 0 
2 2 0 u 0 0 2 2 0 0 2 d 0 u u 0 2 0 0 0 u 0 2 u 0 0 2 0 u 0 u 0 
d 2 u u 0 0 2 2 0 0 2 2 0 0 u 0 2 u 0 0 0 0 2 0 u 0 2 u 0 0 0 u 
d 2 u u 0 0 2 2 0 0 2 2 0 0 u 0 2 u 0 0 0 0 2 u 0 0 2 0 u 0 0 u 
2 2 u u 0 0 2 d d u 2 2 0 0 u 0 2 u 0 0 0 0 u u u 0 2 0 0 0 0 0 
2 2 u u 0 0 2 2 0 0 2 d d u u 0 2 u 0 0 0 0 2 0 0 0 u u u 0 0 0 
2 2 u u 0 0 2 2 0 u 2 d 0 0 0 0 2 0 u 0 0 0 2 0 0 u 2 u 0 0 u 0 
2 2 u u 0 0 2 d 0 0 2 2 0 u 0 0 2 0 u 0 0 0 2 u 0 0 2 0 0 u u 0 
2 2 u u 0 0 2 2 u u 2 2 0 0 0 0 2 d 0 0 0 0 2 0 0 0 u u 0 0 u 0 
2 2 u u 0 0 2 2 0 0 2 2 u u 0 0 2 d 0 0 0 0 u u 0 0 2 0 0 0 u 0 
2 2 0 u 0 0 2 2 0 0 u 2 0 u u 0 2 2 0 0 0 0 2 0 0 0 2 u 0 u 0 0 
2 2 0 u 0 0 u 2 0 u 2 2 0 0 u 0 2 2 0 0 0 0 2 u 0 u 2 0 0 0 0 0 
2 2 u u 0 0 2 2 0 0 2 2 0 u u 0 2 0 0 0 0 0 2 0 u 0 u u 0 0 0 d 
2 2 u u 0 0 2 2 0 u 2 2 0 0 u 0 2 0 0 0 0 0 u u 0 0 2 0 u 0 0 d 
2 2 2 u 0 0 2 2 0 0 2 u 0 u u 0 2 u 0 0 0 d 2 0 0 0 u u 0 0 0 0 
2 2 2 u 0 0 2 u 0 u 2 2 0 0 u 0 2 u 0 0 0 d u u 0 0 2 0 0 0 0 0 
2 2 u u 0 0 2 d d 0 2 2 0 u u 0 2 u 0 0 0 0 u 0 u 0 2 u 0 0 0 0 
2 2 u u 0 0 2 2 0 u 2 d d 0 u 0 2 u 0 0 0 0 2 u 0 0 u 0 u 0 0 0 
2 u u 0 0 d 2 2 0 u 2 2 0 0 0 0 u u 0 0 d 0 2 0 0 0 2 u 0 0 u u 
2 u u 0 0 d 2 2 0 0 2 2 0 u 0 0 u u 0 0 d 0 2 u 0 0 2 0 0 0 u u 
2 2 u 0 0 0 2 d u 0 2 2 0 u u u 2 0 0 u 0 0 2 u 0 0 2 0 0 0 0 0 
2 2 u 0 0 0 2 2 0 u 2 d u 0 u u 2 0 0 u 0 0 2 0 0 0 2 u 0 0 0 0 
2 2 u 0 0 0 2 2 0 u 2 2 0 u u 0 d u 0 0 0 0 2 u 0 0 2 0 u 0 0 0 
2 2 u 0 0 0 2 2 0 u 2 2 0 u u 0 d u 0 0 0 0 2 0 u 0 2 u 0 0 0 0 
2 2 2 u 0 0 2 u 0 0 2 2 0 u u 0 2 u 0 0 0 u d 0 0 0 2 u 0 0 0 0 
2 2 2 u 0 0 2 2 0 u 2 u 0 0 u 0 2 u 0 0 0 u 2 u 0 0 d 0 0 0 0 0 
2 2 0 u 0 0 2 d 0 0 2 2 0 u u 0 2 0 0 0 u 0 2 u u 0 2 0 0 0 u 0 
2 2 0 u 0 0 2 2 0 u 2 d 0 0 u 0 2 0 0 0 u 0 2 0 0 0 2 u u 0 u 0 
2 2 u u d 0 2 2 0 u 2 u 0 0 u 0 u 0 0 0 0 0 2 0 0 0 2 u d 0 u 0 
2 2 u u d 0 2 u 0 0 2 2 0 u u 0 u 0 0 0 0 0 2 u d 0 2 0 0 0 u 0 
2 2 u 0 u 0 2 u 0 0 2 u 0 u u 0 2 0 0 0 0 0 2 u d 0 2 0 d 0 u 0 
2 2 u 0 u 0 2 u 0 u 2 u 0 0 u 0 2 0 0 0 0 0 2 0 d 0 2 u d 0 u 0 
2 2 u u 0 0 2 2 d 0 2 d 0 u u 0 u u 0 0 0 0 2 0 0 0 2 u 0 0 0 u 
2 2 u u 0 0 2 d 0 u 2 2 d 0 u 0 u u 0 0 0 0 2 u 0 0 2 0 0 0 0 u 
2 2 u u 0 0 2 2 0 d u 2 u 0 u 0 2 u 0 0 0 0 2 u 0 0 2 0 0 0 0 0 
2 2 u u 0 0 u 2 u 0 2 2 0 d u 0 2 u 0 0 0 0 2 0 0 0 2 u 0 0 0 0 
2 2 u u 0 0 2 2 0 0 u 2 u d u 0 2 u 0 0 0 0 2 0 0 0 2 u 0 0 0 0 
2 2 u u 0 0 u 2 u d 2 2 0 0 u 0 2 u 0 0 0 0 2 u 0 0 2 0 0 0 0 0 
2 2 0 u 0 0 2 2 u 0 2 2 0 u u 0 2 u 0 0 0 0 2 0 0 0 2 0 0 0 u 0 
2 2 0 u 0 0 2 2 0 u 2 2 u 0 u 0 2 u 0 0 0 0 2 0 0 0 2 0 0 0 u 0 
2 2 2 u 0 0 2 u 0 u 2 2 0 0 u 0 2 u 0 0 0 u d u 0 0 2 0 0 0 0 0 
2 2 2 u 0 0 2 2 0 0 2 u 0 u u 0 2 u 0 0 0 u 2 0 0 0 d u 0 0 0 0 
2 2 u u 0 0 2 2 0 0 2 2 0 u u 0 u d u 0 0 0 2 0 0 0 2 u 0 0 0 0 
2 2 u u 0 0 2 2 0 u 2 2 0 0 u 0 u d u 0 0 0 2 u 0 0 2 0 0 0 0 0 
2 2 0 0 u 0 2 d 0 0 2 2 0 u u 0 2 u u 0 0 0 2 0 u 0 2 u 0 0 0 0 
2 2 0 0 u 0 2 2 0 u 2 d 0 0 u 0 2 u u 0 0 0 2 u 0 0 2 0 u 0 0 0 
u 2 u u 0 0 2 2 0 d 2 2 0 u u 0 2 d 0 0 0 0 u u 0 0 2 0 0 0 u 0 
u 2 u u 0 0 2 2 0 u 2 2 0 d u 0 2 d 0 0 0 0 2 0 0 0 u u 0 0 u 0 
2 2 u u 0 0 d 2 0 0 2 2 0 u 0 0 2 0 0 0 0 u 2 u 0 0 2 0 0 u u 0 
2 2 u u 0 0 2 2 0 u d 2 0 0 0 0 2 0 0 0 0 u 2 0 0 u 2 u 0 0 u 0 
2 2 u 0 0 0 2 u 0 u 2 0 0 0 u 0 2 u 0 0 0 0 2 0 d 0 2 u 0 2 u 0 
2 2 u 0 0 0 2 0 0 0 2 u 0 u u 0 2 u 0 0 0 0 2 u 0 2 2 0 d 0 u 0 
2 2 u u 0 0 2 u 0 0 2 2 0 0 u 0 2 0 0 0 0 0 2 u 0 u 2 0 d 0 u 0 
2 2 u u 0 0 2 2 0 0 2 u 0 0 u 0 2 0 0 0 0 0 2 0 d 0 2 u 0 u u 0 
2 2 u 0 0 0 2 u 0 0 2 0 0 u u 0 2 u 0 0 0 0 2 u d 0 2 0 0 2 u 0 
2 2 u 0 0 0 2 0 0 u 2 u 0 0 u 0 2 u 0 0 0 0 2 0 0 2 2 u d 0 u 0 
2 0 0 0 0 2 2 2 0 0 2 2 0 u u 0 2 u u 0 0 0 2 u 0 0 2 0 0 0 u 0 
2 0 0 0 0 2 2 2 0 u 2 2 0 0 u 0 2 u u 0 0 0 2 0 0 0 2 u 0 0 u 0 
2 u u u d 0 d 2 0 u 2 2 0 u u 0 2 u 0 0 0 0 2 0 0 0 2 u 0 0 0 0 
2 u u u d 0 2 2 0 u d 2 0 u u 0 2 u 0 0 0 0 2 u 0 0 2 0 0 0 0 0 
2 2 u u 0 0 2 u 0 0 2 2 0 u 2 0 2 0 u 0 0 0 2 u 0 0 d 0 0 0 u 0 
2 2 u u 0 0 2 2 0 u 2 u 0 0 2 0 2 0 u 0 0 0 d 0 0 0 2 u 0 0 u 0 
u 2 u 0 0 0 2 2 0 0 2 2 0 u u 0 2 0 d u 0 0 2 u 0 0 2 0 0 0 u 0 
u 2 u 0 0 0 2 2 0 u 2 2 0 0 u 0 2 0 d u 0 0 2 0 0 0 2 u 0 0 u 0 
2 2 u u 0 0 2 u 0 u 2 2 0 0 2 0 2 0 u 0 0 0 2 0 0 0 d u 0 0 u 0 
2 2 u u 0 0 2 2 0 0 2 u 0 u 2 0 2 0 u 0 0 0 d u 0 0 2 0 0 0 u 0 
2 2 2 u 0 0 2 u 0 0 2 2 0 u u 0 2 u 0 u 0 0 d 0 0 0 2 u 0 0 0 0 
2 2 2 u 0 0 2 2 0 u 2 u 0 0 u 0 2 u 0 u 0 0 2 u 0 0 d 0 0 0 0 0 
2 2 0 0 u 0 2 d 0 u 2 2 0 0 u 0 2 u u 0 0 0 2 u u 0 2 0 0 0 0 0 
2 2 0 0 u 0 2 2 0 0 2 d 0 u u 0 2 u u 0 0 0 2 0 0 0 2 u u 0 0 0 
2 2 u u 0 0 2 2 0 0 2 2 0 0 2 0 2 u 0 0 0 0 2 0 0 0 u u 0 0 0 u 
2 2 u u 0 0 2 2 0 0 2 2 0 0 2 0 2 u 0 0 0 0 u u 0 0 2 0 0 0 0 u 
2 2 u u 0 0 2 2 0 0 u 2 0 u 2 0 2 u 0 0 0 0 2 0 0 0 d u 0 0 0 u 
2 2 u u 0 0 u 2 0 u 2 2 0 0 2 0 2 u 0 0 0 0 d u 0 0 2 0 0 0 0 u 
u 2 u u 0 0 2 2 0 0 2 2 0 2 u 0 2 d 0 0 0 0 2 u 0 0 u 0 0 0 u 0 
u 2 u u 0 0 2 2 0 2 2 2 0 0 u 0 2 d 0 0 0 0 u 0 0 0 2 u 0 0 u 0 
2 2 2 u 0 u 2 2 0 0 u d 0 u u 0 2 u 0 0 0 0 2 0 0 0 2 u 0 0 0 0 
2 2 2 u 0 u u d 0 u 2 2 0 0 u 0 2 u 0 0 0 0 2 u 0 0 2 0 0 0 0 0 
2 u u u 0 0 2 2 0 0 2 2 0 u u d u 0 0 0 0 0 2 u 0 0 2 0 0 0 2 0 
2 u u u 0 0 2 2 0 u 2 2 0 0 u d u 0 0 0 0 0 2 0 0 0 2 u 0 0 2 0 
2 2 u u 0 d 2 u 0 0 2 2 0 u u 0 2 u 0 0 0 d u 0 0 0 2 u 0 0 0 0 
2 2 u u 0 d 2 2 0 u 2 u 0 0 u 0 2 u 0 0 0 d 2 u 0 0 u 0 0 0 0 0 
2 0 u u 0 d 2 2 0 0 2 2 0 u u u u 0 0 0 2 0 2 u 0 0 2 0 0 0 0 0 
2 0 u u 0 d 2 2 0 u 2 2 0 0 u u u 0 0 0 2 0 2 0 0 0 2 u 0 0 0 0 
2 2 u u d 0 2 2 0 0 2 u 0 u u 0 u 0 0 0 0 0 2 u 0 0 2 0 d 0 u 0 
2 2 u u d 0 2 u 0 u 2 2 0 0 u 0 u 0 0 0 0 0 2 0 d 0 2 u 0 0 u 0 
2 2 u u 0 0 u 2 0 0 2 2 0 0 u 0 2 u 0 0 0 d 2 0 0 0 2 u 0 0 0 u 
2 2 u u 0 0 2 2 0 0 u 2 0 0 u 0 2 u 0 0 0 d 2 u 0 0 2 0 0 0 0 u 
2 2 u u 0 0 2 2 u u 2 2 0 0 0 0 u u 0 0 0 0 2 u 0 0 2 0 d 0 0 0 
2 2 u u 0 0 2 2 0 0 2 2 u u 0 0 u u 0 0 0 0 2 0 d 0 2 u 0 0 0 0 
d 2 u u 0 0 2 2 0 u 2 d 0 0 u 0 2 u 0 0 0 u 2 u 0 0 2 0 0 u 0 0 
d 2 u u 0 0 2 d 0 0 2 2 0 u u 0 2 u 0 0 0 u 2 0 0 u 2 u 0 0 0 0 
2 2 u u 0 0 2 2 0 u 2 2 0 0 u 0 2 0 0 0 0 0 2 u u 0 u 0 0 0 0 d 
2 2 u u 0 0 2 2 0 0 2 2 0 u u 0 2 0 0 0 0 0 u 0 0 0 2 u u 0 0 d 
2 2 u u 0 0 d 2 u u 2 2 0 0 u 0 2 0 0 0 0 0 2 0 0 0 u u d 0 u 0 
2 2 u u 0 0 2 2 0 0 d 2 u u u 0 2 0 0 0 0 0 u u d 0 2 0 0 0 u 0 
2 u 0 0 0 0 2 2 0 0 2 2 0 u u u 2 u 0 0 u d 2 u 0 0 2 0 0 0 0 0 
2 u 0 0 0 0 2 2 0 u 2 2 0 0 u u 2 u 0 0 u d 2 0 0 0 2 u 0 0 0 0 
2 2 2 u 0 u u d 0 0 2 2 0 u u 0 2 u 0 0 0 0 2 0 0 0 2 u 0 0 0 0 
2 2 2 u 0 u 2 2 0 u u d 0 0 u 0 2 u 0 0 0 0 2 u 0 0 2 0 0 0 0 0 
2 2 u u 0 0 d 2 u 0 2 2 0 u u 0 2 0 0 0 0 0 2 u 0 0 u 0 d 0 u 0 
2 2 u u 0 0 2 2 0 u d 2 u 0 u 0 2 0 0 0 0 0 u 0 d 0 2 u 0 0 u 0 
2 2 0 u 0 0 u 2 0 0 2 2 0 u u 0 2 u 0 0 0 0 2 0 0 0 2 u 0 u d 0 
2 2 0 u 0 0 2 2 0 u u 2 0 0 u 0 2 u 0 0 0 0 2 u 0 u 2 0 0 0 d 0 
2 2 u 0 0 0 2 2 0 u 2 2 0 0 0 0 0 u 0 0 0 0 2 0 2 0 2 u 0 0 u u 
2 2 u 0 0 0 2 2 0 0 2 2 0 u 0 0 0 u 0 0 0 0 2 u 0 0 2 0 2 0 u u 
d 2 u u 0 0 2 2 0 0 2 d 0 u u 0 2 u 0 0 0 u 2 0 0 0 2 u 0 u 0 0 
d 2 u u 0 0 2 d 0 u 2 2 0 0 u 0 2 u 0 0 0 u 2 u 0 u 2 0 0 0 0 0 
2 2 u u u 0 2 d 0 0 2 2 0 u u 0 2 0 0 u 0 0 2 0 0 0 2 0 0 0 u 0 
2 2 u u u 0 2 2 0 u 2 d 0 0 u 0 2 0 0 u 0 0 2 0 0 0 2 0 0 0 u 0 
2 2 2 0 0 0 2 u 0 0 2 2 0 u 0 0 u u 0 0 0 0 2 u d 0 2 0 0 0 u u 
2 2 2 0 0 0 2 2 0 u 2 u 0 0 0 0 u u 0 0 0 0 2 0 0 0 2 u d 0 u u 
2 2 u u 0 0 2 d 0 0 2 2 d u u 0 u u 0 0 0 0 2 0 0 0 2 u 0 0 0 u 
2 2 u u 0 0 2 2 d u 2 d 0 0 u 0 u u 0 0 0 0 2 u 0 0 2 0 0 0 0 u 
2 2 u u 0 0 2 2 0 u u d 0 0 u 0 2 u 0 0 0 0 2 2 u 0 2 0 0 0 0 0 
2 2 u u 0 0 u d 0 0 2 2 0 u u 0 2 u 0 0 0 0 2 0 0 0 2 2 u 0 0 0 
d 2 u u 0 0 2 u 0 0 2 2 0 u u 0 2 0 0 0 0 0 2 u 0 0 2 0 u 0 u d 
d 2 u u 0 0 2 2 0 u 2 u 0 0 u 0 2 0 0 0 0 0 2 0 u 0 2 u 0 0 u d 
2 2 u u 0 0 2 d 0 0 u 2 0 u u 0 2 u 0 0 0 0 2 u 0 0 2 0 0 0 2 0 
2 2 u u 0 0 u 2 0 u 2 d 0 0 u 0 2 u 0 0 0 0 2 0 0 0 2 u 0 0 2 0 
2 u u u 0 0 2 2 0 0 2 2 d u u 0 d 0 0 0 0 0 2 u 0 0 2 0 0 u u 0 
2 u u u 0 0 2 2 d u 2 2 0 0 u 0 d 0 0 0 0 0 2 0 0 u 2 u 0 0 u 0 
2 2 u u 0 0 2 2 0 0 d 2 0 u 2 0 2 0 u 0 0 0 u u 0 0 2 0 0 0 u 0 
2 2 u u 0 0 d 2 0 u 2 2 0 0 2 0 2 0 u 0 0 0 2 0 0 0 u u 0 0 u 0 
2 2 u u 0 0 d 2 0 0 2 2 0 u 2 0 2 0 u 0 0 0 2 u 0 0 u 0 0 0 u 0 
2 2 u u 0 0 2 2 0 u d 2 0 0 2 0 2 0 u 0 0 0 u 0 0 0 2 u 0 0 u 0 
2 2 u u u 0 2 2 0 u 2 d 0 0 u 0 2 0 0 0 0 0 2 u 0 0 2 u 0 0 0 0 
2 2 u u u 0 2 d 0 0 2 2 0 u u 0 2 0 0 0 0 0 2 u 0 0 2 u 0 0 0 0 
2 2 u u 0 d 2 2 0 0 2 u 0 u u 0 2 u 0 0 0 d 2 0 0 0 u u 0 0 0 0 
2 2 u u 0 d 2 u 0 u 2 2 0 0 u 0 2 u 0 0 0 d u u 0 0 2 0 0 0 0 0 
2 2 u u 0 0 2 2 2 0 2 0 0 u u 0 2 u 0 0 0 0 2 0 0 0 2 u 0 0 0 0 
2 2 u u 0 0 2 0 0 u 2 2 2 0 u 0 2 u 0 0 0 0 2 u 0 0 2 0 0 0 0 0 
2 2 2 0 0 0 2 u 0 u 2 2 0 0 0 0 u u 0 0 0 0 2 0 d 0 2 u 0 0 u u 
2 2 2 0 0 0 2 2 0 0 2 u 0 u 0 0 u u 0 0 0 0 2 u 0 0 2 0 d 0 u u 
2 2 u u 0 0 2 0 0 0 2 2 2 u u 0 2 u 0 0 0 0 2 0 0 0 2 u 0 0 0 0 
2 2 u u 0 0 2 2 2 u 2 0 0 0 u 0 2 u 0 0 0 0 2 u 0 0 2 0 0 0 0 0 
2 2 u u 0 0 2 d 0 u u 2 0 0 u 0 2 u 0 0 0 0 2 0 0 0 2 u 0 0 2 0 
2 2 u u 0 0 u 2 0 0 2 d 0 u u 0 2 u 0 0 0 0 2 u 0 0 2 0 0 0 2 0 
d 2 u u 0 0 2 u 0 u 2 2 0 0 u 0 2 0 0 0 0 0 2 0 0 0 2 u u 0 u d 
d 2 u u 0 0 2 2 0 0 2 u 0 u u 0 2 0 0 0 0 0 2 u u 0 2 0 0 0 u d 
2 2 2 u 0 0 u 2 0 u 2 u 0 0 2 0 2 u 0 0 0 0 2 u 0 0 2 0 0 0 0 0 
2 2 2 u 0 0 2 u 0 0 u 2 0 u 2 0 2 u 0 0 0 0 2 0 0 0 2 u 0 0 0 0 
u 2 u u 0 d 2 2 0 0 2 2 0 u u 0 u u 0 0 d 0 2 0 0 0 2 u 0 0 0 0 
u 2 u u 0 d 2 2 0 u 2 2 0 0 u 0 u u 0 0 d 0 2 u 0 0 2 0 0 0 0 0 
2 2 u u 0 0 d 2 0 u 2 2 0 0 0 0 2 0 0 0 0 u 2 0 0 0 2 u 0 u u 0 
2 2 u u 0 0 2 2 0 0 d 2 0 u 0 0 2 0 0 0 0 u 2 u 0 u 2 0 0 0 u 0 
2 u u u 0 0 2 2 0 u 2 2 d 0 u 0 d 0 0 0 0 0 2 0 0 0 2 u 0 u u 0 
2 u u u 0 0 2 2 d 0 2 2 0 u u 0 d 0 0 0 0 0 2 u 0 u 2 0 0 0 u 0 
u 2 u u 0 0 2 2 0 0 2 2 0 u 2 0 2 0 u 0 0 0 2 u 0 0 2 0 0 0 0 0 
u 2 u u 0 0 2 2 0 u 2 2 0 0 2 0 2 0 u 0 0 0 2 0 0 0 2 u 0 0 0 0 
2 2 u 0 0 0 2 2 0 0 2 2 0 u 0 0 0 u 0 0 0 0 2 u 2 0 2 0 0 0 u u 
2 2 u 0 0 0 2 2 0 u 2 2 0 0 0 0 0 u 0 0 0 0 2 0 0 0 2 u 2 0 u u 
2 u u u 0 0 2 u d 0 2 u d u u u 2 0 0 0 d 0 2 u 0 0 2 0 0 0 0 0 
2 u u u 0 0 2 u d u 2 u d 0 u u 2 0 0 0 d 0 2 0 0 0 2 u 0 0 0 0 
2 2 u u 0 0 2 2 u 0 2 2 0 u 0 0 u u 0 0 0 0 2 0 0 0 2 u d 0 0 0 
2 2 u u 0 0 2 2 0 u 2 2 u 0 0 0 u u 0 0 0 0 2 u d 0 2 0 0 0 0 0 
2 2 u u 0 0 2 2 0 2 2 2 u 0 u 0 2 u 0 0 0 0 2 0 0 0 u 0 0 0 0 0 
2 2 u u 0 0 2 2 u 0 2 2 0 2 u 0 2 u 0 0 0 0 u 0 0 0 2 0 0 0 0 0 
2 2 u u 0 0 2 2 0 u 2 2 0 0 u 0 2 0 0 0 0 0 2 d 0 u u 0 0 0 u 0 
2 2 u u 0 0 2 2 0 0 2 2 0 u u 0 2 0 0 0 0 0 u 0 0 0 2 d 0 u u 0 
2 u u u d 0 2 2 0 0 2 2 0 u u 0 2 u 0 0 0 0 d u 0 0 2 u 0 0 0 0 
2 u u u d 0 2 2 0 u 2 2 0 0 u 0 2 u 0 0 0 0 2 u 0 0 d u 0 0 0 0 
2 2 0 u u d 2 2 0 0 2 2 0 u 0 0 u 0 u 0 0 0 2 0 0 0 2 u 0 0 u 0 
2 2 0 u u d 2 2 0 u 2 2 0 0 0 0 u 0 u 0 0 0 2 u 0 0 2 0 0 0 u 0 
2 2 u u 0 0 2 2 0 0 2 2 u 2 u 0 2 u 0 0 0 0 2 0 0 0 u 0 0 0 0 0 
2 2 u u 0 0 2 2 u 2 2 2 0 0 u 0 2 u 0 0 0 0 u 0 0 0 2 0 0 0 0 0 
2 2 2 u 0 0 u 2 0 0 2 2 0 u u 0 2 u u 0 0 0 d 0 0 0 2 u 0 0 0 0 
2 2 2 u 0 0 2 2 0 u u 2 0 0 u 0 2 u u 0 0 0 2 u 0 0 d 0 0 0 0 0 
2 2 u u 0 0 2 u 0 0 2 2 0 u 0 0 2 0 0 0 0 0 2 u 0 u 2 0 0 0 u d 
2 2 u u 0 0 2 2 0 u 2 u 0 0 0 0 2 0 0 0 0 0 2 0 0 0 2 u 0 u u d 
2 2 2 u 0 0 2 2 0 0 u 2 0 u u 0 2 u u 0 0 0 2 0 0 0 d u 0 0 0 0 
2 2 2 u 0 0 u 2 0 u 2 2 0 0 u 0 2 u u 0 0 0 d u 0 0 2 0 0 0 0 0 
2 2 u u 0 0 u 2 0 0 2 2 0 u 2 0 2 u 0 0 0 0 d 0 0 0 2 u 0 0 0 u 
2 2 u u 0 0 2 2 0 u u 2 0 0 2 0 2 u 0 0 0 0 2 u 0 0 d 0 0 0 0 u 
2 2 2 u 0 0 2 d 0 u 2 2 0 0 u 0 2 0 0 0 0 0 2 0 0 0 u u 0 0 u u 
2 2 2 u 0 0 2 2 0 0 2 d 0 u u 0 2 0 0 0 0 0 u u 0 0 2 0 0 0 u u 
2 2 u u 0 0 2 2 0 0 u 2 0 u u d 2 0 0 0 0 u 2 0 0 0 2 0 0 0 u 0 
2 2 u u 0 0 u 2 0 u 2 2 0 0 u d 2 0 0 0 0 u 2 0 0 0 2 0 0 0 u 0 
2 2 u u 0 0 d 2 0 0 2 u 0 u u 0 2 0 0 0 0 u 2 u 0 0 2 0 0 0 u d 
2 2 u u 0 0 2 u 0 u d 2 0 0 u 0 2 0 0 0 0 u 2 0 0 0 2 u 0 0 u d 
2 2 u 0 0 d 2 u 0 0 2 d 0 u u 0 2 u 0 0 0 0 2 u 0 0 2 0 0 0 u u 
2 2 u 0 0 d 2 d 0 u 2 u 0 0 u 0 2 u 0 0 0 0 2 0 0 0 2 u 0 0 u u 
2 2 u 0 0 0 2 2 0 0 2 2 0 0 u 0 2 u 0 0 0 0 2 u 0 0 2 0 u 0 u 0 
2 2 u 0 0 0 2 2 0 0 2 2 0 0 u 0 2 u 0 0 0 0 2 0 u 0 2 u 0 0 u 0 
2 2 u u d 0 2 2 0 0 2 2 0 u 0 0 2 0 0 0 0 0 2 u u 0 u 0 0 0 u 0 
2 2 u u d 0 2 2 0 u 2 2 0 0 0 0 2 0 0 0 0 0 u 0 0 0 2 u u 0 u 0 
2 2 u u 0 0 2 d 0 0 2 u 0 u u 0 2 2 0 0 0 0 2 0 0 0 2 u 0 0 u 0 
2 2 u u 0 0 2 u 0 u 2 d 0 0 u 0 2 2 0 0 0 0 2 u 0 0 2 0 0 0 u 0 
2 2 u u 0 0 d 2 0 u 2 u 0 0 u 0 2 0 0 0 0 u 2 0 0 0 2 u 0 0 u d 
2 2 u u 0 0 2 u 0 0 d 2 0 u u 0 2 0 0 0 0 u 2 u 0 0 2 0 0 0 u d 
2 2 u u 0 0 2 u 0 0 2 2 0 u 0 0 2 0 0 u 0 0 2 0 d 0 2 u 0 0 u 0 
2 2 u u 0 0 2 2 0 u 2 u 0 0 0 0 2 0 0 u 0 0 2 u 0 0 2 0 d 0 u 0 
2 2 u 0 0 0 2 2 u u 2 2 0 0 u 0 2 0 0 0 0 0 2 0 0 0 u u 0 0 2 0 
2 2 u 0 0 0 2 2 0 0 2 2 u u u 0 2 0 0 0 0 0 u u 0 0 2 0 0 0 2 0 
2 2 2 0 0 0 2 u 0 u 2 2 0 0 u u u u 0 0 0 0 2 0 d 0 2 u 0 0 0 0 
2 2 2 0 0 0 2 2 0 0 2 u 0 u u u u u 0 0 0 0 2 u 0 0 2 0 d 0 0 0 
2 2 u u 0 0 2 u 0 0 2 2 0 0 u 0 2 0 0 0 0 0 2 0 0 0 2 u d u u 0 
2 2 u u 0 0 2 2 0 0 2 u 0 0 u 0 2 0 0 0 0 0 2 u d u 2 0 0 0 u 0 
d 2 u u 0 u 2 2 0 u 2 u d 0 u 0 2 u 0 0 0 0 2 u 0 0 2 0 0 0 0 0 
d 2 u u 0 u 2 u d 0 2 2 0 u u 0 2 u 0 0 0 0 2 0 0 0 2 u 0 0 0 0 
d 2 u u 0 u 2 2 0 0 2 u d u u 0 2 u 0 0 0 0 2 0 0 0 2 u 0 0 0 0 
d 2 u u 0 u 2 u d u 2 2 0 0 u 0 2 u 0 0 0 0 2 u 0 0 2 0 0 0 0 0 
2 2 u u 0 0 2 d 0 u 2 u 0 0 u 0 2 2 0 0 0 0 2 u 0 0 2 0 0 0 u 0 
2 2 u u 0 0 2 u 0 0 2 d 0 u u 0 2 2 0 0 0 0 2 0 0 0 2 u 0 0 u 0 
2 2 2 u 0 0 2 d 0 0 2 2 0 u u 0 2 0 0 0 0 0 2 u 0 0 u 0 0 0 u u 
2 2 2 u 0 0 2 2 0 u 2 d 0 0 u 0 2 0 0 0 0 0 u 0 0 0 2 u 0 0 u u 
2 0 u u 0 0 2 2 0 0 2 2 0 u u 0 d 0 u 0 2 0 2 u 0 0 2 0 0 0 u 0 
2 0 u u 0 0 2 2 0 u 2 2 0 0 u 0 d 0 u 0 2 0 2 0 0 0 2 u 0 0 u 0 
2 u u 0 0 0 2 d 0 0 2 2 0 u 0 0 2 u 0 u 0 d 2 0 u 0 2 u 0 0 u 0 
2 u u 0 0 0 2 2 0 u 2 d 0 0 0 0 2 u 0 u 0 d 2 u 0 0 2 0 u 0 u 0 
2 2 u u 0 0 2 u 0 u d 2 0 0 u 0 2 u 0 0 0 0 2 u d 0 2 u 0 0 0 0 
2 2 u u 0 0 d 2 0 0 2 u 0 u u 0 2 u 0 0 0 0 2 u 0 0 2 u d 0 0 0 
2 2 u u 0 0 2 2 0 0 2 2 0 u u 0 d u 0 0 u 0 2 0 0 0 d u 0 u 0 0 
2 2 u u 0 0 2 2 0 u 2 2 0 0 u 0 d u 0 0 u 0 d u 0 u 2 0 0 0 0 0 
2 u u 0 0 0 2 d 0 u 2 2 0 0 0 0 2 u 0 u 0 d 2 u u 0 2 0 0 0 u 0 
2 u u 0 0 0 2 2 0 0 2 d 0 u 0 0 2 u 0 u 0 d 2 0 0 0 2 u u 0 u 0 
2 2 u u 0 0 2 2 0 u 2 2 0 0 u 0 d u 0 0 u 0 2 u 0 0 d 0 0 u 0 0 
2 2 u u 0 0 2 2 0 0 2 2 0 u u 0 d u 0 0 u 0 d 0 0 u 2 u 0 0 0 0 
2 2 u u 0 0 2 2 0 u 2 2 0 u 0 0 2 0 u 0 0 0 d 0 0 0 2 u 0 0 u 0 
2 2 u u 0 0 2 2 0 u 2 2 0 u 0 0 2 0 u 0 0 0 2 u 0 0 d 0 0 0 u 0 
2 2 u u u 0 2 2 0 0 2 2 0 0 u 0 2 0 0 0 0 0 2 0 0 0 2 u 0 u 0 0 
2 2 u u u 0 2 2 0 0 2 2 0 0 u 0 2 0 0 0 0 0 2 u 0 u 2 0 0 0 0 0 
d 2 u u 0 0 2 2 0 u 2 2 0 0 u d 2 u 0 0 0 0 u u 0 0 2 0 0 u 0 0 
d 2 u u 0 0 2 2 0 0 2 2 0 u u d 2 u 0 0 0 0 2 0 0 u u u 0 0 0 0 
d 2 u 0 0 0 2 2 0 0 2 2 0 u u 0 u u 2 0 0 0 2 u 0 0 2 0 0 0 u 0 
d 2 u 0 0 0 2 2 0 u 2 2 0 0 u 0 u u 2 0 0 0 2 0 0 0 2 u 0 0 u 0 
2 2 u u d 0 2 2 0 u 2 d 0 0 u 0 2 0 0 u 0 0 2 0 0 0 u u 0 0 u 0 
2 2 u u d 0 2 d 0 0 2 2 0 u u 0 2 0 0 u 0 0 u u 0 0 2 0 0 0 u 0 
2 u 0 0 0 d 2 2 0 0 2 2 0 u u 0 u u 0 0 2 0 2 u 0 0 2 0 0 0 u 0 
2 u 0 0 0 d 2 2 0 u 2 2 0 0 u 0 u u 0 0 2 0 2 0 0 0 2 u 0 0 u 0 
2 2 u u 0 0 d 2 0 0 u 2 0 u u 0 2 u 0 0 0 u 2 0 0 0 2 u 0 0 d 0 
2 2 u u 0 0 u 2 0 u d 2 0 0 u 0 2 u 0 0 0 u 2 u 0 0 2 0 0 0 d 0 
2 2 u u 0 0 2 2 0 0 2 2 0 u u 0 2 0 0 0 0 0 d u u 0 d 0 0 u u 0 
2 2 u u 0 0 2 2 0 u 2 2 0 0 u 0 2 0 0 0 0 0 d 0 0 u d u u 0 u 0 
2 2 u u 0 0 2 2 0 u 2 2 0 0 u 0 2 0 0 0 0 0 d 0 u 0 d u 0 u u 0 
2 2 u u 0 0 2 2 0 0 2 2 0 u u 0 2 0 0 0 0 0 d u 0 u d 0 u 0 u 0 
2 2 u u 0 0 2 d 0 u u 2 0 0 u 0 2 u 0 0 0 0 2 u u 0 2 d 0 0 0 0 
2 2 u u 0 0 u 2 0 0 2 d 0 u u 0 2 u 0 0 0 0 2 d 0 0 2 u u 0 0 0 
2 u u u u 0 2 d 0 0 2 d 0 u u 0 2 0 0 0 d 0 2 0 u 0 2 u u 0 0 0 
2 u u u u 0 2 d 0 u 2 d 0 0 u 0 2 0 0 0 d 0 2 u u 0 2 0 u 0 0 0 
d 2 u u 0 0 2 2 0 u 2 u 0 0 u 0 2 2 0 0 0 0 2 u 0 0 2 0 0 u 0 0 
d 2 u u 0 0 2 u 0 0 2 2 0 u u 0 2 2 0 0 0 0 2 0 0 u 2 u 0 0 0 0 
2 2 u u d 0 2 2 0 0 2 d 0 u u 0 2 0 0 u 0 0 2 u 0 0 u 0 0 0 u 0 
2 2 u u d 0 2 d 0 u 2 2 0 0 u 0 2 0 0 u 0 0 u 0 0 0 2 u 0 0 u 0 
2 u 0 u u 0 2 2 0 0 2 2 0 u 0 0 2 0 2 0 0 0 2 0 0 0 2 u 0 0 u 0 
2 u 0 u u 0 2 2 0 u 2 2 0 0 0 0 2 0 2 0 0 0 2 u 0 0 2 0 0 0 u 0 
2 2 2 2 0 0 2 2 0 u u u 0 0 u 0 2 u 0 0 0 0 2 u 0 0 2 0 0 0 0 0 
2 2 2 2 0 0 u u 0 0 2 2 0 u u 0 2 u 0 0 0 0 2 0 0 0 2 u 0 0 0 0 
2 2 u 0 u 0 2 d 0 0 2 d 0 u 0 u 2 u 0 0 0 0 2 0 u 0 2 u u 0 0 0 
2 2 u 0 u 0 2 d 0 u 2 d 0 0 0 u 2 u 0 0 0 0 2 u u 0 2 0 u 0 0 0 
2 d 0 u 0 0 2 u 0 u 2 2 0 0 u u 2 0 u 0 0 u 2 0 d 0 2 u 0 0 0 0 
2 d 0 u 0 0 2 2 0 0 2 u 0 u u u 2 0 u 0 0 u 2 u 0 0 2 0 d 0 0 0 
2 d 0 u 0 0 2 u 0 0 2 2 0 u u u 2 0 u 0 0 u 2 u d 0 2 0 0 0 0 0 
2 d 0 u 0 0 2 2 0 u 2 u 0 0 u u 2 0 u 0 0 u 2 0 0 0 2 u d 0 0 0 
2 u u u u 0 2 0 0 u 2 2 0 0 u 0 2 0 0 0 0 d 2 u 2 0 2 0 0 0 0 0 
2 u u u u 0 2 2 0 0 2 0 0 u u 0 2 0 0 0 0 d 2 0 0 0 2 u 2 0 0 0 
2 u u u u 0 2 0 0 0 2 2 0 u u 0 2 0 0 0 0 d 2 0 2 0 2 u 0 0 0 0 
2 u u u u 0 2 2 0 u 2 0 0 0 u 0 2 0 0 0 0 d 2 u 0 0 2 0 2 0 0 0 
u 2 u u u 0 2 d d u 2 2 0 0 u 0 2 0 0 0 0 0 2 0 0 0 2 u 0 0 u 0 
u 2 u u u 0 2 2 0 0 2 d d u u 0 2 0 0 0 0 0 2 u 0 0 2 0 0 0 u 0 
2 0 2 u u 0 2 2 0 0 2 2 0 u u 0 2 0 0 0 u 0 2 0 0 0 2 u 0 0 0 0 
2 0 2 u u 0 2 2 0 u 2 2 0 0 u 0 2 0 0 0 u 0 2 u 0 0 2 0 0 0 0 0 
2 2 u 0 0 0 2 2 0 0 u 2 0 u u 0 2 0 0 d 0 0 2 u 0 0 2 u 0 0 u 0 
2 2 u 0 0 0 u 2 0 u 2 2 0 0 u 0 2 0 0 d 0 0 2 u 0 0 2 u 0 0 u 0 
2 2 u 0 0 0 u 2 0 0 2 2 0 u u 0 2 u 0 0 u 0 2 d 0 0 2 u 0 0 0 0 
2 2 u 0 0 0 2 2 0 u u 2 0 0 u 0 2 u 0 0 u 0 2 u 0 0 2 d 0 0 0 0 
2 2 u 2 0 0 2 d 0 u u 2 0 0 u u 2 0 0 0 0 0 2 0 0 0 2 u 0 0 u 0 
2 2 u 2 0 0 u 2 0 0 2 d 0 u u u 2 0 0 0 0 0 2 u 0 0 2 0 0 0 u 0 
2 d 2 u 0 0 2 2 0 0 u 2 u u u 0 2 u 0 0 0 0 2 0 0 0 2 u 0 0 0 0 
2 d 2 u 0 0 u 2 u u 2 2 0 0 u 0 2 u 0 0 0 0 2 u 0 0 2 0 0 0 0 0 
2 2 u 0 d 0 u 2 0 0 u 2 0 u 0 d 2 u 0 0 0 0 2 u 0 0 2 0 0 0 u u 
2 2 u 0 d 0 u 2 0 u u 2 0 0 0 d 2 u 0 0 0 0 2 0 0 0 2 u 0 0 u u 
2 u u u 0 0 2 d 0 0 2 2 0 u 0 u 2 0 0 0 d 0 2 u u 0 2 0 0 0 0 u 
2 u u u 0 0 2 2 0 u 2 d 0 0 0 u 2 0 0 0 d 0 2 0 0 0 2 u u 0 0 u 
2 2 u 0 0 d 2 u 0 0 2 u 0 u u 0 u 0 0 u 0 0 2 u d 0 2 0 d 0 u 0 
2 2 u 0 0 d 2 u 0 u 2 u 0 0 u 0 u 0 0 u 0 0 2 0 d 0 2 u d 0 u 0 
2 u u u 0 0 2 d d u 2 2 0 0 0 0 2 u 0 0 0 0 2 0 0 0 2 u 0 0 u u 
2 u u u 0 0 2 2 0 0 2 d d u 0 0 2 u 0 0 0 0 2 u 0 0 2 0 0 0 u u 
2 u u u 0 0 2 2 0 u d 2 0 u u d 2 u 0 0 0 0 2 0 0 0 2 u 0 0 0 0 
2 u u u 0 0 d 2 0 u 2 2 0 u u d 2 u 0 0 0 0 2 u 0 0 2 0 0 0 0 0 
2 u u u 0 0 2 2 d u 2 2 0 0 u 0 2 0 0 0 0 d u 0 0 0 2 u 0 0 u 0 
2 u u u 0 0 2 2 0 0 2 2 d u u 0 2 0 0 0 0 d 2 u 0 0 u 0 0 0 u 0 
2 2 u u 0 0 2 2 2 0 2 2 0 u u 0 2 u 0 0 0 0 0 0 0 0 2 u 0 0 0 0 
2 2 u u 0 0 2 2 0 u 2 2 2 0 u 0 2 u 0 0 0 0 2 u 0 0 0 0 0 0 0 0 
2 2 u 0 d 0 2 2 0 0 u 2 0 u 0 0 2 u 0 u 0 0 2 u 0 0 d 0 0 0 u u 
2 2 u 0 d 0 u 2 0 u 2 2 0 0 0 0 2 u 0 u 0 0 d 0 0 0 2 u 0 0 u u 
2 2 u 0 d 0 2 2 0 u u 2 0 0 0 0 2 u 0 u 0 0 2 0 0 0 d u 0 0 u u 
2 2 u 0 d 0 u 2 0 0 2 2 0 u 0 0 2 u 0 u 0 0 d u 0 0 2 0 0 0 u u 
2 2 2 u 0 0 u 2 0 0 2 u 0 u 2 0 2 u 0 0 0 0 2 0 0 0 2 u 0 0 0 0 
2 2 2 u 0 0 2 u 0 u u 2 0 0 2 0 2 u 0 0 0 0 2 u 0 0 2 0 0 0 0 0 
2 d 2 u 0 0 2 2 0 u u 2 u 0 u 0 2 u 0 0 0 0 2 u 0 0 2 0 0 0 0 0 
2 d 2 u 0 0 u 2 u 0 2 2 0 u u 0 2 u 0 0 0 0 2 0 0 0 2 u 0 0 0 0 
d 2 u u 0 0 2 2 0 0 2 u 0 u u 0 2 2 0 0 0 0 2 0 0 0 2 u 0 u 0 0 
d 2 u u 0 0 2 u 0 u 2 2 0 0 u 0 2 2 0 0 0 0 2 u 0 u 2 0 0 0 0 0 
2 2 u u u 0 2 2 0 0 2 u 0 u u 0 2 u 0 0 0 0 d 0 0 0 2 u 0 0 d 0 
2 2 u u u 0 2 u 0 u 2 2 0 0 u 0 2 u 0 0 0 0 2 u 0 0 d 0 0 0 d 0 
2 2 u 0 u 0 2 2 0 0 2 d 0 u 0 0 2 0 0 0 0 0 2 u 0 0 2 0 u 0 u u 
2 2 u 0 u 0 2 d 0 u 2 2 0 0 0 0 2 0 0 0 0 0 2 0 u 0 2 u 0 0 u u 
2 2 u u 0 0 2 2 0 0 2 2 2 u u 0 2 u 0 0 0 0 2 0 0 0 0 u 0 0 0 0 
2 2 u u 0 0 2 2 2 u 2 2 0 0 u 0 2 u 0 0 0 0 0 u 0 0 2 0 0 0 0 0 
2 2 u u d 0 2 2 0 0 2 u 0 u u 0 2 0 0 0 0 u 2 u 0 0 d 0 0 0 u 0 
2 2 u u d 0 2 u 0 u 2 2 0 0 u 0 2 0 0 0 0 u d 0 0 0 2 u 0 0 u 0 
2 2 u u 0 0 u 2 0 0 d 2 0 u u 0 2 u 0 0 0 u 2 0 0 0 2 u 0 0 d 0 
2 2 u u 0 0 d 2 0 u u 2 0 0 u 0 2 u 0 0 0 u 2 u 0 0 2 0 0 0 d 0 
2 2 u u 0 0 2 2 0 u 2 d d 0 u 0 u u 0 u 0 0 2 u 0 0 2 0 0 0 0 0 
2 2 u u 0 0 2 d d 0 2 2 0 u u 0 u u 0 u 0 0 2 0 0 0 2 u 0 0 0 0 
2 d u 2 0 0 2 2 0 0 2 2 0 u u 0 u 0 0 u 0 0 2 u 0 0 2 0 0 0 u 0 
2 d u 2 0 0 2 2 0 u 2 2 0 0 u 0 u 0 0 u 0 0 2 0 0 0 2 u 0 0 u 0 
u 2 u u u 0 2 d d 0 2 2 0 u u 0 2 0 0 0 0 0 2 u 0 0 2 0 0 0 u 0 
u 2 u u u 0 2 2 0 u 2 d d 0 u 0 2 0 0 0 0 0 2 0 0 0 2 u 0 0 u 0 
2 u u u 0 0 2 d 0 u 2 2 0 0 0 u 2 0 0 0 d 0 2 0 u 0 2 u 0 0 0 u 
2 u u u 0 0 2 2 0 0 2 d 0 u 0 u 2 0 0 0 d 0 2 u 0 0 2 0 u 0 0 u 
2 2 u u 0 0 2 2 0 0 0 2 0 u u 0 2 u 0 u 0 d 2 0 0 0 2 u 0 0 0 0 
2 2 u u 0 0 0 2 0 u 2 2 0 0 u 0 2 u 0 u 0 d 2 u 0 0 2 0 0 0 0 0 
2 u 0 u 0 d 2 2 0 u 2 u u 0 u u 2 0 0 0 d 0 2 0 0 0 2 u 0 0 0 0 
2 u 0 u 0 d 2 u u 0 2 2 0 u u u 2 0 0 0 d 0 2 u 0 0 2 0 0 0 0 0 
2 u u u 0 0 2 2 0 0 2 d 0 u 0 u 2 0 0 0 0 d 2 u 0 0 2 0 u 0 u 0 
2 u u u 0 0 2 d 0 u 2 2 0 0 0 u 2 0 0 0 0 d 2 0 u 0 2 u 0 0 u 0 
2 2 u d 0 0 2 u 0 0 2 u 0 0 u u 2 u 0 0 0 0 2 0 d 0 2 u 0 0 u 0 
2 2 u d 0 0 2 u 0 0 2 u 0 0 u u 2 u 0 0 0 0 2 u 0 0 2 0 d 0 u 0 
2 u 0 u 0 d 2 2 0 0 2 u u u u u 2 0 0 0 d 0 2 u 0 0 2 0 0 0 0 0 
2 u 0 u 0 d 2 u u u 2 2 0 0 u u 2 0 0 0 d 0 2 0 0 0 2 u 0 0 0 0 
2 2 u u 0 0 2 2 u 0 2 2 0 0 u 0 2 u 0 0 0 0 2 u 0 0 2 0 0 0 0 0 
2 2 u u 0 0 2 2 0 0 2 2 u 0 u 0 2 u 0 0 0 0 2 0 0 0 2 u 0 0 0 0 
2 2 u u 0 0 2 2 0 0 2 2 0 0 u u 2 0 0 0 0 0 2 u 0 0 2 0 0 u 0 0 
2 2 u u 0 0 2 2 0 0 2 2 0 0 u u 2 0 0 0 0 0 2 0 0 u 2 u 0 0 0 0 
2 u u u 0 0 2 2 0 u 2 d 0 0 0 u 2 0 0 0 0 d 2 0 0 0 2 u u 0 u 0 
2 u u u 0 0 2 d 0 0 2 2 0 u 0 u 2 0 0 0 0 d 2 u u 0 2 0 0 0 u 0 
d 2 u u 0 0 2 2 0 0 2 2 0 u u d 2 u 0 0 0 0 u 0 0 0 2 u 0 u 0 0 
d 2 u u 0 0 2 2 0 u 2 2 0 0 u d 2 u 0 0 0 0 2 u 0 u u 0 0 0 0 0 
2 2 u u 0 0 2 2 0 u 2 0 0 0 u 0 2 u 0 0 0 2 2 u 0 0 2 0 0 0 0 0 
2 2 u u 0 0 2 0 0 0 2 2 0 u u 0 2 u 0 0 0 2 2 0 0 0 2 u 0 0 0 0 
2 2 u u 0 0 0 2 0 0 2 2 0 u u 0 2 u 0 u 0 d 2 0 0 0 2 u 0 0 0 0 
2 2 u u 0 0 2 2 0 u 0 2 0 0 u 0 2 u 0 u 0 d 2 u 0 0 2 0 0 0 0 0 
2 u u u 0 0 2 2 d 0 2 2 0 u u 0 2 0 0 0 0 d u u 0 0 2 0 0 0 u 0 
2 u u u 0 0 2 2 0 u 2 2 d 0 u 0 2 0 0 0 0 d 2 0 0 0 u u 0 0 u 0 
2 u u 2 0 u 2 2 0 u 2 0 0 0 u u 2 0 0 0 d 0 2 0 0 0 2 u 0 0 0 0 
2 u u 2 0 u 2 0 0 0 2 2 0 u u u 2 0 0 0 d 0 2 u 0 0 2 0 0 0 0 0 
2 2 u u d 0 2 2 0 u 2 u 0 0 u 0 2 0 0 0 0 u 2 0 0 0 d u 0 0 u 0 
2 2 u u d 0 2 u 0 0 2 2 0 u u 0 2 0 0 0 0 u d u 0 0 2 0 0 0 u 0 
2 2 u 0 u 0 2 2 0 u 2 d 0 0 0 0 2 0 0 0 0 0 2 0 0 0 2 u u 0 u u 
2 2 u 0 u 0 2 d 0 0 2 2 0 u 0 0 2 0 0 0 0 0 2 u u 0 2 0 0 0 u u 
2 u u 2 0 u 2 2 0 0 2 0 0 u u u 2 0 0 0 d 0 2 u 0 0 2 0 0 0 0 0 
2 u u 2 0 u 2 0 0 u 2 2 0 0 u u 2 0 0 0 d 0 2 0 0 0 2 u 0 0 0 0 
2 2 u 0 0 d 2 2 0 u 2 2 0 0 0 u u 0 0 u 0 0 2 0 0 0 2 u 0 0 u 0 
2 2 u 0 0 d 2 2 0 0 2 2 0 u 0 u u 0 0 u 0 0 2 u 0 0 2 0 0 0 u 0 
d 2 u u d 0 2 2 0 u 2 2 0 0 u 0 2 u 0 0 0 0 2 u 0 0 u 0 0 u 0 0 
d 2 u u d 0 2 2 0 0 2 2 0 u u 0 2 u 0 0 0 0 u 0 0 u 2 u 0 0 0 0 
2 2 u u 0 0 2 0 0 u 2 u 0 0 0 0 2 0 0 0 0 0 2 0 2 0 2 u d 0 u u 
2 2 u u 0 0 2 u 0 0 2 0 0 u 0 0 2 0 0 0 0 0 2 u d 0 2 0 2 0 u u 
2 2 u u 0 0 2 2 0 u 2 2 0 0 u 0 d u 0 0 u 0 u u d 0 2 0 0 0 0 0 
2 2 u u 0 0 2 2 0 0 2 2 0 u u 0 d u 0 0 u 0 2 0 0 0 u u d 0 0 0 
2 u 0 u 0 d 2 2 0 0 2 2 0 u 0 0 u u u 0 d 0 2 0 0 0 2 u 0 0 u 0 
2 u 0 u 0 d 2 2 0 u 2 2 0 0 0 0 u u u 0 d 0 2 u 0 0 2 0 0 0 u 0 
2 2 u u 0 0 2 2 0 0 2 2 0 u u 0 d u 0 0 u 0 u 0 d 0 2 u 0 0 0 0 
2 2 u u 0 0 2 2 0 u 2 2 0 0 u 0 d u 0 0 u 0 2 u 0 0 u 0 d 0 0 0 
u 2 u 0 0 0 2 2 0 0 2 2 0 u u 0 2 2 0 0 u 0 2 0 0 0 2 u 0 0 0 0 
u 2 u 0 0 0 2 2 0 u 2 2 0 0 u 0 2 2 0 0 u 0 2 u 0 0 2 0 0 0 0 0 
2 2 u u 0 0 2 0 0 0 2 u 0 u 0 0 2 0 0 0 0 0 2 u 2 0 2 0 d 0 u u 
2 2 u u 0 0 2 u 0 u 2 0 0 0 0 0 2 0 0 0 0 0 2 0 d 0 2 u 2 0 u u 
2 u 2 u 0 0 2 2 0 0 2 u 0 u u u 2 0 0 0 0 0 2 u 0 0 2 0 d 0 0 0 
2 u 2 u 0 0 2 u 0 u 2 2 0 0 u u 2 0 0 0 0 0 2 0 d 0 2 u 0 0 0 0 
2 u u u 0 0 2 d d 0 2 2 0 u 0 0 2 u 0 0 0 0 2 u 0 0 2 0 0 0 u u 
2 u u u 0 0 2 2 0 u 2 d d 0 0 0 2 u 0 0 0 0 2 0 0 0 2 u 0 0 u u 
2 2 u 0 u 2 2 0 0 u 2 2 0 0 u 0 2 0 0 0 0 0 2 0 0 0 2 u 0 0 u 0 
2 2 u 0 u 2 2 2 0 0 2 0 0 u u 0 2 0 0 0 0 0 2 u 0 0 2 0 0 0 u 0 
2 u 2 u 0 0 2 2 0 u 2 u 0 0 u u 2 0 0 0 0 0 2 0 0 0 2 u d 0 0 0 
2 u 2 u 0 0 2 u 0 0 2 2 0 u u u 2 0 0 0 0 0 2 u d 0 2 0 0 0 0 0 
2 2 u 0 0 0 2 2 u 0 2 2 0 u u 0 2 0 0 0 0 0 2 u 0 0 u 0 0 0 2 0 
2 2 u 0 0 0 2 2 0 u 2 2 u 0 u 0 2 0 0 0 0 0 u 0 0 0 2 u 0 0 2 0 
2 u 0 0 u 0 2 2 0 0 2 2 0 u 0 u 2 0 2 0 0 0 2 u 0 0 2 0 0 0 u 0 
2 u 0 0 u 0 2 2 0 u 2 2 0 0 0 u 2 0 2 0 0 0 2 0 0 0 2 u 0 0 u 0 
2 2 u u 0 0 2 2 0 u u 2 u 0 0 d 2 u 0 0 0 0 2 u 0 0 2 0 0 0 0 0 
2 2 u u 0 0 u 2 u 0 2 2 0 u 0 d 2 u 0 0 0 0 2 0 0 0 2 u 0 0 0 0 
2 2 u u 0 0 2 2 0 0 u d 0 u u 0 2 0 0 0 0 0 2 u 0 0 2 0 u d u 0 
2 2 u u 0 0 u d 0 u 2 2 0 0 u 0 2 0 0 0 0 0 2 0 u d 2 u 0 0 u 0 
2 2 u u 0 0 2 2 0 0 2 0 0 u u 0 2 u 0 0 0 2 2 0 0 0 2 u 0 0 0 0 
2 2 u u 0 0 2 0 0 u 2 2 0 0 u 0 2 u 0 0 0 2 2 u 0 0 2 0 0 0 0 0 
2 2 0 u 0 0 2 2 0 d u 2 0 u u u 2 0 0 0 0 0 2 u 0 0 2 0 0 0 u 0 
2 2 0 u 0 0 u 2 0 u 2 2 0 d u u 2 0 0 0 0 0 2 0 0 0 2 u 0 0 u 0 
2 2 u u 0 0 2 2 0 0 2 d d u u 0 u u 0 u 0 0 2 0 0 0 2 u 0 0 0 0 
2 2 u u 0 0 2 d d u 2 2 0 0 u 0 u u 0 u 0 0 2 u 0 0 2 0 0 0 0 0 
2 2 u 0 0 0 2 2 0 u 2 u 0 0 u 2 2 0 0 0 0 0 2 u 0 0 2 u 0 0 0 0 
2 2 u 0 0 0 2 u 0 0 2 2 0 u u 2 2 0 0 0 0 0 2 u 0 0 2 u 0 0 0 0 
2 u u u 0 0 2 2 0 0 2 2 0 u u d 2 u 0 0 0 0 2 u 0 0 d u 0 0 0 0 
2 u u u 0 0 2 2 0 u 2 2 0 0 u d 2 u 0 0 0 0 d u 0 0 2 u 0 0 0 0 
u 2 u u 0 0 2 2 0 0 u 2 0 u u 0 2 0 0 0 0 0 2 2 0 0 2 0 0 0 2 0 
u 2 u u 0 0 u 2 0 u 2 2 0 0 u 0 2 0 0 0 0 0 2 0 0 0 2 2 0 0 2 0 
2 2 u 0 u 0 2 u 0 0 2 2 0 0 u 0 2 u 0 0 0 0 2 u 0 0 2 0 0 0 2 0 
2 2 u 0 u 0 2 2 0 0 2 u 0 0 u 0 2 u 0 0 0 0 2 0 0 0 2 u 0 0 2 0 
2 2 u u 0 0 2 2 0 u u d 0 0 u 0 2 0 0 0 0 0 2 0 0 0 2 u u d u 0 
2 2 u u 0 0 u d 0 0 2 2 0 u u 0 2 0 0 0 0 0 2 u u d 2 0 0 0 u 0 
2 2 2 2 0 0 2 2 0 0 u u 0 u u 0 2 u 0 0 0 0 2 0 0 0 2 u 0 0 0 0 
2 2 2 2 0 0 u u 0 u 2 2 0 0 u 0 2 u 0 0 0 0 2 u 0 0 2 0 0 0 0 0 
2 2 u u d 0 2 2 0 u 2 2 0 0 0 0 2 0 0 0 0 0 2 0 u 0 u u 0 0 u 0 
2 2 u u d 0 2 2 0 0 2 2 0 u 0 0 2 0 0 0 0 0 u u 0 0 2 0 u 0 u 0 
2 2 u u 0 u d 2 0 0 2 2 0 u u 0 d 0 0 0 0 0 2 u u 0 2 0 0 0 u 0 
2 2 u u 0 u 2 2 0 u d 2 0 0 u 0 d 0 0 0 0 0 2 0 0 0 2 u u 0 u 0 
u 2 u u 0 0 u 2 0 0 2 2 0 u u 0 2 0 0 0 0 0 2 u 0 0 2 d 0 0 2 0 
u 2 u u 0 0 2 2 0 u u 2 0 0 u 0 2 0 0 0 0 0 2 d 0 0 2 u 0 0 2 0 
2 2 u u 0 u d 2 0 u 2 2 0 0 u 0 d 0 0 0 0 0 2 0 u 0 2 u 0 0 u 0 
2 2 u u 0 u 2 2 0 0 d 2 0 u u 0 d 0 0 0 0 0 2 u 0 0 2 0 u 0 u 0 
2 u u 0 u 0 2 2 0 u 2 u 0 0 u 0 2 0 0 0 d 0 2 0 0 0 2 u 0 d u 0 
2 u u 0 u 0 2 u 0 0 2 2 0 u u 0 2 0 0 0 d 0 2 u 0 d 2 0 0 0 u 0 
2 2 u 0 2 0 2 0 0 u 2 2 0 0 u u 2 u 0 0 0 0 2 0 0 0 2 u 0 0 0 0 
2 2 u 0 2 0 2 2 0 0 2 0 0 u u u 2 u 0 0 0 0 2 u 0 0 2 0 0 0 0 0 
d 2 u u 0 0 2 2 0 0 2 u 0 u u 0 2 0 0 0 0 0 2 u d 0 2 0 0 0 u u 
d 2 u u 0 0 2 u 0 u 2 2 0 0 u 0 2 0 0 0 0 0 2 0 0 0 2 u d 0 u u 
d 2 u u 0 0 2 2 0 u 2 u 0 0 u 0 2 0 0 0 0 0 2 0 d 0 2 u 0 0 u u 
d 2 u u 0 0 2 u 0 0 2 2 0 u u 0 2 0 0 0 0 0 2 u 0 0 2 0 d 0 u u 
2 2 u u 0 u 2 2 0 0 2 0 0 u 0 0 2 2 0 0 0 0 2 0 0 0 2 u 0 0 u 0 
2 2 u u 0 u 2 0 0 u 2 2 0 0 0 0 2 2 0 0 0 0 2 u 0 0 2 0 0 0 u 0 
2 2 u u 0 d 2 2 0 0 2 u 0 u u 0 2 u 0 0 d 0 2 0 0 0 u u 0 0 0 0 
2 2 u u 0 d 2 u 0 u 2 2 0 0 u 0 2 u 0 0 d 0 u u 0 0 2 0 0 0 0 0 
u 2 u u 0 0 2 2 0 0 2 2 0 u 0 0 2 u 0 0 0 0 2 0 0 u 2 u 0 d 0 0 
u 2 u u 0 0 2 2 0 u 2 2 0 0 0 0 2 u 0 0 0 0 2 u 0 d 2 0 0 u 0 0 
u 2 u u 0 0 2 2 0 0 2 2 0 u u u 2 u 0 0 0 0 d 0 0 0 2 u 0 d 0 0 
u 2 u u 0 0 2 2 0 u 2 2 0 0 u u 2 u 0 0 0 0 2 u 0 d d 0 0 0 0 0 
u 2 u u 0 0 2 2 0 u 2 2 0 0 u u 2 u 0 0 0 0 d u 0 0 2 0 0 d 0 0 
u 2 u u 0 0 2 2 0 0 2 2 0 u u u 2 u 0 0 0 0 2 0 0 d d u 0 0 0 0 
2 0 u u 0 d 2 u u 0 2 2 0 u u u 2 0 0 0 d 0 2 u 0 0 2 0 0 0 0 0 
2 0 u u 0 d 2 2 0 u 2 u u 0 u u 2 0 0 0 d 0 2 0 0 0 2 u 0 0 0 0 
d 2 u u d 0 2 2 0 0 2 2 0 u u 0 2 u 0 0 0 0 2 0 0 0 u u 0 u 0 0 
d 2 u u d 0 2 2 0 u 2 2 0 0 u 0 2 u 0 0 0 0 u u 0 u 2 0 0 0 0 0 
2 u u u 0 0 2 2 d u 2 2 0 0 u 0 2 0 d 0 0 0 u 0 0 0 2 u 0 0 u 0 
2 u u u 0 0 2 2 0 0 2 2 d u u 0 2 0 d 0 0 0 2 u 0 0 u 0 0 0 u 0 
2 2 u 0 0 0 2 2 0 0 u 2 0 u u 0 2 u 0 0 u 0 2 0 0 0 2 2 0 0 0 0 
2 2 u 0 0 0 u 2 0 u 2 2 0 0 u 0 2 u 0 0 u 0 2 2 0 0 2 0 0 0 0 0 
2 0 u u 0 d 2 2 0 0 2 u u u u u 2 0 0 0 d 0 2 u 0 0 2 0 0 0 0 0 
2 0 u u 0 d 2 u u u 2 2 0 0 u u 2 0 0 0 d 0 2 0 0 0 2 u 0 0 0 0 
2 2 u u 0 0 2 2 0 0 u 2 u u 0 d 2 u 0 0 0 0 2 0 0 0 2 u 0 0 0 0 
2 2 u u 0 0 u 2 u u 2 2 0 0 0 d 2 u 0 0 0 0 2 u 0 0 2 0 0 0 0 0 
2 2 u u 0 0 2 2 0 u 2 2 0 0 u 0 d u 0 0 u 0 2 u 0 0 u 0 0 d 0 0 
2 2 u u 0 0 2 2 0 0 2 2 0 u u 0 d u 0 0 u 0 u 0 0 d 2 u 0 0 0 0 
2 2 u u 0 0 2 2 0 0 2 2 0 u u 0 d u 0 0 u 0 2 0 0 0 u u 0 d 0 0 
2 2 u u 0 0 2 2 0 u 2 2 0 0 u 0 d u 0 0 u 0 u u 0 d 2 0 0 0 0 0 
2 2 u u 0 0 2 u 0 0 2 2 0 u u u 2 0 d 0 0 0 2 u 0 0 d 0 0 0 u 0 
2 2 u u 0 0 2 2 0 u 2 u 0 0 u u 2 0 d 0 0 0 d 0 0 0 2 u 0 0 u 0 
2 u 0 0 u 0 2 2 0 u 2 2 0 0 0 u 2 0 u 0 0 d 2 0 0 0 2 u 0 0 u 0 
2 u 0 0 u 0 2 2 0 0 2 2 0 u 0 u 2 0 u 0 0 d 2 u 0 0 2 0 0 0 u 0 
2 u u u 0 u 2 u 0 u 2 d 0 0 2 u 2 0 0 0 d 0 2 0 0 0 2 u 0 0 0 0 
2 u u u 0 u 2 d 0 0 2 u 0 u 2 u 2 0 0 0 d 0 2 u 0 0 2 0 0 0 0 0 
2 2 u u 0 0 2 2 0 u d 2 u 0 u 0 2 u 0 0 0 0 2 u 0 0 u 0 d 0 0 0 
2 2 u u 0 0 d 2 u 0 2 2 0 u u 0 2 u 0 0 0 0 u 0 d 0 2 u 0 0 0 0 
2 2 u u 0 0 2 d 0 0 u 2 0 u u 0 2 u 0 0 0 0 2 0 u 0 2 2 0 0 0 0 
2 2 u u 0 0 u 2 0 u 2 d 0 0 u 0 2 u 0 0 0 0 2 2 0 0 2 0 u 0 0 0 
2 2 2 0 0 0 2 u 0 0 2 2 0 u u u u u 0 0 0 0 2 u d 0 2 0 0 0 0 0 
2 2 2 0 0 0 2 2 0 u 2 u 0 0 u u u u 0 0 0 0 2 0 0 0 2 u d 0 0 0 
2 2 2 u 0 0 2 2 0 u 2 u 0 0 u 0 2 u 0 0 0 0 u u 0 0 2 0 0 0 d 0 
2 2 2 u 0 0 2 u 0 0 2 2 0 u u 0 2 u 0 0 0 0 2 0 0 0 u u 0 0 d 0 
2 u u u 0 0 2 2 d 0 2 2 0 u u 0 2 0 d 0 0 0 u u 0 0 2 0 0 0 u 0 
2 u u u 0 0 2 2 0 u 2 2 d 0 u 0 2 0 d 0 0 0 2 0 0 0 u u 0 0 u 0 
2 u u u 0 u 2 u 0 0 2 d 0 u 2 u 2 0 0 0 d 0 2 u 0 0 2 0 0 0 0 0 
2 u u u 0 u 2 d 0 u 2 u 0 0 2 u 2 0 0 0 d 0 2 0 0 0 2 u 0 0 0 0 
2 2 u u u 0 2 d 0 u u 2 0 0 2 0 2 0 0 0 0 0 2 0 0 0 2 u 0 0 u 0 
2 2 u u u 0 u 2 0 0 2 d 0 u 2 0 2 0 0 0 0 0 2 u 0 0 2 0 0 0 u 0 
d 2 u u 0 0 2 2 0 0 2 2 0 0 u 0 2 u 0 u 0 0 2 u u 0 2 0 0 0 0 0 
d 2 u u 0 0 2 2 0 0 2 2 0 0 u 0 2 u 0 u 0 0 2 0 0 0 2 u u 0 0 0 
2 2 0 u 0 0 2 0 d 0 2 2 0 u u 0 2 0 u 0 0 0 2 u 0 u 2 0 0 0 u 0 
2 2 0 u 0 0 2 2 0 u 2 0 d 0 u 0 2 0 u 0 0 0 2 0 0 0 2 u 0 u u 0 
u 2 u u d 0 2 2 0 0 2 u d u u 0 2 0 0 0 0 0 2 u 0 0 2 0 0 0 u 0 
u 2 u u d 0 2 u d u 2 2 0 0 u 0 2 0 0 0 0 0 2 0 0 0 2 u 0 0 u 0 
2 2 0 u 0 0 2 2 0 0 2 2 0 u u u 2 0 0 0 0 0 2 u u 0 d 0 0 0 u 0 
2 2 0 u 0 0 2 2 0 u 2 2 0 0 u u 2 0 0 0 0 0 d 0 0 0 2 u u 0 u 0 
2 2 u u 0 0 2 2 0 0 d 2 u u u 0 2 u 0 0 0 0 2 0 0 0 u u d 0 0 0 
2 2 u u 0 0 d 2 u u 2 2 0 0 u 0 2 u 0 0 0 0 u u d 0 2 0 0 0 0 0 
2 2 u u 0 d 2 u 0 0 2 2 0 u u 0 2 u 0 0 d 0 u 0 0 0 2 u 0 0 0 0 
2 2 u u 0 d 2 2 0 u 2 u 0 0 u 0 2 u 0 0 d 0 2 u 0 0 u 0 0 0 0 0 
2 u u 0 u 0 2 2 0 0 2 u 0 u u 0 2 0 0 0 d 0 2 u 0 0 2 0 0 d u 0 
2 u u 0 u 0 2 u 0 u 2 2 0 0 u 0 2 0 0 0 d 0 2 0 0 d 2 u 0 0 u 0 
2 d 0 u 0 0 2 d 0 0 2 2 0 u u u 2 0 u 0 0 u 2 u u 0 2 0 0 0 0 0 
2 d 0 u 0 0 2 2 0 u 2 d 0 0 u u 2 0 u 0 0 u 2 0 0 0 2 u u 0 0 0 
2 d 0 u 0 0 2 d 0 u 2 2 0 0 u u 2 0 u 0 0 u 2 0 u 0 2 u 0 0 0 0 
2 d 0 u 0 0 2 2 0 0 2 d 0 u u u 2 0 u 0 0 u 2 u 0 0 2 0 u 0 0 0 
2 u 0 0 0 u 2 2 0 0 2 2 0 u u 0 d u 0 0 2 0 2 u 0 0 2 0 0 0 u 0 
2 u 0 0 0 u 2 2 0 u 2 2 0 0 u 0 d u 0 0 2 0 2 0 0 0 2 u 0 0 u 0 
2 2 0 u 0 0 2 0 d u 2 2 0 0 u 0 2 0 u 0 0 0 2 0 0 u 2 u 0 0 u 0 
2 2 0 u 0 0 2 2 0 0 2 0 d u u 0 2 0 u 0 0 0 2 u 0 0 2 0 0 u u 0 
2 2 u 0 0 0 2 2 0 u u 2 0 0 u 0 2 0 0 0 0 0 2 u 0 0 2 u 0 0 u d 
2 2 u 0 0 0 u 2 0 0 2 2 0 u u 0 2 0 0 0 0 0 2 u 0 0 2 u 0 0 u d 
2 2 u u 0 2 2 d 0 u 2 0 0 0 0 0 2 u 0 0 0 0 2 u u 0 2 0 0 0 u 0 
2 2 u u 0 2 2 0 0 0 2 d 0 u 0 0 2 u 0 0 0 0 2 0 0 0 2 u u 0 u 0 
2 2 u 0 2 0 2 0 0 0 2 2 0 u u u 2 u 0 0 0 0 2 u 0 0 2 0 0 0 0 0 
2 2 u 0 2 0 2 2 0 u 2 0 0 0 u u 2 u 0 0 0 0 2 0 0 0 2 u 0 0 0 0 
2 2 u u 0 2 2 d 0 0 2 0 0 u 0 0 2 u 0 0 0 0 2 0 u 0 2 u 0 0 u 0 
2 2 u u 0 2 2 0 0 u 2 d 0 0 0 0 2 u 0 0 0 0 2 u 0 0 2 0 u 0 u 0 
2 2 0 0 u 0 2 2 0 u 2 2 0 0 u u 2 0 0 0 0 u 2 0 0 0 2 u 0 0 0 0 
2 2 0 0 u 0 2 2 0 0 2 2 0 u u u 2 0 0 0 0 u 2 u 0 0 2 0 0 0 0 0 
u 2 u u 0 0 2 2 0 u 2 2 0 0 0 0 2 u 0 0 0 0 2 u 0 u 2 0 0 d 0 0 
u 2 u u 0 0 2 2 0 0 2 2 0 u 0 0 2 u 0 0 0 0 2 0 0 d 2 u 0 u 0 0 
2 2 u d 0 0 2 2 0 0 2 u 0 u u u 2 u 0 0 0 0 2 0 0 0 2 0 0 0 0 u 
2 2 u d 0 0 2 u 0 u 2 2 0 0 u u 2 u 0 0 0 0 2 0 0 0 2 0 0 0 0 u 
u 2 u u 0 d 2 2 0 u 2 d u 0 u 0 2 0 0 0 0 0 2 0 0 0 2 u 0 0 u 0 
u 2 u u 0 d 2 d u 0 2 2 0 u u 0 2 0 0 0 0 0 2 u 0 0 2 0 0 0 u 0 
2 u 0 u 0 0 2 2 0 u 2 2 0 0 0 u 2 0 u 0 d 0 2 0 0 0 2 u 0 0 0 u 
2 u 0 u 0 0 2 2 0 0 2 2 0 u 0 u 2 0 u 0 d 0 2 u 0 0 2 0 0 0 0 u 
u 2 u u 0 d 2 2 0 0 2 d u u u 0 2 0 0 0 0 0 2 u 0 0 2 0 0 0 u 0 
u 2 u u 0 d 2 d u u 2 2 0 0 u 0 2 0 0 0 0 0 2 0 0 0 2 u 0 0 u 0 
2 2 u u 0 0 2 2 0 0 u 2 0 2 u 0 2 0 0 0 0 0 2 0 0 u 2 0 0 0 u 0 
2 2 u u 0 0 u 2 0 2 2 2 0 0 u 0 2 0 0 0 0 0 2 0 0 0 2 0 0 u u 0 
d 2 u u 0 0 2 u 0 u 2 2 0 0 u 0 2 u 0 0 0 0 2 u 0 0 2 0 0 u d 0 
d 2 u u 0 0 2 2 0 0 2 u 0 u u 0 2 u 0 0 0 0 2 0 0 u 2 u 0 0 d 0 
d 2 u u 0 0 d 2 0 u 2 2 0 0 u 0 2 0 0 0 0 u 2 0 u 0 2 u 0 0 u 0 
d 2 u u 0 0 2 2 0 0 d 2 0 u u 0 2 0 0 0 0 u 2 u 0 0 2 0 u 0 u 0 
d 2 u u 0 0 d 2 0 0 2 2 0 u u 0 2 0 0 0 0 u 2 u u 0 2 0 0 0 u 0 
d 2 u u 0 0 2 2 0 u d 2 0 0 u 0 2 0 0 0 0 u 2 0 0 0 2 u u 0 u 0 
2 2 u u 0 0 2 2 0 0 2 0 d u u u 2 0 0 0 0 0 2 u 0 0 2 0 u 0 0 0 
2 2 u u 0 0 2 0 d u 2 2 0 0 u u 2 0 0 0 0 0 2 0 u 0 2 u 0 0 0 0 
2 2 u 0 u 0 2 u 0 0 2 u 0 u u 0 2 u 0 0 0 0 2 0 d 0 2 u d 0 0 0 
2 2 u 0 u 0 2 u 0 u 2 u 0 0 u 0 2 u 0 0 0 0 2 u d 0 2 0 d 0 0 0 
2 2 0 u 0 0 u 2 0 0 2 2 0 2 u u 2 0 0 0 0 0 2 u 0 0 2 0 0 0 u 0 
2 2 0 u 0 0 2 2 0 2 u 2 0 0 u u 2 0 0 0 0 0 2 0 0 0 2 u 0 0 u 0 
2 d u u 0 0 2 2 0 u u 2 0 0 u 0 2 0 0 0 0 d 2 0 0 0 2 u 0 u u 0 
2 d u u 0 0 u 2 0 0 2 2 0 u u 0 2 0 0 0 0 d 2 u 0 u 2 0 0 0 u 0 
2 2 0 u u 0 2 2 0 0 2 2 0 u u 0 2 0 0 0 0 0 d u u 0 2 0 0 0 u 0 
2 2 0 u u 0 2 2 0 u 2 2 0 0 u 0 2 0 0 0 0 0 2 0 0 0 d u u 0 u 0 
u 2 u u 0 0 u 2 0 0 2 2 0 u u 0 2 d 0 0 0 0 2 2 0 0 2 0 0 0 u 0 
u 2 u u 0 0 2 2 0 u u 2 0 0 u 0 2 d 0 0 0 0 2 0 0 0 2 2 0 0 u 0 
2 2 0 u 0 u 2 d 0 0 2 d 0 u u 0 d 0 u 0 0 0 2 u u 0 2 0 u 0 u 0 
2 2 0 u 0 u 2 d 0 u 2 d 0 0 u 0 d 0 u 0 0 0 2 0 u 0 2 u u 0 u 0 
2 d 0 u u 0 2 d 0 u 2 2 0 0 u 0 2 0 u 0 u 0 2 u u 0 2 0 0 0 0 0 
2 d 0 u u 0 2 2 0 0 2 d 0 u u 0 2 0 u 0 u 0 2 0 0 0 2 u u 0 0 0 
2 2 u u 0 0 2 2 0 u 2 u 0 u u 0 2 0 0 0 0 d 2 u 0 0 2 0 0 0 0 0 
2 2 u u 0 0 2 u 0 u 2 2 0 u u 0 2 0 0 0 0 d 2 0 0 0 2 u 0 0 0 0 
2 u 0 u u 0 2 d 0 u 2 2 0 0 u 0 2 0 u 0 0 d 2 u u 0 2 0 0 0 0 0 
2 u 0 u u 0 2 2 0 0 2 d 0 u u 0 2 0 u 0 0 d 2 0 0 0 2 u u 0 0 0 
u 2 u u 0 0 2 2 0 0 u 2 0 u u 0 2 d 0 0 0 0 2 u 0 0 2 d 0 0 u 0 
u 2 u u 0 0 u 2 0 u 2 2 0 0 u 0 2 d 0 0 0 0 2 d 0 0 2 u 0 0 u 0 
2 d u 0 u 0 2 d 0 0 2 2 0 u u 0 2 0 0 0 u 0 2 u u 0 2 0 0 0 u 0 
2 d u 0 u 0 2 2 0 u 2 d 0 0 u 0 2 0 0 0 u 0 2 0 0 0 2 u u 0 u 0 
2 d 0 u u 0 2 d 0 0 2 2 0 u u 0 2 0 u 0 u 0 2 0 u 0 2 u 0 0 0 0 
2 d 0 u u 0 2 2 0 u 2 d 0 0 u 0 2 0 u 0 u 0 2 u 0 0 2 0 u 0 0 0 
2 u 0 u u 0 2 d 0 0 2 2 0 u u 0 2 0 u 0 0 d 2 0 u 0 2 u 0 0 0 0 
2 u 0 u u 0 2 2 0 u 2 d 0 0 u 0 2 0 u 0 0 d 2 u 0 0 2 0 u 0 0 0 
2 2 u u d 0 2 2 0 0 2 u 0 0 u u 2 u 0 0 0 0 2 u 0 0 2 0 0 0 0 0 
2 2 u u d 0 2 u 0 0 2 2 0 0 u u 2 u 0 0 0 0 2 0 0 0 2 u 0 0 0 0 
2 2 u u 0 0 2 2 0 0 0 2 0 u u 0 2 u d u 0 0 2 0 0 0 2 u 0 0 0 0 
2 2 u u 0 0 0 2 0 u 2 2 0 0 u 0 2 u d u 0 0 2 u 0 0 2 0 0 0 0 0 
2 2 u u 0 u 2 2 0 u 2 0 0 0 0 0 2 2 0 0 0 0 2 u 0 0 2 0 0 0 u 0 
2 2 u u 0 u 2 0 0 0 2 2 0 u 0 0 2 2 0 0 0 0 2 0 0 0 2 u 0 0 u 0 
2 d u 0 u 0 2 d 0 u 2 2 0 0 u 0 2 0 0 0 u 0 2 0 u 0 2 u 0 0 u 0 
2 d u 0 u 0 2 2 0 0 2 d 0 u u 0 2 0 0 0 u 0 2 u 0 0 2 0 u 0 u 0 
2 2 u u 0 0 2 2 0 0 2 2 0 u d 0 u u 0 0 0 u 2 0 0 0 2 u 0 0 0 0 
2 2 u u 0 0 2 2 0 u 2 2 0 0 d 0 u u 0 0 0 u 2 u 0 0 2 0 0 0 0 0 
2 2 u 0 0 0 u 2 0 u 2 2 0 0 u 0 2 0 u 0 0 0 2 0 0 d 2 u 0 0 u 0 
2 2 u 0 0 0 2 2 0 0 u 2 0 u u 0 2 0 u 0 0 0 2 u 0 0 2 0 0 d u 0 
2 u d u 0 0 2 2 0 0 2 u 0 u u 0 2 0 u 0 0 0 2 u 0 0 2 0 d 0 u 0 
2 u d u 0 0 2 u 0 u 2 2 0 0 u 0 2 0 u 0 0 0 2 0 d 0 2 u 0 0 u 0 
2 2 u 0 0 0 u 2 0 0 2 2 0 u u 0 2 0 u 0 0 0 2 u 0 d 2 0 0 0 u 0 
2 2 u 0 0 0 2 2 0 u u 2 0 0 u 0 2 0 u 0 0 0 2 0 0 0 2 u 0 d u 0 
2 u d u 0 0 2 2 0 u 2 u 0 0 u 0 2 0 u 0 0 0 2 0 0 0 2 u d 0 u 0 
2 u d u 0 0 2 u 0 0 2 2 0 u u 0 2 0 u 0 0 0 2 u d 0 2 0 0 0 u 0 
2 2 0 u u 0 2 2 0 u 2 2 0 0 u 0 2 0 0 0 0 0 d 0 u 0 2 u 0 0 u 0 
2 2 0 u u 0 2 2 0 0 2 2 0 u u 0 2 0 0 0 0 0 2 u 0 0 d 0 u 0 u 0 
2 2 u u 0 0 2 2 0 u 2 0 d 0 u u 2 0 0 0 0 0 2 0 0 0 2 u u 0 0 0 
2 2 u u 0 0 2 0 d 0 2 2 0 u u u 2 0 0 0 0 0 2 u u 0 2 0 0 0 0 0 
2 u 2 u 0 0 2 2 0 0 2 0 0 u u 0 2 0 0 0 0 0 2 u 0 0 2 0 2 0 u 0 
2 u 2 u 0 0 2 0 0 u 2 2 0 0 u 0 2 0 0 0 0 0 2 0 2 0 2 u 0 0 u 0 
2 u 2 u 0 0 2 2 0 u 2 0 0 0 u 0 2 0 0 0 0 0 2 0 0 0 2 u 2 0 u 0 
2 u 2 u 0 0 2 0 0 0 2 2 0 u u 0 2 0 0 0 0 0 2 u 2 0 2 0 0 0 u 0 
d 2 u 0 0 0 2 2 0 u 2 u 0 0 0 0 2 u 0 0 u 0 2 0 0 0 2 u d 0 u u 
d 2 u 0 0 0 2 u 0 0 2 2 0 u 0 0 2 u 0 0 u 0 2 u d 0 2 0 0 0 u u 
d 2 u 0 0 0 2 2 0 0 2 u 0 u 0 0 2 u 0 0 u 0 2 u 0 0 2 0 d 0 u u 
d 2 u 0 0 0 2 u 0 u 2 2 0 0 0 0 2 u 0 0 u 0 2 0 d 0 2 u 0 0 u u 
2 2 u 0 0 0 2 2 0 0 d 2 0 u 0 u 2 u 0 u 0 0 d u 0 0 2 0 0 0 u u 
2 2 u 0 0 0 d 2 0 u 2 2 0 0 0 u 2 u 0 u 0 0 2 0 0 0 d u 0 0 u u 
2 d u u 0 0 2 2 0 0 d 2 0 u u 0 2 u 0 0 0 0 2 u 0 0 2 0 0 u u 0 
2 d u u 0 0 d 2 0 u 2 2 0 0 u 0 2 u 0 0 0 0 2 0 0 u 2 u 0 0 u 0 
u 2 u u 0 0 2 u 0 0 2 2 d u u d 2 0 0 0 0 0 2 u 0 0 2 0 0 0 u 0 
u 2 u u 0 0 2 2 d u 2 u 0 0 u d 2 0 0 0 0 0 2 0 0 0 2 u 0 0 u 0 
2 2 u u 0 0 2 u 0 u 2 2 0 0 u u 2 0 d 0 0 0 2 0 0 0 d u 0 0 u 0 
2 2 u u 0 0 2 2 0 0 2 u 0 u u u 2 0 d 0 0 0 d u 0 0 2 0 0 0 u 0 
2 2 u 0 0 0 2 2 0 u d 2 0 0 0 u 2 u 0 u 0 0 d 0 0 0 2 u 0 0 u u 
2 2 u 0 0 0 d 2 0 0 2 2 0 u 0 u 2 u 0 u 0 0 2 u 0 0 d 0 0 0 u u 
2 d u u 0 0 2 2 0 u d 2 0 0 u 0 2 u 0 0 0 0 2 0 0 0 2 u 0 u u 0 
2 d u u 0 0 d 2 0 0 2 2 0 u u 0 2 u 0 0 0 0 2 u 0 u 2 0 0 0 u 0 
2 d u u 0 u 2 2 0 u 2 2 0 0 u 0 2 u 0 0 0 0 2 u 0 0 d 0 0 u 0 0 
2 d u u 0 u 2 2 0 0 2 2 0 u u 0 2 u 0 0 0 0 d 0 0 u 2 u 0 0 0 0 
2 2 0 u 0 0 2 2 0 u 2 2 0 0 u u 2 0 0 0 0 0 2 0 u 0 d u 0 0 u 0 
2 2 0 u 0 0 2 2 0 0 2 2 0 u u u 2 0 0 0 0 0 d u 0 0 2 0 u 0 u 0 
2 d u u 0 u 2 2 0 0 2 2 0 u u 0 2 u 0 0 0 0 2 0 0 0 d u 0 u 0 0 
2 d u u 0 u 2 2 0 u 2 2 0 0 u 0 2 u 0 0 0 0 d u 0 u 2 0 0 0 0 0 
2 d u u 0 0 2 2 0 u 2 u 0 0 u 0 2 u 0 d 0 0 2 u 0 0 2 0 0 u 0 0 
2 d u u 0 0 2 u 0 0 2 2 0 u u 0 2 u 0 d 0 0 2 0 0 u 2 u 0 0 0 0 
d 2 u u 0 0 2 u 0 0 2 2 0 u u 0 2 u 0 0 0 0 2 0 0 0 2 u 0 u d 0 
d 2 u u 0 0 2 2 0 u 2 u 0 0 u 0 2 u 0 0 0 0 2 u 0 u 2 0 0 0 d 0 
2 2 0 u 0 u 2 0 0 0 2 2 0 u u 0 2 0 0 0 0 0 2 u 2 0 2 0 0 0 u 0 
2 2 0 u 0 u 2 2 0 u 2 0 0 0 u 0 2 0 0 0 0 0 2 0 0 0 2 u 2 0 u 0 
2 2 0 u 0 u 2 0 0 u 2 2 0 0 u 0 2 0 0 0 0 0 2 0 2 0 2 u 0 0 u 0 
2 2 0 u 0 u 2 2 0 0 2 0 0 u u 0 2 0 0 0 0 0 2 u 0 0 2 0 2 0 u 0 
2 d u u 0 0 2 u 0 u 2 u 0 0 u u 2 0 0 0 u 0 2 0 d 0 2 u d 0 0 0 
2 d u u 0 0 2 u 0 0 2 u 0 u u u 2 0 0 0 u 0 2 u d 0 2 0 d 0 0 0 
2 2 0 u u u 2 2 0 0 2 2 0 u 0 0 d 0 u 0 0 0 2 0 0 0 2 u 0 0 u 0 
2 2 0 u u u 2 2 0 u 2 2 0 0 0 0 d 0 u 0 0 0 2 u 0 0 2 0 0 0 u 0 
2 d u u 0 0 2 2 0 0 u 2 0 u u 0 2 0 0 0 0 d 2 u 0 0 2 0 0 u u 0 
2 d u u 0 0 u 2 0 u 2 2 0 0 u 0 2 0 0 0 0 d 2 0 0 u 2 u 0 0 u 0 
2 2 u u 0 0 2 2 0 0 0 2 0 u u 0 2 2 0 0 0 u 2 0 0 0 2 u 0 0 0 0 
2 2 u u 0 0 0 2 0 u 2 2 0 0 u 0 2 2 0 0 0 u 2 u 0 0 2 0 0 0 0 0 
2 2 u u 0 0 0 2 0 0 2 2 0 u u 0 2 2 0 0 0 u 2 0 0 0 2 u 0 0 0 0 
2 2 u u 0 0 2 2 0 u 0 2 0 0 u 0 2 2 0 0 0 u 2 u 0 0 2 0 0 0 0 0 
2 u u u u 0 2 2 0 u 2 2 0 0 u 0 2 0 0 0 0 0 2 0 0 0 2 0 0 d u 0 
2 u u u u 0 2 2 0 0 2 2 0 u u 0 2 0 0 0 0 0 2 0 0 d 2 0 0 0 u 0 
2 2 u u 0 0 2 2 0 0 d 2 0 u u u 2 0 0 0 0 0 2 0 u 0 2 u 0 0 0 0 
2 2 u u 0 0 d 2 0 u 2 2 0 0 u u 2 0 0 0 0 0 2 u 0 0 2 0 u 0 0 0 
u 2 u u u 0 2 2 0 u 2 2 0 0 u 0 2 u 0 0 0 0 2 0 d 0 2 0 0 0 0 0 
u 2 u u u 0 2 2 0 0 2 2 0 u u 0 2 u 0 0 0 0 2 0 0 0 2 0 d 0 0 0 
2 u u u 0 d 2 u 0 0 2 2 0 u u u u 0 0 0 d 0 2 u d 0 2 0 0 0 0 0 
2 u u u 0 d 2 2 0 u 2 u 0 0 u u u 0 0 0 d 0 2 0 0 0 2 u d 0 0 0 
2 u u u 0 0 2 2 0 0 2 2 0 u 0 0 2 0 0 u 0 d 2 0 0 0 2 u 0 0 u 0 
2 u u u 0 0 2 2 0 u 2 2 0 0 0 0 2 0 0 u 0 d 2 u 0 0 2 0 0 0 u 0 
2 u u u 0 d 2 u 0 u 2 2 0 0 u u u 0 0 0 d 0 2 0 d 0 2 u 0 0 0 0 
2 u u u 0 d 2 2 0 0 2 u 0 u u u u 0 0 0 d 0 2 u 0 0 2 0 d 0 0 0 
2 d 2 0 0 0 2 2 0 u 2 2 0 0 u u u u 0 0 u 0 2 0 0 0 2 u 0 0 0 0 
2 d 2 0 0 0 2 2 0 0 2 2 0 u u u u u 0 0 u 0 2 u 0 0 2 0 0 0 0 0 
2 d u 0 0 u 2 u 0 u 2 2 0 0 u 0 d u 0 0 u 0 2 0 d 0 2 u 0 0 u 0 
2 d u 0 0 u 2 2 0 0 2 u 0 u u 0 d u 0 0 u 0 2 u 0 0 2 0 d 0 u 0 
u 2 u u 0 0 2 2 0 0 2 2 0 u 0 0 2 0 0 0 0 u 2 u 0 0 2 0 0 0 2 0 
u 2 u u 0 0 2 2 0 u 2 2 0 0 0 0 2 0 0 0 0 u 2 0 0 0 2 u 0 0 2 0 
2 d u 0 0 u 2 u 0 0 2 2 0 u u 0 d u 0 0 u 0 2 u d 0 2 0 0 0 u 0 
2 d u 0 0 u 2 2 0 u 2 u 0 0 u 0 d u 0 0 u 0 2 0 0 0 2 u d 0 u 0 
2 2 u 0 d 0 2 u 0 u 2 2 0 0 u u 2 0 0 0 0 0 2 u 0 0 2 u 0 0 0 0 
2 2 u 0 d 0 2 2 0 0 2 u 0 u u u 2 0 0 0 0 0 2 u 0 0 2 u 0 0 0 0 
2 u d 0 0 0 2 2 0 u 2 2 0 0 u 0 u u 0 0 2 0 2 0 0 0 2 u 0 0 u 0 
2 u d 0 0 0 2 2 0 0 2 2 0 u u 0 u u 0 0 2 0 2 u 0 0 2 0 0 0 u 0 
2 2 u u 0 0 2 d 0 0 2 d 0 u u 0 2 u 0 0 0 0 2 u 0 0 2 0 0 0 u u 
2 2 u u 0 0 2 d 0 u 2 d 0 0 u 0 2 u 0 0 0 0 2 0 0 0 2 u 0 0 u u 
2 2 u u 0 0 2 u 0 0 2 2 0 0 u 0 2 0 0 0 0 0 2 u 0 u 2 d 0 0 u 0 
2 2 u u 0 0 2 2 0 0 2 u 0 0 u 0 2 0 0 0 0 0 2 d 0 0 2 u 0 u u 0 
2 2 u u 0 0 0 2 0 0 2 2 0 u u 0 2 u d u 0 0 2 0 0 0 2 u 0 0 0 0 
2 2 u u 0 0 2 2 0 u 0 2 0 0 u 0 2 u d u 0 0 2 u 0 0 2 0 0 0 0 0 
2 2 u u 0 0 2 2 0 u 2 2 0 0 u 0 2 0 0 0 0 0 u 0 d 0 u u 0 d u 0 
2 2 u u 0 0 2 2 0 0 2 2 0 u u 0 2 0 0 0 0 0 u u 0 d u 0 d 0 u 0 
2 2 u u 0 0 2 2 0 0 2 2 0 u u 0 2 0 0 0 0 0 u u d 0 u 0 0 d u 0 
2 2 u u 0 0 2 2 0 u 2 2 0 0 u 0 2 0 0 0 0 0 u 0 0 d u u d 0 u 0 
2 2 u u 0 0 2 u 0 0 2 2 0 0 u 0 2 0 0 0 0 0 2 d 0 u 2 u 0 0 u 0 
2 2 u u 0 0 2 2 0 0 2 u 0 0 u 0 2 0 0 0 0 0 2 u 0 0 2 d 0 u u 0 
2 u u 0 u 0 2 d 0 u 2 2 0 0 u 0 2 0 0 0 d 0 2 0 u 0 2 u 0 0 u 0 
2 u u 0 u 0 2 2 0 0 2 d 0 u u 0 2 0 0 0 d 0 2 u 0 0 2 0 u 0 u 0 
2 d u 0 0 d 2 u 0 0 2 u u u u 0 2 u 0 0 0 0 2 u d 0 2 0 0 0 u 0 
2 d u 0 0 d 2 u u u 2 u 0 0 u 0 2 u 0 0 0 0 2 0 0 0 2 u d 0 u 0 
u 2 u u d 0 2 u d 0 2 2 0 u u 0 2 0 0 0 0 0 2 u 0 0 2 0 0 0 u 0 
u 2 u u d 0 2 2 0 u 2 u d 0 u 0 2 0 0 0 0 0 2 0 0 0 2 u 0 0 u 0 
2 u u 0 u 0 2 d 0 0 2 2 0 u u 0 2 0 0 0 d 0 2 u u 0 2 0 0 0 u 0 
2 u u 0 u 0 2 2 0 u 2 d 0 0 u 0 2 0 0 0 d 0 2 0 0 0 2 u u 0 u 0 
2 2 u u 0 0 u 2 0 0 2 d 0 u u 0 2 0 0 0 0 d 2 u 0 0 2 0 0 0 u u 
2 2 u u 0 0 2 d 0 u u 2 0 0 u 0 2 0 0 0 0 d 2 0 0 0 2 u 0 0 u u 
2 2 u u 0 0 2 d 0 0 2 2 0 u 0 0 2 0 0 u 0 0 2 0 u 0 2 u 0 0 u 0 
2 2 u u 0 0 2 2 0 u 2 d 0 0 0 0 2 0 0 u 0 0 2 u 0 0 2 0 u 0 u 0 
2 2 2 u 0 0 2 u 0 0 2 2 0 u u 0 2 2 0 0 0 0 u 0 0 0 2 u 0 0 0 0 
2 2 2 u 0 0 2 2 0 u 2 u 0 0 u 0 2 2 0 0 0 0 2 u 0 0 u 0 0 0 0 0 
2 2 u u 0 0 2 2 0 0 u 2 0 u u u 2 0 d 0 0 0 2 0 0 0 2 0 0 0 u 0 
2 2 u u 0 0 u 2 0 u 2 2 0 0 u u 2 0 d 0 0 0 2 0 0 0 2 0 0 0 u 0 
2 2 u u 0 0 2 2 0 2 u 2 0 0 u 0 2 0 0 0 0 0 2 0 0 u 2 0 0 0 u 0 
2 2 u u 0 0 u 2 0 0 2 2 0 2 u 0 2 0 0 0 0 0 2 0 0 0 2 0 0 u u 0 
2 2 u u 0 0 u 2 0 u 2 d 0 0 u 0 2 0 0 0 0 d 2 0 0 0 2 u 0 0 u u 
2 2 u u 0 0 2 d 0 0 u 2 0 u u 0 2 0 0 0 0 d 2 u 0 0 2 0 0 0 u u 
2 2 u u 0 0 2 u 0 u 2 2 0 0 u d 2 0 0 0 0 0 u 0 0 0 2 u 0 0 u d 
2 2 u u 0 0 2 2 0 0 2 u 0 u u d 2 0 0 0 0 0 2 u 0 0 u 0 0 0 u d 
2 u 0 u 0 d 2 u d 0 2 2 0 u u u 2 0 u 0 0 0 2 u 0 0 2 0 0 0 0 0 
2 u 0 u 0 d 2 2 0 u 2 u d 0 u u 2 0 u 0 0 0 2 0 0 0 2 u 0 0 0 0 
2 2 u u 0 0 2 2 0 u u 2 u 0 u 0 2 u 0 0 0 0 2 d 0 0 2 0 0 0 0 0 
2 2 u u 0 0 u 2 u 0 2 2 0 u u 0 2 u 0 0 0 0 2 0 0 0 2 d 0 0 0 0 
2 d u u 0 0 2 2 0 0 u 2 0 u u 0 2 0 u 0 0 0 2 u 0 0 2 0 0 d u 0 
2 d u u 0 0 u 2 0 u 2 2 0 0 u 0 2 0 u 0 0 0 2 0 0 d 2 u 0 0 u 0 
2 d u u 0 0 2 2 0 u u 2 0 0 u 0 2 0 u 0 0 0 2 0 0 0 2 u 0 d u 0 
2 d u u 0 0 u 2 0 0 2 2 0 u u 0 2 0 u 0 0 0 2 u 0 d 2 0 0 0 u 0 
2 2 u 2 0 0 u 2 0 0 2 2 0 u u 0 2 u 0 0 0 0 2 0 0 0 u u 0 0 d 0 
2 2 u 2 0 0 2 2 0 u u 2 0 0 u 0 2 u 0 0 0 0 u u 0 0 2 0 0 0 d 0 
2 2 u u 0 0 2 2 0 0 u 2 0 u 2 0 2 2 0 0 0 0 u 0 0 0 2 u 0 0 0 0 
2 2 u u 0 0 u 2 0 u 2 2 0 0 2 0 2 2 0 0 0 0 2 u 0 0 u 0 0 0 0 0 
2 2 u u 0 0 2 u u u 2 2 0 0 u 0 2 u 0 0 0 0 d u d 0 2 0 0 0 0 0 
2 2 u u 0 0 2 2 0 0 2 u u u u 0 2 u 0 0 0 0 2 0 0 0 d u d 0 0 0 
2 d u u 0 0 2 2 0 0 2 2 0 u 2 0 u 0 0 0 0 0 2 u 0 0 2 0 0 0 u u 
2 d u u 0 0 2 2 0 u 2 2 0 0 2 0 u 0 0 0 0 0 2 0 0 0 2 u 0 0 u u 
2 2 2 0 0 0 2 2 0 u 2 u 0 0 u u 2 u 0 u 0 0 2 0 0 0 2 0 0 0 0 0 
2 2 2 0 0 0 2 u 0 0 2 2 0 u u u 2 u 0 u 0 0 2 0 0 0 2 0 0 0 0 0 
2 d u 0 0 d 2 u 0 u 2 u u 0 u 0 2 u 0 0 0 0 2 0 d 0 2 u 0 0 u 0 
2 d u 0 0 d 2 u u 0 2 u 0 u u 0 2 u 0 0 0 0 2 u 0 0 2 0 d 0 u 0 
2 0 u 0 u 2 2 2 0 0 2 2 0 u 0 u 2 0 0 0 0 0 2 u 0 0 2 0 0 0 u 0 
2 0 u 0 u 2 2 2 0 u 2 2 0 0 0 u 2 0 0 0 0 0 2 0 0 0 2 u 0 0 u 0 
u 2 u 0 0 0 2 2 0 0 2 2 0 u u 0 2 2 u 0 0 0 2 0 0 0 2 u 0 0 0 0 
u 2 u 0 0 0 2 2 0 u 2 2 0 0 u 0 2 2 u 0 0 0 2 u 0 0 2 0 0 0 0 0 
2 2 u u 0 d 2 2 0 0 2 2 0 u u u 2 0 0 0 0 0 2 0 0 0 u 0 0 0 u 0 
2 2 u u 0 d 2 2 0 u 2 2 0 0 u u 2 0 0 0 0 0 u 0 0 0 2 0 0 0 u 0 
2 2 u 2 0 0 2 2 0 0 u 2 0 u u 0 2 u 0 0 0 0 u 0 0 0 2 u 0 0 d 0 
2 2 u 2 0 0 u 2 0 u 2 2 0 0 u 0 2 u 0 0 0 0 2 u 0 0 u 0 0 0 d 0 
2 2 0 u 0 0 2 2 0 0 u 2 0 u u 0 2 0 d 0 0 0 2 u 0 0 2 0 0 u u 0 
2 2 0 u 0 0 u 2 0 u 2 2 0 0 u 0 2 0 d 0 0 0 2 0 0 u 2 u 0 0 u 0 
2 2 u u 0 0 u 2 0 0 2 2 0 u 2 0 2 2 0 0 0 0 2 0 0 0 u u 0 0 0 0 
2 2 u u 0 0 2 2 0 u u 2 0 0 2 0 2 2 0 0 0 0 u u 0 0 2 0 0 0 0 0 
2 2 u u 0 0 2 2 0 0 u 2 u u u 0 2 u 0 0 0 0 2 0 0 0 2 d 0 0 0 0 
2 2 u u 0 0 u 2 u u 2 2 0 0 u 0 2 u 0 0 0 0 2 d 0 0 2 0 0 0 0 0 
u d u u 0 0 2 2 0 0 2 2 0 u 2 u 2 u 0 0 0 0 2 0 0 0 2 u 0 0 0 0 
u d u u 0 0 2 2 0 u 2 2 0 0 2 u 2 u 0 0 0 0 2 u 0 0 2 0 0 0 0 0 
2 u 0 u 0 d 2 u d u 2 2 0 0 u u 2 0 u 0 0 0 2 0 0 0 2 u 0 0 0 0 
2 u 0 u 0 d 2 2 0 0 2 u d u u u 2 0 u 0 0 0 2 u 0 0 2 0 0 0 0 0 
2 u 0 0 0 0 2 2 0 0 2 2 0 u 0 0 2 u u u 0 d 2 0 0 0 2 u 0 0 u 0 
2 u 0 0 0 0 2 2 0 u 2 2 0 0 0 0 2 u u u 0 d 2 u 0 0 2 0 0 0 u 0 
2 2 2 u 0 0 2 2 0 0 2 u 0 u u 0 2 u 0 0 0 0 u 0 0 0 2 u 0 0 d 0 
2 2 2 u 0 0 2 u 0 u 2 2 0 0 u 0 2 u 0 0 0 0 2 u 0 0 u 0 0 0 d 0 
2 d u u 0 0 2 2 0 0 2 u 0 u u 0 2 u 0 d 0 0 2 0 0 0 2 u 0 u 0 0 
2 d u u 0 0 2 u 0 u 2 2 0 0 u 0 2 u 0 d 0 0 2 u 0 u 2 0 0 0 0 0 
2 2 u u 0 0 u 2 0 0 2 2 0 u u u 2 0 0 0 0 0 2 2 0 0 2 0 0 0 0 0 
2 2 u u 0 0 2 2 0 u u 2 0 0 u u 2 0 0 0 0 0 2 0 0 0 2 2 0 0 0 0 
2 2 u u 0 0 u 2 0 u 2 2 0 0 u u 2 0 0 0 0 0 2 d 0 0 2 u 0 0 0 0 
2 2 u u 0 0 2 2 0 0 u 2 0 u u u 2 0 0 0 0 0 2 u 0 0 2 d 0 0 0 0 
2 d u u 0 u 2 u d 0 2 2 0 u u 0 2 0 0 0 0 0 2 u 0 0 2 0 0 0 u 0 
2 d u u 0 u 2 2 0 u 2 u d 0 u 0 2 0 0 0 0 0 2 0 0 0 2 u 0 0 u 0 
2 d u 0 0 0 2 d 0 0 2 2 0 u 0 0 2 u u u 0 0 2 0 u 0 2 u 0 0 u 0 
2 d u 0 0 0 2 2 0 u 2 d 0 0 0 0 2 u u u 0 0 2 u 0 0 2 0 u 0 u 0 
2 d u u 0 u 2 u d u 2 2 0 0 u 0 2 0 0 0 0 0 2 0 0 0 2 u 0 0 u 0 
2 d u u 0 u 2 2 0 0 2 u d u u 0 2 0 0 0 0 0 2 u 0 0 2 0 0 0 u 0 
2 d u 0 0 0 2 2 0 0 2 d 0 u 0 0 2 u u u 0 0 2 0 0 0 2 u u 0 u 0 
2 d u 0 0 0 2 d 0 u 2 2 0 0 0 0 2 u u u 0 0 2 u u 0 2 0 0 0 u 0 
2 2 0 u 0 0 2 2 0 u u 2 0 0 u 0 2 0 d 0 0 0 2 0 0 0 2 u 0 u u 0 
2 2 0 u 0 0 u 2 0 0 2 2 0 u u 0 2 0 d 0 0 0 2 u 0 u 2 0 0 0 u 0 
u 2 u u 0 0 2 2 0 0 2 2 0 u 0 0 2 u 0 0 0 0 2 u 0 0 2 u d 0 0 0 
u 2 u u 0 0 2 2 0 u 2 2 0 0 0 0 2 u 0 0 0 0 2 u d 0 2 u 0 0 0 0 
2 2 0 u 0 d 2 0 0 0 2 2 0 u u 0 u 0 u 0 0 0 2 u 2 0 2 0 0 0 u 0 
2 2 0 u 0 d 2 2 0 u 2 0 0 0 u 0 u 0 u 0 0 0 2 0 0 0 2 u 2 0 u 0 
d u u u 0 0 2 2 0 0 2 2 0 u u 0 2 u d 0 u 0 2 0 0 0 2 u 0 0 0 0 
d u u u 0 0 2 2 0 u 2 2 0 0 u 0 2 u d 0 u 0 2 u 0 0 2 0 0 0 0 0 
2 2 0 u 0 d 2 0 0 u 2 2 0 0 u 0 u 0 u 0 0 0 2 0 2 0 2 u 0 0 u 0 
2 2 0 u 0 d 2 2 0 0 2 0 0 u u 0 u 0 u 0 0 0 2 u 0 0 2 0 2 0 u 0 
2 2 u u 0 0 2 2 0 0 d u 0 u u 0 2 u 0 u 0 d 2 0 0 0 2 u 0 0 0 0 
2 2 u u 0 0 d u 0 u 2 2 0 0 u 0 2 u 0 u 0 d 2 u 0 0 2 0 0 0 0 0 
2 d u u 0 2 2 2 0 u 2 0 0 0 u u 2 0 0 0 u 0 2 0 0 0 2 u 0 0 0 0 
2 d u u 0 2 2 0 0 0 2 2 0 u u u 2 0 0 0 u 0 2 u 0 0 2 0 0 0 0 0 
2 2 u 0 u 0 2 2 0 u 2 d u 0 0 u 2 0 0 0 0 0 2 0 0 0 2 u 0 0 0 u 
2 2 u 0 u 0 2 d u 0 2 2 0 u 0 u 2 0 0 0 0 0 2 u 0 0 2 0 0 0 0 u 
u 2 u u 0 0 2 u 0 u 2 2 d 0 u d 2 0 0 0 0 0 2 0 0 0 2 u 0 0 u 0 
u 2 u u 0 0 2 2 d 0 2 u 0 u u d 2 0 0 0 0 0 2 u 0 0 2 0 0 0 u 0 
2 2 u 0 u 0 2 2 0 0 2 d u u 0 u 2 0 0 0 0 0 2 u 0 0 2 0 0 0 0 u 
2 2 u 0 u 0 2 d u u 2 2 0 0 0 u 2 0 0 0 0 0 2 0 0 0 2 u 0 0 0 u 
2 d u u 0 2 2 2 0 0 2 0 0 u u u 2 0 0 0 u 0 2 u 0 0 2 0 0 0 0 0 
2 d u u 0 2 2 0 0 u 2 2 0 0 u u 2 0 0 0 u 0 2 0 0 0 2 u 0 0 0 0 
2 2 u u 0 0 2 u 0 0 2 2 0 0 0 u 2 u 0 d 0 0 2 0 0 0 2 u 0 0 u 0 
2 2 u u 0 0 2 2 0 0 2 u 0 0 0 u 2 u 0 d 0 0 2 u 0 0 2 0 0 0 u 0 
u d u 2 u 0 2 2 0 0 2 2 0 u u 0 2 u 0 0 0 0 2 0 0 0 2 u 0 0 0 0 
u d u 2 u 0 2 2 0 u 2 2 0 0 u 0 2 u 0 0 0 0 2 u 0 0 2 0 0 0 0 0 
2 d u 0 0 0 2 2 0 u 2 2 u u u 0 2 u 0 0 0 0 2 u 0 0 2 0 0 0 0 0 
2 d u 0 0 0 2 2 u u 2 2 0 u u 0 2 u 0 0 0 0 2 0 0 0 2 u 0 0 0 0 
2 2 u u 0 0 2 2 0 u u 2 0 0 u u 2 0 d 0 0 0 d 0 0 0 2 u 0 0 u 0 
2 2 u u 0 0 u 2 0 0 2 2 0 u u u 2 0 d 0 0 0 2 u 0 0 d 0 0 0 u 0 
2 u 2 u 0 0 2 2 0 0 2 2 0 u u 0 u 0 0 0 d 0 2 u 0 0 2 0 0 0 u 0 
2 u 2 u 0 0 2 2 0 u 2 2 0 0 u 0 u 0 0 0 d 0 2 0 0 0 2 u 0 0 u 0 
2 2 u u 0 0 2 2 0 0 u 2 0 u u u 2 0 d 0 0 0 d u 0 0 2 0 0 0 u 0 
2 2 u u 0 0 u 2 0 u 2 2 0 0 u u 2 0 d 0 0 0 2 0 0 0 d u 0 0 u 0 
2 2 2 u 0 0 2 2 0 0 2 2 0 u u u 2 u 0 0 0 0 u 0 0 0 2 0 0 0 0 0 
2 2 2 u 0 0 2 2 0 u 2 2 0 0 u u 2 u 0 0 0 0 2 0 0 0 u 0 0 0 0 0 
2 0 u u 0 0 2 u 0 u 2 2 0 0 u u 2 0 0 0 0 2 2 0 d 0 2 u 0 0 0 0 
2 0 u u 0 0 2 2 0 0 2 u 0 u u u 2 0 0 0 0 2 2 u 0 0 2 0 d 0 0 0 
2 0 u u 0 0 2 u 0 0 2 2 0 u u u 2 0 0 0 0 2 2 u d 0 2 0 0 0 0 0 
2 0 u u 0 0 2 2 0 u 2 u 0 0 u u 2 0 0 0 0 2 2 0 0 0 2 u d 0 0 0 
2 2 2 u 0 0 2 2 0 0 2 u 0 u u 0 2 2 0 0 0 0 2 0 0 0 u u 0 0 0 0 
2 2 2 u 0 0 2 u 0 u 2 2 0 0 u 0 2 2 0 0 0 0 u u 0 0 2 0 0 0 0 0 
2 2 0 0 0 0 2 2 0 0 2 2 0 u u 0 2 u 0 0 0 u 2 u 0 0 2 0 0 0 0 u 
2 2 0 0 0 0 2 2 0 u 2 2 0 0 u 0 2 u 0 0 0 u 2 0 0 0 2 u 0 0 0 u 
2 2 u u 0 0 u 2 u 0 2 2 0 u d 0 2 u 0 0 0 0 2 0 0 0 2 u 0 0 0 0 
2 2 u u 0 0 2 2 0 u u 2 u 0 d 0 2 u 0 0 0 0 2 u 0 0 2 0 0 0 0 0 
2 2 u u 0 0 2 u u 0 2 2 0 u u 0 2 u 0 0 0 0 d 0 d 0 2 u 0 0 0 0 
2 2 u u 0 0 2 2 0 u 2 u u 0 u 0 2 u 0 0 0 0 2 u 0 0 d 0 d 0 0 0 
2 2 u u 0 0 2 2 0 u 2 d d 0 u 0 u u 0 0 u 0 2 u 0 0 2 0 0 0 0 0 
2 2 u u 0 0 2 d d 0 2 2 0 u u 0 u u 0 0 u 0 2 0 0 0 2 u 0 0 0 0 
2 2 u u 0 0 2 2 0 0 2 2 0 u u 0 2 u 0 0 0 0 d u 0 0 u 2 0 0 0 0 
2 2 u u 0 0 2 2 0 u 2 2 0 0 u 0 2 u 0 0 0 0 u 2 0 0 d u 0 0 0 0 
2 d u u 0 0 2 u 0 u 2 2 0 0 u 0 2 u 0 0 0 0 2 u 0 0 2 0 0 u 0 d 
2 d u u 0 0 2 2 0 0 2 u 0 u u 0 2 u 0 0 0 0 2 0 0 u 2 u 0 0 0 d 
2 2 u u 0 0 2 2 0 u d 2 0 0 u u 2 0 0 0 0 0 2 u u 0 2 0 0 0 0 0 
2 2 u u 0 0 d 2 0 0 2 2 0 u u u 2 0 0 0 0 0 2 0 0 0 2 u u 0 0 0 
2 2 u u 0 0 2 2 0 0 u 2 0 u u d 2 0 0 0 0 0 2 0 u 0 2 u 0 0 0 0 
2 2 u u 0 0 u 2 0 u 2 2 0 0 u d 2 0 0 0 0 0 2 u 0 0 2 0 u 0 0 0 
2 u u 0 0 0 2 u 0 u 2 u 0 0 u 0 2 u 0 0 0 d 2 0 d 0 2 u d 0 u 0 
2 u u 0 0 0 2 u 0 0 2 u 0 u u 0 2 u 0 0 0 d 2 u d 0 2 0 d 0 u 0 
2 2 u u 0 0 2 2 0 0 2 d d u u 0 u u 0 0 u 0 2 0 0 0 2 u 0 0 0 0 
2 2 u u 0 0 2 d d u 2 2 0 0 u 0 u u 0 0 u 0 2 u 0 0 2 0 0 0 0 0 
2 0 u u 0 0 2 d 0 u 2 2 0 0 0 0 2 u 0 0 2 0 2 u u 0 2 0 0 0 0 u 
2 0 u u 0 0 2 2 0 0 2 d 0 u 0 0 2 u 0 0 2 0 2 0 0 0 2 u u 0 0 u 
2 2 u 0 0 0 2 2 0 u 2 2 u 0 u 0 2 0 0 0 0 u 2 0 0 0 d u 0 0 u 0 
2 2 u 0 0 0 2 2 u 0 2 2 0 u u 0 2 0 0 0 0 u d u 0 0 2 0 0 0 u 0 
2 2 u 0 0 0 2 2 0 u 2 2 0 u u 0 2 u 0 0 0 0 2 0 0 0 d u 0 0 0 u 
2 2 u 0 0 0 2 2 0 u 2 2 0 u u 0 2 u 0 0 0 0 d u 0 0 2 0 0 0 0 u 
2 2 d u 0 0 2 2 0 0 2 2 0 u u 0 2 0 0 0 0 0 2 u 0 0 u 0 0 u u 0 
2 2 d u 0 0 2 2 0 u 2 2 0 0 u 0 2 0 0 0 0 0 u 0 0 u 2 u 0 0 u 0 
2 0 u 0 2 0 2 u 0 u 2 2 0 0 u 0 2 u 0 0 0 0 2 0 d 0 2 u 0 0 u 0 
2 0 u 0 2 0 2 2 0 0 2 u 0 u u 0 2 u 0 0 0 0 2 u 0 0 2 0 d 0 u 0 
2 0 u 0 2 0 2 u 0 0 2 2 0 u u 0 2 u 0 0 0 0 2 u d 0 2 0 0 0 u 0 
2 0 u 0 2 0 2 2 0 u 2 u 0 0 u 0 2 u 0 0 0 0 2 0 0 0 2 u d 0 u 0 
2 2 u u 0 0 2 2 0 u d u 0 0 u 0 2 u 0 u 0 d 2 u 0 0 2 0 0 0 0 0 
2 2 u u 0 0 d u 0 0 2 2 0 u u 0 2 u 0 u 0 d 2 0 0 0 2 u 0 0 0 0 
2 0 u u 0 0 2 d 0 0 2 2 0 u 0 0 2 u 0 0 2 0 2 0 u 0 2 u 0 0 0 u 
2 0 u u 0 0 2 2 0 u 2 d 0 0 0 0 2 u 0 0 2 0 2 u 0 0 2 0 u 0 0 u 
u 2 u u 0 0 2 2 0 u 2 2 u 0 u 0 2 0 0 0 0 0 2 0 0 d 2 u 0 0 0 0 
u 2 u u 0 0 2 2 u 0 2 2 0 u u 0 2 0 0 0 0 0 2 u 0 0 2 0 0 d 0 0 
2 2 u u 0 0 d 2 0 0 2 u 0 u u 0 2 2 0 0 0 0 2 0 0 0 2 u 0 0 0 u 
2 2 u u 0 0 2 u 0 u d 2 0 0 u 0 2 2 0 0 0 0 2 u 0 0 2 0 0 0 0 u 
2 d u u 0 0 2 2 0 u 2 2 u u 0 0 2 u 0 0 0 0 2 0 0 0 2 u 0 0 0 0 
2 d u u 0 0 2 2 u u 2 2 0 u 0 0 2 u 0 0 0 0 2 u 0 0 2 0 0 0 0 0 
u 2 u 0 0 0 2 2 0 u 2 2 0 0 u 0 2 u 0 0 0 0 2 u 0 0 2 u d 0 0 0 
u 2 u 0 0 0 2 2 0 0 2 2 0 u u 0 2 u 0 0 0 0 2 u d 0 2 u 0 0 0 0 
2 2 2 0 u 0 2 2 0 0 2 2 0 u 0 0 u u 0 0 0 0 2 0 0 0 2 u 0 0 u 0 
2 2 2 0 u 0 2 2 0 u 2 2 0 0 0 0 u u 0 0 0 0 2 u 0 0 2 0 0 0 u 0 
2 u u u 0 d 2 d u 0 2 2 0 u u 0 2 0 0 0 0 0 2 u 0 0 2 0 0 0 u 0 
2 u u u 0 d 2 2 0 u 2 d u 0 u 0 2 0 0 0 0 0 2 0 0 0 2 u 0 0 u 0 
2 u u 0 u 0 2 2 0 0 2 d 0 u u 0 2 0 0 0 d 0 2 u 0 0 2 0 0 u u 0 
2 u u 0 u 0 2 d 0 u 2 2 0 0 u 0 2 0 0 0 d 0 2 0 0 u 2 u 0 0 u 0 
2 u u u 0 d 2 d u u 2 2 0 0 u 0 2 0 0 0 0 0 2 0 0 0 2 u 0 0 u 0 
2 u u u 0 d 2 2 0 0 2 d u u u 0 2 0 0 0 0 0 2 u 0 0 2 0 0 0 u 0 
2 2 u 0 u 0 2 u d 0 2 u d u 0 u 2 0 0 0 0 0 2 u 0 0 2 0 0 0 u 0 
2 2 u 0 u 0 2 u d u 2 u d 0 0 u 2 0 0 0 0 0 2 0 0 0 2 u 0 0 u 0 
u 2 u u 0 0 2 2 0 0 2 2 u u u 0 2 0 0 0 0 0 2 u 0 d 2 0 0 0 0 0 
u 2 u u 0 0 2 2 u u 2 2 0 0 u 0 2 0 0 0 0 0 2 0 0 0 2 u 0 d 0 0 
2 0 u u 0 0 2 2 0 0 2 2 0 u u 0 2 0 0 u 2 0 2 0 0 0 2 u 0 0 0 0 
2 0 u u 0 0 2 2 0 u 2 2 0 0 u 0 2 0 0 u 2 0 2 u 0 0 2 0 0 0 0 0 
2 2 d u 0 0 2 2 0 u 2 2 0 0 u 0 2 0 0 0 0 0 2 0 0 0 u u 0 u u 0 
2 2 d u 0 0 2 2 0 0 2 2 0 u u 0 2 0 0 0 0 0 u u 0 u 2 0 0 0 u 0 
2 2 u u 0 0 2 2 0 0 u 2 u u d 0 2 u 0 0 0 0 2 0 0 0 2 u 0 0 0 0 
2 2 u u 0 0 u 2 u u 2 2 0 0 d 0 2 u 0 0 0 0 2 u 0 0 2 0 0 0 0 0 
2 2 u u 0 0 2 2 0 0 2 2 0 u u 0 2 u 0 0 0 0 2 0 0 0 0 u 0 0 d u 
2 2 u u 0 0 2 2 0 u 2 2 0 0 u 0 2 u 0 0 0 0 0 u 0 0 2 0 0 0 d u 
2 2 u 2 0 0 2 u 0 0 2 u 0 u 2 0 2 0 0 u 0 0 2 0 0 0 2 u 0 0 0 0 
2 2 u 2 0 0 2 u 0 u 2 u 0 0 2 0 2 0 0 u 0 0 2 u 0 0 2 0 0 0 0 0 
2 2 u u u 0 2 d 0 0 u 2 0 u 2 0 2 0 0 0 0 0 2 u 0 0 2 0 0 0 u 0 
2 2 u u u 0 u 2 0 u 2 d 0 0 2 0 2 0 0 0 0 0 2 0 0 0 2 u 0 0 u 0 
2 d 0 u 0 u 2 2 0 u 2 d u 0 u u 2 0 u 0 0 0 2 0 0 0 2 u 0 0 0 0 
2 d 0 u 0 u 2 d u 0 2 2 0 u u u 2 0 u 0 0 0 2 u 0 0 2 0 0 0 0 0 
2 2 u 0 u 0 2 2 0 0 2 2 0 u u 0 2 u 0 0 0 0 2 0 0 0 u u 0 d 0 0 
2 2 u 0 u 0 2 2 0 u 2 2 0 0 u 0 2 u 0 0 0 0 u u 0 d 2 0 0 0 0 0 
2 u u 0 0 0 2 d 0 u 2 u 0 0 0 u 2 0 0 u d 0 2 0 u 0 2 u d 0 u 0 
2 u u 0 0 0 2 u 0 0 2 d 0 u 0 u 2 0 0 u d 0 2 u d 0 2 0 u 0 u 0 
2 d 0 u 0 u 2 2 0 0 2 d u u u u 2 0 u 0 0 0 2 u 0 0 2 0 0 0 0 0 
2 d 0 u 0 u 2 d u u 2 2 0 0 u u 2 0 u 0 0 0 2 0 0 0 2 u 0 0 0 0 
2 2 u u 0 0 2 2 0 0 2 2 0 u u 0 2 2 0 0 0 0 u 0 0 0 d u 0 0 u 0 
2 2 u u 0 0 2 2 0 u 2 2 0 0 u 0 2 2 0 0 0 0 d u 0 0 u 0 0 0 u 0 
2 2 u u 0 0 2 2 0 0 2 2 0 u u 0 2 u 0 0 0 0 0 0 0 0 2 u 0 0 u d 
2 2 u u 0 0 2 2 0 u 2 2 0 0 u 0 2 u 0 0 0 0 2 u 0 0 0 0 0 0 u d 
2 2 2 u 0 0 2 u 0 u 2 2 0 0 u 0 2 0 u 0 0 0 d 0 0 0 2 u 0 0 u 0 
2 2 2 u 0 0 2 2 0 0 2 u 0 u u 0 2 0 u 0 0 0 2 u 0 0 d 0 0 0 u 0 
2 u u 0 0 0 2 d 0 0 2 u 0 u 0 u 2 0 0 u d 0 2 u u 0 2 0 d 0 u 0 
2 u u 0 0 0 2 u 0 u 2 d 0 0 0 u 2 0 0 u d 0 2 0 d 0 2 u u 0 u 0 
2 2 u u 0 0 u 2 0 0 2 2 0 u 0 0 2 u 0 0 0 0 2 0 0 u 2 u 0 0 d 0 
2 2 u u 0 0 2 2 0 u u 2 0 0 0 0 2 u 0 0 0 0 2 u 0 0 2 0 0 u d 0 
2 d 0 u 0 0 2 2 0 u 2 0 0 0 u 0 2 0 u 0 u 0 2 0 0 0 2 u u d u 0 
2 d 0 u 0 0 2 0 0 0 2 2 0 u u 0 2 0 u 0 u 0 2 u u d 2 0 0 0 u 0 
2 d 0 u 0 0 2 2 0 0 2 0 0 u u 0 2 0 u 0 u 0 2 u 0 0 2 0 u d u 0 
2 d 0 u 0 0 2 0 0 u 2 2 0 0 u 0 2 0 u 0 u 0 2 0 u d 2 u 0 0 u 0 
2 2 0 2 0 0 u 2 0 u 2 2 0 u u 0 2 0 0 0 0 0 2 u 0 0 2 0 0 0 u 0 
2 2 0 2 0 0 2 2 0 u u 2 0 u u 0 2 0 0 0 0 0 2 0 0 0 2 u 0 0 u 0 
2 2 u u 0 0 2 2 0 0 2 2 0 u u 0 2 u 0 0 0 0 d 0 0 u d u 0 u 0 0 
2 2 u u 0 0 2 2 0 u 2 2 0 0 u 0 2 u 0 0 0 0 d u 0 u d 0 0 u 0 0 
2 2 u u 0 0 2 2 0 0 2 2 0 u u 0 2 u 0 0 0 0 u u 0 0 d 2 0 0 0 0 
2 2 u u 0 0 2 2 0 u 2 2 0 0 u 0 2 u 0 0 0 0 d 2 0 0 u u 0 0 0 0 
2 2 u 0 0 0 2 2 0 0 2 2 u u u 0 2 0 0 0 0 u 2 u 0 0 d 0 0 0 u 0 
2 2 u 0 0 0 2 2 u u 2 2 0 0 u 0 2 0 0 0 0 u d 0 0 0 2 u 0 0 u 0 
d 2 u u 0 u 2 2 0 0 2 2 0 u u 0 d u 0 0 u 0 2 0 0 0 2 u 0 0 0 0 
d 2 u u 0 u 2 2 0 u 2 2 0 0 u 0 d u 0 0 u 0 2 u 0 0 2 0 0 0 0 0 
2 2 u u 0 0 u 2 d u 2 u d 0 u 0 2 u 0 0 0 0 2 u 0 0 2 0 0 0 0 0 
2 2 u u 0 0 2 u d 0 u 2 d u u 0 2 u 0 0 0 0 2 0 0 0 2 u 0 0 0 0 
2 2 u u 0 0 u 2 d 0 2 u d u u 0 2 u 0 0 0 0 2 0 0 0 2 u 0 0 0 0 
2 2 u u 0 0 2 u d u u 2 d 0 u 0 2 u 0 0 0 0 2 u 0 0 2 0 0 0 0 0 
u 2 d 0 0 0 2 d u u 2 2 0 0 u 0 2 u u 0 0 0 2 0 0 0 2 u 0 0 u 0 
u 2 d 0 0 0 2 2 0 0 2 d u u u 0 2 u u 0 0 0 2 u 0 0 2 0 0 0 u 0 
u 2 d 0 0 0 2 d u 0 2 2 0 u u 0 2 u u 0 0 0 2 u 0 0 2 0 0 0 u 0 
u 2 d 0 0 0 2 2 0 u 2 d u 0 u 0 2 u u 0 0 0 2 0 0 0 2 u 0 0 u 0 
2 2 u u 0 0 2 2 0 0 2 2 0 u u 0 2 u 0 0 0 0 u 0 0 d u u 0 d 0 0 
2 2 u u 0 0 2 2 0 u 2 2 0 0 u 0 2 u 0 0 0 0 u u 0 d u 0 0 d 0 0 
2 d u u 0 0 2 u 0 0 2 2 0 u u 0 2 u 0 0 0 0 2 0 0 0 2 u 0 u 0 d 
2 d u u 0 0 2 2 0 u 2 u 0 0 u 0 2 u 0 0 0 0 2 u 0 u 2 0 0 0 0 d 
2 2 u 0 u u 2 d 0 u 2 2 0 0 0 u d 0 0 0 0 0 2 0 u 0 2 u 0 0 u 0 
2 2 u 0 u u 2 2 0 0 2 d 0 u 0 u d 0 0 0 0 0 2 u 0 0 2 0 u 0 u 0 
2 2 u u u 0 2 2 0 u u 2 0 0 u 0 2 0 d 0 0 0 2 0 0 0 2 0 0 0 u 0 
2 2 u u u 0 u 2 0 0 2 2 0 u u 0 2 0 d 0 0 0 2 0 0 0 2 0 0 0 u 0 
2 2 0 u 0 0 2 d u u 2 2 0 0 u u 2 u 0 0 0 0 2 0 0 0 2 u 0 0 0 0 
2 2 0 u 0 0 2 2 0 0 2 d u u u u 2 u 0 0 0 0 2 u 0 0 2 0 0 0 0 0 
2 u u u 0 0 2 2 0 u d 2 0 0 u 0 2 0 0 0 0 u 2 0 0 0 2 u 0 d u 0 
2 u u u 0 0 d 2 0 0 2 2 0 u u 0 2 0 0 0 0 u 2 u 0 d 2 0 0 0 u 0 
2 2 u 0 0 0 2 2 0 u d 2 0 0 u 0 2 0 0 0 0 0 2 u 0 0 2 u 0 0 u u 
2 2 u 0 0 0 d 2 0 0 2 2 0 u u 0 2 0 0 0 0 0 2 u 0 0 2 u 0 0 u u 
2 2 u u 0 0 2 2 0 u 2 u 0 0 0 0 2 u 0 0 0 0 2 u 0 0 2 u 0 0 0 d 
2 2 u u 0 0 2 u 0 0 2 2 0 u 0 0 2 u 0 0 0 0 2 u 0 0 2 u 0 0 0 d 
2 u u u 0 0 2 2 0 0 d 2 0 u u 0 2 0 0 0 0 u 2 u 0 0 2 0 0 d u 0 
2 u u u 0 0 d 2 0 u 2 2 0 0 u 0 2 0 0 0 0 u 2 0 0 d 2 u 0 0 u 0 
2 2 2 u 0 0 2 u 0 0 2 2 0 u u 0 2 0 u 0 0 0 d u 0 0 2 0 0 0 u 0 
2 2 2 u 0 0 2 2 0 u 2 u 0 0 u 0 2 0 u 0 0 0 2 0 0 0 d u 0 0 u 0 
2 u u 0 u 0 2 2 0 u 2 d 0 0 u 0 2 0 0 0 d 0 2 0 0 0 2 u 0 u u 0 
2 u u 0 u 0 2 d 0 0 2 2 0 u u 0 2 0 0 0 d 0 2 u 0 u 2 0 0 0 u 0 
2 0 u u 0 d 2 2 0 u 2 u d 0 u u 2 0 0 0 u 0 2 0 0 0 2 u 0 0 0 0 
2 0 u u 0 d 2 u d 0 2 2 0 u u u 2 0 0 0 u 0 2 u 0 0 2 0 0 0 0 0 
2 2 u 0 u u 2 d 0 0 2 2 0 u 0 u d 0 0 0 0 0 2 u u 0 2 0 0 0 u 0 
2 2 u 0 u u 2 2 0 u 2 d 0 0 0 u d 0 0 0 0 0 2 0 0 0 2 u u 0 u 0 
2 0 u u 0 d 2 2 0 0 2 u d u u u 2 0 0 0 u 0 2 u 0 0 2 0 0 0 0 0 
2 0 u u 0 d 2 u d u 2 2 0 0 u u 2 0 0 0 u 0 2 0 0 0 2 u 0 0 0 0 
2 2 2 u 0 0 2 2 0 0 2 u 0 u u 0 2 u 0 0 0 0 d 0 0 0 2 u 0 0 u 0 
2 2 2 u 0 0 2 u 0 u 2 2 0 0 u 0 2 u 0 0 0 0 2 u 0 0 d 0 0 0 u 0 
2 2 2 0 u 0 2 2 0 0 2 2 0 u 0 0 u 0 0 u 0 0 2 0 0 0 2 u 0 0 u 0 
2 2 2 0 u 0 2 2 0 u 2 2 0 0 0 0 u 0 0 u 0 0 2 u 0 0 2 0 0 0 u 0 
2 2 u 0 0 d 2 u 0 0 2 d 0 u u 0 2 u 0 u 0 0 2 0 0 0 2 u 0 0 u 0 
2 2 u 0 0 d 2 d 0 u 2 u 0 0 u 0 2 u 0 u 0 0 2 u 0 0 2 0 0 0 u 0 
u 2 u u 0 0 2 2 0 u 2 u 0 0 u 0 2 u 0 0 0 d 2 u 0 0 2 0 0 d 0 0 
u 2 u u 0 0 2 u 0 0 2 2 0 u u 0 2 u 0 0 0 d 2 0 0 d 2 u 0 0 0 0 
2 2 u u 0 0 2 2 0 0 2 2 0 u u 0 u 0 0 0 d 0 u u d 0 2 0 0 0 u 0 
2 2 u u 0 0 2 2 0 u 2 2 0 0 u 0 u 0 0 0 d 0 2 0 0 0 u u d 0 u 0 
2 2 u u 0 0 2 u 0 u 2 d 0 0 u 0 2 0 0 u 0 0 2 0 0 0 2 u 0 0 u d 
2 2 u u 0 0 2 d 0 0 2 u 0 u u 0 2 0 0 u 0 0 2 u 0 0 2 0 0 0 u d 
2 u u u 0 0 2 2 0 0 2 2 0 u 0 0 2 0 0 u d 0 2 0 0 0 2 u 0 0 u 0 
2 u u u 0 0 2 2 0 u 2 2 0 0 0 0 2 0 0 u d 0 2 u 0 0 2 0 0 0 u 0 
2 2 u u 0 0 2 2 0 d 2 2 0 0 u 0 2 0 0 0 0 0 2 u 0 u u 0 0 0 u 0 
2 2 u u 0 0 2 2 0 0 2 2 0 d u 0 2 0 0 0 0 0 u 0 0 0 2 u 0 u u 0 
2 2 u u 0 0 2 u 0 0 2 d 0 u u 0 2 0 0 d 0 0 2 u 0 0 2 0 0 0 u u 
2 2 u u 0 0 2 d 0 u 2 u 0 0 u 0 2 0 0 d 0 0 2 0 0 0 2 u 0 0 u u 
2 2 u u 0 0 2 2 0 u 2 2 0 0 u 0 u 0 0 d 0 0 2 0 0 0 2 0 0 u u 0 
2 2 u u 0 0 2 2 0 0 2 2 0 u u 0 u 0 0 d 0 0 2 0 0 u 2 0 0 0 u 0 
2 2 u u 0 0 2 2 0 u 2 2 0 0 u 0 u 0 0 0 d 0 u 0 d 0 2 u 0 0 u 0 
2 2 u u 0 0 2 2 0 0 2 2 0 u u 0 u 0 0 0 d 0 2 u 0 0 u 0 d 0 u 0 
d 2 u u 0 0 2 2 0 d 2 u 0 u u u 2 0 0 0 0 0 2 u 0 0 2 0 0 0 u 0 
d 2 u u 0 0 2 u 0 u 2 2 0 d u u 2 0 0 0 0 0 2 0 0 0 2 u 0 0 u 0 
2 2 0 u 0 0 2 d u 0 2 2 0 u u u 2 u 0 0 0 0 2 u 0 0 2 0 0 0 0 0 
2 2 0 u 0 0 2 2 0 u 2 d u 0 u u 2 u 0 0 0 0 2 0 0 0 2 u 0 0 0 0 
u 2 u u 0 0 d 2 0 0 2 2 0 u u 0 2 u 0 0 0 0 2 0 0 0 2 u 0 d u 0 
u 2 u u 0 0 2 2 0 u d 2 0 0 u 0 2 u 0 0 0 0 2 u 0 d 2 0 0 0 u 0 
2 u u u 0 0 2 d u 0 2 d u u u u 2 0 0 0 d 0 2 u 0 0 2 0 0 0 0 0 
2 u u u 0 0 2 d u u 2 d u 0 u u 2 0 0 0 d 0 2 0 0 0 2 u 0 0 0 0 
2 2 u u 0 0 2 2 0 0 2 2 0 u u 0 2 u 0 0 0 0 2 0 0 0 0 u 0 0 u d 
2 2 u u 0 0 2 2 0 u 2 2 0 0 u 0 2 u 0 0 0 0 0 u 0 0 2 0 0 0 u d 
u 2 u u 0 0 d 2 0 u 2 2 0 0 u 0 2 u 0 0 0 0 2 u 0 0 2 0 0 d u 0 
u 2 u u 0 0 2 2 0 0 d 2 0 u u 0 2 u 0 0 0 0 2 0 0 d 2 u 0 0 u 0 
u 2 0 u 2 0 2 2 0 0 2 2 0 u u 0 2 0 0 0 0 0 2 u 0 0 2 0 0 0 u 0 
u 2 0 u 2 0 2 2 0 u 2 2 0 0 u 0 2 0 0 0 0 0 2 0 0 0 2 u 0 0 u 0 
2 2 2 u 0 0 2 u 0 0 2 2 0 u u 0 2 u 0 0 0 0 2 0 0 0 d u 0 0 u 0 
2 2 2 u 0 0 2 2 0 u 2 u 0 0 u 0 2 u 0 0 0 0 d u 0 0 2 0 0 0 u 0 
2 d u 0 0 0 2 d 0 u 2 2 0 0 u u 2 u u 0 0 0 2 0 u 0 2 u 0 0 0 0 
2 d u 0 0 0 2 2 0 0 2 d 0 u u u 2 u u 0 0 0 2 u 0 0 2 0 u 0 0 0 
2 2 0 u 0 0 2 2 0 0 2 2 0 u u u 2 0 0 0 0 0 u u 0 0 2 d 0 0 u 0 
2 2 0 u 0 0 2 2 0 u 2 2 0 0 u u 2 0 0 0 0 0 2 d 0 0 u u 0 0 u 0 
2 2 u u 0 0 d 2 0 0 u 2 0 u u 0 2 u d 0 0 0 2 0 0 0 2 u 0 0 0 u 
2 2 u u 0 0 u 2 0 u d 2 0 0 u 0 2 u d 0 0 0 2 u 0 0 2 0 0 0 0 u 
2 d u 0 0 0 2 d 0 0 2 2 0 u u u 2 u u 0 0 0 2 u u 0 2 0 0 0 0 0 
2 d u 0 0 0 2 2 0 u 2 d 0 0 u u 2 u u 0 0 0 2 0 0 0 2 u u 0 0 0 
2 2 u u 0 0 2 2 0 0 2 u 0 u 0 0 2 u 0 d 0 0 2 u 0 0 2 u 0 0 0 0 
2 2 u u 0 0 2 u 0 u 2 2 0 0 0 0 2 u 0 d 0 0 2 u 0 0 2 u 0 0 0 0 
2 2 u u d 0 2 u 0 0 2 2 0 u u 0 2 0 0 d 0 0 u u 0 0 2 0 0 0 u 0 
2 2 u u d 0 2 2 0 u 2 u 0 0 u 0 2 0 0 d 0 0 2 0 0 0 u u 0 0 u 0 
2 0 u 0 0 2 2 2 0 0 2 2 0 u 0 0 2 u 0 u 0 0 2 0 0 0 2 u 0 0 u 0 
2 0 u 0 0 2 2 2 0 u 2 2 0 0 0 0 2 u 0 u 0 0 2 u 0 0 2 0 0 0 u 0 
2 2 u 0 u 0 2 2 0 u 2 2 0 0 u 0 2 u 0 0 0 0 2 u 0 0 u 0 0 d 0 0 
2 2 u 0 u 0 2 2 0 0 2 2 0 u u 0 2 u 0 0 0 0 u 0 0 d 2 u 0 0 0 0 
2 2 u u 0 0 2 2 u u 2 2 d 0 u 0 2 0 0 0 0 0 d 0 0 0 u u 0 0 u 0 
2 2 u u 0 0 2 2 d 0 2 2 u u u 0 2 0 0 0 0 0 u u 0 0 d 0 0 0 u 0 
2 2 u u 0 0 u 2 0 u 2 2 0 0 2 0 u u 0 0 0 0 2 u 0 0 2 0 d 0 0 0 
2 2 u u 0 0 2 2 0 0 u 2 0 u 2 0 u u 0 0 0 0 2 0 d 0 2 u 0 0 0 0 
u 2 u u 0 0 2 2 0 0 2 2 0 u u u 2 u 0 0 0 0 2 0 d 0 2 0 0 0 0 0 
u 2 u u 0 0 2 2 0 u 2 2 0 0 u u 2 u 0 0 0 0 2 0 0 0 2 0 d 0 0 0 
d 2 u u 0 0 2 u 0 0 2 2 0 2 u u 2 0 0 0 0 0 2 u 0 0 2 0 0 0 u 0 
d 2 u u 0 0 2 2 0 2 2 u 0 0 u u 2 0 0 0 0 0 2 0 0 0 2 u 0 0 u 0 
2 2 u u 0 0 2 u 0 0 2 d 0 u u 0 2 0 0 u 0 0 2 u 0 0 2 0 0 0 u d 
2 2 u u 0 0 2 d 0 u 2 u 0 0 u 0 2 0 0 u 0 0 2 0 0 0 2 u 0 0 u d 
2 2 u u 0 0 u 2 0 0 2 2 0 u 2 0 u u 0 0 0 0 2 0 0 0 2 u d 0 0 0 
2 2 u u 0 0 2 2 0 u u 2 0 0 2 0 u u 0 0 0 0 2 u d 0 2 0 0 0 0 0 
2 2 u u 0 0 2 2 0 u u 2 0 0 u d 2 0 0 0 0 0 2 u u 0 2 0 0 0 0 0 
2 2 u u 0 0 u 2 0 0 2 2 0 u u d 2 0 0 0 0 0 2 0 0 0 2 u u 0 0 0 
2 2 2 u 0 0 2 d 0 0 2 2 0 u u 0 2 0 0 u 0 0 u u 0 0 2 0 0 0 u 0 
2 2 2 u 0 0 2 2 0 u 2 d 0 0 u 0 2 0 0 u 0 0 2 0 0 0 u u 0 0 u 0 
2 u u u 0 0 2 2 0 0 2 2 0 u 0 0 2 0 0 0 u 0 2 u 0 0 2 0 0 0 u d 
2 u u u 0 0 2 2 0 u 2 2 0 0 0 0 2 0 0 0 u 0 2 0 0 0 2 u 0 0 u d 
2 2 u u 0 0 2 2 0 0 2 2 0 u u 0 2 u 0 0 0 0 0 0 0 0 2 u 0 0 d u 
2 2 u u 0 0 2 2 0 u 2 2 0 0 u 0 2 u 0 0 0 0 2 u 0 0 0 0 0 0 d u 
2 2 0 0 0 0 2 2 0 u 2 2 0 0 u 0 2 u u u 0 0 d 0 0 0 d u 0 0 u u 
2 2 0 0 0 0 2 2 0 0 2 2 0 u u 0 2 u u u 0 0 d u 0 0 d 0 0 0 u u 
2 2 u u 0 0 u 2 0 u 2 u 0 0 u 0 2 0 0 0 0 0 2 d 0 0 2 2 0 0 u 0 
2 2 u u 0 0 2 u 0 0 u 2 0 u u 0 2 0 0 0 0 0 2 2 0 0 2 d 0 0 u 0 
2 2 u u 0 0 u 2 0 0 2 u 0 u u 0 2 0 0 0 0 0 2 2 0 0 2 d 0 0 u 0 
2 2 u u 0 0 2 u 0 u u 2 0 0 u 0 2 0 0 0 0 0 2 d 0 0 2 2 0 0 u 0 
2 2 u u 0 0 2 2 u 0 2 2 d u u 0 2 0 0 0 0 0 d u 0 0 u 0 0 0 u 0 
2 2 u u 0 0 2 2 d u 2 2 u 0 u 0 2 0 0 0 0 0 u 0 0 0 d u 0 0 u 0 
2 2 u 0 0 d 2 2 0 u 2 2 0 0 u 0 u u 0 0 0 0 2 0 0 0 2 u 0 0 0 u 
2 2 u 0 0 d 2 2 0 0 2 2 0 u u 0 u u 0 0 0 0 2 u 0 0 2 0 0 0 0 u 
2 2 0 u 0 0 2 2 0 u 2 2 0 u u 0 2 0 0 0 0 0 2 0 u 0 2 u 0 0 0 0 
2 2 0 u 0 0 2 2 0 u 2 2 0 u u 0 2 0 0 0 0 0 2 u 0 0 2 0 u 0 0 0 
2 2 u u 0 0 2 2 0 0 2 2 0 u u 0 u 0 0 0 0 0 2 0 0 0 2 0 0 u u d 
2 2 u u 0 0 2 2 0 u 2 2 0 0 u 0 u 0 0 0 0 0 2 0 0 u 2 0 0 0 u d 
2 2 u u 0 0 2 2 0 u 2 2 0 0 u 0 2 0 0 d 0 0 2 u 0 0 u 0 0 u 0 0 
2 2 u u 0 0 2 2 0 0 2 2 0 u u 0 2 0 0 d 0 0 u 0 0 u 2 u 0 0 0 0 
2 u u u u 2 2 0 0 0 2 2 0 u u 0 2 0 0 0 d 0 2 0 0 0 2 u 0 0 0 0 
2 u u u u 2 2 2 0 u 2 0 0 0 u 0 2 0 0 0 d 0 2 u 0 0 2 0 0 0 0 0 
2 2 u u 0 0 2 u 0 u 2 d 0 0 u 0 2 0 0 d 0 0 2 0 0 0 2 u 0 0 u u 
2 2 u u 0 0 2 d 0 0 2 u 0 u u 0 2 0 0 d 0 0 2 u 0 0 2 0 0 0 u u 
2 2 u 0 0 0 2 2 0 0 2 2 u u u 0 u u 0 0 0 0 2 0 0 0 2 u d 0 0 0 
2 2 u 0 0 0 2 2 u u 2 2 0 0 u 0 u u 0 0 0 0 2 u d 0 2 0 0 0 0 0 
u 2 u u 0 0 2 2 0 0 2 u 0 u u 0 2 u 0 0 0 d 2 0 0 0 2 u 0 d 0 0 
u 2 u u 0 0 2 u 0 u 2 2 0 0 u 0 2 u 0 0 0 d 2 u 0 d 2 0 0 0 0 0 
2 2 u 2 0 0 2 2 0 u u 2 0 0 u 0 u u 0 0 0 0 2 u 0 0 2 0 d 0 0 0 
2 2 u 2 0 0 u 2 0 0 2 2 0 u u 0 u u 0 0 0 0 2 0 d 0 2 u 0 0 0 0 
2 2 u 0 0 0 2 2 0 0 2 2 0 0 u 0 2 u 0 0 0 0 2 0 0 u 2 u 0 0 u 0 
2 2 u 0 0 0 2 2 0 0 2 2 0 0 u 0 2 u 0 0 0 0 2 u 0 0 2 0 0 u u 0 
d 2 0 0 0 u 2 2 0 0 2 2 0 u u 0 2 u u 0 0 0 2 u 0 0 2 0 0 0 u 0 
d 2 0 0 0 u 2 2 0 u 2 2 0 0 u 0 2 u u 0 0 0 2 0 0 0 2 u 0 0 u 0 
2 u u 0 0 d 2 u 0 u 2 2 0 0 u 0 u u 0 0 d 0 2 0 d 0 2 u 0 0 u 0 
2 u u 0 0 d 2 2 0 0 2 u 0 u u 0 u u 0 0 d 0 2 u 0 0 2 0 d 0 u 0 
2 2 2 u 0 0 2 d 0 u 2 2 0 0 u 0 2 0 0 u 0 0 u 0 0 0 2 u 0 0 u 0 
2 2 2 u 0 0 2 2 0 0 2 d 0 u u 0 2 0 0 u 0 0 2 u 0 0 u 0 0 0 u 0 
2 u u 0 0 d 2 u 0 0 2 2 0 u u 0 u u 0 0 d 0 2 u d 0 2 0 0 0 u 0 
2 u u 0 0 d 2 2 0 u 2 u 0 0 u 0 u u 0 0 d 0 2 0 0 0 2 u d 0 u 0 
2 u u u 0 0 2 2 0 u d 2 0 0 u 0 2 0 d 0 0 0 2 0 0 0 2 u 0 u u 0 
2 u u u 0 0 d 2 0 0 2 2 0 u u 0 2 0 d 0 0 0 2 u 0 u 2 0 0 0 u 0 
2 2 u u 0 u 2 d 0 0 2 2 0 u u 0 2 u u 0 0 0 d 0 0 0 2 u 0 0 0 0 
2 2 u u 0 u 2 2 0 u 2 d 0 0 u 0 2 u u 0 0 0 2 u 0 0 d 0 0 0 0 0 
2 u u u 0 0 2 2 0 0 d 2 0 u u 0 2 0 d 0 0 0 2 u 0 0 2 0 0 u u 0 
2 u u u 0 0 d 2 0 u 2 2 0 0 u 0 2 0 d 0 0 0 2 0 0 u 2 u 0 0 u 0 
u 2 u u 0 0 2 2 0 u 2 d 0 0 u 0 2 0 0 u 0 0 2 0 0 0 2 u d 0 u 0 
u 2 u u 0 0 2 d 0 0 2 2 0 u u 0 2 0 0 u 0 0 2 u d 0 2 0 0 0 u 0 
2 2 u 2 0 0 2 2 0 0 u 2 0 u u 0 u u 0 0 0 0 2 0 0 0 2 u d 0 0 0 
2 2 u 2 0 0 u 2 0 u 2 2 0 0 u 0 u u 0 0 0 0 2 u d 0 2 0 0 0 0 0 
2 u u u u 2 2 2 0 0 2 0 0 u u 0 2 0 0 0 d 0 2 0 0 0 2 u 0 0 0 0 
2 u u u u 2 2 0 0 u 2 2 0 0 u 0 2 0 0 0 d 0 2 u 0 0 2 0 0 0 0 0 
2 2 0 0 0 0 2 2 0 0 2 u 0 u u u 2 u 0 0 u 0 2 u 0 0 2 0 0 d 0 0 
2 2 0 0 0 0 2 u 0 u 2 2 0 0 u u 2 u 0 0 u 0 2 0 0 d 2 u 0 0 0 0 
2 u u 0 0 0 2 d 0 u 2 2 0 0 u u 2 0 0 u 0 d 2 0 u 0 2 u 0 0 0 0 
2 u u 0 0 0 2 2 0 0 2 d 0 u u u 2 0 0 u 0 d 2 u 0 0 2 0 u 0 0 0 
2 2 0 0 0 0 2 2 0 u 2 u 0 0 u u 2 u 0 0 u 0 2 0 0 0 2 u 0 d 0 0 
2 2 0 0 0 0 2 u 0 0 2 2 0 u u u 2 u 0 0 u 0 2 u 0 d 2 0 0 0 0 0 
2 2 u 2 u 0 2 2 0 u 2 0 0 0 0 u 2 0 0 0 0 0 2 0 0 0 2 u 0 0 u 0 
2 2 u 2 u 0 2 0 0 0 2 2 0 u 0 u 2 0 0 0 0 0 2 u 0 0 2 0 0 0 u 0 
2 2 u u 0 u 2 2 0 0 2 d 0 u u 0 2 u u 0 0 0 2 0 0 0 d u 0 0 0 0 
2 2 u u 0 u 2 d 0 u 2 2 0 0 u 0 2 u u 0 0 0 d u 0 0 2 0 0 0 0 0 
2 2 u u 0 0 2 2 0 u 2 u 0 0 u d 2 0 0 0 0 u d 0 0 0 2 u 0 0 u 0 
2 2 u u 0 0 2 u 0 0 2 2 0 u u d 2 0 0 0 0 u 2 u 0 0 d 0 0 0 u 0 
2 2 u u 0 0 2 2 0 u 2 u u 0 u 0 d u 0 0 d 0 2 u 0 0 2 0 0 0 0 0 
2 2 u u 0 0 2 u u 0 2 2 0 u u 0 d u 0 0 d 0 2 0 0 0 2 u 0 0 0 0 
u 2 u u 0 0 2 2 0 0 2 d 0 u u 0 2 0 0 u 0 0 2 u 0 0 2 0 d 0 u 0 
u 2 u u 0 0 2 d 0 u 2 2 0 0 u 0 2 0 0 u 0 0 2 0 d 0 2 u 0 0 u 0 
2 2 u u 0 0 u 2 0 0 d 2 0 u u 0 2 u d 0 0 0 2 0 0 0 2 u 0 0 0 u 
2 2 u u 0 0 d 2 0 u u 2 0 0 u 0 2 u d 0 0 0 2 u 0 0 2 0 0 0 0 u 
2 u 2 u 0 0 2 2 0 0 2 2 0 u u 0 d u u 0 0 0 2 0 0 0 2 u 0 0 0 0 
2 u 2 u 0 0 2 2 0 u 2 2 0 0 u 0 d u u 0 0 0 2 u 0 0 2 0 0 0 0 0 
2 2 u u 0 0 2 2 0 0 2 u u u u 0 d u 0 0 d 0 2 0 0 0 2 u 0 0 0 0 
2 2 u u 0 0 2 u u u 2 2 0 0 u 0 d u 0 0 d 0 2 u 0 0 2 0 0 0 0 0 
2 u u 0 0 0 2 d 0 0 2 2 0 u u u 2 0 0 u 0 d 2 u u 0 2 0 0 0 0 0 
2 u u 0 0 0 2 2 0 u 2 d 0 0 u u 2 0 0 u 0 d 2 0 0 0 2 u u 0 0 0 
2 2 0 u 0 0 2 2 0 0 2 2 0 u u u 2 0 0 0 0 0 2 2 0 0 u 0 0 0 u 0 
2 2 0 u 0 0 2 2 0 u 2 2 0 0 u u 2 0 0 0 0 0 u 0 0 0 2 2 0 0 u 0 
u 2 2 u 0 0 2 2 0 u 2 d u 0 u 0 2 0 0 0 0 0 2 0 0 0 2 u 0 0 0 u 
u 2 2 u 0 0 2 d u 0 2 2 0 u u 0 2 0 0 0 0 0 2 u 0 0 2 0 0 0 0 u 
u 2 2 u 0 0 2 2 0 0 2 d u u u 0 2 0 0 0 0 0 2 u 0 0 2 0 0 0 0 u 
u 2 2 u 0 0 2 d u u 2 2 0 0 u 0 2 0 0 0 0 0 2 0 0 0 2 u 0 0 0 u 
2 2 0 0 u 0 2 u 0 u 2 2 0 0 u 0 2 0 0 0 0 u 2 0 d 0 2 u 0 0 u 0 
2 2 0 0 u 0 2 2 0 0 2 u 0 u u 0 2 0 0 0 0 u 2 u 0 0 2 0 d 0 u 0 
2 2 u u 0 0 2 2 0 u u 2 d 0 0 u 2 0 0 0 0 0 2 0 0 0 2 u 0 0 u 0 
2 2 u u 0 0 u 2 d 0 2 2 0 u 0 u 2 0 0 0 0 0 2 u 0 0 2 0 0 0 u 0 
2 2 u d 0 u 2 u 0 0 2 0 0 u u 0 2 u 0 0 0 0 2 u d 0 2 0 0 0 u 0 
2 2 u d 0 u 2 0 0 u 2 u 0 0 u 0 2 u 0 0 0 0 2 0 0 0 2 u d 0 u 0 
2 2 u u 0 0 d 2 0 u 2 2 0 u u 0 2 u 0 0 0 0 2 0 0 0 u 2 0 0 0 0 
2 2 u u 0 0 2 2 0 u d 2 0 u u 0 2 u 0 0 0 0 u 2 0 0 2 0 0 0 0 0 
2 2 0 0 u 0 2 u 0 0 2 2 0 u u 0 2 0 0 0 0 u 2 u d 0 2 0 0 0 u 0 
2 2 0 0 u 0 2 2 0 u 2 u 0 0 u 0 2 0 0 0 0 u 2 0 0 0 2 u d 0 u 0 
2 2 u u 0 0 2 2 0 0 2 2 0 d u 0 2 0 0 0 0 0 2 0 0 u u u 0 0 u 0 
2 2 u u 0 0 2 2 0 d 2 2 0 0 u 0 2 0 0 0 0 0 u u 0 0 2 0 0 u u 0 
2 2 u u 0 0 d 2 0 0 2 u 0 u u 0 2 u 0 0 0 d 2 0 0 0 2 u 0 0 u 0 
2 2 u u 0 0 2 u 0 u d 2 0 0 u 0 2 u 0 0 0 d 2 u 0 0 2 0 0 0 u 0 
u 2 u u 0 0 u 2 0 u 2 2 0 0 u 0 2 0 0 0 0 d 2 0 d 0 2 u 0 0 u 0 
u 2 u u 0 0 2 2 0 0 u 2 0 u u 0 2 0 0 0 0 d 2 u 0 0 2 0 d 0 u 0 
2 2 u u 0 0 d 2 0 u 2 u 0 0 u 0 2 u 0 0 0 d 2 u 0 0 2 0 0 0 u 0 
2 2 u u 0 0 2 u 0 0 d 2 0 u u 0 2 u 0 0 0 d 2 0 0 0 2 u 0 0 u 0 
2 2 u u 0 0 u 2 0 0 2 2 0 u 0 0 2 0 0 d 0 0 2 u 0 0 2 u 0 0 u 0 
2 2 u u 0 0 2 2 0 u u 2 0 0 0 0 2 0 0 d 0 0 2 u 0 0 2 u 0 0 u 0 
2 2 u u 0 0 2 2 0 0 2 u 0 u u d 2 0 0 0 0 u d u 0 0 2 0 0 0 u 0 
2 2 u u 0 0 2 u 0 u 2 2 0 0 u d 2 0 0 0 0 u 2 0 0 0 d u 0 0 u 0 
u 2 u u 0 0 u 2 0 0 2 2 0 u u 0 2 0 0 0 0 d 2 u d 0 2 0 0 0 u 0 
u 2 u u 0 0 2 2 0 u u 2 0 0 u 0 2 0 0 0 0 d 2 0 0 0 2 u d 0 u 0 
2 2 u u 0 0 2 2 0 0 2 2 0 u u 0 2 0 0 d 0 0 2 0 0 0 u u 0 u 0 0 
2 2 u u 0 0 2 2 0 u 2 2 0 0 u 0 2 0 0 d 0 0 u u 0 u 2 0 0 0 0 0 
2 2 u 0 2 0 2 2 0 0 0 2 0 u 0 0 2 u 0 0 0 0 2 u 0 0 2 0 0 0 u u 
2 2 u 0 2 0 0 2 0 u 2 2 0 0 0 0 2 u 0 0 0 0 2 0 0 0 2 u 0 0 u u 
2 2 u u 0 0 2 2 0 0 u 2 0 2 u 0 2 u 0 0 0 0 d u 0 0 2 u 0 0 0 0 
2 2 u u 0 0 u 2 0 2 2 2 0 0 u 0 2 u 0 0 0 0 2 u 0 0 d u 0 0 0 0 
2 d u u u 0 2 d 0 u 2 2 0 0 0 0 2 0 0 0 0 u 2 u u 0 2 0 0 0 u 0 
2 d u u u 0 2 2 0 0 2 d 0 u 0 0 2 0 0 0 0 u 2 0 0 0 2 u u 0 u 0 
2 2 u u u d 2 2 0 u 2 2 0 0 u 0 2 0 0 0 0 0 2 0 0 0 u 0 0 0 u 0 
2 2 u u u d 2 2 0 0 2 2 0 u u 0 2 0 0 0 0 0 u 0 0 0 2 0 0 0 u 0 
u 2 u u 0 0 2 2 0 0 d 2 0 u u 0 2 0 0 0 0 d 2 u 0 0 2 0 0 u u 0 
u 2 u u 0 0 d 2 0 u 2 2 0 0 u 0 2 0 0 0 0 d 2 0 0 u 2 u 0 0 u 0 
u 2 u u 0 0 2 2 0 u d 2 0 0 u 0 2 0 0 0 0 d 2 0 0 0 2 u 0 u u 0 
u 2 u u 0 0 d 2 0 0 2 2 0 u u 0 2 0 0 0 0 d 2 u 0 u 2 0 0 0 u 0 
2 2 u u d 0 2 d 0 0 2 2 0 u u 0 2 0 u 0 0 0 u u 0 0 2 0 0 0 u 0 
2 2 u u d 0 2 2 0 u 2 d 0 0 u 0 2 0 u 0 0 0 2 0 0 0 u u 0 0 u 0 
2 2 u u 0 0 2 2 u 0 u 2 0 u u 0 d u 0 0 0 0 2 0 0 0 2 u 0 0 d 0 
2 2 u u 0 0 u 2 0 u 2 2 u 0 u 0 d u 0 0 0 0 2 u 0 0 2 0 0 0 d 0 
2 d u 0 0 0 2 u 0 0 2 2 0 u u u 2 u u 0 0 0 2 u d 0 2 0 0 0 0 0 
2 d u 0 0 0 2 2 0 u 2 u 0 0 u u 2 u u 0 0 0 2 0 0 0 2 u d 0 0 0 
u 2 0 0 0 d 2 2 0 0 2 2 0 u u 0 2 u u 0 0 0 2 u 0 0 2 0 0 0 u 0 
u 2 0 0 0 d 2 2 0 u 2 2 0 0 u 0 2 u u 0 0 0 2 0 0 0 2 u 0 0 u 0 
2 2 u u u 0 2 d 0 0 2 2 0 u u 0 2 u 0 0 0 0 d u 0 0 2 0 0 0 u 0 
2 2 u u u 0 2 2 0 u 2 d 0 0 u 0 2 u 0 0 0 0 2 0 0 0 d u 0 0 u 0 
2 2 u 2 0 0 2 2 0 0 2 2 0 0 u 0 2 u 0 u 0 0 2 0 0 0 u u 0 0 0 0 
2 2 u 2 0 0 2 2 0 0 2 2 0 0 u 0 2 u 0 u 0 0 u u 0 0 2 0 0 0 0 0 
2 2 u u 0 0 u 2 0 u 2 2 0 0 0 0 2 u 0 0 0 0 2 u 0 u 2 0 0 0 d 0 
2 2 u u 0 0 2 2 0 0 u 2 0 u 0 0 2 u 0 0 0 0 2 0 0 0 2 u 0 u d 0 
2 d u u 0 0 2 d u u 2 u d 0 u u 2 0 0 0 u 0 2 0 0 0 2 u 0 0 0 0 
2 d u u 0 0 2 u d 0 2 d u u u u 2 0 0 0 u 0 2 u 0 0 2 0 0 0 0 0 
2 2 u 2 u 0 2 2 0 0 2 0 0 u 0 u 2 0 0 0 0 0 2 u 0 0 2 0 0 0 u 0 
2 2 u 2 u 0 2 0 0 u 2 2 0 0 0 u 2 0 0 0 0 0 2 0 0 0 2 u 0 0 u 0 
2 d u u 0 0 2 d u 0 2 u d u u u 2 0 0 0 u 0 2 u 0 0 2 0 0 0 0 0 
2 d u u 0 0 2 u d u 2 d u 0 u u 2 0 0 0 u 0 2 0 0 0 2 u 0 0 0 0 
2 2 0 2 0 0 2 2 0 0 2 2 0 u u 0 2 0 0 0 0 0 2 u 0 0 u u 0 0 u 0 
2 2 0 2 0 0 2 2 0 u 2 2 0 0 u 0 2 0 0 0 0 0 u u 0 0 2 u 0 0 u 0 
2 2 u u 0 0 2 2 u u 2 2 0 0 0 0 d u 0 0 0 0 2 u 0 0 2 u 0 0 0 0 
2 2 u u 0 0 2 2 0 0 2 2 u u 0 0 d u 0 0 0 0 2 u 0 0 2 u 0 0 0 0 
2 d u u u 0 2 d 0 0 2 2 0 u 0 0 2 0 0 0 0 u 2 0 u 0 2 u 0 0 u 0 
2 d u u u 0 2 2 0 u 2 d 0 0 0 0 2 0 0 0 0 u 2 u 0 0 2 0 u 0 u 0 
2 d u 0 0 0 2 u 0 u 2 2 0 0 u u 2 u u 0 0 0 2 0 d 0 2 u 0 0 0 0 
2 d u 0 0 0 2 2 0 0 2 u 0 u u u 2 u u 0 0 0 2 u 0 0 2 0 d 0 0 0 
2 2 0 u 0 0 2 2 0 u u 2 0 u 2 0 2 0 0 0 0 0 2 u 0 0 2 0 0 0 u 0 
2 2 0 u 0 0 u 2 0 u 2 2 0 u 2 0 2 0 0 0 0 0 2 0 0 0 2 u 0 0 u 0 
2 u u u 0 0 2 2 0 u 2 2 u 0 u 0 d 0 0 0 0 0 2 0 0 0 2 u 0 d u 0 
2 u u u 0 0 2 2 u 0 2 2 0 u u 0 d 0 0 0 0 0 2 u 0 d 2 0 0 0 u 0 
2 2 u u 0 0 u 2 0 0 2 2 0 2 u 0 2 u 0 0 0 0 2 u 0 0 d u 0 0 0 0 
2 2 u u 0 0 2 2 0 2 u 2 0 0 u 0 2 u 0 0 0 0 d u 0 0 2 u 0 0 0 0 
2 2 u u 0 0 2 u d u 2 2 0 0 u 0 2 u 0 0 0 0 2 u 0 0 u 0 0 d 0 0 
